scope,dataset,victim,condition,method,objective,budget,source_class,seed,n,raw_successes,valid_successes,validator_passes,raw_asr,valid_asr,validity_gap_pp,validator_pass_rate,mean_model_evaluations,mean_l2_robust_scaled,mean_linf_robust_scaled,mean_l2_train_minmax,mean_features_modified,max_modified_outside_mask,median_primitive_cost_valid,median_p_valid,median_delay_valid,runtime_seconds,ms_per_flow
victim,cicids2017_distrinet,mlp,prim_hybrid_p50_targeted,Hybrid Search p50,targeted,p50,ALL,42,3200,202,202,3200,0.063125,0.063125,0.0,1.0,188.799375,2327.525597341712,2327.4807822776197,0.021872160852533438,14.9084375,0,1.5,23.5,364651.0,9.981589299859479,3.119246656206087
victim,cicids2017_distrinet,mlp,prim_hybrid_p50_targeted,Hybrid Search p50,targeted,p50,ALL,2024,3200,202,202,3200,0.063125,0.063125,0.0,1.0,188.799375,2322.0516670133347,2322.0069676333746,0.021761620810676306,14.9209375,0,1.4999997019767761,24.0,394649.5,10.177605800330639,3.1805018126033247
victim,cicids2017_distrinet,mlp,prim_hybrid_p50_targeted,Hybrid Search p50,targeted,p50,ALL,2026,3200,202,202,3200,0.063125,0.063125,0.0,1.0,188.799375,2324.0942409298673,2324.049702397434,0.021757074792049923,14.90625,0,1.500000774860382,21.5,406907.0,11.005485899979249,3.439214343743515
victim,cicids2017_distrinet,cnn,prim_hybrid_p50_targeted,Hybrid Search p50,targeted,p50,ALL,42,3200,418,418,3200,0.130625,0.130625,0.0,1.0,188.7059375,2084.0217972990963,2083.9735655184986,0.02101107018354368,14.788125,0,1.385982871055603,2.0,713807.5,9.211777900345623,2.8786805938580073
victim,cicids2017_distrinet,cnn,prim_hybrid_p50_targeted,Hybrid Search p50,targeted,p50,ALL,2024,3200,420,420,3200,0.13125,0.13125,0.0,1.0,188.7059375,2091.524912069925,2091.4763947611937,0.021120102855700606,14.81125,0,1.4306092858314514,2.0,680551.5,9.281739300116897,2.90054353128653
victim,cicids2017_distrinet,cnn,prim_hybrid_p50_targeted,Hybrid Search p50,targeted,p50,ALL,2026,3200,420,420,3200,0.13125,0.13125,0.0,1.0,188.7059375,2087.337887451109,2087.2894015165134,0.021137460485818126,14.794375,0,1.3986572623252869,2.0,670297.5,9.225835199933499,2.8830734999792185
victim,cicids2017_distrinet,ft_transformer,prim_hybrid_p50_targeted,Hybrid Search p50,targeted,p50,ALL,42,3200,5,5,3200,0.0015625,0.0015625,0.0,1.0,188.7721875,2283.2024921249986,2283.1578818717153,0.02236044307553345,14.9271875,0,0.20000000298023224,3.0,0.0,41.47755329986103,12.961735406206571
victim,cicids2017_distrinet,ft_transformer,prim_hybrid_p50_targeted,Hybrid Search p50,targeted,p50,ALL,2024,3200,5,5,3200,0.0015625,0.0015625,0.0,1.0,188.7721875,2283.261946464722,2283.2172871088474,0.02236108299591448,14.9296875,0,0.20000000298023224,3.0,0.0,41.411285899812356,12.941026843691361
victim,cicids2017_distrinet,ft_transformer,prim_hybrid_p50_targeted,Hybrid Search p50,targeted,p50,ALL,2026,3200,5,5,3200,0.0015625,0.0015625,0.0,1.0,188.7721875,2283.032681539494,2282.988135412795,0.022359890511291804,14.9278125,0,0.20000000298023224,3.0,0.0,42.03347729984671,13.135461656202096
victim,cicids2018_distrinet,mlp-s42,prim_hybrid_p50_targeted,Hybrid Search p50,targeted,p50,ALL,42,3200,35,5,2388,0.0109375,0.0015625,0.9375,0.74625,192.855,306.3935500782891,306.0444890310895,0.022413085777117092,8.7665625,0,0.9999999403953552,0.0,5954741.0,10.442389199975878,3.263246624992462
victim,cicids2018_distrinet,mlp-s42,prim_hybrid_p50_targeted,Hybrid Search p50,targeted,p50,ALL,2024,3200,35,6,2387,0.0109375,0.001875,0.9062499999999999,0.7459375,192.855,306.99803415653014,306.6505995317317,0.02243775176835978,8.7359375,0,0.9999999403953552,0.0,5931824.0,9.97576850024052,3.1174276563251624
victim,cicids2018_distrinet,mlp-s42,prim_hybrid_p50_targeted,Hybrid Search p50,targeted,p50,ALL,2026,3200,35,5,2383,0.0109375,0.0015625,0.9375,0.7446875,192.855,307.05029343424627,306.699840061058,0.0224920044911615,8.7571875,0,0.9999999403953552,0.0,5954741.0,10.410199000267312,3.253187187583535
victim,cicids2018_distrinet,cnn-s42,prim_hybrid_p50_targeted,Hybrid Search p50,targeted,p50,ALL,42,3200,449,0,759,0.1403125,0.0,14.03125,0.2371875,192.7915625,329.27586606745996,327.6788308907964,0.04202517958227729,13.7084375,0,,,,9.84636910026893,3.0769903438340407
victim,cicids2018_distrinet,cnn-s42,prim_hybrid_p50_targeted,Hybrid Search p50,targeted,p50,ALL,2024,3200,450,0,760,0.140625,0.0,14.0625,0.2375,192.7915625,318.8072209102827,317.2313033907964,0.04181982311374192,13.7340625,0,,,,9.341582199791446,2.919244437434827
victim,cicids2018_distrinet,cnn-s42,prim_hybrid_p50_targeted,Hybrid Search p50,targeted,p50,ALL,2026,3200,450,0,758,0.140625,0.0,14.0625,0.236875,192.7915625,315.61476119836055,314.0128776536401,0.04179565483686823,13.715,0,,,,9.488570300163701,2.9651782188011566
victim,cicids2018_distrinet,ft_transformer-s42,prim_hybrid_p50_targeted,Hybrid Search p50,targeted,p50,ALL,42,3200,11,0,762,0.0034375,0.0,0.34375,0.238125,192.855,245.1692026844308,243.36510407962544,0.042006476733492205,14.055625,0,,,,40.735127500025555,12.729727343757986
victim,cicids2018_distrinet,ft_transformer-s42,prim_hybrid_p50_targeted,Hybrid Search p50,targeted,p50,ALL,2024,3200,11,0,762,0.0034375,0.0,0.34375,0.238125,192.855,245.18583696780462,243.381808823555,0.042013542968965464,14.0565625,0,,,,41.03553849994205,12.82360578123189
victim,cicids2018_distrinet,ft_transformer-s42,prim_hybrid_p50_targeted,Hybrid Search p50,targeted,p50,ALL,2026,3200,11,0,762,0.0034375,0.0,0.34375,0.238125,192.855,245.18257303702597,243.36454536472974,0.042006453372491495,14.03875,0,,,,40.44805030035786,12.640015718861832
victim,cicids2017_distrinet,mlp,prim_hybrid_p75_targeted,Hybrid Search p75,targeted,p75,ALL,42,3200,354,354,3200,0.110625,0.110625,0.0,1.0,188.315,3450.259279810455,3450.17333550408,0.038576702788026794,15.014375,0,1.3999998569488525,27.0,319355.0,9.178194199688733,2.868185687402729
victim,cicids2017_distrinet,mlp,prim_hybrid_p75_targeted,Hybrid Search p75,targeted,p75,ALL,2024,3200,354,354,3200,0.110625,0.110625,0.0,1.0,188.315,3442.3737891798373,3442.287737889721,0.038517957520654046,15.023125,0,1.4000020623207092,27.5,289850.5,9.058130599791184,2.830665812434745
victim,cicids2017_distrinet,mlp,prim_hybrid_p75_targeted,Hybrid Search p75,targeted,p75,ALL,2026,3200,354,354,3200,0.110625,0.110625,0.0,1.0,188.315,3443.7033693752,3443.6174863948054,0.038506595423346494,15.0196875,0,1.3999994993209839,27.0,329732.0,8.994982099859044,2.8109319062059512
victim,cicids2017_distrinet,cnn,prim_hybrid_p75_targeted,Hybrid Search p75,targeted,p75,ALL,42,3200,1157,1157,3200,0.3615625,0.3615625,0.0,1.0,188.36625,2922.5345266898485,2922.4510029907974,0.03535656905711391,14.96125,0,1.6087117195129395,53.0,1371457.0,9.725573800271377,3.0392418125848053
victim,cicids2017_distrinet,cnn,prim_hybrid_p75_targeted,Hybrid Search p75,targeted,p75,ALL,2024,3200,1156,1156,3200,0.36125,0.36125,0.0,1.0,188.36625,2923.182912619044,2923.098281004001,0.03544147718678911,14.97625,0,1.6038639545440674,52.0,1348141.5,9.062672399915755,2.8320851249736734
victim,cicids2017_distrinet,cnn,prim_hybrid_p75_targeted,Hybrid Search p75,targeted,p75,ALL,2026,3200,1157,1157,3200,0.3615625,0.3615625,0.0,1.0,188.36625,2927.392929159863,2927.30875302387,0.035344377470630815,14.9375,0,1.6112985610961914,53.0,1344153.0,9.583616900024936,2.9948802812577924
victim,cicids2017_distrinet,ft_transformer,prim_hybrid_p75_targeted,Hybrid Search p75,targeted,p75,ALL,42,3200,14,14,3200,0.004375,0.004375,0.0,1.0,188.213125,3310.2877437012457,3310.206280579618,0.034242781718439676,14.970625,0,0.19615384936332703,15.0,0.0,38.864297500113025,12.14509296878532
victim,cicids2017_distrinet,ft_transformer,prim_hybrid_p75_targeted,Hybrid Search p75,targeted,p75,ALL,2024,3200,14,14,3200,0.004375,0.004375,0.0,1.0,188.213125,3307.7889529103686,3307.7074898187484,0.03423356660915279,14.9759375,0,0.19615384936332703,15.0,0.0,39.544506300240755,12.357658218825236
victim,cicids2017_distrinet,ft_transformer,prim_hybrid_p75_targeted,Hybrid Search p75,targeted,p75,ALL,2026,3200,14,14,3200,0.004375,0.004375,0.0,1.0,188.213125,3308.4167168547215,3308.33631483072,0.03423166579846773,14.966875,0,0.19615384936332703,15.0,0.0,38.92608239990659,12.16440074997081
victim,cicids2018_distrinet,mlp-s42,prim_hybrid_p75_targeted,Hybrid Search p75,targeted,p75,ALL,42,3200,42,10,2396,0.013125,0.003125,0.9999999999999999,0.74875,192.855,377.1150246629861,376.6815366631989,0.023702269512293643,8.7440625,0,0.9999999403953552,0.0,5618281.0,9.869587399763986,3.0842460624262458
victim,cicids2018_distrinet,mlp-s42,prim_hybrid_p75_targeted,Hybrid Search p75,targeted,p75,ALL,2024,3200,41,10,2398,0.0128125,0.003125,0.9687499999999998,0.749375,192.855,377.2458088071512,376.81463550151557,0.023719914016636555,8.740625,0,0.9999999105930328,0.0,5618281.0,9.833624500082806,3.073007656275877
victim,cicids2018_distrinet,mlp-s42,prim_hybrid_p75_targeted,Hybrid Search p75,targeted,p75,ALL,2026,3200,40,8,2398,0.0125,0.0025,1.0,0.749375,192.855,378.1932950205779,377.75871885220886,0.023698030256888925,8.7290625,0,0.9999999403953552,0.0,5954747.0,9.732481299666688,3.04140040614584
victim,cicids2018_distrinet,cnn-s42,prim_hybrid_p75_targeted,Hybrid Search p75,targeted,p75,ALL,42,3200,480,0,759,0.15,0.0,15.0,0.2371875,192.7915625,378.1607796675231,375.8635575574631,0.043369111903390926,13.6403125,0,,,,9.90860449965112,3.0964389061409747
victim,cicids2018_distrinet,cnn-s42,prim_hybrid_p75_targeted,Hybrid Search p75,targeted,p75,ALL,2024,3200,480,0,760,0.15,0.0,15.0,0.2375,192.7915625,371.172891141753,368.8917551029868,0.04322789181228217,13.64875,0,,,,9.345332300057635,2.920416343768011
victim,cicids2018_distrinet,cnn-s42,prim_hybrid_p75_targeted,Hybrid Search p75,targeted,p75,ALL,2026,3200,480,0,758,0.15,0.0,15.0,0.236875,192.7915625,372.60979773129753,370.3193433907964,0.04325137860777258,13.6421875,0,,,,9.506183600053191,2.9706823750166222
victim,cicids2018_distrinet,ft_transformer-s42,prim_hybrid_p75_targeted,Hybrid Search p75,targeted,p75,ALL,42,3200,11,0,762,0.0034375,0.0,0.34375,0.238125,192.855,259.92745800657826,257.96967416666666,0.04231721202501465,14.2340625,0,,,,40.615690799895674,12.692403374967398
victim,cicids2018_distrinet,ft_transformer-s42,prim_hybrid_p75_targeted,Hybrid Search p75,targeted,p75,ALL,2024,3200,11,0,762,0.0034375,0.0,0.34375,0.238125,192.855,258.73121761699196,256.7718900781898,0.04233468432304497,14.1825,0,,,,40.62446339940652,12.695144812314538
victim,cicids2018_distrinet,ft_transformer-s42,prim_hybrid_p75_targeted,Hybrid Search p75,targeted,p75,ALL,2026,3200,10,0,762,0.003125,0.0,0.3125,0.238125,192.855,258.0487489226623,256.0959492448565,0.04229162140761525,14.2225,0,,,,41.114763899939135,12.84836371873098
victim,cicids2017_distrinet,mlp,prim_hybrid_unbounded_targeted,Hybrid Search unbounded,targeted,unbounded,ALL,42,3200,1344,1344,3200,0.42,0.42,0.0,1.0,188.51625,13967.883693833088,13967.84005763439,0.11451361788310335,15.2615625,0,0.7948718070983887,31.0,4478976.0,9.503517199773341,2.969849124929169
victim,cicids2017_distrinet,mlp,prim_hybrid_unbounded_targeted,Hybrid Search unbounded,targeted,unbounded,ALL,2024,3200,1337,1337,3200,0.4178125,0.4178125,0.0,1.0,188.51625,13752.977062701306,13752.93333888439,0.11284663905905734,15.2828125,0,0.7885231971740723,31.0,4475185.0,9.879020700231194,3.0871939688222483
victim,cicids2017_distrinet,mlp,prim_hybrid_unbounded_targeted,Hybrid Search unbounded,targeted,unbounded,ALL,2026,3200,1341,1341,3200,0.4190625,0.4190625,0.0,1.0,188.51625,13732.254602637593,13732.210981547434,0.11235308685622186,15.264375,0,0.7835453748703003,31.0,4469568.0,9.519831700017676,2.9749474062555237
victim,cicids2017_distrinet,cnn,prim_hybrid_unbounded_targeted,Hybrid Search unbounded,targeted,unbounded,ALL,42,3200,2256,2256,3200,0.705,0.705,0.0,1.0,185.4696875,17496.8928527962,17496.83316597042,0.231275574639978,15.0615625,0,0.9890984296798706,35.0,8326579.5,8.484329900005832,2.6513530937518226
victim,cicids2017_distrinet,cnn,prim_hybrid_unbounded_targeted,Hybrid Search unbounded,targeted,unbounded,ALL,2024,3200,2254,2254,3200,0.704375,0.704375,0.0,1.0,185.4696875,18245.975616128137,18245.918777383467,0.23025216184740377,15.0584375,0,0.9684193432331085,36.0,8274844.5,8.24468980007805,2.5764655625243904
victim,cicids2017_distrinet,cnn,prim_hybrid_unbounded_targeted,Hybrid Search unbounded,targeted,unbounded,ALL,2026,3200,2256,2256,3200,0.705,0.705,0.0,1.0,185.4696875,17706.342837045337,17706.286304557376,0.23097973558376642,15.105,0,0.9820455014705658,36.0,8068384.5,8.195111699867994,2.560972406208748
victim,cicids2017_distrinet,ft_transformer,prim_hybrid_unbounded_targeted,Hybrid Search unbounded,targeted,unbounded,ALL,42,3200,28,28,3200,0.00875,0.00875,0.0,1.0,188.8015625,40737.24143708415,40737.20974851387,0.4594233036057676,15.3721875,0,0.2153846174478531,15.0,321447.0,36.04889219999313,11.265278812497854
victim,cicids2017_distrinet,ft_transformer,prim_hybrid_unbounded_targeted,Hybrid Search unbounded,targeted,unbounded,ALL,2024,3200,28,28,3200,0.00875,0.00875,0.0,1.0,188.8015625,40714.99745401209,40714.965719981265,0.4592232518212436,15.375,0,0.2153846174478531,16.5,375651.5,35.964128700317815,11.238790218849317
victim,cicids2017_distrinet,ft_transformer,prim_hybrid_unbounded_targeted,Hybrid Search unbounded,targeted,unbounded,ALL,2026,3200,28,28,3200,0.00875,0.00875,0.0,1.0,188.8015625,40698.026231258365,40697.994476774744,0.4589336119980429,15.375625,0,0.2153846174478531,15.0,546132.0,35.88879619981162,11.215248812441132
victim,cicids2018_distrinet,mlp-s42,prim_hybrid_unbounded_targeted,Hybrid Search unbounded,targeted,unbounded,ALL,42,3200,789,772,3014,0.2465625,0.24125,0.5312499999999998,0.941875,192.8690625,1273.5361971976272,1227.1314279067724,0.36403460124188924,8.2253125,0,0.6000000536441803,0.0,70094872.0,11.48651480046101,3.5895358751440654
victim,cicids2018_distrinet,mlp-s42,prim_hybrid_unbounded_targeted,Hybrid Search unbounded,targeted,unbounded,ALL,2024,3200,787,770,3012,0.2459375,0.240625,0.5312499999999998,0.94125,192.8690625,1275.0162288109284,1228.8027889721823,0.3635259761343482,8.20875,0,0.6000000834465027,0.0,70094448.0,11.430885800393298,3.5721518126229057
victim,cicids2018_distrinet,mlp-s42,prim_hybrid_unbounded_targeted,Hybrid Search unbounded,targeted,unbounded,ALL,2026,3200,786,767,3008,0.245625,0.2396875,0.5937500000000012,0.94,192.8690625,1279.003185877729,1233.016788417415,0.36351054373207065,8.2215625,0,0.6000000834465027,0.0,70097472.0,10.984857700066641,3.4327680312708253
victim,cicids2018_distrinet,cnn-s42,prim_hybrid_unbounded_targeted,Hybrid Search unbounded,targeted,unbounded,ALL,42,3200,1468,725,1470,0.45875,0.2265625,23.21875,0.459375,192.805625,2718.352341858703,2712.4066260948284,0.2610090410964258,12.3434375,0,0.3999999165534973,0.0,46721884.0,9.670959700131789,3.022174906291184
victim,cicids2018_distrinet,cnn-s42,prim_hybrid_unbounded_targeted,Hybrid Search unbounded,targeted,unbounded,ALL,2024,3200,1467,730,1476,0.4584375,0.228125,23.03125,0.46125,192.805625,2725.1980829275712,2719.2851382120325,0.26330676530896835,12.32,0,0.40175820887088776,0.0,46741440.0,9.413450499996543,2.9417032812489197
victim,cicids2018_distrinet,cnn-s42,prim_hybrid_unbounded_targeted,Hybrid Search unbounded,targeted,unbounded,ALL,2026,3200,1467,722,1466,0.4584375,0.225625,23.28125,0.458125,192.805625,2714.19773052347,2708.1896423854796,0.2622954018354971,12.339375,0,0.4000000059604645,0.0,46722200.0,9.58059070003219,2.993934593760059
victim,cicids2018_distrinet,ft_transformer-s42,prim_hybrid_unbounded_targeted,Hybrid Search unbounded,targeted,unbounded,ALL,42,3200,25,3,765,0.0078125,0.0009375,0.6875,0.2390625,192.8690625,1171.231763958495,1119.802285953337,0.48406454958247125,15.339375,0,0.30000001192092896,0.0,14399175.0,40.53266190015711,12.666456843799097
victim,cicids2018_distrinet,ft_transformer-s42,prim_hybrid_unbounded_targeted,Hybrid Search unbounded,targeted,unbounded,ALL,2024,3200,25,3,765,0.0078125,0.0009375,0.6875,0.2390625,192.8690625,1171.430582709094,1120.0476851200037,0.48380823551832414,15.3484375,0,0.30000001192092896,0.0,14399175.0,41.17719940026291,12.867874812582158
victim,cicids2018_distrinet,ft_transformer-s42,prim_hybrid_unbounded_targeted,Hybrid Search unbounded,targeted,unbounded,ALL,2026,3200,25,3,765,0.0078125,0.0009375,0.6875,0.2390625,192.8690625,1176.7056374936606,1125.2837048214333,0.48407403596734205,15.343125,0,0.30000001192092896,0.0,14399175.0,41.28870529984124,12.902720406200388
victim,cicids2017_distrinet,mlp,prim_pgd_p50_targeted,Prim-PGD p50,targeted,p50,ALL,42,3200,202,202,3200,0.063125,0.063125,0.0,1.0,190.63,2314.2118986242363,2314.1676634281544,0.021719180804647065,14.9253125,0,1.499999463558197,21.0,388078.5,9.746233900077641,3.045698093774263
victim,cicids2017_distrinet,mlp,prim_pgd_p50_targeted,Prim-PGD p50,targeted,p50,ALL,2024,3200,202,202,3200,0.063125,0.063125,0.0,1.0,190.63,2315.9683043506043,2315.9241934467113,0.02169186316695306,14.903125,0,1.489255428314209,22.5,438969.5,10.752695500385016,3.3602173438703176
victim,cicids2017_distrinet,mlp,prim_pgd_p50_targeted,Prim-PGD p50,targeted,p50,ALL,2026,3200,202,202,3200,0.063125,0.063125,0.0,1.0,190.63,2315.65362334549,2315.609427415947,0.0217148306408013,14.9240625,0,1.4908603429794312,23.0,350390.5,10.962765499716625,3.425864218661445
victim,cicids2017_distrinet,cnn,prim_pgd_p50_targeted,Prim-PGD p50,targeted,p50,ALL,42,3200,418,418,3200,0.130625,0.130625,0.0,1.0,190.55125,2060.026568815325,2059.9779810149093,0.020940732970661746,14.775,0,1.3705164194107056,1.5,674341.0,9.312942600110546,2.9102945625345455
victim,cicids2017_distrinet,cnn,prim_pgd_p50_targeted,Prim-PGD p50,targeted,p50,ALL,2024,3200,418,418,3200,0.130625,0.130625,0.0,1.0,190.55125,2070.977029014315,2070.9293458717525,0.020819518676294713,14.78875,0,1.3625928163528442,2.0,670031.5,9.446731999982148,2.9521037499944214
victim,cicids2017_distrinet,cnn,prim_pgd_p50_targeted,Prim-PGD p50,targeted,p50,ALL,2026,3200,418,418,3200,0.130625,0.130625,0.0,1.0,190.55125,2071.049917037273,2071.0021641948215,0.02090800997040289,14.768125,0,1.3501113653182983,2.0,687030.5,9.183234500000253,2.869760781250079
victim,cicids2017_distrinet,ft_transformer,prim_pgd_p50_targeted,Prim-PGD p50,targeted,p50,ALL,42,3200,5,5,3200,0.0015625,0.0015625,0.0,1.0,190.63,2283.2509231725526,2283.2063376918527,0.02231519896499853,14.926875,0,0.31670141220092773,2.0,758.0,43.83589409990236,13.698716906219488
victim,cicids2017_distrinet,ft_transformer,prim_pgd_p50_targeted,Prim-PGD p50,targeted,p50,ALL,2024,3200,5,5,3200,0.0015625,0.0015625,0.0,1.0,190.63,2283.122140326013,2283.077998461478,0.022323375530661185,14.9315625,0,0.31364572048187256,2.0,439.0,43.84648020006716,13.702025062520988
victim,cicids2017_distrinet,ft_transformer,prim_pgd_p50_targeted,Prim-PGD p50,targeted,p50,ALL,2026,3200,5,5,3200,0.0015625,0.0015625,0.0,1.0,190.63,2283.356564639097,2283.312269404878,0.022348742291837045,14.9315625,0,0.31670141220092773,2.0,747.0,44.3318800998386,13.853712531199562
victim,cicids2018_distrinet,mlp-s42,prim_pgd_p50_targeted,Prim-PGD p50,targeted,p50,ALL,42,3200,35,3,2400,0.0109375,0.0009375,0.9999999999999999,0.75,197.4025,306.1767791969613,305.8107390426175,0.02201482172108897,8.8384375,0,0.7500001192092896,0.0,4295924.0,10.110061299987137,3.1593941562459804
victim,cicids2018_distrinet,mlp-s42,prim_pgd_p50_targeted,Prim-PGD p50,targeted,p50,ALL,2024,3200,35,3,2399,0.0109375,0.0009375,0.9999999999999999,0.7496875,197.4025,298.08855395663295,297.7178577488179,0.021979593682697668,8.8375,0,0.7500001192092896,0.0,3195640.0,9.988720900379121,3.1214752813684754
victim,cicids2018_distrinet,mlp-s42,prim_pgd_p50_targeted,Prim-PGD p50,targeted,p50,ALL,2026,3200,35,3,2405,0.0109375,0.0009375,0.9999999999999999,0.7515625,197.4025,306.4922996562276,306.1241881224358,0.02194630185324535,8.7896875,0,0.9046894311904907,0.0,4778408.0,10.602121400414035,3.313162937629386
victim,cicids2018_distrinet,cnn-s42,prim_pgd_p50_targeted,Prim-PGD p50,targeted,p50,ALL,42,3200,445,0,758,0.1390625,0.0,13.90625,0.236875,197.4025,300.6709324590343,299.09360339079643,0.04155886013555855,13.681875,0,,,,9.656263399869204,3.017582312459126
victim,cicids2018_distrinet,cnn-s42,prim_pgd_p50_targeted,Prim-PGD p50,targeted,p50,ALL,2024,3200,448,0,759,0.14,0.0,14.000000000000002,0.2371875,197.4025,311.427215984682,309.83862005746306,0.04172534676459834,13.694375,0,,,,9.398751700064167,2.9371099062700523
victim,cicids2018_distrinet,cnn-s42,prim_pgd_p50_targeted,Prim-PGD p50,targeted,p50,ALL,2026,3200,445,0,759,0.1390625,0.0,13.90625,0.2371875,197.4025,303.1400249515649,301.54908839079644,0.04159765927306716,13.6871875,0,,,,9.317115200217813,2.9115985000680666
victim,cicids2018_distrinet,ft_transformer-s42,prim_pgd_p50_targeted,Prim-PGD p50,targeted,p50,ALL,42,3200,11,0,762,0.0034375,0.0,0.34375,0.238125,197.4025,373.9405472592591,372.07802178225654,0.04381239229472255,14.5234375,0,,,,44.71586019988172,13.973706312463037
victim,cicids2018_distrinet,ft_transformer-s42,prim_pgd_p50_targeted,Prim-PGD p50,targeted,p50,ALL,2024,3200,11,0,762,0.0034375,0.0,0.34375,0.238125,197.4025,373.67155589117016,371.80863775165034,0.04381329353628323,14.5009375,0,,,,44.35257939971052,13.860181062409538
victim,cicids2018_distrinet,ft_transformer-s42,prim_pgd_p50_targeted,Prim-PGD p50,targeted,p50,ALL,2026,3200,11,0,762,0.0034375,0.0,0.34375,0.238125,197.4025,369.30641304330044,367.4338162366202,0.043767040915111376,14.496875,0,,,,44.07142290007323,13.772319656272884
victim,cicids2017_distrinet,mlp,prim_pgd_p75_targeted,Prim-PGD p75,targeted,p75,ALL,42,3200,354,354,3200,0.110625,0.110625,0.0,1.0,190.63,3422.3088025152074,3422.224855048107,0.03827470284652779,15.0390625,0,1.316666841506958,27.0,293878.0,9.561831999802962,2.9880724999384256
victim,cicids2017_distrinet,mlp,prim_pgd_p75_targeted,Prim-PGD p75,targeted,p75,ALL,2024,3200,354,354,3200,0.110625,0.110625,0.0,1.0,190.63,3422.9253374941122,3422.840804702839,0.03834176092711639,15.0353125,0,1.332047164440155,27.0,287775.0,9.753059599781409,3.0478311249316903
victim,cicids2017_distrinet,mlp,prim_pgd_p75_targeted,Prim-PGD p75,targeted,p75,ALL,2026,3200,354,354,3200,0.110625,0.110625,0.0,1.0,190.63,3431.827639726249,3431.7431808187907,0.038285787876521586,15.03,0,1.3402255177497864,27.0,306172.0,9.686895999824628,3.0271549999451963
victim,cicids2017_distrinet,cnn,prim_pgd_p75_targeted,Prim-PGD p75,targeted,p75,ALL,42,3200,1153,1153,3200,0.3603125,0.3603125,0.0,1.0,190.55125,2858.3498666247174,2858.266575500515,0.034805741478300824,14.8921875,0,1.5747675895690918,51.0,1311101.0,9.63758850004524,3.0117464062641375
victim,cicids2017_distrinet,cnn,prim_pgd_p75_targeted,Prim-PGD p75,targeted,p75,ALL,2024,3200,1160,1160,3200,0.3625,0.3625,0.0,1.0,190.55125,2882.332565128963,2882.249378231125,0.0348058156539084,14.8759375,0,1.5726956129074097,51.0,1280586.5,10.25834109983407,3.2057315936981468
victim,cicids2017_distrinet,cnn,prim_pgd_p75_targeted,Prim-PGD p75,targeted,p75,ALL,2026,3200,1153,1153,3200,0.3603125,0.3603125,0.0,1.0,190.55125,2863.2171133028,2863.134700427987,0.034766902266321086,14.846875,0,1.5814554691314697,51.0,1299722.0,10.205973700154573,3.189366781298304
victim,cicids2017_distrinet,ft_transformer,prim_pgd_p75_targeted,Prim-PGD p75,targeted,p75,ALL,42,3200,14,14,3200,0.004375,0.004375,0.0,1.0,190.63,3309.054817245945,3308.9734273187555,0.03421044518597042,14.988125,0,0.20512820780277252,16.0,0.0,43.82304219994694,13.694700687483419
victim,cicids2017_distrinet,ft_transformer,prim_pgd_p75_targeted,Prim-PGD p75,targeted,p75,ALL,2024,3200,14,14,3200,0.004375,0.004375,0.0,1.0,190.63,3307.7279217792984,3307.6471138111933,0.03418965573471096,14.9815625,0,0.20512820780277252,16.0,0.0,44.055394399911165,13.76731074997224
victim,cicids2017_distrinet,ft_transformer,prim_pgd_p75_targeted,Prim-PGD p75,targeted,p75,ALL,2026,3200,14,14,3200,0.004375,0.004375,0.0,1.0,190.63,3305.3064813850606,3305.2252036421523,0.03421852090562079,14.985,0,0.20512820780277252,16.0,0.0,43.70779849984683,13.658687031202135
victim,cicids2018_distrinet,mlp-s42,prim_pgd_p75_targeted,Prim-PGD p75,targeted,p75,ALL,42,3200,42,9,2404,0.013125,0.0028125,1.0312499999999998,0.75125,197.4025,374.9714216422275,374.5067903145093,0.023204576613623015,8.8321875,0,0.9500000476837158,0.0,3359711.0,9.55680390028283,2.9865012188383844
victim,cicids2018_distrinet,mlp-s42,prim_pgd_p75_targeted,Prim-PGD p75,targeted,p75,ALL,2024,3200,42,8,2407,0.013125,0.0025,1.0625,0.7521875,197.4025,367.4273634064373,366.94987034328756,0.023193301610035806,8.8103125,0,0.9170377254486084,0.0,2575582.5,9.750029199989513,3.0468841249967227
victim,cicids2018_distrinet,mlp-s42,prim_pgd_p75_targeted,Prim-PGD p75,targeted,p75,ALL,2026,3200,42,8,2411,0.013125,0.0025,1.0625,0.7534375,197.4025,376.21449793781227,375.74494038048454,0.023116368969833552,8.7703125,0,0.9133622646331787,0.0,3366966.5,9.607760300161317,3.0024250938004116
victim,cicids2018_distrinet,cnn-s42,prim_pgd_p75_targeted,Prim-PGD p75,targeted,p75,ALL,42,3200,480,0,758,0.15,0.0,15.0,0.236875,197.4025,343.995434997115,341.7290092696535,0.0427859448116601,13.6265625,0,,,,9.581838200101629,2.994324437531759
victim,cicids2018_distrinet,cnn-s42,prim_pgd_p75_targeted,Prim-PGD p75,targeted,p75,ALL,2024,3200,481,0,759,0.1503125,0.0,15.031249999999998,0.2371875,197.4025,344.3788079000878,342.128939274811,0.04276450491526165,13.63125,0,,,,9.341350000118837,2.9191718750371365
victim,cicids2018_distrinet,cnn-s42,prim_pgd_p75_targeted,Prim-PGD p75,targeted,p75,ALL,2026,3200,480,0,759,0.15,0.0,15.0,0.2371875,197.4025,357.31040583569194,355.0519484363202,0.04299201080602659,13.6365625,0,,,,9.54893170017749,2.984041156305466
victim,cicids2018_distrinet,ft_transformer-s42,prim_pgd_p75_targeted,Prim-PGD p75,targeted,p75,ALL,42,3200,10,0,762,0.003125,0.0,0.3125,0.238125,197.4025,420.446945615343,418.40086092393517,0.0448426879365481,14.606875,0,,,,44.355951900128275,13.861234968790086
victim,cicids2018_distrinet,ft_transformer-s42,prim_pgd_p75_targeted,Prim-PGD p75,targeted,p75,ALL,2024,3200,10,0,762,0.003125,0.0,0.3125,0.238125,197.4025,422.4842615520689,420.47513850091224,0.044913838781940656,14.570625,0,,,,44.30961610004306,13.846755031263456
victim,cicids2018_distrinet,ft_transformer-s42,prim_pgd_p75_targeted,Prim-PGD p75,targeted,p75,ALL,2026,3200,11,0,762,0.0034375,0.0,0.34375,0.238125,197.4025,417.7703246320232,415.69664154037156,0.044922971386297715,14.626875,0,,,,44.406769500114024,13.877115468785632
victim,cicids2017_distrinet,mlp,prim_pgd_unbounded_targeted,Prim-PGD unbounded,targeted,unbounded,ALL,42,3200,1345,1345,3200,0.4203125,0.4203125,0.0,1.0,190.63,12432.918097275342,12432.88269650605,0.10613674796263205,15.4134375,0,0.5948718786239624,23.0,3518242.0,10.675334700383246,3.3360420938697644
victim,cicids2017_distrinet,mlp,prim_pgd_unbounded_targeted,Prim-PGD unbounded,targeted,unbounded,ALL,2024,3200,1345,1345,3200,0.4203125,0.4203125,0.0,1.0,190.63,12311.348858979121,12311.313834492694,0.10512838192507204,15.4115625,0,0.5948718786239624,23.0,3544568.0,10.88743619993329,3.4023238124791533
victim,cicids2017_distrinet,mlp,prim_pgd_unbounded_targeted,Prim-PGD unbounded,targeted,unbounded,ALL,2026,3200,1343,1343,3200,0.4196875,0.4196875,0.0,1.0,190.63,12383.094571816546,12383.059099754226,0.10613201956450002,15.41,0,0.5948718786239624,23.0,3545884.0,10.69427330000326,3.341960406251019
victim,cicids2017_distrinet,cnn,prim_pgd_unbounded_targeted,Prim-PGD unbounded,targeted,unbounded,ALL,42,3200,2256,2256,3200,0.705,0.705,0.0,1.0,190.55125,12017.031988895042,12016.98001150268,0.19917087399570385,14.1925,0,0.5948718190193176,20.0,5683839.0,9.577259499579668,2.9928935936186463
victim,cicids2017_distrinet,cnn,prim_pgd_unbounded_targeted,Prim-PGD unbounded,targeted,unbounded,ALL,2024,3200,2257,2257,3200,0.7053125,0.7053125,0.0,1.0,190.55125,12207.298613568375,12207.245300778073,0.19726745792096512,14.210625,0,0.5948718786239624,20.0,5667686.0,9.45092949992977,2.9534154687280534
victim,cicids2017_distrinet,cnn,prim_pgd_unbounded_targeted,Prim-PGD unbounded,targeted,unbounded,ALL,2026,3200,2256,2256,3200,0.705,0.705,0.0,1.0,190.55125,12180.101256109318,12180.049689839383,0.2021458539442403,14.17625,0,0.5948718786239624,20.0,5589645.5,9.27395569998771,2.8981111562461592
victim,cicids2017_distrinet,ft_transformer,prim_pgd_unbounded_targeted,Prim-PGD unbounded,targeted,unbounded,ALL,42,3200,28,28,3200,0.00875,0.00875,0.0,1.0,190.63,40655.545761416186,40655.51689365218,0.4587866835311783,15.4084375,0,0.20384615659713745,6.0,3007636.5,43.99576349998824,13.748676093746326
victim,cicids2017_distrinet,ft_transformer,prim_pgd_unbounded_targeted,Prim-PGD unbounded,targeted,unbounded,ALL,2024,3200,28,28,3200,0.00875,0.00875,0.0,1.0,190.63,40546.888933665396,40546.85929218178,0.4582236021333164,15.4065625,0,0.20384615659713745,6.0,3086338.0,44.10256669996306,13.782052093738457
victim,cicids2017_distrinet,ft_transformer,prim_pgd_unbounded_targeted,Prim-PGD unbounded,targeted,unbounded,ALL,2026,3200,28,28,3200,0.00875,0.00875,0.0,1.0,190.63,40727.203034089434,40727.17382471675,0.4590960137228815,15.4090625,0,0.20384615659713745,6.0,2913555.0,43.776737600099295,13.68023050003103
victim,cicids2018_distrinet,mlp-s42,prim_pgd_unbounded_targeted,Prim-PGD unbounded,targeted,unbounded,ALL,42,3200,792,772,3029,0.2475,0.24125,0.6250000000000006,0.9465625,197.4025,1228.0202352382723,1183.983357635343,0.3507495651781959,8.2359375,0,0.6000000834465027,0.0,70085908.0,11.738798000151291,3.6683743750472786
victim,cicids2018_distrinet,mlp-s42,prim_pgd_unbounded_targeted,Prim-PGD unbounded,targeted,unbounded,ALL,2024,3200,792,773,3037,0.2475,0.2415625,0.5937499999999984,0.9490625,197.4025,1215.231334673436,1171.5843588676535,0.3496782462420316,8.205625,0,0.6000000834465027,0.0,70085992.0,11.134487200062722,3.4795272500196006
victim,cicids2018_distrinet,mlp-s42,prim_pgd_unbounded_targeted,Prim-PGD unbounded,targeted,unbounded,ALL,2026,3200,792,775,3038,0.2475,0.2421875,0.5312499999999998,0.949375,197.4025,1226.4754998862265,1182.1954924695608,0.3508753007945281,8.204375,0,0.6000000834465027,0.0,70085888.0,10.929853500332683,3.4155792188539635
victim,cicids2018_distrinet,cnn-s42,prim_pgd_unbounded_targeted,Prim-PGD unbounded,targeted,unbounded,ALL,42,3200,1467,803,1548,0.4584375,0.2509375,20.75,0.48375,197.4025,1266.0839474351899,1255.9571634464596,0.11451836675423921,12.393125,0,0.10000000149011612,0.0,11684588.0,9.43486879975535,2.948396499923547
victim,cicids2018_distrinet,cnn-s42,prim_pgd_unbounded_targeted,Prim-PGD unbounded,targeted,unbounded,ALL,2024,3200,1468,805,1550,0.45875,0.2515625,20.718749999999996,0.484375,197.4025,1221.562317102254,1211.381651779109,0.11393508447361199,12.4275,0,0.10000000149011612,0.0,11684723.0,9.520770200295374,2.9752406875923043
victim,cicids2018_distrinet,cnn-s42,prim_pgd_unbounded_targeted,Prim-PGD unbounded,targeted,unbounded,ALL,2026,3200,1467,802,1547,0.4584375,0.250625,20.78125,0.4834375,197.4025,1244.2319601083266,1234.06854385539,0.11401738424470312,12.4059375,0,0.10000000149011612,0.0,11684600.0,9.358816599939018,2.9246301874809433
victim,cicids2018_distrinet,ft_transformer-s42,prim_pgd_unbounded_targeted,Prim-PGD unbounded,targeted,unbounded,ALL,42,3200,24,3,765,0.0075,0.0009375,0.65625,0.2390625,197.4025,1329.3862457971084,1277.790071043939,0.4865705496400385,15.571875,0,0.04999999329447746,0.0,2399862.0,44.595662999898195,13.936144687468186
victim,cicids2018_distrinet,ft_transformer-s42,prim_pgd_unbounded_targeted,Prim-PGD unbounded,targeted,unbounded,ALL,2024,3200,25,3,765,0.0078125,0.0009375,0.6875,0.2390625,197.4025,1335.0816299300727,1283.5756663340014,0.4866197742941435,15.5925,0,0.04999999329447746,0.0,2399862.0,44.56851060013287,13.927659562541521
victim,cicids2018_distrinet,ft_transformer-s42,prim_pgd_unbounded_targeted,Prim-PGD unbounded,targeted,unbounded,ALL,2026,3200,25,3,765,0.0078125,0.0009375,0.6875,0.2390625,197.4025,1347.6126208084993,1296.0816317054705,0.48683330827481996,15.5771875,0,0.04999999329447746,0.0,2399862.0,44.81273090024479,14.003978406326496
class,cicids2017_distrinet,mlp,prim_hybrid_p50_targeted,Hybrid Search p50,targeted,p50,DoS,42,800,116,116,800,0.145,0.145,0.0,1.0,252.04125,1405.6344991575536,1405.4623188253183,0.03920497895745158,19.55875,0,1.5904289484024048,36.5,104913.0,2.4251351999118924,3.0314189998898655
class,cicids2017_distrinet,mlp,prim_hybrid_p50_targeted,Hybrid Search p50,targeted,p50,DoS,2024,800,116,116,800,0.145,0.145,0.0,1.0,252.04125,1406.090923701282,1405.9192069874696,0.038964506247388016,19.5425,0,1.5957362651824951,34.5,106897.0,2.2070047000888735,2.758755875111092
class,cicids2017_distrinet,mlp,prim_hybrid_p50_targeted,Hybrid Search p50,targeted,p50,DoS,2026,800,116,116,800,0.145,0.145,0.0,1.0,252.04125,1399.0453255541156,1398.8742493045763,0.03882322483280535,19.5375,0,1.5807061791419983,33.0,108039.5,2.3094302001409233,2.886787750176154
class,cicids2017_distrinet,mlp,prim_hybrid_p50_targeted,Hybrid Search p50,targeted,p50,DDoS,42,800,79,79,800,0.09875,0.09875,0.0,1.0,244.92,5951.561743932756,5951.559427451972,0.028305745074576203,19.55375,0,1.451780080795288,1.0,1292266.0,2.487322999862954,3.1091537498286925
class,cicids2017_distrinet,mlp,prim_hybrid_p50_targeted,Hybrid Search p50,targeted,p50,DDoS,2024,800,79,79,800,0.09875,0.09875,0.0,1.0,244.92,5928.7773137379145,5928.774998104145,0.028094076371869912,19.62,0,1.4334590435028076,1.0,1136428.0,2.920997800072655,3.651247250090819
class,cicids2017_distrinet,mlp,prim_hybrid_p50_targeted,Hybrid Search p50,targeted,p50,DDoS,2026,800,79,79,800,0.09875,0.09875,0.0,1.0,244.92,5942.716172931828,5942.713856799798,0.02822246648637915,19.56625,0,1.4695616960525513,1.0,1223271.0,3.2459912998601794,4.057489124825224
class,cicids2017_distrinet,mlp,prim_hybrid_p50_targeted,Hybrid Search p50,targeted,p50,Recon,42,800,0,0,800,0.0,0.0,0.0,1.0,3.8575,5.048520730335164,5.04788877369822,3.659414191484622e-05,0.15125,0,,,,2.424432300031185,3.0305403750389814
class,cicids2017_distrinet,mlp,prim_hybrid_p50_targeted,Hybrid Search p50,targeted,p50,Recon,2024,800,0,0,800,0.0,0.0,0.0,1.0,3.8575,5.048520730335164,5.04788877369822,3.659414191484622e-05,0.15125,0,,,,2.5455563999712467,3.1819454999640584
class,cicids2017_distrinet,mlp,prim_hybrid_p50_targeted,Hybrid Search p50,targeted,p50,Recon,2026,800,0,0,800,0.0,0.0,0.0,1.0,3.8575,5.048520730335164,5.04788877369822,3.659414191484622e-05,0.15125,0,,,,2.480069100158289,3.1000863751978613
class,cicids2017_distrinet,mlp,prim_hybrid_p50_targeted,Hybrid Search p50,targeted,p50,BruteForce,42,800,7,7,800,0.00875,0.00875,0.0,1.0,254.37875,1947.8576255462033,1947.8534940594898,0.01994132523619112,20.37,0,0.7371938824653625,8.0,165382.0,2.6446988000534475,3.3058735000668094
class,cicids2017_distrinet,mlp,prim_hybrid_p50_targeted,Hybrid Search p50,targeted,p50,BruteForce,2024,800,7,7,800,0.00875,0.00875,0.0,1.0,254.37875,1948.2899098838059,1948.2857766681855,0.019951306481532458,20.37,0,0.9528409242630005,8.0,227419.0,2.5040469001978636,3.1300586252473295
class,cicids2017_distrinet,mlp,prim_hybrid_p50_targeted,Hybrid Search p50,targeted,p50,BruteForce,2026,800,7,7,800,0.00875,0.00875,0.0,1.0,254.37875,1949.5669445031904,1949.5628147116638,0.01994601370710034,20.37,0,0.9439449310302734,7.0,305251.0,2.969995299819857,3.712494124774821
class,cicids2017_distrinet,cnn,prim_hybrid_p50_targeted,Hybrid Search p50,targeted,p50,DoS,42,800,186,186,800,0.2325,0.2325,0.0,1.0,251.97125,1303.8961872728087,1303.7084346700865,0.03871332301306103,19.225,0,1.6472018957138062,41.5,108003.5,2.5105290999636054,3.1381613749545068
class,cicids2017_distrinet,cnn,prim_hybrid_p50_targeted,Hybrid Search p50,targeted,p50,DoS,2024,800,188,188,800,0.235,0.235,0.0,1.0,251.97125,1294.1962721368725,1294.0074905745234,0.03889920663919701,19.3175,0,1.6367880702018738,41.5,106360.0,2.3968464999925345,2.996058124990668
class,cicids2017_distrinet,cnn,prim_hybrid_p50_targeted,Hybrid Search p50,targeted,p50,DoS,2026,800,188,188,800,0.235,0.235,0.0,1.0,251.97125,1322.0062955296794,1321.8176425958031,0.039241618777476076,19.3075,0,1.6911851167678833,43.0,103467.5,2.409628299996257,3.012035374995321
class,cicids2017_distrinet,cnn,prim_hybrid_p50_targeted,Hybrid Search p50,targeted,p50,DDoS,42,800,225,225,800,0.28125,0.28125,0.0,1.0,244.92,5078.04476251747,5078.04244375632,0.025328275350838703,19.43,0,1.2484264373779297,1.0,1414875.0,2.2397719000000507,2.7997148750000633
class,cicids2017_distrinet,cnn,prim_hybrid_p50_targeted,Hybrid Search p50,targeted,p50,DDoS,2024,800,225,225,800,0.28125,0.28125,0.0,1.0,244.92,5117.3812023263445,5117.378883973711,0.02558831062088944,19.41875,0,1.2916896343231201,1.0,1565068.0,2.4115587000269443,3.0144483750336803
class,cicids2017_distrinet,cnn,prim_hybrid_p50_targeted,Hybrid Search p50,targeted,p50,DDoS,2026,800,225,225,800,0.28125,0.28125,0.0,1.0,244.92,5073.727616351849,5073.7252970171885,0.02531551389952599,19.37125,0,1.227949619293213,1.0,1377818.0,2.2262581000104547,2.7828226250130683
class,cicids2017_distrinet,cnn,prim_hybrid_p50_targeted,Hybrid Search p50,targeted,p50,Recon,42,800,0,0,800,0.0,0.0,0.0,1.0,3.54,0.032124485668653016,0.031605968225444155,1.0124150929220692e-05,0.115,0,,,,2.061146200168878,2.5764327502110973
class,cicids2017_distrinet,cnn,prim_hybrid_p50_targeted,Hybrid Search p50,targeted,p50,Recon,2024,800,0,0,800,0.0,0.0,0.0,1.0,3.54,0.04906614578422053,0.04843225195908925,1.3002900658147592e-05,0.1275,0,,,,2.1994444001466036,2.7493055001832545
class,cicids2017_distrinet,cnn,prim_hybrid_p50_targeted,Hybrid Search p50,targeted,p50,Recon,2026,800,0,0,800,0.0,0.0,0.0,1.0,3.54,0.049038369090463184,0.048405078046045776,1.2991383170788438e-05,0.1275,0,,,,2.260988499969244,2.826235624961555
class,cicids2017_distrinet,cnn,prim_hybrid_p50_targeted,Hybrid Search p50,targeted,p50,BruteForce,42,800,7,7,800,0.00875,0.00875,0.0,1.0,254.3925,1954.1141149204384,1954.1117776793635,0.019992558219345757,20.3825,0,0.9166666865348816,9.0,95527.0,2.4003307002130896,3.000413375266362
class,cicids2017_distrinet,cnn,prim_hybrid_p50_targeted,Hybrid Search p50,targeted,p50,BruteForce,2024,800,7,7,800,0.00875,0.00875,0.0,1.0,254.3925,1954.4731076706996,1954.4707722445808,0.01997989126205782,20.38125,0,0.5891729593276978,3.0,102449.0,2.2738896999508142,2.842362124938518
class,cicids2017_distrinet,cnn,prim_hybrid_p50_targeted,Hybrid Search p50,targeted,p50,BruteForce,2026,800,7,7,800,0.00875,0.00875,0.0,1.0,254.3925,1953.5685995538172,1953.5662613750155,0.019979717883099657,20.37125,0,0.9166666865348816,3.0,228064.0,2.3289602999575436,2.9112003749469295
class,cicids2017_distrinet,ft_transformer,prim_hybrid_p50_targeted,Hybrid Search p50,targeted,p50,DoS,42,800,2,2,800,0.0025,0.0025,0.0,1.0,252.2525,1438.7721165050168,1438.60048030526,0.04242229893012091,19.6825,0,0.18510638177394867,4.0,13465.0,12.121752500068396,15.152190625085495
class,cicids2017_distrinet,ft_transformer,prim_hybrid_p50_targeted,Hybrid Search p50,targeted,p50,DoS,2024,800,2,2,800,0.0025,0.0025,0.0,1.0,252.2525,1438.6687148067263,1438.496975562397,0.042422327907281614,19.6825,0,0.18510638177394867,4.0,13465.0,12.052540899952874,15.065676124941092
class,cicids2017_distrinet,ft_transformer,prim_hybrid_p50_targeted,Hybrid Search p50,targeted,p50,DoS,2026,800,2,2,800,0.0025,0.0025,0.0,1.0,252.2525,1438.8036424618203,1438.6323564513777,0.042422810146033045,19.68375,0,0.18510638177394867,4.0,13465.0,12.349738700082526,15.437173375103157
class,cicids2017_distrinet,ft_transformer,prim_hybrid_p50_targeted,Hybrid Search p50,targeted,p50,DDoS,42,800,0,0,800,0.0,0.0,0.0,1.0,244.92,5751.416682419827,5751.4147156218405,0.027127389785661083,19.50375,0,,,,13.430697799893096,16.78837224986637
class,cicids2017_distrinet,ft_transformer,prim_hybrid_p50_targeted,Hybrid Search p50,targeted,p50,DDoS,2024,800,0,0,800,0.0,0.0,0.0,1.0,244.92,5751.776003082876,5751.774036274014,0.02713001983371558,19.515,0,,,,13.439181899884716,16.798977374855895
class,cicids2017_distrinet,ft_transformer,prim_hybrid_p50_targeted,Hybrid Search p50,targeted,p50,DDoS,2026,800,0,0,800,0.0,0.0,0.0,1.0,244.92,5750.721329152617,5750.71936236097,0.027124751908526253,19.50375,0,,,,13.4505151999183,16.813143999897875
class,cicids2017_distrinet,ft_transformer,prim_hybrid_p50_targeted,Hybrid Search p50,targeted,p50,Recon,42,800,0,0,800,0.0,0.0,0.0,1.0,3.8575,0.15618751326343697,0.15560165603977752,1.520506899812647e-05,0.15125,0,,,,2.5919696998316795,3.2399621247895993
class,cicids2017_distrinet,ft_transformer,prim_hybrid_p50_targeted,Hybrid Search p50,targeted,p50,Recon,2024,800,0,0,800,0.0,0.0,0.0,1.0,3.8575,0.15618751326343697,0.15560165603977752,1.520506899812647e-05,0.15125,0,,,,2.609962400048971,3.262453000061214
class,cicids2017_distrinet,ft_transformer,prim_hybrid_p50_targeted,Hybrid Search p50,targeted,p50,Recon,2026,800,0,0,800,0.0,0.0,0.0,1.0,3.8575,0.15618751326343697,0.15560165603977752,1.520506899812647e-05,0.15125,0,,,,2.597746799932793,3.247183499915991
class,cicids2017_distrinet,ft_transformer,prim_hybrid_p50_targeted,Hybrid Search p50,targeted,p50,BruteForce,42,800,3,3,800,0.00375,0.00375,0.0,1.0,254.05875,1942.4649820618872,1942.4607299037216,0.019876878517353674,20.37125,0,0.25,3.0,0.0,13.333133300067857,16.66641662508482
class,cicids2017_distrinet,ft_transformer,prim_hybrid_p50_targeted,Hybrid Search p50,targeted,p50,BruteForce,2024,800,3,3,800,0.00375,0.00375,0.0,1.0,254.05875,1942.4468804560236,1942.4425349429387,0.019876779173662592,20.37,0,0.25,3.0,0.0,13.309600699925795,16.637000874907244
class,cicids2017_distrinet,ft_transformer,prim_hybrid_p50_targeted,Hybrid Search p50,targeted,p50,BruteForce,2026,800,3,3,800,0.00375,0.00375,0.0,1.0,254.05875,1942.4495670302758,1942.4452211827913,0.01987679492160979,20.3725,0,0.25,3.0,0.0,13.63547659991309,17.044345749891363
class,cicids2018_distrinet,mlp-s42,prim_hybrid_p50_targeted,Hybrid Search p50,targeted,p50,DoS,42,800,0,0,800,0.0,0.0,0.0,1.0,241.20125,0.39147327661797904,0.3547145757254584,0.0001496270483207871,2.15875,0,,,,2.741039799991995,3.426299749989994
class,cicids2018_distrinet,mlp-s42,prim_hybrid_p50_targeted,Hybrid Search p50,targeted,p50,DoS,2024,800,0,0,800,0.0,0.0,0.0,1.0,241.20125,0.35074386162015453,0.31361708026209956,0.0001489722867051309,2.08375,0,,,,2.5338892000727355,3.1673615000909194
class,cicids2018_distrinet,mlp-s42,prim_hybrid_p50_targeted,Hybrid Search p50,targeted,p50,DoS,2026,800,0,0,800,0.0,0.0,0.0,1.0,241.20125,0.3505592780988689,0.31347674374100365,0.00014818444582580457,2.0725,0,,,,2.6399086001329124,3.2998857501661405
class,cicids2018_distrinet,mlp-s42,prim_hybrid_p50_targeted,Hybrid Search p50,targeted,p50,DDoS,42,800,1,0,28,0.00125,0.0,0.125,0.035,245.48125,842.8518800575001,841.60165,0.08122795682696085,19.4575,0,,,,2.9291169999632984,3.661396249954123
class,cicids2018_distrinet,mlp-s42,prim_hybrid_p50_targeted,Hybrid Search p50,targeted,p50,DDoS,2024,800,1,1,28,0.00125,0.00125,0.0,0.035,245.48125,842.8576750695803,841.6130966666667,0.08128489819653115,19.4225,0,0.9999996423721313,0.0,1366734.0,2.657099600182846,3.3213745002285577
class,cicids2018_distrinet,mlp-s42,prim_hybrid_p50_targeted,Hybrid Search p50,targeted,p50,DDoS,2026,800,1,0,25,0.00125,0.0,0.125,0.03125,245.48125,843.0654655180456,841.8101980125497,0.08150293722086253,19.50625,0,,,,2.649655499961227,3.312069374951534
class,cicids2018_distrinet,mlp-s42,prim_hybrid_p50_targeted,Hybrid Search p50,targeted,p50,Recon,42,800,34,5,760,0.0425,0.00625,3.6250000000000004,0.95,29.2675,382.2109220101695,382.12623666666667,0.008065242397513805,1.45875,0,0.9999999403953552,0.0,5954741.0,2.284565000096336,2.85570625012042
class,cicids2018_distrinet,mlp-s42,prim_hybrid_p50_targeted,Hybrid Search p50,targeted,p50,Recon,2024,800,34,5,759,0.0425,0.00625,3.6250000000000004,0.94875,29.2675,384.66379324732685,384.58033,0.008107620809072437,1.44625,0,0.9999999403953552,0.0,5954741.0,2.320506500080228,2.900633125100285
class,cicids2018_distrinet,mlp-s42,prim_hybrid_p50_targeted,Hybrid Search p50,targeted,p50,Recon,2026,800,34,5,758,0.0425,0.00625,3.6250000000000004,0.9475,29.2675,384.6652305716413,384.58033333333333,0.008107385459676642,1.45875,0,0.9999999403953552,0.0,5954741.0,2.6003066999837756,3.2503833749797195
class,cicids2018_distrinet,mlp-s42,prim_hybrid_p50_targeted,Hybrid Search p50,targeted,p50,BruteForce,42,800,0,0,800,0.0,0.0,0.0,1.0,255.47,0.11992496886873867,0.09535488196585475,0.0002095168356729351,11.99125,0,,,,2.4876673999242485,3.1095842499053106
class,cicids2018_distrinet,mlp-s42,prim_hybrid_p50_targeted,Hybrid Search p50,targeted,p50,BruteForce,2024,800,0,0,800,0.0,0.0,0.0,1.0,255.47,0.11992444759329635,0.0953543799981413,0.00020951578113040595,11.99125,0,,,,2.46427319990471,3.0803414998808876
class,cicids2018_distrinet,mlp-s42,prim_hybrid_p50_targeted,Hybrid Search p50,targeted,p50,BruteForce,2026,800,0,0,800,0.0,0.0,0.0,1.0,255.47,0.11991836919932197,0.09535215460794508,0.00020951083828102534,11.99125,0,,,,2.5203282001893967,3.150410250236746
class,cicids2018_distrinet,cnn-s42,prim_hybrid_p50_targeted,Hybrid Search p50,targeted,p50,DoS,42,800,0,0,5,0.0,0.0,0.0,0.00625,240.9475,48.14883489738964,48.08560000000001,0.07250440284906047,13.07,0,,,,3.0184232001192868,3.7730290001491085
class,cicids2018_distrinet,cnn-s42,prim_hybrid_p50_targeted,Hybrid Search p50,targeted,p50,DoS,2024,800,0,0,5,0.0,0.0,0.0,0.00625,240.9475,48.1053730398269,48.041850000000004,0.07243846490906099,13.165,0,,,,2.489295299863443,3.1116191248293035
class,cicids2018_distrinet,cnn-s42,prim_hybrid_p50_targeted,Hybrid Search p50,targeted,p50,DoS,2026,800,0,0,5,0.0,0.0,0.0,0.00625,240.9475,48.132398667439254,48.0681,0.07247797124278402,13.09875,0,,,,2.644958700053394,3.3061983750667423
class,cicids2018_distrinet,cnn-s42,prim_hybrid_p50_targeted,Hybrid Search p50,targeted,p50,DDoS,42,800,417,0,1,0.52125,0.0,52.125,0.00125,245.48125,653.7147939112983,648.0806233333334,0.08178739059279826,19.845,0,,,,2.187017699936405,2.733772124920506
class,cicids2018_distrinet,cnn-s42,prim_hybrid_p50_targeted,Hybrid Search p50,targeted,p50,DDoS,2024,800,418,0,1,0.5225,0.0,52.25,0.00125,245.48125,610.5883528821614,605.0285,0.08101353683736223,19.83875,0,,,,2.1849406000692397,2.7311757500865497
class,cicids2018_distrinet,cnn-s42,prim_hybrid_p50_targeted,Hybrid Search p50,targeted,p50,DDoS,2026,800,418,0,1,0.5225,0.0,52.25,0.00125,245.48125,607.7519809387851,602.15352,0.08095418913051512,19.84125,0,,,,2.161331000039354,2.7016637500491925
class,cicids2018_distrinet,cnn-s42,prim_hybrid_p50_targeted,Hybrid Search p50,targeted,p50,Recon,42,800,32,0,752,0.04,0.0,4.0,0.94,29.2675,611.7892918116836,611.4327202298523,0.009111515935918049,1.77,0,,,,2.1725769001059234,2.7157211251324043
class,cicids2018_distrinet,cnn-s42,prim_hybrid_p50_targeted,Hybrid Search p50,targeted,p50,Recon,2024,800,32,0,753,0.04,0.0,4.0,0.94125,29.2675,613.0859405752084,612.737386896519,0.00912989156924488,1.7675,0,,,,2.2830854000058025,2.853856750007253
class,cicids2018_distrinet,cnn-s42,prim_hybrid_p50_targeted,Hybrid Search p50,targeted,p50,Recon,2026,800,32,0,751,0.04,0.0,4.0,0.93875,29.2675,603.1285612729453,602.7140239478937,0.009053064788897412,1.77375,0,,,,2.2152152000926435,2.7690190001158044
class,cicids2018_distrinet,cnn-s42,prim_hybrid_p50_targeted,Hybrid Search p50,targeted,p50,BruteForce,42,800,0,0,1,0.0,0.0,0.0,0.00125,255.47,3.4505436494680364,3.11638,0.004697408951332414,20.14875,0,,,,2.468351300107315,3.085439125134144
class,cicids2018_distrinet,cnn-s42,prim_hybrid_p50_targeted,Hybrid Search p50,targeted,p50,BruteForce,2024,800,0,0,1,0.0,0.0,0.0,0.00125,255.47,3.4492171439339763,3.1174766666666667,0.004697399139299594,20.165,0,,,,2.3842608998529613,2.9803261248162016
class,cicids2018_distrinet,cnn-s42,prim_hybrid_p50_targeted,Hybrid Search p50,targeted,p50,BruteForce,2026,800,0,0,1,0.0,0.0,0.0,0.00125,255.47,3.4461039142726992,3.1158666666666663,0.004697394185276381,20.14625,0,,,,2.46706539997831,3.0838317499728873
class,cicids2018_distrinet,ft_transformer-s42,prim_hybrid_p50_targeted,Hybrid Search p50,targeted,p50,DoS,42,800,0,0,7,0.0,0.0,0.0,0.00875,241.20125,50.046317419087636,49.75463,0.07470320171660191,18.12,0,,,,12.272753100143746,15.340941375179682
class,cicids2018_distrinet,ft_transformer-s42,prim_hybrid_p50_targeted,Hybrid Search p50,targeted,p50,DoS,2024,800,0,0,7,0.0,0.0,0.0,0.00875,241.20125,50.04706753672473,49.75463,0.07470321021256242,18.22875,0,,,,12.143424599897116,15.179280749871396
class,cicids2018_distrinet,ft_transformer-s42,prim_hybrid_p50_targeted,Hybrid Search p50,targeted,p50,DoS,2026,800,0,0,7,0.0,0.0,0.0,0.00875,241.20125,50.04562214753791,49.75463,0.07470320087025027,18.095,0,,,,11.963219000026584,14.95402375003323
class,cicids2018_distrinet,ft_transformer-s42,prim_hybrid_p50_targeted,Hybrid Search p50,targeted,p50,DDoS,42,800,1,0,1,0.00125,0.0,0.125,0.00125,245.48125,197.74807351871476,190.95494333333332,0.07863136938953995,18.2675,0,,,,11.728795999893919,14.660994999867398
class,cicids2018_distrinet,ft_transformer-s42,prim_hybrid_p50_targeted,Hybrid Search p50,targeted,p50,DDoS,2024,800,1,0,1,0.00125,0.0,0.125,0.00125,245.48125,197.8003671225092,191.00846333333334,0.07863147383883823,18.23,0,,,,11.77244250010699,14.715553125133738
class,cicids2018_distrinet,ft_transformer-s42,prim_hybrid_p50_targeted,Hybrid Search p50,targeted,p50,DDoS,2026,800,1,0,1,0.00125,0.0,0.125,0.00125,245.48125,197.7871299936841,190.93792000000002,0.07863132820059338,18.2575,0,,,,11.699503000127152,14.62437875015894
class,cicids2018_distrinet,ft_transformer-s42,prim_hybrid_p50_targeted,Hybrid Search p50,targeted,p50,Recon,42,800,10,0,753,0.0125,0.0,1.25,0.94125,29.2675,729.7250012182715,729.6521333333334,0.01002614132080855,1.69875,0,,,,3.0207164001185447,3.775895500148181
class,cicids2018_distrinet,ft_transformer-s42,prim_hybrid_p50_targeted,Hybrid Search p50,targeted,p50,Recon,2024,800,10,0,753,0.0125,0.0,1.25,0.94125,29.2675,729.7395787078701,729.6662033333334,0.010054267194503985,1.69875,0,,,,3.0035069999285042,3.7543837499106303
class,cicids2018_distrinet,ft_transformer-s42,prim_hybrid_p50_targeted,Hybrid Search p50,targeted,p50,Recon,2026,800,10,0,753,0.0125,0.0,1.25,0.94125,29.2675,729.7392035748376,729.66692,0.010026056555887097,1.69875,0,,,,3.012992300093174,3.7662403751164675
class,cicids2018_distrinet,ft_transformer-s42,prim_hybrid_p50_targeted,Hybrid Search p50,targeted,p50,BruteForce,42,800,0,0,1,0.0,0.0,0.0,0.00125,255.47,3.1574185816492464,3.0987096518351938,0.004665194507018445,18.13625,0,,,,13.712861999869347,17.141077499836683
class,cicids2018_distrinet,ft_transformer-s42,prim_hybrid_p50_targeted,Hybrid Search p50,targeted,p50,BruteForce,2024,800,0,0,1,0.0,0.0,0.0,0.00125,255.47,3.156334504114424,3.0979386275533427,0.004665220629957226,18.06875,0,,,,14.116164400009438,17.645205500011798
class,cicids2018_distrinet,ft_transformer-s42,prim_hybrid_p50_targeted,Hybrid Search p50,targeted,p50,BruteForce,2026,800,0,0,1,0.0,0.0,0.0,0.00125,255.47,3.1583364320442975,3.098711458918962,0.004665227863235231,18.10375,0,,,,13.772336000110954,17.215420000138693
class,cicids2017_distrinet,mlp,prim_hybrid_p75_targeted,Hybrid Search p75,targeted,p75,DoS,42,800,231,231,800,0.28875,0.28875,0.0,1.0,251.1825,2124.631209077434,2124.319463325877,0.045908612766287465,19.81375,0,1.4570605754852295,38.0,204167.0,2.3845265998970717,2.9806582498713396
class,cicids2017_distrinet,mlp,prim_hybrid_p75_targeted,Hybrid Search p75,targeted,p75,DoS,2024,800,231,231,800,0.28875,0.28875,0.0,1.0,251.1825,2125.618895040202,2125.306719607571,0.046022758469961414,19.8325,0,1.4956843852996826,38.0,199755.0,2.219726199982688,2.77465774997836
class,cicids2017_distrinet,mlp,prim_hybrid_p75_targeted,Hybrid Search p75,targeted,p75,DoS,2026,800,231,231,800,0.28875,0.28875,0.0,1.0,251.1825,2122.7298328334764,2122.417561453996,0.04589168287294235,19.8275,0,1.4444409608840942,38.0,201935.0,2.262681999942288,2.8283524999278598
class,cicids2017_distrinet,mlp,prim_hybrid_p75_targeted,Hybrid Search p75,targeted,p75,DDoS,42,800,106,106,800,0.1325,0.1325,0.0,1.0,245.92,7876.091243307925,7876.087782482306,0.0378082431661509,19.63125,0,1.2746353149414062,2.0,1663526.0,2.480908599914983,3.1011357498937286
class,cicids2017_distrinet,mlp,prim_hybrid_p75_targeted,Hybrid Search p75,targeted,p75,DDoS,2024,800,106,106,800,0.1325,0.1325,0.0,1.0,245.92,7845.0159695906,7845.012510743175,0.037468184593945464,19.64625,0,1.3333331942558289,2.0,1479313.0,2.508712299866602,3.1358903748332523
class,cicids2017_distrinet,mlp,prim_hybrid_p75_targeted,Hybrid Search p75,targeted,p75,DDoS,2026,800,106,106,800,0.1325,0.1325,0.0,1.0,245.92,7851.566052332203,7851.562592264914,0.03761863019012831,19.64125,0,1.3214144110679626,2.0,1509788.0,2.4850698998197913,3.106337374774739
class,cicids2017_distrinet,mlp,prim_hybrid_p75_targeted,Hybrid Search p75,targeted,p75,Recon,42,800,0,0,800,0.0,0.0,0.0,1.0,3.8575,12.608411985426365,12.606805258737277,9.323545881943097e-05,0.15125,0,,,,2.2376304999925196,2.7970381249906495
class,cicids2017_distrinet,mlp,prim_hybrid_p75_targeted,Hybrid Search p75,targeted,p75,Recon,2024,800,0,0,800,0.0,0.0,0.0,1.0,3.8575,12.608411985426365,12.606805258737277,9.323545881943097e-05,0.15125,0,,,,2.2459831999149173,2.8074789998936467
class,cicids2017_distrinet,mlp,prim_hybrid_p75_targeted,Hybrid Search p75,targeted,p75,Recon,2026,800,0,0,800,0.0,0.0,0.0,1.0,3.8575,12.608411985426365,12.606805258737277,9.323545881943097e-05,0.15125,0,,,,2.2195205001626164,2.7744006252032705
class,cicids2017_distrinet,mlp,prim_hybrid_p75_targeted,Hybrid Search p75,targeted,p75,BruteForce,42,800,17,17,800,0.02125,0.02125,0.0,1.0,252.3,3787.7062548710346,3787.6792909494015,0.07049671976084937,20.46125,0,0.8717948794364929,60.0,0.0,2.0751284998841584,2.593910624855198
class,cicids2017_distrinet,mlp,prim_hybrid_p75_targeted,Hybrid Search p75,targeted,p75,BruteForce,2024,800,17,17,800,0.02125,0.02125,0.0,1.0,252.3,3786.2518801031215,3786.2249159494013,0.07048765155988987,20.4625,0,0.8717948794364929,60.0,0.0,2.083708900026977,2.6046361250337213
class,cicids2017_distrinet,mlp,prim_hybrid_p75_targeted,Hybrid Search p75,targeted,p75,BruteForce,2026,800,17,17,800,0.02125,0.02125,0.0,1.0,252.3,3787.909180349696,3787.8829866015753,0.07042283317149588,20.45875,0,0.8548339009284973,52.0,0.0,2.0277096999343485,2.5346371249179356
class,cicids2017_distrinet,cnn,prim_hybrid_p75_targeted,Hybrid Search p75,targeted,p75,DoS,42,800,395,395,800,0.49375,0.49375,0.0,1.0,251.08625,1940.7805654067952,1940.4635764359998,0.043345691037801774,19.3175,0,1.536452054977417,45.0,202942.0,2.3806280000135303,2.975785000016913
class,cicids2017_distrinet,cnn,prim_hybrid_p75_targeted,Hybrid Search p75,targeted,p75,DoS,2024,800,394,394,800,0.4925,0.4925,0.0,1.0,251.08625,1921.6095411701526,1921.2882319670753,0.04365067226755852,19.38625,0,1.5558324456214905,46.5,201650.5,2.1445653999689966,2.680706749961246
class,cicids2017_distrinet,cnn,prim_hybrid_p75_targeted,Hybrid Search p75,targeted,p75,DoS,2026,800,395,395,800,0.49375,0.49375,0.0,1.0,251.08625,1951.4448834473549,1951.125228742204,0.04339230557331871,19.27,0,1.539506435394287,45.0,202917.0,2.5796918000560254,3.2246147500700317
class,cicids2017_distrinet,cnn,prim_hybrid_p75_targeted,Hybrid Search p75,targeted,p75,DDoS,42,800,287,287,800,0.35875,0.35875,0.0,1.0,245.92,6580.938852502691,6580.935391177958,0.03317230236892089,19.65,0,1.223473310470581,2.0,1781387.0,2.8798966000322253,3.5998707500402816
class,cicids2017_distrinet,cnn,prim_hybrid_p75_targeted,Hybrid Search p75,targeted,p75,DDoS,2024,800,287,287,800,0.35875,0.35875,0.0,1.0,245.92,6596.914967894815,6596.911505308392,0.03338976608735234,19.6725,0,1.252929449081421,2.0,1928660.0,2.8436318999156356,3.5545398748945445
class,cicids2017_distrinet,cnn,prim_hybrid_p75_targeted,Hybrid Search p75,targeted,p75,DDoS,2026,800,287,287,800,0.35875,0.35875,0.0,1.0,245.92,6569.856489075881,6569.853027047523,0.03327349013293069,19.62875,0,1.2409701347351074,2.0,1840326.0,2.586153700016439,3.2326921250205487
class,cicids2017_distrinet,cnn,prim_hybrid_p75_targeted,Hybrid Search p75,targeted,p75,Recon,42,800,1,1,800,0.00125,0.00125,0.0,1.0,3.54,0.14693536834469112,0.145227916224671,2.9946614064463067e-05,0.1275,0,0.7792055606842041,0.0,6198.0,2.233929900219664,2.79241237527458
class,cicids2017_distrinet,cnn,prim_hybrid_p75_targeted,Hybrid Search p75,targeted,p75,Recon,2024,800,1,1,800,0.00125,0.00125,0.0,1.0,3.54,0.15889189745285287,0.15718443796380144,2.9985791140949673e-05,0.1275,0,0.9999678730964661,0.0,7954.0,2.174266600050032,2.71783325006254
class,cicids2017_distrinet,cnn,prim_hybrid_p75_targeted,Hybrid Search p75,targeted,p75,Recon,2026,800,1,1,800,0.00125,0.00125,0.0,1.0,3.54,0.15082125337639193,0.14911378578988838,2.997715681733065e-05,0.12875,0,0.9474173784255981,0.0,7536.0,2.1761753000319004,2.7202191250398755
class,cicids2017_distrinet,cnn,prim_hybrid_p75_targeted,Hybrid Search p75,targeted,p75,BruteForce,42,800,474,474,800,0.5925,0.5925,0.0,1.0,252.91875,3168.2717534815615,3168.2598164330066,0.0648783362076685,20.75,0,1.6666667461395264,67.0,1674416.5,2.2311193000059575,2.788899125007447
class,cicids2017_distrinet,cnn,prim_hybrid_p75_targeted,Hybrid Search p75,targeted,p75,BruteForce,2024,800,474,474,800,0.5925,0.5925,0.0,1.0,252.91875,3174.0482495137553,3174.0362023025723,0.06469548460110464,20.71875,0,1.6585968136787415,67.0,1649359.0,1.9002084999810904,2.375260624976363
class,cicids2017_distrinet,cnn,prim_hybrid_p75_targeted,Hybrid Search p75,targeted,p75,BruteForce,2026,800,474,474,800,0.5925,0.5925,0.0,1.0,252.91875,3188.119522862837,3188.1076425199635,0.06468173701945651,20.7225,0,1.6700319051742554,66.5,1703240.0,2.241596099920571,2.8019951249007136
class,cicids2017_distrinet,ft_transformer,prim_hybrid_p75_targeted,Hybrid Search p75,targeted,p75,DoS,42,800,3,3,800,0.00375,0.00375,0.0,1.0,251.375,2238.1403080560835,2237.8304549517943,0.05018758171218715,19.745,0,0.20000000298023224,8.0,0.0,11.91575470007956,14.89469337509945
class,cicids2017_distrinet,ft_transformer,prim_hybrid_p75_targeted,Hybrid Search p75,targeted,p75,DoS,2024,800,3,3,800,0.00375,0.00375,0.0,1.0,251.375,2237.422429184017,2237.1125745170116,0.050188327466013434,19.745,0,0.20000000298023224,8.0,0.0,12.163133900146931,15.203917375183664
class,cicids2017_distrinet,ft_transformer,prim_hybrid_p75_targeted,Hybrid Search p75,targeted,p75,DoS,2026,800,3,3,800,0.00375,0.00375,0.0,1.0,251.375,2238.5924230612272,2238.2868147822887,0.050189501394492325,19.7325,0,0.20000000298023224,8.0,0.0,11.824124399805441,14.780155499756802
class,cicids2017_distrinet,ft_transformer,prim_hybrid_p75_targeted,Hybrid Search p75,targeted,p75,DDoS,42,800,0,0,800,0.0,0.0,0.0,1.0,245.92,7225.66741033024,7225.6642700960565,0.03425715413280318,19.54,0,,,,13.182567700045183,16.47820962505648
class,cicids2017_distrinet,ft_transformer,prim_hybrid_p75_targeted,Hybrid Search p75,targeted,p75,DDoS,2024,800,0,0,800,0.0,0.0,0.0,1.0,245.92,7214.596730908126,7214.593590748231,0.0342149568139522,19.5625,0,,,,13.51255219988525,16.89069024985656
class,cicids2017_distrinet,ft_transformer,prim_hybrid_p75_targeted,Hybrid Search p75,targeted,p75,DDoS,2026,800,0,0,800,0.0,0.0,0.0,1.0,245.92,7215.986730885504,7215.983590748231,0.03421599373696807,19.54,0,,,,13.20718300016597,16.50897875020746
class,cicids2017_distrinet,ft_transformer,prim_hybrid_p75_targeted,Hybrid Search p75,targeted,p75,Recon,42,800,0,0,800,0.0,0.0,0.0,1.0,3.8575,0.37298040885135947,0.3713704761285819,4.427410117905019e-05,0.15125,0,,,,2.577700700145215,3.2221258751815185
class,cicids2017_distrinet,ft_transformer,prim_hybrid_p75_targeted,Hybrid Search p75,targeted,p75,Recon,2024,800,0,0,800,0.0,0.0,0.0,1.0,3.8575,0.37298040885135947,0.3713704761285819,4.427410117905019e-05,0.15125,0,,,,2.5855220002122223,3.231902500265278
class,cicids2017_distrinet,ft_transformer,prim_hybrid_p75_targeted,Hybrid Search p75,targeted,p75,Recon,2026,800,0,0,800,0.0,0.0,0.0,1.0,3.8575,0.37298040885135947,0.3713704761285819,4.427410117905019e-05,0.15125,0,,,,2.5934176000300795,3.2417720000375994
class,cicids2017_distrinet,ft_transformer,prim_hybrid_p75_targeted,Hybrid Search p75,targeted,p75,BruteForce,42,800,11,11,800,0.01375,0.01375,0.0,1.0,251.7,3776.970276009807,3776.9590267944923,0.05248211692758933,20.44625,0,0.19230769574642181,15.0,0.0,11.188274399843067,13.985342999803834
class,cicids2017_distrinet,ft_transformer,prim_hybrid_p75_targeted,Hybrid Search p75,targeted,p75,BruteForce,2024,800,11,11,800,0.01375,0.01375,0.0,1.0,251.7,3778.7636711404793,3778.752423533623,0.05248670805546648,20.445,0,0.19230769574642181,15.0,0.0,11.283298199996352,14.10412274999544
class,cicids2017_distrinet,ft_transformer,prim_hybrid_p75_targeted,Hybrid Search p75,targeted,p75,BruteForce,2026,800,11,11,800,0.01375,0.01375,0.0,1.0,251.7,3778.714733063304,3778.703483316232,0.052476893961231494,20.44375,0,0.19230769574642181,15.0,0.0,11.3013573999051,14.126696749881376
class,cicids2018_distrinet,mlp-s42,prim_hybrid_p75_targeted,Hybrid Search p75,targeted,p75,DoS,42,800,0,0,800,0.0,0.0,0.0,1.0,241.20125,0.8558222748755163,0.7929567468486275,0.0002717376993230353,2.06375,0,,,,2.7360737998969853,3.4200922498712316
class,cicids2018_distrinet,mlp-s42,prim_hybrid_p75_targeted,Hybrid Search p75,targeted,p75,DoS,2024,800,0,0,800,0.0,0.0,0.0,1.0,241.20125,0.8811712846820836,0.8174777602150877,0.00027759066006879024,2.12,0,,,,2.6462467999663204,3.3078084999579005
class,cicids2018_distrinet,mlp-s42,prim_hybrid_p75_targeted,Hybrid Search p75,targeted,p75,DoS,2026,800,0,0,800,0.0,0.0,0.0,1.0,241.20125,0.8713790168726879,0.8081242955343966,0.0002729771399229809,2.08,0,,,,2.6883392999880016,3.360424124985002
class,cicids2018_distrinet,mlp-s42,prim_hybrid_p75_targeted,Hybrid Search p75,targeted,p75,DDoS,42,800,4,3,34,0.005,0.00375,0.12500000000000003,0.0425,245.48125,1126.3326339030455,1124.8982719299445,0.0848700034560919,19.495,0,0.9289625287055969,0.0,1875256.0,2.34919280000031,2.9364910000003874
class,cicids2018_distrinet,mlp-s42,prim_hybrid_p75_targeted,Hybrid Search p75,targeted,p75,DDoS,2024,800,3,3,36,0.00375,0.00375,0.0,0.045,245.48125,1126.8381760754728,1125.4149133333333,0.08493079804226181,19.4125,0,0.9999995827674866,0.0,2058446.0,2.3778377000708133,2.9722971250885166
class,cicids2018_distrinet,mlp-s42,prim_hybrid_p75_targeted,Hybrid Search p75,targeted,p75,DDoS,2026,800,2,1,38,0.0025,0.00125,0.125,0.0475,245.48125,1128.254550265265,1126.8175333333334,0.0848072004802979,19.4175,0,0.9000002145767212,0.0,1398066.0,2.3305603999178857,2.913200499897357
class,cicids2018_distrinet,mlp-s42,prim_hybrid_p75_targeted,Hybrid Search p75,targeted,p75,Recon,42,800,38,7,762,0.0475,0.00875,3.875,0.9525,29.2675,381.0282360573272,380.84128,0.009241944065687483,1.42375,0,0.9999999403953552,0.0,5954753.0,2.3276217998936772,2.9095272498670965
class,cicids2018_distrinet,mlp-s42,prim_hybrid_p75_targeted,Hybrid Search p75,targeted,p75,Recon,2024,800,38,7,762,0.0475,0.00875,3.875,0.9525,29.2675,381.0204756330735,380.83250999999996,0.009245868120465297,1.43625,0,0.9999999403953552,0.0,5954753.0,2.3300960999913514,2.912620124989189
class,cicids2018_distrinet,mlp-s42,prim_hybrid_p75_targeted,Hybrid Search p75,targeted,p75,Recon,2026,800,38,7,760,0.0475,0.00875,3.875,0.95,29.2675,383.40383877277395,383.21557666666666,0.009286543754747792,1.425,0,0.9999999403953552,0.0,5954753.0,2.3074889997951686,2.884361249743961
class,cicids2018_distrinet,mlp-s42,prim_hybrid_p75_targeted,Hybrid Search p75,targeted,p75,BruteForce,42,800,0,0,800,0.0,0.0,0.0,1.0,255.47,0.24340641669626512,0.19363797600265711,0.00042539282807215,11.99375,0,,,,2.456698999973014,3.0708737499662675
class,cicids2018_distrinet,mlp-s42,prim_hybrid_p75_targeted,Hybrid Search p75,targeted,p75,BruteForce,2024,800,0,0,800,0.0,0.0,0.0,1.0,255.47,0.24341223537624126,0.19364091251378074,0.000425399243750335,11.99375,0,,,,2.4794439000543207,3.099304875067901
class,cicids2018_distrinet,mlp-s42,prim_hybrid_p75_targeted,Hybrid Search p75,targeted,p75,BruteForce,2026,800,0,0,800,0.0,0.0,0.0,1.0,255.47,0.24341202740029888,0.19364111330086609,0.00042539965258703635,11.99375,0,,,,2.406092599965632,3.00761574995704
class,cicids2018_distrinet,cnn-s42,prim_hybrid_p75_targeted,Hybrid Search p75,targeted,p75,DoS,42,800,0,0,5,0.0,0.0,0.0,0.00625,240.9475,48.18669095687274,48.09334666666667,0.07251387061634866,12.88,0,,,,2.904939099913463,3.6311738748918287
class,cicids2018_distrinet,cnn-s42,prim_hybrid_p75_targeted,Hybrid Search p75,targeted,p75,DoS,2024,800,0,0,5,0.0,0.0,0.0,0.00625,240.9475,48.18929314259626,48.09459666666667,0.07251646843250399,12.96125,0,,,,2.4454691999126226,3.056836499890778
class,cicids2018_distrinet,cnn-s42,prim_hybrid_p75_targeted,Hybrid Search p75,targeted,p75,DoS,2026,800,0,0,5,0.0,0.0,0.0,0.00625,240.9475,48.153486253045074,48.059596666666664,0.07246343496660698,12.94875,0,,,,2.6143014000263065,3.267876750032883
class,cicids2018_distrinet,cnn-s42,prim_hybrid_p75_targeted,Hybrid Search p75,targeted,p75,DDoS,42,800,447,0,1,0.55875,0.0,55.875,0.00125,245.48125,845.9465973867307,838.3835,0.08560638353516231,19.93625,0,,,,2.1196657000109553,2.649582125013694
class,cicids2018_distrinet,cnn-s42,prim_hybrid_p75_targeted,Hybrid Search p75,targeted,p75,DDoS,2024,800,447,0,1,0.55875,0.0,55.875,0.00125,245.48125,811.6344605291101,804.0649000000001,0.08503808973017149,19.9025,0,,,,2.1947961999103427,2.7434952498879284
class,cicids2018_distrinet,cnn-s42,prim_hybrid_p75_targeted,Hybrid Search p75,targeted,p75,DDoS,2026,800,447,0,1,0.55875,0.0,55.875,0.00125,245.48125,810.2497860457169,802.6958166666667,0.08493263113977852,19.92375,0,,,,2.380656900117174,2.9758211251464672
class,cicids2018_distrinet,cnn-s42,prim_hybrid_p75_targeted,Hybrid Search p75,targeted,p75,Recon,42,800,33,0,752,0.04125,0.0,4.125,0.94,29.2675,613.9719342149234,613.416086896519,0.010643332726252114,1.77,0,,,,2.359999799868092,2.949999749835115
class,cicids2018_distrinet,cnn-s42,prim_hybrid_p75_targeted,Hybrid Search p75,targeted,p75,Recon,2024,800,33,0,753,0.04125,0.0,4.125,0.94125,29.2675,620.3346224306872,619.8492737452806,0.01064412145032794,1.7675,0,,,,2.2290805000811815,2.786350625101477
class,cicids2018_distrinet,cnn-s42,prim_hybrid_p75_targeted,Hybrid Search p75,targeted,p75,Recon,2026,800,33,0,751,0.04125,0.0,4.125,0.93875,29.2675,627.4959544203622,626.966806896519,0.010896563090675685,1.77,0,,,,2.1122208000160754,2.640276000020094
class,cicids2018_distrinet,cnn-s42,prim_hybrid_p75_targeted,Hybrid Search p75,targeted,p75,BruteForce,42,800,0,0,1,0.0,0.0,0.0,0.00125,255.47,4.537896111565532,3.5612966666666663,0.004712860735800635,19.975,0,,,,2.523999899858609,3.154999874823261
class,cicids2018_distrinet,cnn-s42,prim_hybrid_p75_targeted,Hybrid Search p75,targeted,p75,BruteForce,2024,800,0,0,1,0.0,0.0,0.0,0.00125,255.47,4.533188464618505,3.5582499999999997,0.004712887636125225,19.96375,0,,,,2.475986400153488,3.09498300019186
class,cicids2018_distrinet,cnn-s42,prim_hybrid_p75_targeted,Hybrid Search p75,targeted,p75,BruteForce,2026,800,0,0,1,0.0,0.0,0.0,0.00125,255.47,4.539964206065915,3.555153333333333,0.00471288523402914,19.92625,0,,,,2.3990044998936355,2.9987556248670444
class,cicids2018_distrinet,ft_transformer-s42,prim_hybrid_p75_targeted,Hybrid Search p75,targeted,p75,DoS,42,800,0,0,7,0.0,0.0,0.0,0.00875,241.20125,50.69557257152177,49.759863333333335,0.07471718473231746,18.905,0,,,,11.998077899916098,14.997597374895122
class,cicids2018_distrinet,ft_transformer-s42,prim_hybrid_p75_targeted,Hybrid Search p75,targeted,p75,DoS,2024,800,0,0,7,0.0,0.0,0.0,0.00875,241.20125,50.69529306770915,49.759863333333335,0.07471721845816828,18.8775,0,,,,11.845809999853373,14.807262499816716
class,cicids2018_distrinet,ft_transformer-s42,prim_hybrid_p75_targeted,Hybrid Search p75,targeted,p75,DoS,2026,800,0,0,7,0.0,0.0,0.0,0.00875,241.20125,50.69415889349103,49.759863333333335,0.07471734581478892,18.8775,0,,,,12.389293200103566,15.486616500129458
class,cicids2018_distrinet,ft_transformer-s42,prim_hybrid_p75_targeted,Hybrid Search p75,targeted,p75,DDoS,42,800,1,0,1,0.00125,0.0,0.125,0.00125,245.48125,258.2501874223595,251.54695333333333,0.07970030014814361,18.41375,0,,,,11.804460800020024,14.75557600002503
class,cicids2018_distrinet,ft_transformer-s42,prim_hybrid_p75_targeted,Hybrid Search p75,targeted,p75,DDoS,2024,800,1,0,1,0.00125,0.0,0.125,0.00125,245.48125,258.1977232574458,251.49176666666665,0.07970136569434842,18.40375,0,,,,11.634139099856839,14.542673874821048
class,cicids2018_distrinet,ft_transformer-s42,prim_hybrid_p75_targeted,Hybrid Search p75,targeted,p75,DDoS,2026,800,0,0,1,0.0,0.0,0.0,0.00125,245.48125,258.1158280072238,251.43300666666667,0.07970128235653694,18.41375,0,,,,11.98343629995361,14.979295374942012
class,cicids2018_distrinet,ft_transformer-s42,prim_hybrid_p75_targeted,Hybrid Search p75,targeted,p75,Recon,42,800,10,0,753,0.0125,0.0,1.25,0.94125,29.2675,727.4619967134474,727.3838800000001,0.010202021205962246,1.7,0,,,,3.055564499925822,3.8194556249072775
class,cicids2018_distrinet,ft_transformer-s42,prim_hybrid_p75_targeted,Hybrid Search p75,targeted,p75,Recon,2024,800,10,0,753,0.0125,0.0,1.25,0.94125,29.2675,722.7333162278306,722.6509966666666,0.010265626139583706,1.70125,0,,,,3.0330762998200953,3.791345374775119
class,cicids2018_distrinet,ft_transformer-s42,prim_hybrid_p75_targeted,Hybrid Search p75,targeted,p75,Recon,2026,800,10,0,753,0.0125,0.0,1.25,0.94125,29.2675,720.087835481381,720.0083733333333,0.01009895797298028,1.70125,0,,,,3.045369300059974,3.8067116250749677
class,cicids2018_distrinet,ft_transformer-s42,prim_hybrid_p75_targeted,Hybrid Search p75,targeted,p75,BruteForce,42,800,0,0,1,0.0,0.0,0.0,0.00125,255.47,3.3020753189842935,3.188,0.004649342013635265,17.9175,0,,,,13.75758760003373,17.196984500042163
class,cicids2018_distrinet,ft_transformer-s42,prim_hybrid_p75_targeted,Hybrid Search p75,targeted,p75,BruteForce,2024,800,0,0,1,0.0,0.0,0.0,0.00125,255.47,3.298537914982342,3.1849336460926834,0.00465452700007947,17.7475,0,,,,14.111437999876216,17.63929749984527
class,cicids2018_distrinet,ft_transformer-s42,prim_hybrid_p75_targeted,Hybrid Search p75,targeted,p75,BruteForce,2026,800,0,0,1,0.0,0.0,0.0,0.00125,255.47,3.297173308553275,3.1825536460926833,0.004648899486154857,17.8975,0,,,,13.696665099821985,17.12083137477748
class,cicids2017_distrinet,mlp,prim_hybrid_unbounded_targeted,Hybrid Search unbounded,targeted,unbounded,DoS,42,800,713,713,800,0.89125,0.89125,0.0,1.0,251.58625,14760.398667621812,14760.342765298636,0.12308400536318528,20.3275,0,0.6948717832565308,25.0,6671960.0,2.161745300050825,2.702181625063531
class,cicids2017_distrinet,mlp,prim_hybrid_unbounded_targeted,Hybrid Search unbounded,targeted,unbounded,DoS,2024,800,713,713,800,0.89125,0.89125,0.0,1.0,251.58625,14878.037365878012,14877.98059138559,0.12385797288619337,20.3375,0,0.6948717832565308,25.0,6703578.0,2.1221702001057565,2.6527127501321957
class,cicids2017_distrinet,mlp,prim_hybrid_unbounded_targeted,Hybrid Search unbounded,targeted,unbounded,DoS,2026,800,713,713,800,0.89125,0.89125,0.0,1.0,251.58625,14673.1429724907,14673.087330516026,0.1229901223559472,20.3375,0,0.6948718428611755,25.0,6656652.0,2.165090600028634,2.7063632500357926
class,cicids2017_distrinet,mlp,prim_hybrid_unbounded_targeted,Hybrid Search unbounded,targeted,unbounded,DDoS,42,800,603,603,800,0.75375,0.75375,0.0,1.0,246.32125,6580.838766050246,6580.739067868899,0.060213499498201914,20.0775,0,0.8666667342185974,36.0,2429324.0,2.6124696999322623,3.265587124915328
class,cicids2017_distrinet,mlp,prim_hybrid_unbounded_targeted,Hybrid Search unbounded,targeted,unbounded,DDoS,2024,800,596,596,800,0.745,0.745,0.0,1.0,246.32125,6508.1615066318855,6508.062301564551,0.06001435082413513,20.15375,0,0.8525641560554504,36.0,2395184.0,2.835353299975395,3.544191624969244
class,cicids2017_distrinet,mlp,prim_hybrid_unbounded_targeted,Hybrid Search unbounded,targeted,unbounded,DDoS,2026,800,600,600,800,0.75,0.75,0.0,1.0,246.32125,6434.12582421912,6434.0258885210715,0.05960355407102618,20.0825,0,0.8512821197509766,35.0,2354113.5,2.563169099856168,3.20396137482021
class,cicids2017_distrinet,mlp,prim_hybrid_unbounded_targeted,Hybrid Search unbounded,targeted,unbounded,Recon,42,800,8,8,800,0.01,0.01,0.0,1.0,3.8575,644.983783820672,644.983125,0.0021599175956189143,0.1475,0,0.10000000894069672,0.0,6499930.0,2.4167666998691857,3.020958374836482
class,cicids2017_distrinet,mlp,prim_hybrid_unbounded_targeted,Hybrid Search unbounded,targeted,unbounded,Recon,2024,800,8,8,800,0.01,0.01,0.0,1.0,3.8575,658.139596788211,658.1389402173913,0.002097979944291578,0.1475,0,0.10000000894069672,0.0,6499930.0,2.553442200180143,3.191802750225179
class,cicids2017_distrinet,mlp,prim_hybrid_unbounded_targeted,Hybrid Search unbounded,targeted,unbounded,Recon,2026,800,8,8,800,0.01,0.01,0.0,1.0,3.8575,644.983783820672,644.983125,0.0021599175956189143,0.1475,0,0.10000000894069672,0.0,6499930.0,2.389610000187531,2.987012500234414
class,cicids2017_distrinet,mlp,prim_hybrid_unbounded_targeted,Hybrid Search unbounded,targeted,unbounded,BruteForce,42,800,20,20,800,0.025,0.025,0.0,1.0,252.3,33885.313557839625,33885.29527237003,0.27259704907540727,20.49375,0,0.8647390604019165,62.0,976096.0,2.3125354999210685,2.8906693749013357
class,cicids2017_distrinet,mlp,prim_hybrid_unbounded_targeted,Hybrid Search unbounded,targeted,unbounded,BruteForce,2024,800,20,20,800,0.025,0.025,0.0,1.0,252.3,32967.56978150711,32967.55152237003,0.26541625258160934,20.4925,0,0.8696793615818024,59.5,705903.0,2.3680549999698997,2.9600687499623746
class,cicids2017_distrinet,mlp,prim_hybrid_unbounded_targeted,Hybrid Search unbounded,targeted,unbounded,BruteForce,2026,800,20,20,800,0.025,0.025,0.0,1.0,252.3,33176.76583001988,33176.74758215263,0.26465875340229517,20.49,0,0.7615384757518768,50.0,1495317.0,2.4019619999453425,3.002452499931678
class,cicids2017_distrinet,cnn,prim_hybrid_unbounded_targeted,Hybrid Search unbounded,targeted,unbounded,DoS,42,800,741,741,800,0.92625,0.92625,0.0,1.0,251.4,16161.0586569263,16160.983900916015,0.1411242485760747,19.3575,0,0.9628466367721558,37.0,7043021.0,2.3073551000561565,2.8841938750701956
class,cicids2017_distrinet,cnn,prim_hybrid_unbounded_targeted,Hybrid Search unbounded,targeted,unbounded,DoS,2024,800,741,741,800,0.92625,0.92625,0.0,1.0,251.4,16717.409246452688,16717.345694394273,0.13934486554901568,19.38375,0,0.9349895715713501,37.0,6900022.0,2.0398154999129474,2.5497693748911843
class,cicids2017_distrinet,cnn,prim_hybrid_unbounded_targeted,Hybrid Search unbounded,targeted,unbounded,DoS,2026,800,741,741,800,0.92625,0.92625,0.0,1.0,251.4,16723.05526123631,16722.992922655147,0.1391048021698793,19.58625,0,0.9596304893493652,39.0,6729194.0,2.0841187997721136,2.605148499715142
class,cicids2017_distrinet,cnn,prim_hybrid_unbounded_targeted,Hybrid Search unbounded,targeted,unbounded,DDoS,42,800,707,707,800,0.88375,0.88375,0.0,1.0,234.02,5419.995614712865,5419.843511750056,0.058289260064352,19.57875,0,0.9290759563446045,34.0,2375256.0,2.0663564999122173,2.5829456248902716
class,cicids2017_distrinet,cnn,prim_hybrid_unbounded_targeted,Hybrid Search unbounded,targeted,unbounded,DDoS,2024,800,705,705,800,0.88125,0.88125,0.0,1.0,234.02,5556.407488100112,5556.255305228316,0.05838361882404561,19.6,0,0.9007768630981445,35.0,2334166.0,2.086316999979317,2.6078962499741465
class,cicids2017_distrinet,cnn,prim_hybrid_unbounded_targeted,Hybrid Search unbounded,targeted,unbounded,DDoS,2026,800,707,707,800,0.88375,0.88375,0.0,1.0,234.02,5598.448610757291,5598.29650088049,0.05869473539302723,19.60875,0,0.9069724082946777,32.0,2375676.0,2.040323300054297,2.550404125067871
class,cicids2017_distrinet,cnn,prim_hybrid_unbounded_targeted,Hybrid Search unbounded,targeted,unbounded,Recon,42,800,8,8,800,0.01,0.01,0.0,1.0,3.54,303.70024534422896,303.69989130434783,0.0011506254544762652,0.13,0,0.05000501126050949,0.0,2699429.0,2.214084600098431,2.767605750123039
class,cicids2017_distrinet,cnn,prim_hybrid_unbounded_targeted,Hybrid Search unbounded,targeted,unbounded,Recon,2024,800,8,8,800,0.01,0.01,0.0,1.0,3.54,387.823506259196,387.82315217391306,0.0012262079513149298,0.13,0,0.053594160825014114,0.0,2778992.0,2.1890773000195622,2.736346625024453
class,cicids2017_distrinet,cnn,prim_hybrid_unbounded_targeted,Hybrid Search unbounded,targeted,unbounded,Recon,2026,800,8,8,800,0.01,0.01,0.0,1.0,3.54,323.6810114195594,323.6807880434783,0.0011622048090488238,0.13,0,0.04152488522231579,0.0,2141867.5,2.1917916999664158,2.7397396249580197
class,cicids2017_distrinet,cnn,prim_hybrid_unbounded_targeted,Hybrid Search unbounded,targeted,unbounded,BruteForce,42,800,800,800,800,1.0,1.0,0.0,1.0,252.91875,48102.816894201416,48102.80535991127,0.7245381644650091,21.18,0,1.0708004832267761,39.5,48018868.0,1.8965336999390274,2.3706671249237843
class,cicids2017_distrinet,cnn,prim_hybrid_unbounded_targeted,Hybrid Search unbounded,targeted,unbounded,BruteForce,2024,800,800,800,800,1.0,1.0,0.0,1.0,252.91875,50322.26222370055,50322.25095773735,0.7220539550652388,21.12,0,1.0531161427497864,39.0,47622206.0,1.9294800001662225,2.411850000207778
class,cicids2017_distrinet,cnn,prim_hybrid_unbounded_targeted,Hybrid Search unbounded,targeted,unbounded,BruteForce,2026,800,800,800,800,1.0,1.0,0.0,1.0,252.91875,48180.18646476818,48180.175006650396,0.7249571999631104,21.095,0,1.0492186546325684,38.0,47265648.0,1.8788779000751674,2.3485973750939593
class,cicids2017_distrinet,ft_transformer,prim_hybrid_unbounded_targeted,Hybrid Search unbounded,targeted,unbounded,DoS,42,800,4,4,800,0.005,0.005,0.0,1.0,251.68875,26843.16335332449,26843.138489130073,0.1980937931389212,20.22125,0,0.4461538568139076,24.0,13465.0,11.136796799954027,13.920995999942534
class,cicids2017_distrinet,ft_transformer,prim_hybrid_unbounded_targeted,Hybrid Search unbounded,targeted,unbounded,DoS,2024,800,4,4,800,0.005,0.005,0.0,1.0,251.68875,26779.936799278003,26779.91174999964,0.19739865571837684,20.215,0,0.4461538568139076,31.0,13465.0,11.130343300057575,13.912929125071969
class,cicids2017_distrinet,ft_transformer,prim_hybrid_unbounded_targeted,Hybrid Search unbounded,targeted,unbounded,DoS,2026,800,4,4,800,0.005,0.005,0.0,1.0,251.68875,26690.39783000013,26690.37272826051,0.19679753904379468,20.21625,0,0.4461538568139076,31.0,13465.0,11.075114599894732,13.843893249868415
class,cicids2017_distrinet,ft_transformer,prim_hybrid_unbounded_targeted,Hybrid Search unbounded,targeted,unbounded,DDoS,42,800,0,0,800,0.0,0.0,0.0,1.0,247.96,12120.324398624107,12120.237013393822,0.09281007662633894,19.68375,0,,,,11.174386400030926,13.967983000038657
class,cicids2017_distrinet,ft_transformer,prim_hybrid_unbounded_targeted,Hybrid Search unbounded,targeted,unbounded,DDoS,2024,800,0,0,800,0.0,0.0,0.0,1.0,247.96,12237.927052649338,12237.839703611215,0.09328331107299752,19.68875,0,,,,11.140561599982902,13.925701999978628
class,cicids2017_distrinet,ft_transformer,prim_hybrid_unbounded_targeted,Hybrid Search unbounded,targeted,unbounded,DDoS,2026,800,0,0,800,0.0,0.0,0.0,1.0,247.96,12200.580251366191,12200.492855785125,0.09326229114823853,19.7,0,,,,11.150246700039133,13.937808375048917
class,cicids2017_distrinet,ft_transformer,prim_hybrid_unbounded_targeted,Hybrid Search unbounded,targeted,unbounded,Recon,42,800,6,6,800,0.0075,0.0075,0.0,1.0,3.8575,1441.2713904573259,1441.2713586956522,0.004852712614109187,0.15375,0,0.042910778895020485,0.0,2122395.5,2.6054402999579906,3.2568003749474883
class,cicids2017_distrinet,ft_transformer,prim_hybrid_unbounded_targeted,Hybrid Search unbounded,targeted,unbounded,Recon,2024,800,6,6,800,0.0075,0.0075,0.0,1.0,3.8575,1315.3554249900333,1315.3553532608698,0.0044694598621337,0.15375,0,0.05000000260770321,0.0,2142354.5,2.619047600077465,3.2738095000968315
class,cicids2017_distrinet,ft_transformer,prim_hybrid_unbounded_targeted,Hybrid Search unbounded,targeted,unbounded,Recon,2026,800,6,6,800,0.0075,0.0075,0.0,1.0,3.8575,1283.5041044837674,1283.5040489130436,0.00437298054662095,0.155,0,0.05000000074505806,0.0,1984825.0,2.5817429998423904,3.227178749802988
class,cicids2017_distrinet,ft_transformer,prim_hybrid_unbounded_targeted,Hybrid Search unbounded,targeted,unbounded,BruteForce,42,800,18,18,800,0.0225,0.0225,0.0,1.0,251.7,122544.20660593068,122544.19213283595,1.5419366320437013,21.43,0,0.2371794879436493,18.0,0.0,11.13226870005019,13.915335875062738
class,cicids2017_distrinet,ft_transformer,prim_hybrid_unbounded_targeted,Hybrid Search unbounded,targeted,unbounded,BruteForce,2024,800,18,18,800,0.0225,0.0225,0.0,1.0,251.7,122526.770539131,122526.75607305334,1.5417415806314665,21.4425,0,0.2371794879436493,18.5,0.0,11.074176200199872,13.84272025024984
class,cicids2017_distrinet,ft_transformer,prim_hybrid_unbounded_targeted,Hybrid Search unbounded,targeted,unbounded,BruteForce,2026,800,18,18,800,0.0225,0.0225,0.0,1.0,251.7,122617.62273918337,122617.60827414031,1.5413016372535173,21.43125,0,0.2371794879436493,18.0,0.0,11.081691900035366,13.852114875044208
class,cicids2018_distrinet,mlp-s42,prim_hybrid_unbounded_targeted,Hybrid Search unbounded,targeted,unbounded,DoS,42,800,0,0,800,0.0,0.0,0.0,1.0,241.20125,51.63426710336461,51.04533084479823,0.005730801919411186,6.46125,0,,,,3.278510200092569,4.098137750115711
class,cicids2018_distrinet,mlp-s42,prim_hybrid_unbounded_targeted,Hybrid Search unbounded,targeted,unbounded,DoS,2024,800,0,0,800,0.0,0.0,0.0,1.0,241.20125,49.507665653220364,48.89919940990084,0.005647179361507436,6.37375,0,,,,3.3940970001276582,4.242621250159573
class,cicids2018_distrinet,mlp-s42,prim_hybrid_unbounded_targeted,Hybrid Search unbounded,targeted,unbounded,DoS,2026,800,0,0,800,0.0,0.0,0.0,1.0,241.20125,50.93400870443081,50.34478401075427,0.005662702455126175,6.4025,0,,,,3.370671700220555,4.213339625275694
class,cicids2018_distrinet,mlp-s42,prim_hybrid_unbounded_targeted,Hybrid Search unbounded,targeted,unbounded,DDoS,42,800,13,12,633,0.01625,0.015,0.1250000000000001,0.79125,245.48125,2230.0456234207504,2171.539337273336,0.21961875075343504,13.15375,0,0.8500000834465027,0.0,25057990.0,2.639994200086221,3.2999927501077764
class,cicids2018_distrinet,mlp-s42,prim_hybrid_unbounded_targeted,Hybrid Search unbounded,targeted,unbounded,DDoS,2024,800,11,10,631,0.01375,0.0125,0.12499999999999994,0.78875,245.48125,2223.511001183168,2165.5559553511403,0.21848266205580466,13.175,0,0.9448473751544952,0.0,27596103.0,2.6997275000903755,3.3746593751129694
class,cicids2018_distrinet,mlp-s42,prim_hybrid_unbounded_targeted,Hybrid Search unbounded,targeted,unbounded,DDoS,2026,800,10,8,630,0.0125,0.01,0.25000000000000006,0.7875,245.48125,2203.2996923806627,2146.005263477274,0.21555231464482294,13.18625,0,0.7500000596046448,0.0,21901343.0,2.4788025999441743,3.098503249930218
class,cicids2018_distrinet,mlp-s42,prim_hybrid_unbounded_targeted,Hybrid Search unbounded,targeted,unbounded,Recon,42,800,51,35,781,0.06375,0.04375,2.0000000000000004,0.97625,29.32375,1758.8466034725488,1757.5069333333333,0.05116406784383136,1.28625,0,0.5,0.0,23998624.0,2.896186400204897,3.620233000256121
class,cicids2018_distrinet,mlp-s42,prim_hybrid_unbounded_targeted,Hybrid Search unbounded,targeted,unbounded,Recon,2024,800,51,35,781,0.06375,0.04375,2.0000000000000004,0.97625,29.32375,1768.8115701508464,1767.7497266666667,0.051422578997950844,1.28625,0,0.5,0.0,24063130.0,2.576260100118816,3.22032512514852
class,cicids2018_distrinet,mlp-s42,prim_hybrid_unbounded_targeted,Hybrid Search unbounded,targeted,unbounded,Recon,2026,800,51,34,778,0.06375,0.0425,2.125,0.9725,29.32375,1771.8636652570372,1770.4215166666668,0.052701753430054545,1.2975,0,0.5949902534484863,0.0,24171874.0,2.3363461999688298,2.920432749961037
class,cicids2018_distrinet,mlp-s42,prim_hybrid_unbounded_targeted,Hybrid Search unbounded,targeted,unbounded,BruteForce,42,800,725,725,800,0.90625,0.90625,0.0,1.0,255.47,1053.6182947938448,928.4341101756218,1.1796247844508796,12.0,0,0.6000000238418579,0.0,70106200.0,2.671824000077322,3.3397800000966527
class,cicids2018_distrinet,mlp-s42,prim_hybrid_unbounded_targeted,Hybrid Search unbounded,targeted,unbounded,BruteForce,2024,800,725,725,800,0.90625,0.90625,0.0,1.0,255.47,1058.2346782564787,933.0062744610206,1.17855148412213,12.0,0,0.6000000238418579,0.0,70104640.0,2.7608012000564486,3.4510015000705607
class,cicids2018_distrinet,mlp-s42,prim_hybrid_unbounded_targeted,Hybrid Search unbounded,targeted,unbounded,BruteForce,2026,800,725,725,800,0.90625,0.90625,0.0,1.0,255.47,1089.9153771687854,965.2955895149654,1.180125404398279,12.0,0,0.6000000834465027,0.0,70108336.0,2.799037199933082,3.4987964999163523
class,cicids2018_distrinet,cnn-s42,prim_hybrid_unbounded_targeted,Hybrid Search unbounded,targeted,unbounded,DoS,42,800,0,0,5,0.0,0.0,0.0,0.00625,240.9475,82.04367303967787,77.93359000000001,0.07309564445698691,15.5625,0,,,,2.584907300071791,3.2311341250897385
class,cicids2018_distrinet,cnn-s42,prim_hybrid_unbounded_targeted,Hybrid Search unbounded,targeted,unbounded,DoS,2024,800,0,0,5,0.0,0.0,0.0,0.00625,240.9475,81.33587112892886,77.28863666666668,0.07298493122402962,15.5475,0,,,,2.5777566998731345,3.222195874841418
class,cicids2018_distrinet,cnn-s42,prim_hybrid_unbounded_targeted,Hybrid Search unbounded,targeted,unbounded,DoS,2026,800,0,0,5,0.0,0.0,0.0,0.00625,240.9475,81.19277137255132,77.15176333333334,0.07297771251136863,15.50625,0,,,,2.5899042000528425,3.237380250066053
class,cicids2018_distrinet,cnn-s42,prim_hybrid_unbounded_targeted,Hybrid Search unbounded,targeted,unbounded,DDoS,42,800,617,0,1,0.77125,0.0,77.125,0.00125,245.48125,2403.651986690731,2402.4474566666668,0.10195397950645986,19.66,0,,,,2.1937959000933915,2.7422448751167394
class,cicids2018_distrinet,cnn-s42,prim_hybrid_unbounded_targeted,Hybrid Search unbounded,targeted,unbounded,DDoS,2024,800,616,0,1,0.77,0.0,77.0,0.00125,245.48125,2350.819714178735,2349.590133333333,0.10097059051454618,19.6525,0,,,,2.1411778000183403,2.6764722500229254
class,cicids2018_distrinet,cnn-s42,prim_hybrid_unbounded_targeted,Hybrid Search unbounded,targeted,unbounded,DDoS,2026,800,616,0,1,0.77,0.0,77.0,0.00125,245.48125,2384.8540702608934,2383.5778366666664,0.10196293268890645,19.65625,0,,,,2.188192500034347,2.735240625042934
class,cicids2018_distrinet,cnn-s42,prim_hybrid_unbounded_targeted,Hybrid Search unbounded,targeted,unbounded,Recon,42,800,51,14,753,0.06375,0.0175,4.625,0.94125,29.32375,2185.3650501468055,2183.818441045979,0.047382027224860714,1.81,0,0.30000001192092896,0.0,16369467.5,2.2995386999100447,2.874423374887556
class,cicids2018_distrinet,cnn-s42,prim_hybrid_unbounded_targeted,Hybrid Search unbounded,targeted,unbounded,Recon,2024,800,51,14,754,0.06375,0.0175,4.625,0.9425,29.32375,2167.8462229807424,2166.584626181463,0.04691185743581463,1.81,0,0.30000001192092896,0.0,13243262.0,2.2135087000206113,2.766885875025764
class,cicids2018_distrinet,cnn-s42,prim_hybrid_unbounded_targeted,Hybrid Search unbounded,targeted,unbounded,Recon,2026,800,51,14,752,0.06375,0.0175,4.625,0.94,29.32375,2170.1210186163216,2168.586852875251,0.04743217693304105,1.8075,0,0.30000001192092896,0.0,14161233.5,2.2428494999185205,2.8035618748981506
class,cicids2018_distrinet,cnn-s42,prim_hybrid_unbounded_targeted,Hybrid Search unbounded,targeted,unbounded,BruteForce,42,800,800,711,711,1.0,0.88875,11.124999999999996,0.88875,255.47,6202.348657557596,6185.4270166666665,0.8216045131973958,12.34125,0,0.3999999165534973,0.0,46722268.0,2.592717800056562,3.2408972500707023
class,cicids2018_distrinet,cnn-s42,prim_hybrid_unbounded_targeted,Hybrid Search unbounded,targeted,unbounded,BruteForce,2024,800,800,716,716,1.0,0.895,10.499999999999998,0.895,255.47,6300.79052342188,6283.677156666667,0.832359682061483,12.27,0,0.40746499598026276,0.0,47612502.0,2.481007300084457,3.101259125105571
class,cicids2018_distrinet,cnn-s42,prim_hybrid_unbounded_targeted,Hybrid Search unbounded,targeted,unbounded,BruteForce,2026,800,800,708,708,1.0,0.885,11.5,0.885,255.47,6220.623061844113,6203.442116666667,0.8268087852086723,12.3875,0,0.4000000059604645,0.0,46724498.0,2.5596445000264794,3.199555625033099
class,cicids2018_distrinet,ft_transformer-s42,prim_hybrid_unbounded_targeted,Hybrid Search unbounded,targeted,unbounded,DoS,42,800,0,0,7,0.0,0.0,0.0,0.00875,241.20125,94.2153685061347,88.67094333333333,0.0757323647035682,20.00625,0,,,,11.920033700065687,14.90004212508211
class,cicids2018_distrinet,ft_transformer-s42,prim_hybrid_unbounded_targeted,Hybrid Search unbounded,targeted,unbounded,DoS,2024,800,0,0,7,0.0,0.0,0.0,0.00875,241.20125,94.21824642037545,88.67094333333333,0.07573596624074866,20.0475,0,,,,12.329761500004679,15.412201875005849
class,cicids2018_distrinet,ft_transformer-s42,prim_hybrid_unbounded_targeted,Hybrid Search unbounded,targeted,unbounded,DoS,2026,800,0,0,7,0.0,0.0,0.0,0.00875,241.20125,94.2146143500035,88.67094333333333,0.07573203804270638,19.9925,0,,,,12.353337799897417,15.441672249871772
class,cicids2018_distrinet,ft_transformer-s42,prim_hybrid_unbounded_targeted,Hybrid Search unbounded,targeted,unbounded,DDoS,42,800,0,0,1,0.0,0.0,0.0,0.00125,245.48125,868.25230015779,864.9468433333334,0.08482669777215306,18.67,0,,,,11.71254500001669,14.640681250020862
class,cicids2018_distrinet,ft_transformer-s42,prim_hybrid_unbounded_targeted,Hybrid Search unbounded,targeted,unbounded,DDoS,2024,800,0,0,1,0.0,0.0,0.0,0.00125,245.48125,877.0421039866482,873.9146099999999,0.08437267027119903,18.6625,0,,,,12.04578909999691,15.057236374996137
class,cicids2018_distrinet,ft_transformer-s42,prim_hybrid_unbounded_targeted,Hybrid Search unbounded,targeted,unbounded,DDoS,2026,800,0,0,1,0.0,0.0,0.0,0.00125,245.48125,902.3980143217912,899.1213933333333,0.08503286328378565,18.6975,0,,,,11.690518099814653,14.613147624768317
class,cicids2018_distrinet,ft_transformer-s42,prim_hybrid_unbounded_targeted,Hybrid Search unbounded,targeted,unbounded,Recon,42,800,25,3,756,0.03125,0.00375,2.75,0.945,29.32375,2745.8476174097227,2744.1043436621553,0.0632848958769016,1.6925,0,0.30000001192092896,0.0,14399175.0,3.0633596000261605,3.8291995000327006
class,cicids2018_distrinet,ft_transformer-s42,prim_hybrid_unbounded_targeted,Hybrid Search unbounded,targeted,unbounded,Recon,2024,800,25,3,756,0.03125,0.00375,2.75,0.945,29.32375,2737.85021066902,2736.1181736621556,0.0627100655840866,1.695,0,0.30000001192092896,0.0,14399175.0,3.0593290000688285,3.8241612500860356
class,cicids2018_distrinet,ft_transformer-s42,prim_hybrid_unbounded_targeted,Hybrid Search unbounded,targeted,unbounded,Recon,2026,800,25,3,756,0.03125,0.00375,2.75,0.945,29.32375,2733.598151542515,2731.8554691345407,0.06311700256561387,1.69375,0,0.30000001192092896,0.0,14399175.0,3.068497500149533,3.8356218751869164
class,cicids2018_distrinet,ft_transformer-s42,prim_hybrid_unbounded_targeted,Hybrid Search unbounded,targeted,unbounded,BruteForce,42,800,0,0,1,0.0,0.0,0.0,0.00125,255.47,976.6117697603325,781.487013484526,1.7124142399772624,20.98875,0,,,,13.836723600048572,17.295904500060715
class,cicids2018_distrinet,ft_transformer-s42,prim_hybrid_unbounded_targeted,Hybrid Search unbounded,targeted,unbounded,BruteForce,2024,800,0,0,1,0.0,0.0,0.0,0.00125,255.47,976.6117697603325,781.487013484526,1.7124142399772624,20.98875,0,,,,13.74231980019249,17.177899750240613
class,cicids2018_distrinet,ft_transformer-s42,prim_hybrid_unbounded_targeted,Hybrid Search unbounded,targeted,unbounded,BruteForce,2026,800,0,0,1,0.0,0.0,0.0,0.00125,255.47,976.6117697603325,781.487013484526,1.7124142399772624,20.98875,0,,,,14.176351899979636,17.720439874974545
class,cicids2017_distrinet,mlp,prim_pgd_p50_targeted,Prim-PGD p50,targeted,p50,DoS,42,800,116,116,800,0.145,0.145,0.0,1.0,252.685,1397.8609825890185,1397.6911206013704,0.038852494877692184,19.56375,0,1.5497189164161682,33.0,103750.5,2.340976299950853,2.9262203749385662
class,cicids2017_distrinet,mlp,prim_pgd_p50_targeted,Prim-PGD p50,targeted,p50,DoS,2024,800,116,116,800,0.145,0.145,0.0,1.0,252.685,1398.2011168777233,1398.0317515451634,0.03869419064788713,19.54,0,1.5401945114135742,31.5,103500.5,2.5258464000653476,3.1573080000816844
class,cicids2017_distrinet,mlp,prim_pgd_p50_targeted,Prim-PGD p50,targeted,p50,DoS,2026,800,116,116,800,0.145,0.145,0.0,1.0,252.685,1401.777854256134,1401.6081493786273,0.03878958104627768,19.58,0,1.5322543382644653,33.0,103342.0,2.549996299901977,3.1874953748774715
class,cicids2017_distrinet,mlp,prim_pgd_p50_targeted,Prim-PGD p50,targeted,p50,DDoS,42,800,79,79,800,0.09875,0.09875,0.0,1.0,253.0,5906.238156124749,5906.23584049545,0.028046567741344147,19.615,0,1.367321491241455,1.0,1113635.0,2.4701251999940723,3.0876564999925904
class,cicids2017_distrinet,mlp,prim_pgd_p50_targeted,Prim-PGD p50,targeted,p50,DDoS,2024,800,79,79,800,0.09875,0.09875,0.0,1.0,253.0,5912.762232397215,5912.759916582407,0.028095709120815684,19.55125,0,1.3973108530044556,1.0,1134797.0,2.9399800000246614,3.6749750000308268
class,cicids2017_distrinet,mlp,prim_pgd_p50_targeted,Prim-PGD p50,targeted,p50,DDoS,2026,800,79,79,800,0.09875,0.09875,0.0,1.0,253.0,5907.568917349795,5907.566601365015,0.028089469827975846,19.59375,0,1.3839075565338135,1.0,1142511.0,3.1186725001316518,3.8983406251645647
class,cicids2017_distrinet,mlp,prim_pgd_p50_targeted,Prim-PGD p50,targeted,p50,Recon,42,800,0,0,800,0.0,0.0,0.0,1.0,3.835,5.048520730335164,5.04788877369822,3.659414191484622e-05,0.15125,0,,,,2.3245624001137912,2.905703000142239
class,cicids2017_distrinet,mlp,prim_pgd_p50_targeted,Prim-PGD p50,targeted,p50,Recon,2024,800,0,0,800,0.0,0.0,0.0,1.0,3.835,5.048520730335164,5.04788877369822,3.659414191484622e-05,0.15125,0,,,,2.4730113002005965,3.0912641252507456
class,cicids2017_distrinet,mlp,prim_pgd_p50_targeted,Prim-PGD p50,targeted,p50,Recon,2026,800,0,0,800,0.0,0.0,0.0,1.0,3.835,5.048520730335164,5.04788877369822,3.659414191484622e-05,0.15125,0,,,,2.4029619998764247,3.003702499845531
class,cicids2017_distrinet,mlp,prim_pgd_p50_targeted,Prim-PGD p50,targeted,p50,BruteForce,42,800,7,7,800,0.00875,0.00875,0.0,1.0,253.0,1947.6999350528413,1947.6958038420987,0.019941066457637085,20.37125,0,0.7371938824653625,6.0,182235.0,2.6105700000189245,3.2632125000236556
class,cicids2017_distrinet,mlp,prim_pgd_p50_targeted,Prim-PGD p50,targeted,p50,BruteForce,2024,800,7,7,800,0.00875,0.00875,0.0,1.0,253.0,1947.8613473971438,1947.8572168855767,0.019940958757194583,20.37,0,0.6936518549919128,6.0,255846.0,2.8138578000944108,3.5173222501180135
class,cicids2017_distrinet,mlp,prim_pgd_p50_targeted,Prim-PGD p50,targeted,p50,BruteForce,2026,800,7,7,800,0.00875,0.00875,0.0,1.0,253.0,1948.2192010456959,1948.2150701464466,0.019943677547036836,20.37125,0,0.8939449191093445,6.0,255846.0,2.891134699806571,3.6139183747582138
class,cicids2017_distrinet,cnn,prim_pgd_p50_targeted,Prim-PGD p50,targeted,p50,DoS,42,800,186,186,800,0.2325,0.2325,0.0,1.0,252.685,1267.2810294582487,1267.0918575252942,0.03831257291201474,19.15875,0,1.6471115350723267,41.0,116460.0,2.3342132000252604,2.9177665000315756
class,cicids2017_distrinet,cnn,prim_pgd_p50_targeted,Prim-PGD p50,targeted,p50,DoS,2024,800,186,186,800,0.2325,0.2325,0.0,1.0,252.685,1271.419034270433,1271.2335884950203,0.03805344655285822,19.14125,0,1.6412134766578674,40.0,106923.5,2.64848170010373,3.3106021251296625
class,cicids2017_distrinet,cnn,prim_pgd_p50_targeted,Prim-PGD p50,targeted,p50,DoS,2026,800,186,186,800,0.2325,0.2325,0.0,1.0,252.685,1285.0931281208611,1284.90788693902,0.03822117485501158,19.12875,0,1.6117162704467773,42.0,102774.0,2.36424049991183,2.9553006248897873
class,cicids2017_distrinet,cnn,prim_pgd_p50_targeted,Prim-PGD p50,targeted,p50,DDoS,42,800,225,225,800,0.28125,0.28125,0.0,1.0,253.0,5018.281887590897,5018.279563321537,0.025454118846307904,19.455,0,1.2484358549118042,1.0,1483861.0,2.4946872999425977,3.118359124928247
class,cicids2017_distrinet,cnn,prim_pgd_p50_targeted,Prim-PGD p50,targeted,p50,DDoS,2024,800,225,225,800,0.28125,0.28125,0.0,1.0,253.0,5058.326473337495,5058.324155712841,0.02523556156455578,19.51625,0,1.247824788093567,1.0,1407207.0,2.295455399900675,2.8693192498758435
class,cicids2017_distrinet,cnn,prim_pgd_p50_targeted,Prim-PGD p50,targeted,p50,DDoS,2026,800,225,225,800,0.28125,0.28125,0.0,1.0,253.0,5046.919302252446,5046.916981799797,0.025420519054383493,19.4325,0,1.2151460647583008,1.0,1438835.0,2.343481699936092,2.929352124920115
class,cicids2017_distrinet,cnn,prim_pgd_p50_targeted,Prim-PGD p50,targeted,p50,Recon,42,800,0,0,800,0.0,0.0,0.0,1.0,3.52,0.032151883586173914,0.03163314213848763,1.0132047204845251e-05,0.115,0,,,,2.084385000169277,2.6054812502115965
class,cicids2017_distrinet,cnn,prim_pgd_p50_targeted,Prim-PGD p50,targeted,p50,Recon,2024,800,0,0,800,0.0,0.0,0.0,1.0,3.52,0.04906614578422053,0.04843225195908925,1.3002900658147592e-05,0.1275,0,,,,2.1650089998729527,2.706261249841191
class,cicids2017_distrinet,cnn,prim_pgd_p50_targeted,Prim-PGD p50,targeted,p50,Recon,2026,800,0,0,800,0.0,0.0,0.0,1.0,3.52,0.04906576700798408,0.04843225195908925,1.2999279446413e-05,0.1275,0,,,,2.196154500124976,2.74519312515622
class,cicids2017_distrinet,cnn,prim_pgd_p50_targeted,Prim-PGD p50,targeted,p50,BruteForce,42,800,7,7,800,0.00875,0.00875,0.0,1.0,253.0,1954.5112063285685,1954.5088700706679,0.019986108077119494,20.37125,0,0.9166666865348816,8.0,44492.0,2.3996570999734104,2.999571374966763
class,cicids2017_distrinet,cnn,prim_pgd_p50_targeted,Prim-PGD p50,targeted,p50,BruteForce,2024,800,7,7,800,0.00875,0.00875,0.0,1.0,253.0,1954.1135423035478,1954.1112070271893,0.019976063687106704,20.37,0,0.5391736626625061,3.0,44492.0,2.337785900104791,2.9222323751309887
class,cicids2017_distrinet,cnn,prim_pgd_p50_targeted,Prim-PGD p50,targeted,p50,BruteForce,2026,800,7,7,800,0.00875,0.00875,0.0,1.0,253.0,1952.138172008778,1952.1353557885093,0.019977346692770084,20.38375,0,0.9166666865348816,3.0,44492.0,2.2793578000273556,2.8491972500341944
class,cicids2017_distrinet,ft_transformer,prim_pgd_p50_targeted,Prim-PGD p50,targeted,p50,DoS,42,800,2,2,800,0.0025,0.0025,0.0,1.0,252.685,1439.9464386673717,1439.7747649103806,0.0422513135394487,19.63875,0,0.17074654251337051,4.5,10099.0,13.61364319990389,17.017053999879863
class,cicids2017_distrinet,ft_transformer,prim_pgd_p50_targeted,Prim-PGD p50,targeted,p50,DoS,2024,800,2,2,800,0.0025,0.0025,0.0,1.0,252.685,1438.3306199335555,1438.1607014671408,0.04227893463200909,19.66,0,0.17074654251337051,4.5,10099.0,13.876431599957868,17.345539499947336
class,cicids2017_distrinet,ft_transformer,prim_pgd_p50_targeted,Prim-PGD p50,targeted,p50,DoS,2026,800,2,2,800,0.0025,0.0025,0.0,1.0,252.685,1439.3093302292536,1439.1387129454922,0.04237810330076188,19.6725,0,0.17074654251337051,4.5,10099.0,13.762079099891707,17.202598874864634
class,cicids2017_distrinet,ft_transformer,prim_pgd_p50_targeted,Prim-PGD p50,targeted,p50,DDoS,42,800,0,0,800,0.0,0.0,0.0,1.0,253.0,5750.419807415538,5750.417840621841,0.027123188593272247,19.515,0,,,,14.029171500122175,17.53646437515272
class,cicids2017_distrinet,ft_transformer,prim_pgd_p50_targeted,Prim-PGD p50,targeted,p50,DDoS,2024,800,0,0,800,0.0,0.0,0.0,1.0,253.0,5751.5380682965615,5751.536101491406,0.027128349218082364,19.515,0,,,,13.754128500120714,17.192660625150893
class,cicids2017_distrinet,ft_transformer,prim_pgd_p50_targeted,Prim-PGD p50,targeted,p50,DDoS,2026,800,0,0,800,0.0,0.0,0.0,1.0,253.0,5751.465513942531,5751.4635471435795,0.027127789867289125,19.50375,0,,,,14.045616199960932,17.557020249951165
class,cicids2017_distrinet,ft_transformer,prim_pgd_p50_targeted,Prim-PGD p50,targeted,p50,Recon,42,800,0,0,800,0.0,0.0,0.0,1.0,3.835,0.15618751326343697,0.15560165603977752,1.520506899812647e-05,0.15125,0,,,,2.5489917998202145,3.186239749775268
class,cicids2017_distrinet,ft_transformer,prim_pgd_p50_targeted,Prim-PGD p50,targeted,p50,Recon,2024,800,0,0,800,0.0,0.0,0.0,1.0,3.835,0.15618751326343697,0.15560165603977752,1.520506899812647e-05,0.15125,0,,,,2.5714976999443024,3.214372124930378
class,cicids2017_distrinet,ft_transformer,prim_pgd_p50_targeted,Prim-PGD p50,targeted,p50,Recon,2026,800,0,0,800,0.0,0.0,0.0,1.0,3.835,0.15618751326343697,0.15560165603977752,1.520506899812647e-05,0.15125,0,,,,2.5506885000504553,3.188360625063069
class,cicids2017_distrinet,ft_transformer,prim_pgd_p50_targeted,Prim-PGD p50,targeted,p50,BruteForce,42,800,3,3,800,0.00375,0.00375,0.0,1.0,253.0,1942.481259094036,1942.4771435791513,0.01987108865827504,20.4025,0,0.3666430115699768,2.0,758.0,13.644087600056082,17.055109500070103
class,cicids2017_distrinet,ft_transformer,prim_pgd_p50_targeted,Prim-PGD p50,targeted,p50,BruteForce,2024,800,3,3,800,0.00375,0.00375,0.0,1.0,253.0,1942.463685560671,1942.4595892313255,0.019871013203555162,20.4,0,0.31670141220092773,2.0,439.0,13.644422400044277,17.055528000055347
class,cicids2017_distrinet,ft_transformer,prim_pgd_p50_targeted,Prim-PGD p50,targeted,p50,BruteForce,2026,800,3,3,800,0.00375,0.00375,0.0,1.0,253.0,1942.4952268713407,1942.4912158743991,0.019873870930299048,20.39875,0,0.3666430115699768,2.0,747.0,13.973496299935505,17.46687037491938
class,cicids2018_distrinet,mlp-s42,prim_pgd_p50_targeted,Prim-PGD p50,targeted,p50,DoS,42,800,0,0,800,0.0,0.0,0.0,1.0,252.37,0.35108694231084586,0.31477411625577634,0.00014591081233458303,2.385,0,,,,2.2880295000504702,2.860036875063088
class,cicids2018_distrinet,mlp-s42,prim_pgd_p50_targeted,Prim-PGD p50,targeted,p50,DoS,2024,800,0,0,800,0.0,0.0,0.0,1.0,252.37,0.38905542851957337,0.35337172697810076,0.00014657630006922821,2.47375,0,,,,2.46951730013825,3.0868966251728125
class,cicids2018_distrinet,mlp-s42,prim_pgd_p50_targeted,Prim-PGD p50,targeted,p50,DoS,2026,800,0,0,800,0.0,0.0,0.0,1.0,252.37,0.36244839031313814,0.3265855411923362,0.000145821154833562,2.29875,0,,,,2.889525800012052,3.611907250015065
class,cicids2018_distrinet,mlp-s42,prim_pgd_p50_targeted,Prim-PGD p50,targeted,p50,DDoS,42,800,1,1,43,0.00125,0.00125,0.0,0.05375,252.685,842.1738321328862,840.8554933333332,0.07961788908050962,19.48,0,0.7500001192092896,0.0,1025051.0,3.177885100012645,3.9723563750158064
class,cicids2018_distrinet,mlp-s42,prim_pgd_p50_targeted,Prim-PGD p50,targeted,p50,DDoS,2024,800,1,1,42,0.00125,0.00125,0.0,0.0525,252.685,841.344583400801,840.0041166666666,0.07973601111271267,19.4125,0,0.7500001192092896,0.0,1025051.0,2.867197200190276,3.583996500237845
class,cicids2018_distrinet,mlp-s42,prim_pgd_p50_targeted,Prim-PGD p50,targeted,p50,DDoS,2026,800,1,1,48,0.00125,0.00125,0.0,0.06,252.685,842.4107710206404,841.0838662125705,0.07933009833673987,19.37125,0,0.7500001192092896,0.0,1025051.0,3.0551712000742555,3.8189640000928193
class,cicids2018_distrinet,mlp-s42,prim_pgd_p50_targeted,Prim-PGD p50,targeted,p50,Recon,42,800,34,2,757,0.0425,0.0025,4.0,0.94625,31.555,382.0622783757876,381.97733666666664,0.008085976397746443,1.4975,0,0.8635124862194061,0.0,4788872.5,2.2596447998657823,2.824555999832228
class,cicids2018_distrinet,mlp-s42,prim_pgd_p50_targeted,Prim-PGD p50,targeted,p50,Recon,2024,800,34,2,757,0.0425,0.0025,4.0,0.94625,31.555,350.50066137975585,350.4185933333333,0.007826282735991666,1.4725,0,0.7704086303710938,0.0,4238730.5,2.2821726999245584,2.852715874905698
class,cicids2018_distrinet,mlp-s42,prim_pgd_p50_targeted,Prim-PGD p50,targeted,p50,Recon,2026,800,34,2,757,0.0425,0.0025,4.0,0.94625,31.555,383.0760699063028,382.9909533333333,0.008099787500238013,1.4975,0,0.9133622646331787,0.0,5113314.0,2.2672724002040923,2.8340905002551153
class,cicids2018_distrinet,mlp-s42,prim_pgd_p50_targeted,Prim-PGD p50,targeted,p50,BruteForce,42,800,0,0,800,0.0,0.0,0.0,1.0,253.0,0.11991933686069593,0.09535205421440239,0.0002095105937652237,11.99125,0,,,,2.3845019000582397,2.9806273750727996
class,cicids2018_distrinet,mlp-s42,prim_pgd_p50_targeted,Prim-PGD p50,targeted,p50,BruteForce,2024,800,0,0,800,0.0,0.0,0.0,1.0,253.0,0.11991561745541938,0.0953492682935928,0.00020950458201710306,11.99125,0,,,,2.369833700126037,2.9622921251575463
class,cicids2018_distrinet,mlp-s42,prim_pgd_p50_targeted,Prim-PGD p50,targeted,p50,BruteForce,2026,800,0,0,800,0.0,0.0,0.0,1.0,253.0,0.11990930765392502,0.09534740264692454,0.00020950042116993549,11.99125,0,,,,2.390152000123635,2.9876900001545437
class,cicids2018_distrinet,cnn-s42,prim_pgd_p50_targeted,Prim-PGD p50,targeted,p50,DoS,42,800,0,0,5,0.0,0.0,0.0,0.00625,252.37,48.13347191955958,48.070600000000006,0.07248158416552188,12.9325,0,,,,2.4911366999149323,3.1139208748936653
class,cicids2018_distrinet,cnn-s42,prim_pgd_p50_targeted,Prim-PGD p50,targeted,p50,DoS,2024,800,0,0,5,0.0,0.0,0.0,0.00625,252.37,48.12388938495914,48.0606,0.07246652056947257,12.9875,0,,,,2.4978656000457704,3.122332000057213
class,cicids2018_distrinet,cnn-s42,prim_pgd_p50_targeted,Prim-PGD p50,targeted,p50,DoS,2026,800,0,0,5,0.0,0.0,0.0,0.00625,252.37,48.07941379196805,48.015600000000006,0.07239867675843602,12.97125,0,,,,2.3804916001390666,2.975614500173833
class,cicids2018_distrinet,cnn-s42,prim_pgd_p50_targeted,Prim-PGD p50,targeted,p50,DDoS,42,800,413,0,1,0.51625,0.0,51.625,0.00125,252.685,544.460469118967,538.8877233333334,0.08005555999814287,19.86375,0,,,,2.460199899971485,3.0752498749643564
class,cicids2018_distrinet,cnn-s42,prim_pgd_p50_targeted,Prim-PGD p50,targeted,p50,DDoS,2024,800,416,0,1,0.52,0.0,52.0,0.00125,252.685,581.9677741093186,576.3440833333333,0.08061934259359027,19.86625,0,,,,2.419543000170961,3.0244287502137013
class,cicids2018_distrinet,cnn-s42,prim_pgd_p50_targeted,Prim-PGD p50,targeted,p50,DDoS,2026,800,413,0,1,0.51625,0.0,51.625,0.00125,252.685,554.4737578089915,548.8352933333333,0.08029830663976155,19.89,0,,,,2.3690776000730693,2.9613470000913367
class,cicids2018_distrinet,cnn-s42,prim_pgd_p50_targeted,Prim-PGD p50,targeted,p50,Recon,42,800,32,0,751,0.04,0.0,4.0,0.93875,31.555,606.6543864407281,606.2996235631857,0.009000916982609557,1.7725,0,,,,2.2799067001324147,2.8498833751655184
class,cicids2018_distrinet,cnn-s42,prim_pgd_p50_targeted,Prim-PGD p50,targeted,p50,Recon,2024,800,32,0,752,0.04,0.0,4.0,0.94,31.555,612.1854626175451,611.832976896519,0.009118158468361412,1.76875,0,,,,2.1071357999462634,2.6339197499328293
class,cicids2018_distrinet,cnn-s42,prim_pgd_p50_targeted,Prim-PGD p50,targeted,p50,Recon,2026,800,32,0,752,0.04,0.0,4.0,0.94,31.555,606.5808131227717,606.2295635631857,0.008996321328933483,1.77,0,,,,2.1979171000421047,2.747396375052631
class,cicids2018_distrinet,cnn-s42,prim_pgd_p50_targeted,Prim-PGD p50,targeted,p50,BruteForce,42,800,0,0,1,0.0,0.0,0.0,0.00125,253.0,3.435402356882496,3.1164666666666663,0.004697379395959889,20.15875,0,,,,2.4250200998503715,3.0312751248129643
class,cicids2018_distrinet,cnn-s42,prim_pgd_p50_targeted,Prim-PGD p50,targeted,p50,BruteForce,2024,800,0,0,1,0.0,0.0,0.0,0.00125,253.0,3.4317378269049943,3.11682,0.004697365426969099,20.155,0,,,,2.3742072999011725,2.9677591248764656
class,cicids2018_distrinet,cnn-s42,prim_pgd_p50_targeted,Prim-PGD p50,targeted,p50,BruteForce,2026,800,0,0,1,0.0,0.0,0.0,0.00125,253.0,3.426115082528391,3.115896666666667,0.00469733236513759,20.1175,0,,,,2.3696288999635726,2.9620361249544658
class,cicids2018_distrinet,ft_transformer-s42,prim_pgd_p50_targeted,Prim-PGD p50,targeted,p50,DoS,42,800,0,0,7,0.0,0.0,0.0,0.00875,252.37,50.046945024120404,49.75463,0.07470322765141243,18.2425,0,,,,13.929299500072375,17.41162437509047
class,cicids2018_distrinet,ft_transformer-s42,prim_pgd_p50_targeted,Prim-PGD p50,targeted,p50,DoS,2024,800,0,0,7,0.0,0.0,0.0,0.00875,252.37,50.04714937614688,49.75463,0.07470325325328572,18.2425,0,,,,13.658041500020772,17.072551875025965
class,cicids2018_distrinet,ft_transformer-s42,prim_pgd_p50_targeted,Prim-PGD p50,targeted,p50,DoS,2026,800,0,0,7,0.0,0.0,0.0,0.00875,252.37,50.04727088370912,49.75463,0.07470329368300542,18.21625,0,,,,13.696389500051737,17.12048687506467
class,cicids2018_distrinet,ft_transformer-s42,prim_pgd_p50_targeted,Prim-PGD p50,targeted,p50,DDoS,42,800,1,0,1,0.00125,0.0,0.125,0.00125,252.685,712.8259637856145,705.8014808105243,0.08586072080843621,19.17125,0,,,,13.758004500064999,17.19750562508125
class,cicids2018_distrinet,ft_transformer-s42,prim_pgd_p50_targeted,Prim-PGD p50,targeted,p50,DDoS,2024,800,1,0,1,0.00125,0.0,0.125,0.00125,252.685,712.3004318769024,705.273662379048,0.08584067988380914,19.18625,0,,,,13.814671299885958,17.268339124857448
class,cicids2018_distrinet,ft_transformer-s42,prim_pgd_p50_targeted,Prim-PGD p50,targeted,p50,DDoS,2026,800,1,0,1,0.00125,0.0,0.125,0.00125,252.685,694.2859446625188,687.2201034875617,0.08568104147247631,19.15625,0,,,,13.6435736999847,17.054467124980874
class,cicids2018_distrinet,ft_transformer-s42,prim_pgd_p50_targeted,Prim-PGD p50,targeted,p50,Recon,42,800,10,0,753,0.0125,0.0,1.25,0.94125,31.555,729.7348319124061,729.6622666666667,0.010027937555668784,1.69875,0,,,,3.0379408998414874,3.7974261248018593
class,cicids2018_distrinet,ft_transformer-s42,prim_pgd_p50_targeted,Prim-PGD p50,targeted,p50,Recon,2024,800,10,0,753,0.0125,0.0,1.25,0.94125,31.555,729.1876699901233,729.11457,0.010053446166408717,1.7,0,,,,3.0521615999750793,3.815201999968849
class,cicids2018_distrinet,ft_transformer-s42,prim_pgd_p50_targeted,Prim-PGD p50,targeted,p50,Recon,2026,800,10,0,753,0.0125,0.0,1.25,0.94125,31.555,729.7396163026607,729.66682,0.01002614150871115,1.69875,0,,,,3.0384839000180364,3.7981048750225455
class,cicids2018_distrinet,ft_transformer-s42,prim_pgd_p50_targeted,Prim-PGD p50,targeted,p50,BruteForce,42,800,0,0,1,0.0,0.0,0.0,0.00125,253.0,3.1544483148956295,3.093709651835194,0.004657683163372784,18.98125,0,,,,13.990615299902856,17.48826912487857
class,cicids2018_distrinet,ft_transformer-s42,prim_pgd_p50_targeted,Prim-PGD p50,targeted,p50,BruteForce,2024,800,0,0,1,0.0,0.0,0.0,0.00125,253.0,3.150972321507926,3.0916886275533426,0.004655794841629337,18.875,0,,,,13.827704999828711,17.28463124978589
class,cicids2018_distrinet,ft_transformer-s42,prim_pgd_p50_targeted,Prim-PGD p50,targeted,p50,BruteForce,2026,800,0,0,1,0.0,0.0,0.0,0.00125,253.0,3.1528203243129798,3.0937114589189623,0.004657686996252613,18.91625,0,,,,13.692975800018758,17.116219750023447
class,cicids2017_distrinet,mlp,prim_pgd_p75_targeted,Prim-PGD p75,targeted,p75,DoS,42,800,231,231,800,0.28875,0.28875,0.0,1.0,252.685,2100.7526008532896,2100.4428215819858,0.04530769234634227,19.85125,0,1.4055578708648682,35.0,197788.0,2.366886399919167,2.958607999898959
class,cicids2017_distrinet,mlp,prim_pgd_p75_targeted,Prim-PGD p75,targeted,p75,DoS,2024,800,231,231,800,0.28875,0.28875,0.0,1.0,252.685,2096.4088426447506,2096.0984941499355,0.045510716141749646,19.8375,0,1.43815279006958,35.0,191541.0,2.600649300031364,3.250811625039205
class,cicids2017_distrinet,mlp,prim_pgd_p75_targeted,Prim-PGD p75,targeted,p75,DoS,2026,800,231,231,800,0.28875,0.28875,0.0,1.0,252.685,2104.446143599677,2104.1350383401505,0.04518288330393641,19.81375,0,1.434584379196167,35.0,191427.0,2.597568399971351,3.246960499964189
class,cicids2017_distrinet,mlp,prim_pgd_p75_targeted,Prim-PGD p75,targeted,p75,DDoS,42,800,106,106,800,0.1325,0.1325,0.0,1.0,253.0,7789.8320844274085,7789.828624873609,0.0373674619140306,19.6525,0,1.2166668772697449,2.0,1402316.5,2.4813945998903364,3.1017432498629205
class,cicids2017_distrinet,mlp,prim_pgd_p75_targeted,Prim-PGD p75,targeted,p75,DDoS,2024,800,106,106,800,0.1325,0.1325,0.0,1.0,253.0,7796.588687818543,7796.58522813448,0.03740343484171544,19.6375,0,1.2666666507720947,2.0,1402316.5,2.523203899851069,3.154004874813836
class,cicids2017_distrinet,mlp,prim_pgd_p75_targeted,Prim-PGD p75,targeted,p75,DDoS,2026,800,106,106,800,0.1325,0.1325,0.0,1.0,253.0,7822.12977561348,7822.126315091001,0.037560150100150305,19.64125,0,1.251762330532074,2.0,1505133.0,2.4493032000027597,3.0616290000034496
class,cicids2017_distrinet,mlp,prim_pgd_p75_targeted,Prim-PGD p75,targeted,p75,Recon,42,800,0,0,800,0.0,0.0,0.0,1.0,3.835,12.608411985426365,12.606805258737277,9.323545881943097e-05,0.15125,0,,,,2.234890199964866,2.7936127499560826
class,cicids2017_distrinet,mlp,prim_pgd_p75_targeted,Prim-PGD p75,targeted,p75,Recon,2024,800,0,0,800,0.0,0.0,0.0,1.0,3.835,12.603608816816667,12.601887199501649,9.323546906337644e-05,0.1525,0,,,,2.1953092000912875,2.7441365001141094
class,cicids2017_distrinet,mlp,prim_pgd_p75_targeted,Prim-PGD p75,targeted,p75,Recon,2026,800,0,0,800,0.0,0.0,0.0,1.0,3.835,12.608411985426365,12.606805258737277,9.323545881943097e-05,0.15125,0,,,,2.187563299899921,2.734454124874901
class,cicids2017_distrinet,mlp,prim_pgd_p75_targeted,Prim-PGD p75,targeted,p75,BruteForce,42,800,17,17,800,0.02125,0.02125,0.0,1.0,253.0,3786.042112794705,3786.0211684780948,0.07033042166691887,20.50125,0,0.7051281929016113,35.0,154382.0,2.4786608000285923,3.0983260000357404
class,cicids2017_distrinet,mlp,prim_pgd_p75_targeted,Prim-PGD p75,targeted,p75,BruteForce,2024,800,17,17,800,0.02125,0.02125,0.0,1.0,253.0,3786.1002106963388,3786.077609327437,0.07035965725593712,20.51375,0,0.7948718070983887,35.0,154382.0,2.4338971998076886,3.0423714997596107
class,cicids2017_distrinet,mlp,prim_pgd_p75_targeted,Prim-PGD p75,targeted,p75,BruteForce,2026,800,17,17,800,0.02125,0.02125,0.0,1.0,253.0,3788.1262277064147,3788.1045645852737,0.07030688264318019,20.51375,0,0.7692307829856873,35.0,154382.0,2.4524610999505967,3.065576374938246
class,cicids2017_distrinet,cnn,prim_pgd_p75_targeted,Prim-PGD p75,targeted,p75,DoS,42,800,392,392,800,0.49,0.49,0.0,1.0,252.685,1881.1295792790938,1880.8111770940363,0.04148591423530937,18.91875,0,1.4959619045257568,42.0,202898.0,2.297184699913487,2.8714808748918585
class,cicids2017_distrinet,cnn,prim_pgd_p75_targeted,Prim-PGD p75,targeted,p75,DoS,2024,800,398,398,800,0.4975,0.4975,0.0,1.0,252.685,1918.0388947504148,1917.7208662773432,0.04171575181018459,18.9975,0,1.4607515335083008,41.5,195345.5,2.8517558998428285,3.5646948748035356
class,cicids2017_distrinet,cnn,prim_pgd_p75_targeted,Prim-PGD p75,targeted,p75,DoS,2026,800,393,393,800,0.49125,0.49125,0.0,1.0,252.685,1889.7642494545182,1889.4493833256608,0.04130776827583519,18.8725,0,1.4851815700531006,42.0,195316.0,2.93855269998312,3.6731908749789
class,cicids2017_distrinet,cnn,prim_pgd_p75_targeted,Prim-PGD p75,targeted,p75,DDoS,42,800,287,287,800,0.35875,0.35875,0.0,1.0,253.0,6479.616741724628,6479.61327161274,0.03333432057685218,19.7225,0,1.2409255504608154,2.0,1859095.0,2.89308900013566,3.616361250169575
class,cicids2017_distrinet,cnn,prim_pgd_p75_targeted,Prim-PGD p75,targeted,p75,DDoS,2024,800,287,287,800,0.35875,0.35875,0.0,1.0,253.0,6532.344754210808,6532.341287917088,0.03328043155633737,19.6225,0,1.2468297481536865,2.0,1718813.0,2.654829900013283,3.3185373750166036
class,cicids2017_distrinet,cnn,prim_pgd_p75_targeted,Prim-PGD p75,targeted,p75,DDoS,2026,800,287,287,800,0.35875,0.35875,0.0,1.0,253.0,6488.980055523894,6488.976586830132,0.03336682659646524,19.595,0,1.2507672309875488,2.0,1895539.0,2.7394572000484914,3.424321500060614
class,cicids2017_distrinet,cnn,prim_pgd_p75_targeted,Prim-PGD p75,targeted,p75,Recon,42,800,1,1,800,0.00125,0.00125,0.0,1.0,3.52,0.14837558676699908,0.14666813361597536,2.9951400148610246e-05,0.1275,0,0.8054807782173157,0.0,6407.0,2.1748116000089794,2.7185145000112243
class,cicids2017_distrinet,cnn,prim_pgd_p75_targeted,Prim-PGD p75,targeted,p75,Recon,2024,800,1,1,800,0.00125,0.00125,0.0,1.0,3.52,0.14644626869026145,0.14473878578988839,2.9984676897832876e-05,0.12875,0,0.9848816394805908,0.0,7834.0,2.131134199909866,2.6639177498873323
class,cicids2017_distrinet,cnn,prim_pgd_p75_targeted,Prim-PGD p75,targeted,p75,Recon,2026,800,1,1,800,0.00125,0.00125,0.0,1.0,3.52,0.1508212533763919,0.14911378578988838,2.997715681694374e-05,0.12875,0,0.9474173784255981,0.0,7536.0,2.1581189001444727,2.697648625180591
class,cicids2017_distrinet,cnn,prim_pgd_p75_targeted,Prim-PGD p75,targeted,p75,BruteForce,42,800,473,473,800,0.59125,0.59125,0.0,1.0,253.0,3072.5047699083802,3072.495185161669,0.06437277970089314,20.8,0,1.633995771408081,68.0,1631651.0,2.2725031999871135,2.840628999983892
class,cicids2017_distrinet,cnn,prim_pgd_p75_targeted,Prim-PGD p75,targeted,p75,BruteForce,2024,800,474,474,800,0.5925,0.5925,0.0,1.0,253.0,3078.800165285936,3078.7906199442778,0.06419709457221381,20.755,0,1.636495590209961,68.0,1624621.5,2.6206211000680923,3.2757763750851154
class,cicids2017_distrinet,cnn,prim_pgd_p75_targeted,Prim-PGD p75,targeted,p75,BruteForce,2026,800,472,472,800,0.59,0.59,0.0,1.0,253.0,3073.9733269794106,3073.9637177703644,0.06436303703616696,20.79125,0,1.6367598176002502,68.0,1612149.5,2.3698448999784887,2.962306124973111
class,cicids2017_distrinet,ft_transformer,prim_pgd_p75_targeted,Prim-PGD p75,targeted,p75,DoS,42,800,3,3,800,0.00375,0.00375,0.0,1.0,252.685,2238.170398691302,2237.860617995272,0.05004127711741816,19.7125,0,0.15000371634960175,8.0,0.0,13.611072999890894,17.013841249863617
class,cicids2017_distrinet,ft_transformer,prim_pgd_p75_targeted,Prim-PGD p75,targeted,p75,DoS,2024,800,3,3,800,0.00375,0.00375,0.0,1.0,252.685,2239.3815036547217,2239.0740204362064,0.050024980160532646,19.6975,0,0.15000371634960175,8.0,0.0,13.982267699902877,17.477834624878597
class,cicids2017_distrinet,ft_transformer,prim_pgd_p75_targeted,Prim-PGD p75,targeted,p75,DoS,2026,800,3,3,800,0.00375,0.00375,0.0,1.0,252.685,2238.738672061065,2238.4294352453826,0.05013963311151769,19.73375,0,0.15000371634960175,8.0,0.0,13.684079200029373,17.105099000036716
class,cicids2017_distrinet,ft_transformer,prim_pgd_p75_targeted,Prim-PGD p75,targeted,p75,DDoS,42,800,0,0,800,0.0,0.0,0.0,1.0,253.0,7218.7009429104055,7218.697802704752,0.034234108737340216,19.5625,0,,,,13.641418100101873,17.05177262512734
class,cicids2017_distrinet,ft_transformer,prim_pgd_p75_targeted,Prim-PGD p75,targeted,p75,DDoS,2024,800,0,0,800,0.0,0.0,0.0,1.0,253.0,7212.189203707402,7212.186063574318,0.0342036398552275,19.5625,0,,,,13.866874200059101,17.333592750073876
class,cicids2017_distrinet,ft_transformer,prim_pgd_p75_targeted,Prim-PGD p75,targeted,p75,DDoS,2026,800,0,0,800,0.0,0.0,0.0,1.0,253.0,7203.086676419579,7203.083536400405,0.03416271530021486,19.54125,0,,,,13.73769239988178,17.172115499852225
class,cicids2017_distrinet,ft_transformer,prim_pgd_p75_targeted,Prim-PGD p75,targeted,p75,Recon,42,800,0,0,800,0.0,0.0,0.0,1.0,3.835,0.37298040885135947,0.3713704761285819,4.427410117905019e-05,0.15125,0,,,,2.5354857998900115,3.1693572498625144
class,cicids2017_distrinet,ft_transformer,prim_pgd_p75_targeted,Prim-PGD p75,targeted,p75,Recon,2024,800,0,0,800,0.0,0.0,0.0,1.0,3.835,0.37298040885135947,0.3713704761285819,4.427410117905019e-05,0.15125,0,,,,2.51354829990305,3.1419353748788126
class,cicids2017_distrinet,ft_transformer,prim_pgd_p75_targeted,Prim-PGD p75,targeted,p75,Recon,2026,800,0,0,800,0.0,0.0,0.0,1.0,3.835,0.37298040885135947,0.3713704761285819,4.427410117905019e-05,0.15125,0,,,,2.5642050998285413,3.2052563747856766
class,cicids2017_distrinet,ft_transformer,prim_pgd_p75_targeted,Prim-PGD p75,targeted,p75,BruteForce,42,800,11,11,800,0.01375,0.01375,0.0,1.0,253.0,3778.974946973219,3778.9639180988684,0.052522120787944264,20.52625,0,0.20512820780277252,16.0,0.0,14.035065300064161,17.5438316250802
class,cicids2017_distrinet,ft_transformer,prim_pgd_p75_targeted,Prim-PGD p75,targeted,p75,BruteForce,2024,800,11,11,800,0.01375,0.01375,0.0,1.0,253.0,3778.9679993462173,3778.95700075812,0.05248572882190464,20.515,0,0.20512820780277252,16.0,0.0,13.692704200046137,17.11588025005767
class,cicids2017_distrinet,ft_transformer,prim_pgd_p75_targeted,Prim-PGD p75,targeted,p75,BruteForce,2026,800,11,11,800,0.01375,0.01375,0.0,1.0,253.0,3779.0275966507465,3779.0164724466945,0.05252746110957154,20.51375,0,0.20512820780277252,16.0,0.0,13.721821800107136,17.15227725013392
class,cicids2018_distrinet,mlp-s42,prim_pgd_p75_targeted,Prim-PGD p75,targeted,p75,DoS,42,800,0,0,800,0.0,0.0,0.0,1.0,252.37,0.8272915423160573,0.7639184057196234,0.0002739283470741623,2.36875,0,,,,2.288702300051227,2.860877875064034
class,cicids2018_distrinet,mlp-s42,prim_pgd_p75_targeted,Prim-PGD p75,targeted,p75,DoS,2024,800,0,0,800,0.0,0.0,0.0,1.0,252.37,0.8105301909719245,0.7482231691412893,0.00027247630624488406,2.35625,0,,,,2.5042894000653177,3.130361750081647
class,cicids2018_distrinet,mlp-s42,prim_pgd_p75_targeted,Prim-PGD p75,targeted,p75,DoS,2026,800,0,0,800,0.0,0.0,0.0,1.0,252.37,0.7892984744313353,0.7278540290501909,0.0002661103045793708,2.195,0,,,,2.4355257998686284,3.0444072498357855
class,cicids2018_distrinet,mlp-s42,prim_pgd_p75_targeted,Prim-PGD p75,targeted,p75,DDoS,42,800,4,4,44,0.005,0.005,0.0,0.055,252.685,1123.0586263931298,1121.5032099999999,0.08295525787828265,19.50375,0,0.9250001907348633,0.0,1581733.5,2.6291966000571847,3.286495750071481
class,cicids2018_distrinet,mlp-s42,prim_pgd_p75_targeted,Prim-PGD p75,targeted,p75,DDoS,2024,800,4,4,48,0.005,0.005,0.0,0.06,252.685,1119.3334682681748,1117.7239819299443,0.08305382370643016,19.44125,0,0.8814176321029663,0.0,1547444.5,2.611599500058219,3.2644993750727735
class,cicids2018_distrinet,mlp-s42,prim_pgd_p75_targeted,Prim-PGD p75,targeted,p75,DDoS,2026,800,4,4,52,0.005,0.005,0.0,0.065,252.685,1122.208572596157,1120.6298352632778,0.08248767210173666,19.4175,0,0.8833945095539093,0.0,1567360.0,2.5837924000807106,3.2297405001008883
class,cicids2018_distrinet,mlp-s42,prim_pgd_p75_targeted,Prim-PGD p75,targeted,p75,Recon,42,800,38,5,760,0.0475,0.00625,4.125,0.95,31.555,375.7563651835401,375.5663966666667,0.009163731312051815,1.4625,0,0.9999998807907104,0.0,5281821.0,2.2608760001603514,2.8260950002004392
class,cicids2018_distrinet,mlp-s42,prim_pgd_p75_targeted,Prim-PGD p75,targeted,p75,Recon,2024,800,38,4,759,0.0475,0.005,4.25,0.94875,31.555,349.32204532479324,349.13363666666663,0.009021510032844609,1.45,0,0.9999999403953552,0.0,5618281.0,2.301972399931401,2.8774654999142513
class,cicids2018_distrinet,mlp-s42,prim_pgd_p75_targeted,Prim-PGD p75,targeted,p75,Recon,2026,800,38,4,759,0.0475,0.005,4.25,0.94875,31.555,381.616712674266,381.4284333333333,0.009286298662219982,1.475,0,0.9610175490379333,0.0,5701480.5,2.284191300161183,2.8552391252014786
class,cicids2018_distrinet,mlp-s42,prim_pgd_p75_targeted,Prim-PGD p75,targeted,p75,BruteForce,42,800,0,0,800,0.0,0.0,0.0,1.0,253.0,0.24340344992392865,0.19363618565114585,0.0004253889170834321,11.99375,0,,,,2.3780290000140667,2.9725362500175834
class,cicids2018_distrinet,mlp-s42,prim_pgd_p75_targeted,Prim-PGD p75,targeted,p75,BruteForce,2024,800,0,0,800,0.0,0.0,0.0,1.0,253.0,0.2434098418093521,0.1936396073977258,0.0004253963946235575,11.99375,0,,,,2.332167899934575,2.9152098749182187
class,cicids2018_distrinet,mlp-s42,prim_pgd_p75_targeted,Prim-PGD p75,targeted,p75,BruteForce,2026,800,0,0,800,0.0,0.0,0.0,1.0,253.0,0.24340800639463045,0.19363889627679842,0.00042539481079819074,11.99375,0,,,,2.304250800050795,2.880313500063494
class,cicids2018_distrinet,cnn-s42,prim_pgd_p75_targeted,Prim-PGD p75,targeted,p75,DoS,42,800,0,0,5,0.0,0.0,0.0,0.00625,252.37,48.17934923212692,48.088346666666666,0.07250601325069424,12.81125,0,,,,2.3141030999831855,2.892628874978982
class,cicids2018_distrinet,cnn-s42,prim_pgd_p75_targeted,Prim-PGD p75,targeted,p75,DoS,2024,800,0,0,5,0.0,0.0,0.0,0.00625,252.37,48.14472586535248,48.05334666666667,0.07245300173141515,12.7825,0,,,,2.4499481001403183,3.062435125175398
class,cicids2018_distrinet,cnn-s42,prim_pgd_p75_targeted,Prim-PGD p75,targeted,p75,DoS,2026,800,0,0,5,0.0,0.0,0.0,0.00625,252.37,48.15318143209019,48.06084666666666,0.07246508744469998,12.85,0,,,,2.314348299987614,2.8929353749845177
class,cicids2018_distrinet,cnn-s42,prim_pgd_p75_targeted,Prim-PGD p75,targeted,p75,DDoS,42,800,447,0,1,0.55875,0.0,55.875,0.00125,252.685,704.9614363946114,697.3892599999999,0.08330401947430549,19.95,0,,,,2.4835267001762986,3.1044083752203733
class,cicids2018_distrinet,cnn-s42,prim_pgd_p75_targeted,Prim-PGD p75,targeted,p75,DDoS,2024,800,448,0,1,0.56,0.0,56.00000000000001,0.00125,252.685,708.9734423187584,701.44754,0.08330917655459615,19.96,0,,,,2.3641802000347525,2.9552252500434406
class,cicids2018_distrinet,cnn-s42,prim_pgd_p75_targeted,Prim-PGD p75,targeted,p75,DDoS,2026,800,447,0,1,0.55875,0.0,55.875,0.00125,252.685,759.4368334983011,751.8941833333333,0.08418914260156261,19.945,0,,,,2.5685155000537634,3.2106443750672042
class,cicids2018_distrinet,cnn-s42,prim_pgd_p75_targeted,Prim-PGD p75,targeted,p75,Recon,42,800,33,0,751,0.04125,0.0,4.125,0.93875,31.555,618.4220088615847,617.926377078614,0.01062112237039987,1.77,0,,,,2.359482300002128,2.94935287500266
class,cicids2018_distrinet,cnn-s42,prim_pgd_p75_targeted,Prim-PGD p75,targeted,p75,Recon,2024,800,33,0,752,0.04125,0.0,4.125,0.94,31.555,615.9850574270595,615.5010304325773,0.010583109778340897,1.7675,0,,,,2.2237898998428136,2.779737374803517
class,cicids2018_distrinet,cnn-s42,prim_pgd_p75_targeted,Prim-PGD p75,targeted,p75,Recon,2026,800,33,0,752,0.04125,0.0,4.125,0.94,31.555,617.2227396955889,616.7375437452806,0.010601166732501438,1.77,0,,,,2.2682688999921083,2.8353361249901354
class,cicids2018_distrinet,cnn-s42,prim_pgd_p75_targeted,Prim-PGD p75,targeted,p75,BruteForce,42,800,0,0,1,0.0,0.0,0.0,0.00125,253.0,4.418945500136919,3.5120533333333332,0.004712624151240823,19.975,0,,,,2.424726099940017,3.030907624925021
class,cicids2018_distrinet,cnn-s42,prim_pgd_p75_targeted,Prim-PGD p75,targeted,p75,BruteForce,2024,800,0,0,1,0.0,0.0,0.0,0.00125,253.0,4.412005989180812,3.51384,0.0047127315966944,20.015,0,,,,2.3034318001009524,2.8792897501261905
class,cicids2018_distrinet,cnn-s42,prim_pgd_p75_targeted,Prim-PGD p75,targeted,p75,BruteForce,2026,800,0,0,1,0.0,0.0,0.0,0.00125,253.0,4.428868716787593,3.51522,0.004712646445342312,19.98125,0,,,,2.397799000144005,2.997248750180006
class,cicids2018_distrinet,ft_transformer-s42,prim_pgd_p75_targeted,Prim-PGD p75,targeted,p75,DoS,42,800,0,0,7,0.0,0.0,0.0,0.00875,252.37,50.69568370590448,49.75991333333334,0.07471756035378614,18.94625,0,,,,13.63498630002141,17.043732875026762
class,cicids2018_distrinet,ft_transformer-s42,prim_pgd_p75_targeted,Prim-PGD p75,targeted,p75,DoS,2024,800,0,0,7,0.0,0.0,0.0,0.00875,252.37,50.695344642265546,49.75987666666667,0.07471771936389471,18.975,0,,,,13.599542000098154,16.999427500122692
class,cicids2018_distrinet,ft_transformer-s42,prim_pgd_p75_targeted,Prim-PGD p75,targeted,p75,DoS,2026,800,0,0,7,0.0,0.0,0.0,0.00875,252.37,50.70164595653112,49.759899999999995,0.07471747574968275,19.0025,0,,,,13.88981970003806,17.362274625047576
class,cicids2018_distrinet,ft_transformer-s42,prim_pgd_p75_targeted,Prim-PGD p75,targeted,p75,DDoS,42,800,0,0,1,0.0,0.0,0.0,0.00125,252.685,924.7571773588322,917.700137029074,0.09027585912439436,19.3275,0,,,,14.066053200047463,17.58256650005933
class,cicids2018_distrinet,ft_transformer-s42,prim_pgd_p75_targeted,Prim-PGD p75,targeted,p75,DDoS,2024,800,1,0,1,0.00125,0.0,0.125,0.00125,252.685,925.4736368325597,918.5650518969239,0.09020109458396329,19.27125,0,,,,13.632487500086427,17.040609375108033
class,cicids2018_distrinet,ft_transformer-s42,prim_pgd_p75_targeted,Prim-PGD p75,targeted,p75,DDoS,2026,800,1,0,1,0.00125,0.0,0.125,0.00125,252.685,900.3727963808415,893.2104984087622,0.0901636567571597,19.35125,0,,,,13.827183400047943,17.28397925005993
class,cicids2018_distrinet,ft_transformer-s42,prim_pgd_p75_targeted,Prim-PGD p75,targeted,p75,Recon,42,800,10,0,753,0.0125,0.0,1.25,0.94125,31.555,703.0342426152429,702.9575433333333,0.009735523615300067,1.705,0,,,,3.0482374001294374,3.810296750161797
class,cicids2018_distrinet,ft_transformer-s42,prim_pgd_p75_targeted,Prim-PGD p75,targeted,p75,Recon,2024,800,9,0,753,0.01125,0.0,1.125,0.94125,31.555,710.473433061529,710.3934133333333,0.010089563969748144,1.705,0,,,,3.0503838998265564,3.8129798747831956
class,cicids2018_distrinet,ft_transformer-s42,prim_pgd_p75_targeted,Prim-PGD p75,targeted,p75,Recon,2026,800,10,0,753,0.0125,0.0,1.25,0.94125,31.555,716.7172394502487,716.6368933333333,0.010167641122139436,1.71875,0,,,,3.0411000999156386,3.801375124894548
class,cicids2018_distrinet,ft_transformer-s42,prim_pgd_p75_targeted,Prim-PGD p75,targeted,p75,BruteForce,42,800,0,0,1,0.0,0.0,0.0,0.00125,253.0,3.3006787813924263,3.18585,0.004641808652711827,18.44875,0,,,,13.606674999929965,17.008343749912456
class,cicids2018_distrinet,ft_transformer-s42,prim_pgd_p75_targeted,Prim-PGD p75,targeted,p75,BruteForce,2024,800,0,0,1,0.0,0.0,0.0,0.00125,253.0,3.294631671921481,3.1822121067250286,0.004646977210156516,18.33125,0,,,,14.027202700031921,17.5340033750399
class,cicids2018_distrinet,ft_transformer-s42,prim_pgd_p75_targeted,Prim-PGD p75,targeted,p75,BruteForce,2026,800,0,0,1,0.0,0.0,0.0,0.00125,253.0,3.289616740471442,3.179274419390678,0.004643111916208945,18.435,0,,,,13.648666300112382,17.060832875140477
class,cicids2017_distrinet,mlp,prim_pgd_unbounded_targeted,Prim-PGD unbounded,targeted,unbounded,DoS,42,800,713,713,800,0.89125,0.89125,0.0,1.0,252.685,11972.593174717382,11972.53387942907,0.1101712772964361,20.5825,0,0.5138206481933594,20.0,5596860.0,2.566273200092837,3.2078415001160465
class,cicids2017_distrinet,mlp,prim_pgd_unbounded_targeted,Prim-PGD unbounded,targeted,unbounded,DoS,2024,800,713,713,800,0.89125,0.89125,0.0,1.0,252.685,11937.646694395622,11937.589184661794,0.10970165573671493,20.59125,0,0.5064103007316589,20.0,5717630.0,2.51723359990865,3.1465419998858124
class,cicids2017_distrinet,mlp,prim_pgd_unbounded_targeted,Prim-PGD unbounded,targeted,unbounded,DoS,2026,800,713,713,800,0.89125,0.89125,0.0,1.0,252.685,11995.838861216751,11995.779450081242,0.11141147452437043,20.57375,0,0.5199604630470276,20.0,5941820.0,2.495383699890226,3.1192296248627827
class,cicids2017_distrinet,mlp,prim_pgd_unbounded_targeted,Prim-PGD unbounded,targeted,unbounded,DDoS,42,800,604,604,800,0.755,0.755,0.0,1.0,253.0,4954.626333919823,4954.547015290786,0.05096849699170795,20.34,0,0.716935932636261,27.0,2301199.0,3.0440010000020266,3.805001250002533
class,cicids2017_distrinet,mlp,prim_pgd_unbounded_targeted,Prim-PGD unbounded,targeted,unbounded,DDoS,2024,800,604,604,800,0.755,0.755,0.0,1.0,253.0,4974.462730883154,4974.383137004638,0.050827946139176995,20.32875,0,0.7051282525062561,27.0,2305436.0,3.167907499941066,3.9598843749263324
class,cicids2017_distrinet,mlp,prim_pgd_unbounded_targeted,Prim-PGD unbounded,targeted,unbounded,DDoS,2026,800,602,602,800,0.7525,0.7525,0.0,1.0,253.0,4842.000514935127,4841.921025022616,0.05050463495008617,20.33875,0,0.7051281929016113,27.0,2272770.5,2.985784800024703,3.732231000030879
class,cicids2017_distrinet,mlp,prim_pgd_unbounded_targeted,Prim-PGD unbounded,targeted,unbounded,Recon,42,800,8,8,800,0.01,0.01,0.0,1.0,3.835,356.32998913379475,356.3291847826087,0.0013564810493250704,0.125,0,0.05000000447034836,0.0,3249965.0,2.45740730012767,3.0717591251595877
class,cicids2017_distrinet,mlp,prim_pgd_unbounded_targeted,Prim-PGD unbounded,targeted,unbounded,Recon,2024,800,8,8,800,0.01,0.01,0.0,1.0,3.835,344.8989587082272,344.89815217391305,0.0014065505346474356,0.125,0,0.05000000447034836,0.0,3249965.0,2.409199699992314,3.0114996249903925
class,cicids2017_distrinet,mlp,prim_pgd_unbounded_targeted,Prim-PGD unbounded,targeted,unbounded,Recon,2026,800,8,8,800,0.01,0.01,0.0,1.0,3.835,353.7989026679432,353.798097826087,0.0013768311523671014,0.125,0,0.05000000447034836,0.0,3249965.0,2.3352216000203043,2.9190270000253804
class,cicids2017_distrinet,mlp,prim_pgd_unbounded_targeted,Prim-PGD unbounded,targeted,unbounded,BruteForce,42,800,20,20,800,0.025,0.025,0.0,1.0,253.0,32448.122891330364,32448.12070652174,0.26205073651305905,20.60625,0,0.1269230842590332,6.0,5668022.0,2.607653200160712,3.25956650020089
class,cicids2017_distrinet,mlp,prim_pgd_unbounded_targeted,Prim-PGD unbounded,targeted,unbounded,BruteForce,2024,800,20,20,800,0.025,0.025,0.0,1.0,253.0,31988.387051929483,31988.384864130436,0.2585773752897487,20.60125,0,0.1269230842590332,6.0,5665734.0,2.7930954000912607,3.491369250114076
class,cicids2017_distrinet,mlp,prim_pgd_unbounded_targeted,Prim-PGD unbounded,targeted,unbounded,BruteForce,2026,800,20,20,800,0.025,0.025,0.0,1.0,253.0,32340.740008446366,32340.73782608696,0.26123513763117634,20.6025,0,0.1269230842590332,6.0,5668022.0,2.877883200068027,3.5973540000850335
class,cicids2017_distrinet,cnn,prim_pgd_unbounded_targeted,Prim-PGD unbounded,targeted,unbounded,DoS,42,800,741,741,800,0.92625,0.92625,0.0,1.0,252.685,9569.78403571185,9569.67820008195,0.10035690305523699,15.9525,0,0.30000001192092896,0.0,4478770.0,2.6423153998330235,3.3028942497912794
class,cicids2017_distrinet,cnn,prim_pgd_unbounded_targeted,Prim-PGD unbounded,targeted,unbounded,DoS,2024,800,741,741,800,0.92625,0.92625,0.0,1.0,252.685,9824.848616238063,9824.74617025373,0.09962254372413559,15.98375,0,0.30000001192092896,0.0,4449164.0,2.6700055999681354,3.337506999960169
class,cicids2017_distrinet,cnn,prim_pgd_unbounded_targeted,Prim-PGD unbounded,targeted,unbounded,DoS,2026,800,741,741,800,0.92625,0.92625,0.0,1.0,252.685,9609.37333525886,9609.267598464265,0.09968432224280636,15.865,0,0.30000001192092896,0.0,4465964.0,2.5525249999482185,3.190656249935273
class,cicids2017_distrinet,cnn,prim_pgd_unbounded_targeted,Prim-PGD unbounded,targeted,unbounded,DDoS,42,800,707,707,800,0.88375,0.88375,0.0,1.0,253.0,4198.957584326571,4198.865758972242,0.049587745504023506,20.01625,0,0.7474358677864075,27.0,2027961.0,2.483017500024289,3.103771875030361
class,cicids2017_distrinet,cnn,prim_pgd_unbounded_targeted,Prim-PGD unbounded,targeted,unbounded,DDoS,2024,800,708,708,800,0.885,0.885,0.0,1.0,253.0,4352.629382190329,4352.528728510739,0.050034002432570016,20.02375,0,0.7093172669410706,27.0,2019192.0,2.35034570004791,2.9379321250598878
class,cicids2017_distrinet,cnn,prim_pgd_unbounded_targeted,Prim-PGD unbounded,targeted,unbounded,DDoS,2026,800,707,707,800,0.88375,0.88375,0.0,1.0,253.0,4260.588707868009,4260.498660893263,0.04918590989324823,20.02375,0,0.7058448791503906,27.0,2040964.0,2.3602426000870764,2.9503032501088455
class,cicids2017_distrinet,cnn,prim_pgd_unbounded_targeted,Prim-PGD unbounded,targeted,unbounded,Recon,42,800,8,8,800,0.01,0.01,0.0,1.0,3.52,234.12554674783115,234.12125,0.000577182788463745,0.13125,0,0.06709395535290241,0.0,3574610.5,2.1316123998258263,2.664515499782283
class,cicids2017_distrinet,cnn,prim_pgd_unbounded_targeted,Prim-PGD unbounded,targeted,unbounded,Recon,2024,800,8,8,800,0.01,0.01,0.0,1.0,3.52,266.0195409663783,266.0152445652174,0.0005758071682445452,0.13,0,0.05137408338487148,0.0,2795903.0,2.1297504999674857,2.662188124959357
class,cicids2017_distrinet,cnn,prim_pgd_unbounded_targeted,Prim-PGD unbounded,targeted,unbounded,Recon,2026,800,8,8,800,0.01,0.01,0.0,1.0,3.52,220.3588082348388,220.35451086956525,0.0005325189141360908,0.13,0,0.06782339885830879,0.0,2945735.5,2.1162860998883843,2.6453576248604804
class,cicids2017_distrinet,cnn,prim_pgd_unbounded_targeted,Prim-PGD unbounded,targeted,unbounded,BruteForce,42,800,800,800,800,1.0,1.0,0.0,1.0,253.0,34065.260788793916,34065.25483695653,0.6461616646350912,20.67,0,0.6500000953674316,20.0,33701360.0,2.3203141998965293,2.9003927498706616
class,cicids2017_distrinet,cnn,prim_pgd_unbounded_targeted,Prim-PGD unbounded,targeted,unbounded,BruteForce,2024,800,800,800,800,1.0,1.0,0.0,1.0,253.0,34385.69691487873,34385.691059782606,0.6388374783589104,20.705,0,0.6500000953674316,20.0,31613776.0,2.3008276999462396,2.8760346249327995
class,cicids2017_distrinet,cnn,prim_pgd_unbounded_targeted,Prim-PGD unbounded,targeted,unbounded,BruteForce,2026,800,800,800,800,1.0,1.0,0.0,1.0,253.0,34630.08417307556,34630.077989130434,0.6591806647267705,20.68625,0,0.6500000953674316,20.0,32999027.0,2.2449020000640303,2.806127500080038
class,cicids2017_distrinet,ft_transformer,prim_pgd_unbounded_targeted,Prim-PGD unbounded,targeted,unbounded,DoS,42,800,4,4,800,0.005,0.005,0.0,1.0,252.685,26784.000488839014,26783.975804515983,0.1978640403568016,20.21625,0,0.32820697873830795,14.0,10099.0,13.7203800000716,17.1504750000895
class,cicids2017_distrinet,ft_transformer,prim_pgd_unbounded_targeted,Prim-PGD unbounded,targeted,unbounded,DoS,2024,800,4,4,800,0.005,0.005,0.0,1.0,252.685,26532.286631973824,26532.26110326051,0.19572551311693168,20.21625,0,0.2239445373415947,10.5,10099.0,13.77963240002282,17.224540500028525
class,cicids2017_distrinet,ft_transformer,prim_pgd_unbounded_targeted,Prim-PGD unbounded,targeted,unbounded,DoS,2026,800,4,4,800,0.005,0.005,0.0,1.0,252.685,26911.644409031564,26911.619307970657,0.19825597636248293,20.22125,0,0.32820697873830795,14.0,10099.0,13.656563200056553,17.07070400007069
class,cicids2017_distrinet,ft_transformer,prim_pgd_unbounded_targeted,Prim-PGD unbounded,targeted,unbounded,DDoS,42,800,0,0,800,0.0,0.0,0.0,1.0,253.0,12249.601046937216,12249.518753788383,0.0931910650746807,19.69625,0,,,,14.100459799868986,17.625574749836233
class,cicids2017_distrinet,ft_transformer,prim_pgd_unbounded_targeted,Prim-PGD unbounded,targeted,unbounded,DDoS,2024,800,0,0,800,0.0,0.0,0.0,1.0,253.0,12171.4951279636,12171.410630684015,0.09297677248679938,19.695,0,,,,14.108136199880391,17.63517024985049
class,cicids2017_distrinet,ft_transformer,prim_pgd_unbounded_targeted,Prim-PGD unbounded,targeted,unbounded,DDoS,2026,800,0,0,800,0.0,0.0,0.0,1.0,253.0,12232.07575890333,12231.992458287654,0.09313235003075397,19.6925,0,,,,13.948313999921083,17.435392499901354
class,cicids2017_distrinet,ft_transformer,prim_pgd_unbounded_targeted,Prim-PGD unbounded,targeted,unbounded,Recon,42,800,6,6,800,0.0075,0.0075,0.0,1.0,3.835,537.5498570081733,537.5497282608696,0.001974797782905889,0.155,0,0.04579021595418453,0.0,2565126.5,2.5480112000368536,3.185014000046067
class,cicids2017_distrinet,ft_transformer,prim_pgd_unbounded_targeted,Prim-PGD unbounded,targeted,unbounded,Recon,2024,800,6,6,800,0.0075,0.0075,0.0,1.0,3.835,486.6001155712123,486.5999456521739,0.0017944600097478676,0.15625,0,0.049388300627470016,0.0,2744680.0,2.5510563000570983,3.188820375071373
class,cicids2017_distrinet,ft_transformer,prim_pgd_unbounded_targeted,Prim-PGD unbounded,targeted,unbounded,Recon,2026,800,6,6,800,0.0075,0.0075,0.0,1.0,3.835,650.6518376968514,650.6517663043478,0.0025332963873975047,0.155,0,0.04243656061589718,0.0,1904410.5,2.5397461000829935,3.174682625103742
class,cicids2017_distrinet,ft_transformer,prim_pgd_unbounded_targeted,Prim-PGD unbounded,targeted,unbounded,BruteForce,42,800,18,18,800,0.0225,0.0225,0.0,1.0,253.0,123051.03165288035,123051.02328804348,1.542116830910325,21.56625,0,0.20384615659713745,12.0,5719719.5,13.626912500010803,17.033640625013504
class,cicids2017_distrinet,ft_transformer,prim_pgd_unbounded_targeted,Prim-PGD unbounded,targeted,unbounded,BruteForce,2024,800,18,18,800,0.0225,0.0225,0.0,1.0,253.0,122997.17385915294,122997.16548913044,1.5423976629197866,21.55875,0,0.20384615659713745,12.0,5719719.5,13.663741800002754,17.079677250003442
class,cicids2017_distrinet,ft_transformer,prim_pgd_unbounded_targeted,Prim-PGD unbounded,targeted,unbounded,BruteForce,2026,800,18,18,800,0.0225,0.0225,0.0,1.0,253.0,123114.44013072597,123114.43176630436,1.5424624321108917,21.5675,0,0.20384615659713745,12.0,5719719.5,13.632114300038666,17.040142875048332
class,cicids2018_distrinet,mlp-s42,prim_pgd_unbounded_targeted,Prim-PGD unbounded,targeted,unbounded,DoS,42,800,0,0,800,0.0,0.0,0.0,1.0,252.37,52.61423565911981,51.982824074450804,0.005944292593720626,6.6575,0,,,,3.2801302999723703,4.100162874965463
class,cicids2018_distrinet,mlp-s42,prim_pgd_unbounded_targeted,Prim-PGD unbounded,targeted,unbounded,DoS,2024,800,0,0,800,0.0,0.0,0.0,1.0,252.37,53.08367979773071,52.474880232464336,0.005894514135610737,6.6425,0,,,,3.1222125999629498,3.902765749953687
class,cicids2018_distrinet,mlp-s42,prim_pgd_unbounded_targeted,Prim-PGD unbounded,targeted,unbounded,DoS,2026,800,0,0,800,0.0,0.0,0.0,1.0,252.37,51.80202979871339,51.16346234764278,0.0059217818869950626,6.64125,0,,,,3.381540199974552,4.22692524996819
class,cicids2018_distrinet,mlp-s42,prim_pgd_unbounded_targeted,Prim-PGD unbounded,targeted,unbounded,DDoS,42,800,16,16,652,0.02,0.02,0.0,0.815,252.685,2186.5530190661875,2136.0298953555657,0.1998145152448557,12.9525,0,0.8750001788139343,0.0,25923669.0,2.9006295001599938,3.625786875199992
class,cicids2018_distrinet,mlp-s42,prim_pgd_unbounded_targeted,Prim-PGD unbounded,targeted,unbounded,DDoS,2024,800,16,16,659,0.02,0.02,0.0,0.82375,252.685,2169.322531054286,2120.255584374764,0.19617331265575086,12.87,0,0.8500001132488251,0.0,24992697.0,3.1006809000391513,3.875851125048939
class,cicids2018_distrinet,mlp-s42,prim_pgd_unbounded_targeted,Prim-PGD unbounded,targeted,unbounded,DDoS,2026,800,16,16,658,0.02,0.02,0.0,0.8225,252.685,2192.032195008088,2141.0896924075846,0.20021820681121627,12.8775,0,0.8750001490116119,0.0,25923669.0,2.616053400095552,3.2700667501194403
class,cicids2018_distrinet,mlp-s42,prim_pgd_unbounded_targeted,Prim-PGD unbounded,targeted,unbounded,Recon,42,800,51,31,777,0.06375,0.03875,2.5,0.97125,31.555,1773.2629325619089,1772.2721866666666,0.05031252439725214,1.33375,0,0.5000000596046448,0.0,18356362.0,2.88546480005607,3.6068310000700876
class,cicids2018_distrinet,mlp-s42,prim_pgd_unbounded_targeted,Prim-PGD unbounded,targeted,unbounded,Recon,2024,800,51,32,778,0.06375,0.04,2.375,0.9725,31.555,1718.7008768720762,1717.69693,0.05006744557680772,1.31,0,0.5000000596046448,0.0,23824964.0,2.262389700161293,2.8279871252016164
class,cicids2018_distrinet,mlp-s42,prim_pgd_unbounded_targeted,Prim-PGD unbounded,targeted,unbounded,Recon,2026,800,51,34,780,0.06375,0.0425,2.125,0.975,31.555,1766.064274594014,1765.06699,0.05036546612800051,1.29875,0,0.5975111722946167,0.0,25332239.0,2.277410500217229,2.8467631252715364
class,cicids2018_distrinet,mlp-s42,prim_pgd_unbounded_targeted,Prim-PGD unbounded,targeted,unbounded,BruteForce,42,800,725,725,800,0.90625,0.90625,0.0,1.0,253.0,899.6507536658729,775.6485244446899,1.1469269284769552,12.0,0,0.6000000834465027,0.0,70095064.0,2.6725733999628574,3.3407167499535717
class,cicids2018_distrinet,mlp-s42,prim_pgd_unbounded_targeted,Prim-PGD unbounded,targeted,unbounded,BruteForce,2024,800,725,725,800,0.90625,0.90625,0.0,1.0,253.0,919.8182509696511,795.9100408633844,1.1465777125999572,12.0,0,0.6000000834465027,0.0,70095064.0,2.6492039998993278,3.3115049998741597
class,cicids2018_distrinet,mlp-s42,prim_pgd_unbounded_targeted,Prim-PGD unbounded,targeted,unbounded,BruteForce,2026,800,725,725,800,0.90625,0.90625,0.0,1.0,253.0,896.0035001440914,771.4618251230156,1.1469957483519004,12.0,0,0.6000000834465027,0.0,70096384.0,2.65484940004535,3.3185617500566877
class,cicids2018_distrinet,cnn-s42,prim_pgd_unbounded_targeted,Prim-PGD unbounded,targeted,unbounded,DoS,42,800,0,0,5,0.0,0.0,0.0,0.00625,252.37,82.79966675448362,78.52015666666667,0.07310582384300926,15.94625,0,,,,2.369888599961996,2.962360749952495
class,cicids2018_distrinet,cnn-s42,prim_pgd_unbounded_targeted,Prim-PGD unbounded,targeted,unbounded,DoS,2024,800,0,0,5,0.0,0.0,0.0,0.00625,252.37,81.50777562772166,77.12168333333334,0.07311441922266565,16.08375,0,,,,2.3346445001661777,2.918305625207722
class,cicids2018_distrinet,cnn-s42,prim_pgd_unbounded_targeted,Prim-PGD unbounded,targeted,unbounded,DoS,2026,800,0,0,5,0.0,0.0,0.0,0.00625,252.37,83.35878656562157,79.09826,0.07304753203016018,15.9875,0,,,,2.3529610000550747,2.9412012500688434
class,cicids2018_distrinet,cnn-s42,prim_pgd_unbounded_targeted,Prim-PGD unbounded,targeted,unbounded,DDoS,42,800,616,0,1,0.77,0.0,77.0,0.00125,252.685,2474.3785547843786,2473.1390133333334,0.10368996363219873,19.7125,0,,,,2.4431117998901755,3.0538897498627193
class,cicids2018_distrinet,cnn-s42,prim_pgd_unbounded_targeted,Prim-PGD unbounded,targeted,unbounded,DDoS,2024,800,617,0,1,0.77125,0.0,77.125,0.00125,252.685,2371.822236072241,2370.54357,0.10156224760627888,19.73,0,,,,2.4760241999756545,3.095030249969568
class,cicids2018_distrinet,cnn-s42,prim_pgd_unbounded_targeted,Prim-PGD unbounded,targeted,unbounded,DDoS,2026,800,616,0,1,0.77,0.0,77.0,0.00125,252.685,2492.415888676105,2491.1715633333333,0.10380933284330483,19.7125,0,,,,2.4899489998351783,3.112436249793973
class,cicids2018_distrinet,cnn-s42,prim_pgd_unbounded_targeted,Prim-PGD unbounded,targeted,unbounded,Recon,42,800,51,20,759,0.06375,0.025,3.875,0.94875,31.555,1949.389667475493,1947.8712941602394,0.042843102506816014,1.75,0,0.30000001192092896,0.0,13166944.0,2.2563954999204725,2.8204943749005906
class,cicids2018_distrinet,cnn-s42,prim_pgd_unbounded_targeted,Prim-PGD unbounded,targeted,unbounded,Recon,2024,800,51,20,759,0.06375,0.025,3.875,0.94875,31.555,1888.2598126687146,1887.02336082417,0.041204115308544426,1.75125,0,0.29523254930973053,0.0,13166944.0,2.2935949000529945,2.866993625066243
class,cicids2018_distrinet,cnn-s42,prim_pgd_unbounded_targeted,Prim-PGD unbounded,targeted,unbounded,Recon,2026,800,51,20,759,0.06375,0.025,3.875,0.94875,31.555,1850.1099825622907,1848.5989991292943,0.041200457169759626,1.75125,0,0.30000001192092896,0.0,13166944.0,2.1532548000104725,2.6915685000130907
class,cicids2018_distrinet,cnn-s42,prim_pgd_unbounded_targeted,Prim-PGD unbounded,targeted,unbounded,BruteForce,42,800,800,783,783,1.0,0.97875,2.124999999999999,0.97875,253.0,557.7679007264043,524.2981896255991,0.23843457703493287,12.16375,0,0.10000000149011612,0.0,11684588.0,2.3654728999827057,2.956841124978382
class,cicids2018_distrinet,cnn-s42,prim_pgd_unbounded_targeted,Prim-PGD unbounded,targeted,unbounded,BruteForce,2024,800,800,785,785,1.0,0.98125,1.8750000000000044,0.98125,253.0,544.6594440403379,510.8379929589324,0.239859555756959,12.145,0,0.10000000149011612,0.0,11684723.0,2.416506600100547,3.020633250125684
class,cicids2018_distrinet,cnn-s42,prim_pgd_unbounded_targeted,Prim-PGD unbounded,targeted,unbounded,BruteForce,2026,800,800,782,782,1.0,0.9775,2.2499999999999964,0.9775,253.0,551.0431826292889,517.4053529589323,0.2380122149355878,12.1725,0,0.10000000149011612,0.0,11684600.0,2.362651800038293,2.9533147500478663
class,cicids2018_distrinet,ft_transformer-s42,prim_pgd_unbounded_targeted,Prim-PGD unbounded,targeted,unbounded,DoS,42,800,0,0,7,0.0,0.0,0.0,0.00875,252.37,94.22317745411902,88.67094333333333,0.07574047645378698,20.0475,0,,,,13.862838700180873,17.32854837522609
class,cicids2018_distrinet,ft_transformer-s42,prim_pgd_unbounded_targeted,Prim-PGD unbounded,targeted,unbounded,DoS,2024,800,0,0,7,0.0,0.0,0.0,0.00875,252.37,94.22575377875906,88.67094333333333,0.07574344310176234,20.075,0,,,,14.035746099893004,17.544682624866255
class,cicids2018_distrinet,ft_transformer-s42,prim_pgd_unbounded_targeted,Prim-PGD unbounded,targeted,unbounded,DoS,2026,800,0,0,7,0.0,0.0,0.0,0.00875,252.37,94.2200285678155,88.67094333333333,0.07573704831714854,20.00625,0,,,,14.033454299904406,17.541817874880508
class,cicids2018_distrinet,ft_transformer-s42,prim_pgd_unbounded_targeted,Prim-PGD unbounded,targeted,unbounded,DDoS,42,800,0,0,1,0.0,0.0,0.0,0.00125,252.685,1604.4348728354487,1600.4601303624074,0.09714752348168541,19.5575,0,,,,13.99232709989883,17.490408874873538
class,cicids2018_distrinet,ft_transformer-s42,prim_pgd_unbounded_targeted,Prim-PGD unbounded,targeted,unbounded,DDoS,2024,800,0,0,1,0.0,0.0,0.0,0.00125,252.685,1617.2675834497384,1613.6740981893238,0.09648835373613243,19.6075,0,,,,13.7990262999665,17.248782874958124
class,cicids2018_distrinet,ft_transformer-s42,prim_pgd_unbounded_targeted,Prim-PGD unbounded,targeted,unbounded,DDoS,2026,800,0,0,1,0.0,0.0,0.0,0.00125,252.685,1619.3691049524077,1615.6564396752003,0.09702584331809878,19.615,0,,,,13.712442100048065,17.14055262506008
class,cicids2018_distrinet,ft_transformer-s42,prim_pgd_unbounded_targeted,Prim-PGD unbounded,targeted,unbounded,Recon,42,800,24,3,756,0.03,0.00375,2.625,0.945,31.555,2642.275163138532,2640.542196995489,0.060979958647419175,1.69375,0,0.04999999329447746,0.0,2399862.0,3.057930899783969,3.822413624729961
class,cicids2018_distrinet,ft_transformer-s42,prim_pgd_unbounded_targeted,Prim-PGD unbounded,targeted,unbounded,Recon,2024,800,25,3,756,0.03125,0.00375,2.75,0.945,31.555,2652.221412731461,2650.4706103288227,0.061833060361416864,1.69875,0,0.04999999329447746,0.0,2399862.0,3.0499643001239747,3.8124553751549684
class,cicids2018_distrinet,ft_transformer-s42,prim_pgd_unbounded_targeted,Prim-PGD unbounded,targeted,unbounded,Recon,2026,800,25,3,756,0.03125,0.00375,2.75,0.945,31.555,2700.2495799534418,2698.5121303288224,0.06215610148677022,1.69875,0,0.04999999329447746,0.0,2399862.0,3.045989900128916,3.807487375161145
class,cicids2018_distrinet,ft_transformer-s42,prim_pgd_unbounded_targeted,Prim-PGD unbounded,targeted,unbounded,BruteForce,42,800,0,0,1,0.0,0.0,0.0,0.00125,253.0,976.6117697603325,781.487013484526,1.7124142399772624,20.98875,0,,,,13.682566300034523,17.103207875043154
class,cicids2018_distrinet,ft_transformer-s42,prim_pgd_unbounded_targeted,Prim-PGD unbounded,targeted,unbounded,BruteForce,2024,800,0,0,1,0.0,0.0,0.0,0.00125,253.0,976.6117697603325,781.487013484526,1.7124142399772624,20.98875,0,,,,13.68377390014939,17.104717375186738
class,cicids2018_distrinet,ft_transformer-s42,prim_pgd_unbounded_targeted,Prim-PGD unbounded,targeted,unbounded,BruteForce,2026,800,0,0,1,0.0,0.0,0.0,0.00125,253.0,976.6117697603325,781.487013484526,1.7124142399772624,20.98875,0,,,,14.0208446001634,17.52605575020425
