scope,dataset,victim,condition,method,objective,budget,source_class,n_per_seed,max_modified_outside_mask,raw_asr_mean,raw_asr_sd,raw_asr_seed42,raw_asr_seed2024,raw_asr_seed2026,valid_asr_mean,valid_asr_sd,valid_asr_seed42,valid_asr_seed2024,valid_asr_seed2026,validity_gap_pp_mean,validity_gap_pp_sd,validity_gap_pp_seed42,validity_gap_pp_seed2024,validity_gap_pp_seed2026,validator_pass_rate_mean,validator_pass_rate_sd,validator_pass_rate_seed42,validator_pass_rate_seed2024,validator_pass_rate_seed2026,mean_model_evaluations_mean,mean_model_evaluations_sd,mean_model_evaluations_seed42,mean_model_evaluations_seed2024,mean_model_evaluations_seed2026,mean_l2_robust_scaled_mean,mean_l2_robust_scaled_sd,mean_l2_robust_scaled_seed42,mean_l2_robust_scaled_seed2024,mean_l2_robust_scaled_seed2026,mean_linf_robust_scaled_mean,mean_linf_robust_scaled_sd,mean_linf_robust_scaled_seed42,mean_linf_robust_scaled_seed2024,mean_linf_robust_scaled_seed2026,mean_l2_train_minmax_mean,mean_l2_train_minmax_sd,mean_l2_train_minmax_seed42,mean_l2_train_minmax_seed2024,mean_l2_train_minmax_seed2026,mean_features_modified_mean,mean_features_modified_sd,mean_features_modified_seed42,mean_features_modified_seed2024,mean_features_modified_seed2026,median_primitive_cost_valid_mean,median_primitive_cost_valid_sd,median_primitive_cost_valid_seed42,median_primitive_cost_valid_seed2024,median_primitive_cost_valid_seed2026,ms_per_flow_mean,ms_per_flow_sd,ms_per_flow_seed42,ms_per_flow_seed2024,ms_per_flow_seed2026
victim,cicids2017_distrinet,mlp,prim_hybrid_p50_targeted,Hybrid Search p50,targeted,p50,ALL,3200,0,0.063125,0.0,0.063125,0.063125,0.063125,0.063125,0.0,0.063125,0.063125,0.063125,0.0,0.0,0.0,0.0,0.0,1.0,0.0,1.0,1.0,1.0,188.79937499999997,3.4809342861069267e-14,188.799375,188.799375,188.799375,2324.5571684283045,2.7661714899096967,2327.525597341712,2322.0516670133347,2324.0942409298673,2324.5124841028096,2.7660959618224754,2327.4807822776197,2322.0069676333746,2324.049702397434,0.021796952151753226,6.517229531115063e-05,0.021872160852533438,0.021761620810676306,0.021757074792049923,14.911875,0.007924201458191763,14.9084375,14.9209375,14.90625,1.5000001589457195,5.538209225641233e-07,1.5,1.4999997019767761,1.500000774860382,3.2463209375176425,0.16983506166388967,3.119246656206087,3.1805018126033247,3.439214343743515
victim,cicids2017_distrinet,cnn,prim_hybrid_p50_targeted,Hybrid Search p50,targeted,p50,ALL,3200,0,0.13104166666666664,0.0003608439182435244,0.130625,0.13125,0.13125,0.13104166666666664,0.0003608439182435244,0.130625,0.13125,0.13125,0.0,0.0,0.0,0.0,0.0,1.0,0.0,1.0,1.0,1.0,188.7059375,0.0,188.7059375,188.7059375,188.7059375,2087.6281989400436,3.7599725247017948,2084.0217972990963,2091.524912069925,2087.337887451109,2087.579787265402,3.7598343811434187,2083.9735655184986,2091.4763947611937,2087.2894015165134,0.021089544508354135,6.851267453301618e-05,0.02101107018354368,0.021120102855700606,0.021137460485818126,14.797916666666667,0.011962397683295546,14.788125,14.81125,14.794375,1.405083139737447,0.022996698661407862,1.385982871055603,1.4306092858314514,1.3986572623252869,2.8874325417079185,0.011564944524090405,2.8786805938580073,2.90054353128653,2.8830734999792185
victim,cicids2017_distrinet,ft_transformer,prim_hybrid_p50_targeted,Hybrid Search p50,targeted,p50,ALL,3200,0,0.0015625000000000003,2.655742100606481e-19,0.0015625,0.0015625,0.0015625,0.0015625000000000003,2.655742100606481e-19,0.0015625,0.0015625,0.0015625,0.0,0.0,0.0,0.0,0.0,1.0,0.0,1.0,1.0,1.0,188.7721875,0.0,188.7721875,188.7721875,188.7721875,2283.1657067097385,0.11897679003409929,2283.2024921249986,2283.261946464722,2283.032681539494,2283.1211014644527,0.1189210818976542,2283.1578818717153,2283.2172871088474,2282.988135412795,0.02236047219424658,5.96775350044084e-07,0.02236044307553345,0.02236108299591448,0.022359890511291804,14.928229166666668,0.0013010412496661454,14.9271875,14.9296875,14.9278125,0.20000000298023224,0.0,0.20000000298023224,0.20000000298023224,0.20000000298023224,13.012741302033342,0.10678213865548772,12.961735406206571,12.941026843691361,13.135461656202096
victim,cicids2018_distrinet,mlp-s42,prim_hybrid_p50_targeted,Hybrid Search p50,targeted,p50,ALL,3200,0,0.010937499999999998,2.1245936804851847e-18,0.0109375,0.0109375,0.0109375,0.0016666666666666668,0.00018042195912175795,0.0015625,0.001875,0.0015625,0.9270833333333334,0.01804219591217587,0.9375,0.9062499999999999,0.9375,0.745625,0.0008267972847077089,0.74625,0.7459375,0.7446875,192.855,0.0,192.855,192.855,192.855,306.8139592230218,0.3650214305462682,306.3935500782891,306.99803415653014,307.05029343424627,306.46497620795975,0.36498391316100154,306.0444890310895,306.6505995317317,306.699840061058,0.02244761401221279,4.037311911368657e-05,0.022413085777117092,0.02243775176835978,0.0224920044911615,8.753229166666666,0.015691525048041634,8.7665625,8.7359375,8.7571875,0.9999999403953552,0.0,0.9999999403953552,0.9999999403953552,0.9999999403953552,3.2112871563003864,0.08144017664485594,3.263246624992462,3.1174276563251624,3.253187187583535
victim,cicids2018_distrinet,cnn-s42,prim_hybrid_p50_targeted,Hybrid Search p50,targeted,p50,ALL,3200,0,0.14052083333333334,0.0001804219591217542,0.1403125,0.140625,0.140625,0.0,0.0,0.0,0.0,0.0,14.052083333333334,0.018042195912175808,14.03125,14.0625,14.0625,0.2371875,0.00031249999999999334,0.2371875,0.2375,0.236875,192.79156249999997,3.4809342861069267e-14,192.7915625,192.7915625,192.7915625,321.23261605870107,7.146212477992199,329.27586606745996,318.8072209102827,315.61476119836055,319.641003978411,7.144547722669239,327.6788308907964,317.2313033907964,314.0128776536401,0.04188021917762915,0.00012611964790854908,0.04202517958227729,0.04181982311374192,0.04179565483686823,13.719166666666666,0.013310934962779018,13.7084375,13.7340625,13.715,,,,,,2.9871376666900082,0.08113325927210592,3.0769903438340407,2.919244437434827,2.9651782188011566
victim,cicids2018_distrinet,ft_transformer-s42,prim_hybrid_p50_targeted,Hybrid Search p50,targeted,p50,ALL,3200,0,0.0034375,0.0,0.0034375,0.0034375,0.0034375,0.0,0.0,0.0,0.0,0.0,0.34375,0.0,0.34375,0.34375,0.34375,0.238125,0.0,0.238125,0.238125,0.238125,192.855,0.0,192.855,192.855,192.855,245.17920422975376,0.008813994138191212,245.1692026844308,245.18583696780462,245.18257303702597,243.3704860893034,0.009809754012357999,243.36510407962544,243.381808823555,243.36454536472974,0.0420088243583164,4.08645338616129e-06,0.042006476733492205,0.042013542968965464,0.042006453372491495,14.050312499999999,0.010024384332715531,14.055625,14.0565625,14.03875,,,,,,12.731116281283903,0.09180291177761539,12.729727343757986,12.82360578123189,12.640015718861832
victim,cicids2017_distrinet,mlp,prim_hybrid_p75_targeted,Hybrid Search p75,targeted,p75,ALL,3200,0,0.11062500000000001,1.6996749443881478e-17,0.110625,0.110625,0.110625,0.11062500000000001,1.6996749443881478e-17,0.110625,0.110625,0.110625,0.0,0.0,0.0,0.0,0.0,1.0,0.0,1.0,1.0,1.0,188.31499999999997,3.4809342861069267e-14,188.315,188.315,188.315,3445.445479455164,4.221546075719751,3450.259279810455,3442.3737891798373,3443.7033693752,3445.3595199295355,4.2215723446353115,3450.17333550408,3442.287737889721,3443.6174863948054,0.03853375191067578,3.762788477609488e-05,0.038576702788026794,0.038517957520654046,0.038506595423346494,15.019062499999999,0.00440835499364605,15.014375,15.023125,15.0196875,1.4000004728635151,1.3880760252244128e-06,1.3999998569488525,1.4000020623207092,1.3999994993209839,2.8365944686811417,0.029083682521270898,2.868185687402729,2.830665812434745,2.8109319062059512
victim,cicids2017_distrinet,cnn,prim_hybrid_p75_targeted,Hybrid Search p75,targeted,p75,ALL,3200,0,0.3614583333333334,0.0001804219591217542,0.3615625,0.36125,0.3615625,0.3614583333333334,0.0001804219591217542,0.3615625,0.36125,0.3615625,0.0,0.0,0.0,0.0,0.0,1.0,0.0,1.0,1.0,1.0,188.36625,0.0,188.36625,188.36625,188.36625,2924.3701228229183,2.637824802995473,2922.5345266898485,2923.182912619044,2927.392929159863,2924.2860123395562,2.637700350693538,2922.4510029907974,2923.098281004001,2927.30875302387,0.03538080790484461,5.289357261510665e-05,0.03535656905711391,0.03544147718678911,0.035344377470630815,14.958333333333334,0.019538956812822368,14.96125,14.97625,14.9375,1.6079580783843994,0.0037741654520160733,1.6087117195129395,1.6038639545440674,1.6112985610961914,2.9554024062720905,0.10907497543224139,3.0392418125848053,2.8320851249736734,2.9948802812577924
victim,cicids2017_distrinet,ft_transformer,prim_hybrid_p75_targeted,Hybrid Search p75,targeted,p75,ALL,3200,0,0.004375,0.0,0.004375,0.004375,0.004375,0.004375,0.0,0.004375,0.004375,0.004375,0.0,0.0,0.0,0.0,0.0,1.0,0.0,1.0,1.0,1.0,188.213125,0.0,188.213125,188.213125,188.213125,3308.831137822112,1.2999220775887828,3310.2877437012457,3307.7889529103686,3308.4167168547215,3308.7500284096955,1.2997530575934706,3310.206280579618,3307.7074898187484,3308.33631483072,0.034236004708686735,5.945516479560535e-06,0.034242781718439676,0.03423356660915279,0.03423166579846773,14.971145833333333,0.0045536443738324935,14.970625,14.9759375,14.966875,0.19615384936332703,0.0,0.19615384936332703,0.19615384936332703,0.19615384936332703,12.222383979193788,0.11754802224825545,12.14509296878532,12.357658218825236,12.16440074997081
victim,cicids2018_distrinet,mlp-s42,prim_hybrid_p75_targeted,Hybrid Search p75,targeted,p75,ALL,3200,0,0.0128125,0.0003124999999999994,0.013125,0.0128125,0.0125,0.002916666666666667,0.0003608439182435162,0.003125,0.003125,0.0025,0.9895833333333331,0.0180421959121759,0.9999999999999999,0.9687499999999998,1.0,0.7491666666666666,0.0003608439182435084,0.74875,0.749375,0.749375,192.855,0.0,192.855,192.855,192.855,377.51804283023847,0.588430338706269,377.1150246629861,377.2458088071512,378.1932950205779,377.0849636723078,0.5872719617204251,376.6815366631989,376.81463550151557,377.75871885220886,0.023706737928606374,1.1606024014748e-05,0.023702269512293643,0.023719914016636555,0.023698030256888925,8.737916666666665,0.007858199671892871,8.7440625,8.740625,8.7290625,0.9999999304612478,1.7206378853011898e-08,0.9999999403953552,0.9999999105930328,0.9999999403953552,3.0662180416159877,0.022215123586129502,3.0842460624262458,3.073007656275877,3.04140040614584
victim,cicids2018_distrinet,cnn-s42,prim_hybrid_p75_targeted,Hybrid Search p75,targeted,p75,ALL,3200,0,0.15,0.0,0.15,0.15,0.15,0.0,0.0,0.0,0.0,0.0,15.0,0.0,15.0,15.0,15.0,0.2371875,0.00031249999999999334,0.2371875,0.2375,0.236875,192.79156249999997,3.4809342861069267e-14,192.7915625,192.7915625,192.7915625,373.9811561801912,3.6902729585576077,378.1607796675231,371.172891141753,372.60979773129753,371.6915520170821,3.6828962450223934,375.8635575574631,368.8917551029868,370.3193433907964,0.04328279410781522,7.567019733943089e-05,0.043369111903390926,0.04322789181228217,0.04325137860777258,13.643749999999999,0.004430452149611487,13.6403125,13.64875,13.6421875,,,,,,2.9958458749752026,0.09066910672169487,3.0964389061409747,2.920416343768011,2.9706823750166222
victim,cicids2018_distrinet,ft_transformer-s42,prim_hybrid_p75_targeted,Hybrid Search p75,targeted,p75,ALL,3200,0,0.0033333333333333335,0.00018042195912175795,0.0034375,0.0034375,0.003125,0.0,0.0,0.0,0.0,0.0,0.3333333333333333,0.018042195912175804,0.34375,0.34375,0.3125,0.238125,0.0,0.238125,0.238125,0.238125,192.855,0.0,192.855,192.855,192.855,258.90247484874413,0.9509909227051881,259.92745800657826,258.73121761699196,258.0487489226623,256.94583782990435,0.9488965359289787,257.96967416666666,256.7718900781898,256.0959492448565,0.04231450591855829,2.1658622542574232e-05,0.04231721202501465,0.04233468432304497,0.04229162140761525,14.213020833333331,0.02705667758767444,14.2340625,14.1825,14.2225,,,,,,12.745303968670973,0.08926288664112034,12.692403374967398,12.695144812314538,12.84836371873098
victim,cicids2017_distrinet,mlp,prim_hybrid_unbounded_targeted,Hybrid Search unbounded,targeted,unbounded,ALL,3200,0,0.4189583333333333,0.0010974639325888325,0.42,0.4178125,0.4190625,0.4189583333333333,0.0010974639325888325,0.42,0.4178125,0.4190625,0.0,0.0,0.0,0.0,0.0,1.0,0.0,1.0,1.0,1.0,188.51625,0.0,188.51625,188.51625,188.51625,13817.705119723994,130.47052609249772,13967.883693833088,13752.977062701306,13732.254602637593,13817.661459355404,130.47054287915262,13967.84005763439,13752.93333888439,13732.210981547434,0.11323778126612753,0.001132129740419884,0.11451361788310335,0.11284663905905734,0.11235308685622186,15.269583333333335,0.011542775969555167,15.2615625,15.2828125,15.264375,0.7889801263809204,0.005677024306749349,0.7948718070983887,0.7885231971740723,0.7835453748703003,3.010663500002314,0.0663263342230663,2.969849124929169,3.0871939688222483,2.9749474062555237
victim,cicids2017_distrinet,cnn,prim_hybrid_unbounded_targeted,Hybrid Search unbounded,targeted,unbounded,ALL,3200,0,0.7047916666666666,0.0003608439182435084,0.705,0.704375,0.705,0.7047916666666666,0.0003608439182435084,0.705,0.704375,0.705,0.0,0.0,0.0,0.0,0.0,1.0,0.0,1.0,1.0,1.0,185.4696875,0.0,185.4696875,185.4696875,185.4696875,17816.403768656557,386.47936954072907,17496.8928527962,18245.975616128137,17706.342837045337,17816.346082637087,386.48050322070753,17496.83316597042,18245.918777383467,17706.286304557376,0.23083582402371605,0.0005266653005830562,0.231275574639978,0.23025216184740377,0.23097973558376642,15.075000000000001,0.02602770459049355,15.0615625,15.0584375,15.105,0.979854424794515,0.010512219880615858,0.9890984296798706,0.9684193432331085,0.9820455014705658,2.596263687494987,0.048333647539299585,2.6513530937518226,2.5764655625243904,2.560972406208748
victim,cicids2017_distrinet,ft_transformer,prim_hybrid_unbounded_targeted,Hybrid Search unbounded,targeted,unbounded,ALL,3200,0,0.00875,0.0,0.00875,0.00875,0.00875,0.00875,0.0,0.00875,0.00875,0.00875,0.0,0.0,0.0,0.0,0.0,1.0,0.0,1.0,1.0,1.0,188.80156249999996,3.4809342861069267e-14,188.8015625,188.8015625,188.8015625,40716.75504078487,19.66659414940882,40737.24143708415,40714.99745401209,40698.026231258365,40716.72331508996,19.666627565955938,40737.20974851387,40714.965719981265,40697.994476774744,0.45919338914168467,0.0002462078438877077,0.4594233036057676,0.4592232518212436,0.4589336119980429,15.374270833333334,0.0018310828990875687,15.3721875,15.375,15.375625,0.2153846174478531,0.0,0.2153846174478531,0.2153846174478531,0.2153846174478531,11.2397726145961,0.025029463687250276,11.265278812497854,11.238790218849317,11.215248812441132
victim,cicids2018_distrinet,mlp-s42,prim_hybrid_unbounded_targeted,Hybrid Search unbounded,targeted,unbounded,ALL,3200,0,0.2460416666666667,0.00047735163489122314,0.2465625,0.2459375,0.245625,0.24052083333333332,0.0007864410870073677,0.24125,0.240625,0.2396875,0.5520833333333336,0.03608439182435244,0.5312499999999998,0.5312499999999998,0.5937500000000012,0.9410416666666667,0.0009547032697825069,0.941875,0.94125,0.94,192.8690625,0.0,192.8690625,192.8690625,192.8690625,1275.8518706287616,2.8276694012691888,1273.5361971976272,1275.0162288109284,1279.003185877729,1229.6503350987898,3.0328399088319102,1227.1314279067724,1228.8027889721823,1233.016788417415,0.3636903737027694,0.0002982096389729989,0.36403460124188924,0.3635259761343482,0.36351054373207065,8.218541666666667,0.008684651811288958,8.2253125,8.20875,8.2215625,0.6000000735123953,1.7206378853011898e-08,0.6000000536441803,0.6000000834465027,0.6000000834465027,3.5314852396792653,0.08593233869970869,3.5895358751440654,3.5721518126229057,3.4327680312708253
victim,cicids2018_distrinet,cnn-s42,prim_hybrid_unbounded_targeted,Hybrid Search unbounded,targeted,unbounded,ALL,3200,0,0.4585416666666667,0.0001804219591217542,0.45875,0.4584375,0.4584375,0.22677083333333334,0.001262953713852307,0.2265625,0.228125,0.225625,23.177083333333332,0.1301041249666333,23.21875,23.03125,23.28125,0.4595833333333334,0.0015728821740147354,0.459375,0.46125,0.458125,192.805625,0.0,192.805625,192.805625,192.805625,2719.249385103248,5.55476850917679,2718.352341858703,2725.1980829275712,2714.19773052347,2713.2938022307803,5.6006979950194555,2712.4066260948284,2719.2851382120325,2708.1896423854796,0.26220373608029707,0.0011516015357897673,0.2610090410964258,0.26330676530896835,0.2622954018354971,12.334270833333335,0.0125247151497882,12.3434375,12.32,12.339375,0.40058604379494983,0.0010151247341754562,0.3999999165534973,0.40175820887088776,0.4000000059604645,2.985937593766721,0.04082749828125384,3.022174906291184,2.9417032812489197,2.993934593760059
victim,cicids2018_distrinet,ft_transformer-s42,prim_hybrid_unbounded_targeted,Hybrid Search unbounded,targeted,unbounded,ALL,3200,0,0.0078125,0.0,0.0078125,0.0078125,0.0078125,0.0009375,0.0,0.0009375,0.0009375,0.0009375,0.6875,0.0,0.6875,0.6875,0.6875,0.23906250000000004,3.3993498887762956e-17,0.2390625,0.2390625,0.2390625,192.8690625,0.0,192.8690625,192.8690625,192.8690625,1173.1226613870833,3.1045403136576217,1171.231763958495,1171.430582709094,1176.7056374936606,1121.7112252982581,3.096290142312239,1119.802285953337,1120.0476851200037,1125.2837048214333,0.4839822736893791,0.00015079609282938605,0.48406454958247125,0.48380823551832414,0.48407403596734205,15.343645833333333,0.004553644373831559,15.339375,15.3484375,15.343125,0.30000001192092896,0.0,0.30000001192092896,0.30000001192092896,0.30000001192092896,12.812350687527214,0.12754338115705965,12.666456843799097,12.867874812582158,12.902720406200388
victim,cicids2017_distrinet,mlp,prim_pgd_p50_targeted,Prim-PGD p50,targeted,p50,ALL,3200,0,0.063125,0.0,0.063125,0.063125,0.063125,0.063125,0.0,0.063125,0.063125,0.063125,0.0,0.0,0.0,0.0,0.0,1.0,0.0,1.0,1.0,1.0,190.63,0.0,190.63,190.63,190.63,2315.2779421067767,0.9365322011257022,2314.2118986242363,2315.9683043506043,2315.65362334549,2315.233761430271,0.9365858882763386,2314.1676634281544,2315.9241934467113,2315.609427415947,0.02170862487080048,1.4678113580176403e-05,0.021719180804647065,0.02169186316695306,0.0217148306408013,14.917499999999999,0.012464794171987443,14.9253125,14.903125,14.9240625,1.4933717449506123,0.005795595588604679,1.499999463558197,1.489255428314209,1.4908603429794312,3.277259885435342,0.20320685411773695,3.045698093774263,3.3602173438703176,3.425864218661445
victim,cicids2017_distrinet,cnn,prim_pgd_p50_targeted,Prim-PGD p50,targeted,p50,ALL,3200,0,0.130625,0.0,0.130625,0.130625,0.130625,0.130625,0.0,0.130625,0.130625,0.130625,0.0,0.0,0.0,0.0,0.0,1.0,0.0,1.0,1.0,1.0,190.55125,0.0,190.55125,190.55125,190.55125,2067.3511716223043,6.34339679320011,2060.026568815325,2070.977029014315,2071.049917037273,2067.3031636938276,6.343898768634996,2059.9779810149093,2070.9293458717525,2071.0021641948215,0.020889420539119782,6.270886306014832e-05,0.020940732970661746,0.020819518676294713,0.02090800997040289,14.777291666666665,0.010501735967607466,14.775,14.78875,14.768125,1.3610735336939495,0.010287017205037144,1.3705164194107056,1.3625928163528442,1.3501113653182983,2.9107196979263485,0.04117313056453143,2.9102945625345455,2.9521037499944214,2.869760781250079
victim,cicids2017_distrinet,ft_transformer,prim_pgd_p50_targeted,Prim-PGD p50,targeted,p50,ALL,3200,0,0.0015625000000000003,2.655742100606481e-19,0.0015625,0.0015625,0.0015625,0.0015625000000000003,2.655742100606481e-19,0.0015625,0.0015625,0.0015625,0.0,0.0,0.0,0.0,0.0,1.0,0.0,1.0,1.0,1.0,190.63,0.0,190.63,190.63,190.63,2283.243209379221,0.11740237049108274,2283.2509231725526,2283.122140326013,2283.356564639097,2283.198868519403,0.11731393835862644,2283.2063376918527,2283.077998461478,2283.312269404878,0.02232910559583225,1.74903953356516e-05,0.02231519896499853,0.022323375530661185,0.022348742291837045,14.93,0.0027063293868259605,14.926875,14.9315625,14.9315625,0.315682848294576,0.001764204436557016,0.31670141220092773,0.31364572048187256,0.31670141220092773,13.751484833313347,0.0885472339255462,13.698716906219488,13.702025062520988,13.853712531199562
victim,cicids2018_distrinet,mlp-s42,prim_pgd_p50_targeted,Prim-PGD p50,targeted,p50,ALL,3200,0,0.010937499999999998,2.1245936804851847e-18,0.0109375,0.0109375,0.0109375,0.0009375,0.0,0.0009375,0.0009375,0.0009375,0.9999999999999999,0.0,0.9999999999999999,0.9999999999999999,0.9999999999999999,0.7504166666666666,0.0010045469542701298,0.75,0.7496875,0.7515625,197.4025,0.0,197.4025,197.4025,197.4025,303.58587760327396,4.763435078490383,306.1767791969613,298.08855395663295,306.4922996562276,303.21759497129034,4.765489976759673,305.8107390426175,297.7178577488179,306.1241881224358,0.02198023908567733,3.426449300779722e-05,0.02201482172108897,0.021979593682697668,0.02194630185324535,8.821875,0.027879133662113958,8.8384375,8.8375,8.7896875,0.8015632232030233,0.0893099159131045,0.7500001192092896,0.7500001192092896,0.9046894311904907,3.1980107917479472,0.10151094913268748,3.1593941562459804,3.1214752813684754,3.313162937629386
victim,cicids2018_distrinet,cnn-s42,prim_pgd_p50_targeted,Prim-PGD p50,targeted,p50,ALL,3200,0,0.139375,0.0005412658773652786,0.1390625,0.14,0.1390625,0.0,0.0,0.0,0.0,0.0,13.9375,0.05412658773652844,13.90625,14.000000000000002,13.90625,0.2370833333333333,0.0001804219591217542,0.236875,0.2371875,0.2371875,197.4025,0.0,197.4025,197.4025,197.4025,305.0793911317604,5.63429362979021,300.6709324590343,311.427215984682,303.1400249515649,303.4937706130186,5.630291955201455,299.09360339079643,309.83862005746306,301.54908839079644,0.04162728872440802,8.710842497903661e-05,0.04155886013555855,0.04172534676459834,0.04159765927306716,13.6878125,0.006273393718714511,13.681875,13.694375,13.6871875,,,,,,2.9554302395990817,0.055316074356382895,3.017582312459126,2.9371099062700523,2.9115985000680666
victim,cicids2018_distrinet,ft_transformer-s42,prim_pgd_p50_targeted,Prim-PGD p50,targeted,p50,ALL,3200,0,0.0034375,0.0,0.0034375,0.0034375,0.0034375,0.0,0.0,0.0,0.0,0.0,0.34375,0.0,0.34375,0.34375,0.34375,0.238125,0.0,0.238125,0.238125,0.238125,197.4025,0.0,197.4025,197.4025,197.4025,372.3061720645765,2.601346714362054,373.9405472592591,373.67155589117016,369.30641304330044,370.4401585901757,2.6070505747055597,372.07802178225654,371.80863775165034,367.4338162366202,0.043797575582039054,2.64476364232376e-05,0.04381239229472255,0.04381329353628323,0.043767040915111376,14.507083333333332,0.014308041518088555,14.5234375,14.5009375,14.496875,,,,,,13.868735677048486,0.10096550102177641,13.973706312463037,13.860181062409538,13.772319656272884
victim,cicids2017_distrinet,mlp,prim_pgd_p75_targeted,Prim-PGD p75,targeted,p75,ALL,3200,0,0.11062500000000001,1.6996749443881478e-17,0.110625,0.110625,0.110625,0.11062500000000001,1.6996749443881478e-17,0.110625,0.110625,0.110625,0.0,0.0,0.0,0.0,0.0,1.0,0.0,1.0,1.0,1.0,190.63,0.0,190.63,190.63,190.63,3425.687259911856,5.326652517651634,3422.3088025152074,3422.9253374941122,3431.827639726249,3425.602946856579,5.326509488146588,3422.224855048107,3422.840804702839,3431.7431808187907,0.03830075055005525,3.594590021842847e-05,0.03827470284652779,0.03834176092711639,0.038285787876521586,15.034791666666665,0.0045536443738324935,15.0390625,15.0353125,15.03,1.3296465078989665,0.011961403364579133,1.316666841506958,1.332047164440155,1.3402255177497864,3.021019541605104,0.030348083993123273,2.9880724999384256,3.0478311249316903,3.0271549999451963
victim,cicids2017_distrinet,cnn,prim_pgd_p75_targeted,Prim-PGD p75,targeted,p75,ALL,3200,0,0.36104166666666665,0.0012629537138523115,0.3603125,0.3625,0.3603125,0.36104166666666665,0.0012629537138523115,0.3603125,0.3625,0.3603125,0.0,0.0,0.0,0.0,0.0,1.0,0.0,1.0,1.0,1.0,190.55125,0.0,190.55125,190.55125,190.55125,2867.9665150188266,12.677147525430668,2858.3498666247174,2882.332565128963,2863.2171133028,2867.883551386542,12.677042075096447,2858.266575500515,2882.249378231125,2863.134700427987,0.0347928197995101,2.244527278644691e-05,0.034805741478300824,0.0348058156539084,0.034766902266321086,14.871666666666664,0.02295616860635327,14.8921875,14.8759375,14.846875,1.5763062238693237,0.004578134652774926,1.5747675895690918,1.5726956129074097,1.5814554691314697,3.1356149270868627,0.10758489489388347,3.0117464062641375,3.2057315936981468,3.189366781298304
victim,cicids2017_distrinet,ft_transformer,prim_pgd_p75_targeted,Prim-PGD p75,targeted,p75,ALL,3200,0,0.004375,0.0,0.004375,0.004375,0.004375,0.004375,0.0,0.004375,0.004375,0.004375,0.0,0.0,0.0,0.0,0.0,1.0,0.0,1.0,1.0,1.0,190.63,0.0,190.63,190.63,190.63,3307.3630734701014,1.9006159917355037,3309.054817245945,3307.7279217792984,3305.3064813850606,3307.2819149240336,1.9006111787656916,3308.9734273187555,3307.6471138111933,3305.2252036421523,0.03420620727543406,1.489192523480768e-05,0.03421044518597042,0.03418965573471096,0.03421852090562079,14.984895833333333,0.0032824898451223163,14.988125,14.9815625,14.985,0.20512820780277252,0.0,0.20512820780277252,0.20512820780277252,0.20512820780277252,13.706899489552598,0.05532979440413579,13.694700687483419,13.76731074997224,13.658687031202135
victim,cicids2018_distrinet,mlp-s42,prim_pgd_p75_targeted,Prim-PGD p75,targeted,p75,ALL,3200,0,0.013125,0.0,0.013125,0.013125,0.013125,0.0026041666666666665,0.00018042195912175795,0.0028125,0.0025,0.0025,1.0520833333333333,0.018042195912175932,1.0312499999999998,1.0625,1.0625,0.7522916666666667,0.0010974639325888299,0.75125,0.7521875,0.7534375,197.4025,0.0,197.4025,197.4025,197.4025,372.8710943288257,4.755203932081875,374.9714216422275,367.4273634064373,376.21449793781227,372.4005336794271,4.760835220780152,374.5067903145093,366.94987034328756,375.74494038048454,0.02317141573116412,4.8004071454530054e-05,0.023204576613623015,0.023193301610035806,0.023116368969833552,8.804270833333332,0.03137682597608233,8.8321875,8.8103125,8.7703125,0.926800012588501,0.020175690183134753,0.9500000476837158,0.9170377254486084,0.9133622646331787,3.011936812545173,0.03129502251383205,2.9865012188383844,3.0468841249967227,3.0024250938004116
victim,cicids2018_distrinet,cnn-s42,prim_pgd_p75_targeted,Prim-PGD p75,targeted,p75,ALL,3200,0,0.15010416666666668,0.0001804219591217542,0.15,0.1503125,0.15,0.0,0.0,0.0,0.0,0.0,15.010416666666666,0.01804219591217478,15.0,15.031249999999998,15.0,0.2370833333333333,0.0001804219591217542,0.236875,0.2371875,0.2371875,197.4025,0.0,197.4025,197.4025,197.4025,348.5615495776315,7.579156157768149,343.995434997115,344.3788079000878,357.31040583569194,346.30329899359486,7.579191006039462,341.7290092696535,342.128939274811,355.0519484363202,0.04284748684431611,0.0001256196597701264,0.0427859448116601,0.04276450491526165,0.04299201080602659,13.631458333333333,0.0050032541493844175,13.6265625,13.63125,13.6365625,,,,,,2.9658458229581206,0.04074652781640174,2.994324437531759,2.9191718750371365,2.984041156305466
victim,cicids2018_distrinet,ft_transformer-s42,prim_pgd_p75_targeted,Prim-PGD p75,targeted,p75,ALL,3200,0,0.0032291666666666666,0.00018042195912175795,0.003125,0.003125,0.0034375,0.0,0.0,0.0,0.0,0.0,0.3229166666666667,0.018042195912175804,0.3125,0.3125,0.34375,0.238125,0.0,0.238125,0.238125,0.238125,197.4025,0.0,197.4025,197.4025,197.4025,420.233843933145,2.364182642428305,420.446945615343,422.4842615520689,417.7703246320232,418.1908803217396,2.3961588408216845,418.40086092393517,420.47513850091224,415.69664154037156,0.04489316603492882,4.395315606058393e-05,0.0448426879365481,0.044913838781940656,0.044922971386297715,14.601458333333333,0.02851352018487627,14.606875,14.570625,14.626875,,,,,,13.861701822946392,0.01518560193857796,13.861234968790086,13.846755031263456,13.877115468785632
victim,cicids2017_distrinet,mlp,prim_pgd_unbounded_targeted,Prim-PGD unbounded,targeted,unbounded,ALL,3200,0,0.42010416666666667,0.0003608439182435084,0.4203125,0.4203125,0.4196875,0.42010416666666667,0.0003608439182435084,0.4203125,0.4203125,0.4196875,0.0,0.0,0.0,0.0,0.0,1.0,0.0,1.0,1.0,1.0,190.63,0.0,190.63,190.63,190.63,12375.787176023669,61.1131610206519,12432.918097275342,12311.348858979121,12383.094571816546,12375.751876917655,61.1129583803068,12432.88269650605,12311.313834492694,12383.059099754226,0.10579904981740136,0.0005808202439553254,0.10613674796263205,0.10512838192507204,0.10613201956450002,15.411666666666667,0.0017211157960271156,15.4134375,15.4115625,15.41,0.5948718786239624,0.0,0.5948718786239624,0.5948718786239624,0.5948718786239624,3.3601087708666455,0.03667886188419496,3.3360420938697644,3.4023238124791533,3.341960406251019
victim,cicids2017_distrinet,cnn,prim_pgd_unbounded_targeted,Prim-PGD unbounded,targeted,unbounded,ALL,3200,0,0.7051041666666666,0.00018042195912178625,0.705,0.7053125,0.705,0.7051041666666666,0.00018042195912178625,0.705,0.7053125,0.705,0.0,0.0,0.0,0.0,0.0,1.0,0.0,1.0,1.0,1.0,190.55125,0.0,190.55125,190.55125,190.55125,12134.810619524244,102.90179025583873,12017.031988895042,12207.298613568375,12180.101256109318,12134.758334040045,102.90141038085439,12016.98001150268,12207.245300778073,12180.049689839383,0.19952806195363645,0.002458734302023267,0.19917087399570385,0.19726745792096512,0.2021458539442403,14.193125,0.017196020615247345,14.1925,14.210625,14.17625,0.5948718587557474,3.44127577060238e-08,0.5948718190193176,0.5948718786239624,0.5948718786239624,2.948140072864286,0.04761092269329534,2.9928935936186463,2.9534154687280534,2.8981111562461592
victim,cicids2017_distrinet,ft_transformer,prim_pgd_unbounded_targeted,Prim-PGD unbounded,targeted,unbounded,ALL,3200,0,0.00875,0.0,0.00875,0.00875,0.00875,0.00875,0.0,0.00875,0.00875,0.00875,0.0,0.0,0.0,0.0,0.0,1.0,0.0,1.0,1.0,1.0,190.63,0.0,190.63,190.63,190.63,40643.21257639034,90.78752278035745,40655.545761416186,40546.888933665396,40727.203034089434,40643.18333685024,90.78777521432121,40655.51689365218,40546.85929218178,40727.17382471675,0.4587020997957921,0.00044231357838165307,0.4587866835311783,0.4582236021333164,0.4590960137228815,15.408020833333332,0.0013010412496661454,15.4084375,15.4065625,15.4090625,0.20384615659713745,0.0,0.20384615659713745,0.20384615659713745,0.20384615659713745,13.736986229171938,0.05190759998888176,13.748676093746326,13.782052093738457,13.68023050003103
victim,cicids2018_distrinet,mlp-s42,prim_pgd_unbounded_targeted,Prim-PGD unbounded,targeted,unbounded,ALL,3200,0,0.24749999999999997,3.3993498887762956e-17,0.2475,0.2475,0.2475,0.24166666666666667,0.0004773516348912353,0.24125,0.2415625,0.2421875,0.5833333333333329,0.04773516348912353,0.6250000000000006,0.5937499999999984,0.5312499999999998,0.9483333333333333,0.0015415258944738394,0.9465625,0.9490625,0.949375,197.4025,0.0,197.4025,197.4025,197.4025,1223.2423565993115,6.980609289281937,1228.0202352382723,1215.231334673436,1226.4754998862265,1179.2544029908524,6.702335272247933,1183.983357635343,1171.5843588676535,1182.1954924695608,0.35043437073825184,0.0006578339848638744,0.3507495651781959,0.3496782462420316,0.3508753007945281,8.215312500000001,0.01787270527228615,8.2359375,8.205625,8.204375,0.6000000834465027,0.0,0.6000000834465027,0.6000000834465027,0.6000000834465027,3.5211602813069476,0.13143945267434184,3.6683743750472786,3.4795272500196006,3.4155792188539635
victim,cicids2018_distrinet,cnn-s42,prim_pgd_unbounded_targeted,Prim-PGD unbounded,targeted,unbounded,ALL,3200,0,0.4585416666666667,0.0001804219591217542,0.4584375,0.45875,0.4584375,0.25104166666666666,0.00047735163489125344,0.2509375,0.2515625,0.250625,20.75,0.031250000000001776,20.75,20.718749999999996,20.78125,0.4838541666666667,0.00047735163489122314,0.48375,0.484375,0.4834375,197.4025,0.0,197.4025,197.4025,197.4025,1243.9594082152569,22.262066509568754,1266.0839474351899,1221.562317102254,1244.2319601083266,1233.802453026986,22.28894711170198,1255.9571634464596,1211.381651779109,1234.06854385539,0.1141569451575181,0.0003156936664121363,0.11451836675423921,0.11393508447361199,0.11401738424470312,12.408854166666666,0.017372114568564884,12.393125,12.4275,12.4059375,0.10000000149011612,0.0,0.10000000149011612,0.10000000149011612,0.10000000149011612,2.949422458332265,0.025320843654444716,2.948396499923547,2.9752406875923043,2.9246301874809433
victim,cicids2018_distrinet,ft_transformer-s42,prim_pgd_unbounded_targeted,Prim-PGD unbounded,targeted,unbounded,ALL,3200,0,0.0077083333333333335,0.00018042195912175822,0.0075,0.0078125,0.0078125,0.0009375,0.0,0.0009375,0.0009375,0.0009375,0.6770833333333334,0.018042195912175808,0.65625,0.6875,0.6875,0.23906250000000004,3.3993498887762956e-17,0.2390625,0.2390625,0.2390625,197.4025,0.0,197.4025,197.4025,197.4025,1337.3601655118935,9.324375572239745,1329.3862457971084,1335.0816299300727,1347.6126208084993,1285.8157896944704,9.349273360064453,1277.790071043939,1283.5756663340014,1296.0816317054705,0.4866745440696673,0.00013967935162812747,0.4865705496400385,0.4866197742941435,0.48683330827481996,15.580520833333333,0.010708921027971014,15.571875,15.5925,15.5771875,0.04999999329447746,0.0,0.04999999329447746,0.04999999329447746,0.04999999329447746,13.955927552112067,0.04182897057432156,13.936144687468186,13.927659562541521,14.003978406326496
class,cicids2017_distrinet,mlp,prim_hybrid_p50_targeted,Hybrid Search p50,targeted,p50,DoS,800,0,0.145,0.0,0.145,0.145,0.145,0.145,0.0,0.145,0.145,0.145,0.0,0.0,0.0,0.0,0.0,1.0,0.0,1.0,1.0,1.0,252.04125,0.0,252.04125,252.04125,252.04125,1403.5902494709837,3.942629946954111,1405.6344991575536,1406.090923701282,1399.0453255541156,1403.4185917057882,3.9421406104763377,1405.4623188253183,1405.9192069874696,1398.8742493045763,0.03899757001254831,0.0001930128553906025,0.03920497895745158,0.038964506247388016,0.03882322483280535,19.54625,0.011110243021643774,19.55875,19.5425,19.5375,1.588957130908966,0.00762237211415702,1.5904289484024048,1.5957362651824951,1.5807061791419983,2.892320875059037,0.13641574874902992,3.0314189998898655,2.758755875111092,2.886787750176154
class,cicids2017_distrinet,mlp,prim_hybrid_p50_targeted,Hybrid Search p50,targeted,p50,DDoS,800,0,0.09875,0.0,0.09875,0.09875,0.09875,0.09875,0.0,0.09875,0.09875,0.09875,0.0,0.0,0.0,0.0,0.0,1.0,0.0,1.0,1.0,1.0,244.92,0.0,244.92,244.92,244.92,5941.0184102008325,11.486703771925592,5951.561743932756,5928.7773137379145,5942.716172931828,5941.016094118638,11.48670334637744,5951.559427451972,5928.774998104145,5942.713856799798,0.028207429310941754,0.000106632534482644,0.028305745074576203,0.028094076371869912,0.02822246648637915,19.58,0.03520031960082203,19.55375,19.62,19.56625,1.4516002734502156,0.018051997903082206,1.451780080795288,1.4334590435028076,1.4695616960525513,3.605963374914912,0.47578668316869005,3.1091537498286925,3.651247250090819,4.057489124825224
class,cicids2017_distrinet,mlp,prim_hybrid_p50_targeted,Hybrid Search p50,targeted,p50,Recon,800,0,0.0,0.0,0.0,0.0,0.0,0.0,0.0,0.0,0.0,0.0,0.0,0.0,0.0,0.0,0.0,1.0,0.0,1.0,1.0,1.0,3.8575,0.0,3.8575,3.8575,3.8575,5.048520730335164,0.0,5.048520730335164,5.048520730335164,5.048520730335164,5.04788877369822,0.0,5.04788877369822,5.04788877369822,5.04788877369822,3.659414191484622e-05,0.0,3.659414191484622e-05,3.659414191484622e-05,3.659414191484622e-05,0.15125,0.0,0.15125,0.15125,0.15125,,,,,,3.104190750066967,0.07578596428887178,3.0305403750389814,3.1819454999640584,3.1000863751978613
class,cicids2017_distrinet,mlp,prim_hybrid_p50_targeted,Hybrid Search p50,targeted,p50,BruteForce,800,0,0.00875,0.0,0.00875,0.00875,0.00875,0.00875,0.0,0.00875,0.00875,0.00875,0.0,0.0,0.0,0.0,0.0,1.0,0.0,1.0,1.0,1.0,254.37875,0.0,254.37875,254.37875,254.37875,1948.5714933110667,0.8887686673481134,1947.8576255462033,1948.2899098838059,1949.5669445031904,1948.5673618131132,0.8887698905622671,1947.8534940594898,1948.2857766681855,1949.5628147116638,0.019946215141607975,4.993670647593642e-06,0.01994132523619112,0.019951306481532458,0.01994601370710034,20.37,0.0,20.37,20.37,20.37,0.8779932459195455,0.12201692602146029,0.7371938824653625,0.9528409242630005,0.9439449310302734,3.3828087500296533,0.29874245144035627,3.3058735000668094,3.1300586252473295,3.712494124774821
class,cicids2017_distrinet,cnn,prim_hybrid_p50_targeted,Hybrid Search p50,targeted,p50,DoS,800,0,0.23416666666666666,0.0014433756729740495,0.2325,0.235,0.235,0.23416666666666666,0.0014433756729740495,0.2325,0.235,0.235,0.0,0.0,0.0,0.0,0.0,1.0,0.0,1.0,1.0,1.0,251.97124999999997,3.4809342861069267e-14,251.97125,251.97125,251.97125,1306.699584979787,14.11536855008521,1303.8961872728087,1294.1962721368725,1322.0062955296794,1306.5111892801376,14.115336124754315,1303.7084346700865,1294.0074905745234,1321.8176425958031,0.038951382809911374,0.0002679848284278968,0.03871332301306103,0.03889920663919701,0.039241618777476076,19.283333333333335,0.050764981368392526,19.225,19.3175,19.3075,1.6583916942278545,0.028873315740747536,1.6472018957138062,1.6367880702018738,1.6911851167678833,3.048751624980165,0.07784212016821923,3.1381613749545068,2.996058124990668,3.012035374995321
class,cicids2017_distrinet,cnn,prim_hybrid_p50_targeted,Hybrid Search p50,targeted,p50,DDoS,800,0,0.28125,0.0,0.28125,0.28125,0.28125,0.28125,0.0,0.28125,0.28125,0.28125,0.0,0.0,0.0,0.0,0.0,1.0,0.0,1.0,1.0,1.0,244.92,0.0,244.92,244.92,244.92,5089.717860398555,24.054205509935223,5078.04476251747,5117.3812023263445,5073.727616351849,5089.715541582406,24.054205935463862,5078.04244375632,5117.378883973711,5073.7252970171885,0.025410699957084712,0.00015394763584663815,0.025328275350838703,0.02558831062088944,0.02531551389952599,19.406666666666666,0.0311832620701126,19.43,19.41875,19.37125,1.2560218969980876,0.03254175216755064,1.2484264373779297,1.2916896343231201,1.227949619293213,2.8656619583489373,0.129129335821959,2.7997148750000633,3.0144483750336803,2.7828226250130683
class,cicids2017_distrinet,cnn,prim_hybrid_p50_targeted,Hybrid Search p50,targeted,p50,Recon,800,0,0.0,0.0,0.0,0.0,0.0,0.0,0.0,0.0,0.0,0.0,0.0,0.0,0.0,0.0,0.0,1.0,0.0,1.0,1.0,1.0,3.5400000000000005,5.438959822042073e-16,3.54,3.54,3.54,0.04340966684777891,0.009773263455491824,0.032124485668653016,0.04906614578422053,0.049038369090463184,0.04281443274352639,0.00970682451913183,0.031605968225444155,0.04843225195908925,0.048405078046045776,1.2039478252718907e-05,1.658732115271449e-06,1.0124150929220692e-05,1.3002900658147592e-05,1.2991383170788438e-05,0.12333333333333334,0.00721687836487032,0.115,0.1275,0.1275,,,,,,2.7173246251186356,0.1279353404490811,2.5764327502110973,2.7493055001832545,2.826235624961555
class,cicids2017_distrinet,cnn,prim_hybrid_p50_targeted,Hybrid Search p50,targeted,p50,BruteForce,800,0,0.00875,0.0,0.00875,0.00875,0.00875,0.00875,0.0,0.00875,0.00875,0.00875,0.0,0.0,0.0,0.0,0.0,1.0,0.0,1.0,1.0,1.0,254.3925,0.0,254.3925,254.3925,254.3925,1954.051940714985,0.45544808402754555,1954.1141149204384,1954.4731076706996,1953.5685995538172,1954.04960376632,0.45544942077883316,1954.1117776793635,1954.4707722445808,1953.5662613750155,0.019984055788167743,7.363831680478329e-06,0.019992558219345757,0.01997989126205782,0.019979717883099657,20.378333333333334,0.006166103577895823,20.3825,20.38125,20.37125,0.8075021107991537,0.18907859156098145,0.9166666865348816,0.5891729593276978,0.9166666865348816,2.9179919583839364,0.07924420254337276,3.000413375266362,2.842362124938518,2.9112003749469295
class,cicids2017_distrinet,ft_transformer,prim_hybrid_p50_targeted,Hybrid Search p50,targeted,p50,DoS,800,0,0.0025,0.0,0.0025,0.0025,0.0025,0.0025,0.0,0.0025,0.0025,0.0025,0.0,0.0,0.0,0.0,0.0,1.0,0.0,1.0,1.0,1.0,252.25249999999997,3.4809342861069267e-14,252.2525,252.2525,252.2525,1438.7481579245211,0.07058242140804656,1438.7721165050168,1438.6687148067263,1438.8036424618203,1438.576604106345,0.07077818118091117,1438.60048030526,1438.496975562397,1438.6323564513777,0.04242247899447852,2.8715141129340645e-07,0.04242229893012091,0.042422327907281614,0.042422810146033045,19.682916666666667,0.0007216878364863759,19.6825,19.6825,19.68375,0.18510638177394867,0.0,0.18510638177394867,0.18510638177394867,0.18510638177394867,15.21834670837658,0.19438369848525575,15.152190625085495,15.065676124941092,15.437173375103157
class,cicids2017_distrinet,ft_transformer,prim_hybrid_p50_targeted,Hybrid Search p50,targeted,p50,DDoS,800,0,0.0,0.0,0.0,0.0,0.0,0.0,0.0,0.0,0.0,0.0,0.0,0.0,0.0,0.0,0.0,1.0,0.0,1.0,1.0,1.0,244.92,0.0,244.92,244.92,244.92,5751.304671551773,0.5361847635970818,5751.416682419827,5751.776003082876,5750.721329152617,5751.302704752275,0.5361847553684898,5751.4147156218405,5751.774036274014,5750.71936236097,0.027127387175967643,2.6339635642816364e-06,0.027127389785661083,0.02713001983371558,0.027124751908526253,19.507499999999997,0.006495190528383536,19.50375,19.515,19.50375,,,,,,16.800164541540045,0.012428472289779202,16.78837224986637,16.798977374855895,16.813143999897875
class,cicids2017_distrinet,ft_transformer,prim_hybrid_p50_targeted,Hybrid Search p50,targeted,p50,Recon,800,0,0.0,0.0,0.0,0.0,0.0,0.0,0.0,0.0,0.0,0.0,0.0,0.0,0.0,0.0,0.0,1.0,0.0,1.0,1.0,1.0,3.8575,0.0,3.8575,3.8575,3.8575,0.15618751326343697,0.0,0.15618751326343697,0.15618751326343697,0.15618751326343697,0.15560165603977752,0.0,0.15560165603977752,0.15560165603977752,0.15560165603977752,1.520506899812647e-05,0.0,1.520506899812647e-05,1.520506899812647e-05,1.520506899812647e-05,0.15125,0.0,0.15125,0.15125,0.15125,,,,,,3.2498662082556016,0.011482924742738381,3.2399621247895993,3.262453000061214,3.247183499915991
class,cicids2017_distrinet,ft_transformer,prim_hybrid_p50_targeted,Hybrid Search p50,targeted,p50,BruteForce,800,0,0.00375,0.0,0.00375,0.00375,0.00375,0.00375,0.0,0.00375,0.00375,0.00375,0.0,0.0,0.0,0.0,0.0,1.0,0.0,1.0,1.0,1.0,254.05875,0.0,254.05875,254.05875,254.05875,1942.4538098493956,0.009768222421332615,1942.4649820618872,1942.4468804560236,1942.4495670302758,1942.4494953431504,0.00982168440518778,1942.4607299037216,1942.4425349429387,1942.4452211827913,0.01987681753754202,5.339384358113696e-08,0.019876878517353674,0.019876779173662592,0.01987679492160979,20.37125,0.0012499999999988631,20.37125,20.37,20.3725,0.25,0.0,0.25,0.25,0.25,16.78258774996114,0.2271657093076095,16.66641662508482,16.637000874907244,17.044345749891363
class,cicids2018_distrinet,mlp-s42,prim_hybrid_p50_targeted,Hybrid Search p50,targeted,p50,DoS,800,0,0.0,0.0,0.0,0.0,0.0,0.0,0.0,0.0,0.0,0.0,0.0,0.0,0.0,0.0,0.0,1.0,0.0,1.0,1.0,1.0,241.20125,0.0,241.20125,241.20125,241.20125,0.36425880544566747,0.023568604088076896,0.39147327661797904,0.35074386162015453,0.3505592780988689,0.3272694665761872,0.023768265307892063,0.3547145757254584,0.31361708026209956,0.31347674374100365,0.0001489279269505742,7.223235635784699e-07,0.0001496270483207871,0.0001489722867051309,0.00014818444582580457,2.105,0.04688749833377762,2.15875,2.08375,2.0725,,,,,,3.2978490000823513,0.1294811398558753,3.426299749989994,3.1673615000909194,3.2998857501661405
class,cicids2018_distrinet,mlp-s42,prim_hybrid_p50_targeted,Hybrid Search p50,targeted,p50,DDoS,800,0,0.00125,0.0,0.00125,0.00125,0.00125,0.0004166666666666667,0.0007216878364870322,0.0,0.00125,0.0,0.08333333333333333,0.07216878364870323,0.125,0.0,0.125,0.03375,0.002165063509461099,0.035,0.035,0.03125,245.48124999999996,3.4809342861069267e-14,245.48125,245.48125,245.48125,842.9250068817087,0.12167525193099826,842.8518800575001,842.8576750695803,843.0654655180456,841.6749815597387,0.11724066435122471,841.60165,841.6130966666667,841.8101980125497,0.08133859741478484,0.00014514220195509939,0.08122795682696085,0.08128489819653115,0.08150293722086253,19.462083333333332,0.042062701212991785,19.4575,19.4225,19.50625,,,,0.9999996423721313,,3.4316133750447384,0.19905218798174956,3.661396249954123,3.3213745002285577,3.312069374951534
class,cicids2018_distrinet,mlp-s42,prim_hybrid_p50_targeted,Hybrid Search p50,targeted,p50,Recon,800,0,0.0425,0.0,0.0425,0.0425,0.0425,0.006250000000000001,1.0622968402425924e-18,0.00625,0.00625,0.00625,3.6250000000000004,0.0,3.6250000000000004,3.6250000000000004,3.6250000000000004,0.94875,0.0012499999999999734,0.95,0.94875,0.9475,29.2675,0.0,29.2675,29.2675,29.2675,383.84664860971253,1.4165809711466568,382.2109220101695,384.66379324732685,384.6652305716413,383.76230000000004,1.4168724088678921,382.12623666666667,384.58033,384.58033333333333,0.008093416222087629,2.4399531566649765e-05,0.008065242397513805,0.008107620809072437,0.008107385459676642,1.4545833333333336,0.007216878364870297,1.45875,1.44625,1.45875,0.9999999403953552,0.0,0.9999999403953552,0.9999999403953552,0.9999999403953552,3.002240916733475,0.21606854401377143,2.85570625012042,2.900633125100285,3.2503833749797195
class,cicids2018_distrinet,mlp-s42,prim_hybrid_p50_targeted,Hybrid Search p50,targeted,p50,BruteForce,800,0,0.0,0.0,0.0,0.0,0.0,0.0,0.0,0.0,0.0,0.0,0.0,0.0,0.0,0.0,0.0,1.0,0.0,1.0,1.0,1.0,255.47,0.0,255.47,255.47,255.47,0.11992259522045233,3.6691106507385852e-06,0.11992496886873867,0.11992444759329635,0.11991836919932197,0.09535380552398037,1.4515976415772672e-06,0.09535488196585475,0.0953543799981413,0.09535215460794508,0.00020951448502812213,3.201888236243691e-09,0.0002095168356729351,0.00020951578113040595,0.00020951083828102534,11.99125,0.0,11.99125,11.99125,11.99125,,,,,,3.1134453333409815,0.03519358489953543,3.1095842499053106,3.0803414998808876,3.150410250236746
class,cicids2018_distrinet,cnn-s42,prim_hybrid_p50_targeted,Hybrid Search p50,targeted,p50,DoS,800,0,0.0,0.0,0.0,0.0,0.0,0.0,0.0,0.0,0.0,0.0,0.0,0.0,0.0,0.0,0.0,0.006250000000000001,1.0622968402425924e-18,0.00625,0.00625,0.00625,240.9475,0.0,240.9475,240.9475,240.9475,48.128868868218596,0.021944882720228282,48.14883489738964,48.1053730398269,48.132398667439254,48.065183333333344,0.0220203504362075,48.08560000000001,48.041850000000004,48.0681,0.07247361300030182,3.318431392983809e-05,0.07250440284906047,0.07243846490906099,0.07247797124278402,13.11125,0.048717938174762,13.07,13.165,13.09875,,,,,,3.3969488333483846,0.3399154160249077,3.7730290001491085,3.1116191248293035,3.3061983750667423
class,cicids2018_distrinet,cnn-s42,prim_hybrid_p50_targeted,Hybrid Search p50,targeted,p50,DDoS,800,0,0.5220833333333333,0.0007216878364870169,0.52125,0.5225,0.5225,0.0,0.0,0.0,0.0,0.0,52.208333333333336,0.07216878364870323,52.125,52.25,52.25,0.00125,0.0,0.00125,0.00125,0.00125,245.48124999999996,3.4809342861069267e-14,245.48125,245.48125,245.48125,624.0183759107482,25.75692495228881,653.7147939112983,610.5883528821614,607.7519809387851,618.4208811111112,25.726282456208207,648.0806233333334,605.0285,602.15352,0.0812517055202252,0.0004648649377079328,0.08178739059279826,0.08101353683736223,0.08095418913051512,19.84166666666667,0.0031457643480285007,19.845,19.83875,19.84125,,,,,,2.7222038750187494,0.01783557795232222,2.733772124920506,2.7311757500865497,2.7016637500491925
class,cicids2018_distrinet,cnn-s42,prim_hybrid_p50_targeted,Hybrid Search p50,targeted,p50,Recon,800,0,0.04,0.0,0.04,0.04,0.04,0.0,0.0,0.0,0.0,0.0,4.0,0.0,4.0,4.0,4.0,0.9400000000000001,0.0012500000000000289,0.94,0.94125,0.93875,29.2675,0.0,29.2675,29.2675,29.2675,609.3345978866124,5.413547112718289,611.7892918116836,613.0859405752084,603.1285612729453,608.961377024755,5.449550818921135,611.4327202298523,612.737386896519,602.7140239478937,0.009098157431353447,4.011764920569709e-05,0.009111515935918049,0.00912989156924488,0.009053064788897412,1.7704166666666667,0.003145764348029412,1.77,1.7675,1.77375,,,,,,2.7795322917518206,0.0696653406699428,2.7157211251324043,2.853856750007253,2.7690190001158044
class,cicids2018_distrinet,cnn-s42,prim_hybrid_p50_targeted,Hybrid Search p50,targeted,p50,BruteForce,800,0,0.0,0.0,0.0,0.0,0.0,0.0,0.0,0.0,0.0,0.0,0.0,0.0,0.0,0.0,0.0,0.00125,0.0,0.00125,0.00125,0.00125,255.47,0.0,255.47,255.47,255.47,3.4486215692249043,0.0022790006750204664,3.4505436494680364,3.4492171439339763,3.4461039142726992,3.1165744444444443,0.0008224241493789763,3.11638,3.1174766666666667,3.1158666666666663,0.00469740075863613,7.515037645012995e-09,0.004697408951332414,0.004697399139299594,0.004697394185276381,20.153333333333332,0.010180659769058966,20.14875,20.165,20.14625,,,,,,3.0498656666410775,0.06022837223134556,3.085439125134144,2.9803261248162016,3.0838317499728873
class,cicids2018_distrinet,ft_transformer-s42,prim_hybrid_p50_targeted,Hybrid Search p50,targeted,p50,DoS,800,0,0.0,0.0,0.0,0.0,0.0,0.0,0.0,0.0,0.0,0.0,0.0,0.0,0.0,0.0,0.0,0.00875,0.0,0.00875,0.00875,0.00875,241.20125,0.0,241.20125,241.20125,241.20125,50.04633570111676,0.0007228680030169683,50.046317419087636,50.04706753672473,50.04562214753791,49.75463,0.0,49.75463,49.75463,49.75463,0.07470320426647153,5.166824495948227e-09,0.07470320171660191,0.07470321021256242,0.07470320087025027,18.147916666666667,0.07111097547730232,18.12,18.22875,18.095,,,,,,15.158081958361436,0.19432795407083026,15.340941375179682,15.179280749871396,14.95402375003323
class,cicids2018_distrinet,ft_transformer-s42,prim_hybrid_p50_targeted,Hybrid Search p50,targeted,p50,DDoS,800,0,0.00125,0.0,0.00125,0.00125,0.00125,0.0,0.0,0.0,0.0,0.0,0.125,0.0,0.125,0.125,0.125,0.00125,0.0,0.00125,0.00125,0.00125,245.48124999999996,3.4809342861069267e-14,245.48125,245.48125,245.48125,197.77852354496932,0.027188388496961504,197.74807351871476,197.8003671225092,197.7871299936841,190.96710888888887,0.036811561036252625,190.95494333333332,191.00846333333334,190.93792000000002,0.07863139047632385,7.507405632080548e-08,0.07863136938953995,0.07863147383883823,0.07863132820059338,18.25166666666667,0.019418633662884183,18.2675,18.23,18.2575,,,,,,14.66697562505336,0.04588047047734464,14.660994999867398,14.715553125133738,14.62437875015894
class,cicids2018_distrinet,ft_transformer-s42,prim_hybrid_p50_targeted,Hybrid Search p50,targeted,p50,Recon,800,0,0.012500000000000002,2.1245936804851847e-18,0.0125,0.0125,0.0125,0.0,0.0,0.0,0.0,0.0,1.25,0.0,1.25,1.25,1.25,0.94125,0.0,0.94125,0.94125,0.94125,29.2675,0.0,29.2675,29.2675,29.2675,729.7345945003264,0.008310142997381533,729.7250012182715,729.7395787078701,729.7392035748376,729.6617522222223,0.008337905634535313,729.6521333333334,729.6662033333334,729.66692,0.010035488357066545,1.6263005500194023e-05,0.01002614132080855,0.010054267194503985,0.010026056555887097,1.6987499999999998,2.7194799110210365e-16,1.69875,1.69875,1.69875,,,,,,3.765506541725093,0.0107746337828908,3.775895500148181,3.7543837499106303,3.7662403751164675
class,cicids2018_distrinet,ft_transformer-s42,prim_hybrid_p50_targeted,Hybrid Search p50,targeted,p50,BruteForce,800,0,0.0,0.0,0.0,0.0,0.0,0.0,0.0,0.0,0.0,0.0,0.0,0.0,0.0,0.0,0.0,0.00125,0.0,0.00125,0.00125,0.00125,255.47,0.0,255.47,255.47,255.47,3.157363172602656,0.0010021135070114279,3.1574185816492464,3.156334504114424,3.1583364320442975,3.0984532461025,0.0004456736527327487,3.0987096518351938,3.0979386275533427,3.098711458918962,0.004665214333403634,1.7546915396207385e-08,0.004665194507018445,0.004665220629957226,0.004665227863235231,18.10291666666667,0.033757715167548004,18.13625,18.06875,18.10375,,,,,,17.333900999995723,0.27214806748437814,17.141077499836683,17.645205500011798,17.215420000138693
class,cicids2017_distrinet,mlp,prim_hybrid_p75_targeted,Hybrid Search p75,targeted,p75,DoS,800,0,0.28875,0.0,0.28875,0.28875,0.28875,0.28875,0.0,0.28875,0.28875,0.28875,0.0,0.0,0.0,0.0,0.0,1.0,0.0,1.0,1.0,1.0,251.1825,0.0,251.1825,251.1825,251.1825,2124.326645650371,1.4684138617606897,2124.631209077434,2125.618895040202,2122.7298328334764,2124.014581462481,1.4685106135343344,2124.319463325877,2125.306719607571,2122.417561453996,0.04594101803639708,7.129361248831118e-05,0.045908612766287465,0.046022758469961414,0.04589168287294235,19.824583333333333,0.009709316831443082,19.81375,19.8325,19.8275,1.4657286405563354,0.026698757471401643,1.4570605754852295,1.4956843852996826,1.4444409608840942,2.8612228332591862,0.10686157213434487,2.9806582498713396,2.77465774997836,2.8283524999278598
class,cicids2017_distrinet,mlp,prim_hybrid_p75_targeted,Hybrid Search p75,targeted,p75,DDoS,800,0,0.1325,0.0,0.1325,0.1325,0.1325,0.1325,0.0,0.1325,0.1325,0.1325,0.0,0.0,0.0,0.0,0.0,1.0,0.0,1.0,1.0,1.0,245.92,0.0,245.92,245.92,245.92,7857.557755076909,16.38119456838688,7876.091243307925,7845.0159695906,7851.566052332203,7857.554295163466,16.381193672427468,7876.087782482306,7845.012510743175,7851.562592264914,0.03763168598340822,0.00017040480755021358,0.0378082431661509,0.037468184593945464,0.03761863019012831,19.639583333333334,0.007637626158258214,19.63125,19.64625,19.64125,1.309794306755066,0.031026285262412277,1.2746353149414062,1.3333331942558289,1.3214144110679626,3.1144544998339065,0.018745313496748028,3.1011357498937286,3.1358903748332523,3.106337374774739
class,cicids2017_distrinet,mlp,prim_hybrid_p75_targeted,Hybrid Search p75,targeted,p75,Recon,800,0,0.0,0.0,0.0,0.0,0.0,0.0,0.0,0.0,0.0,0.0,0.0,0.0,0.0,0.0,0.0,1.0,0.0,1.0,1.0,1.0,3.8575,0.0,3.8575,3.8575,3.8575,12.608411985426365,0.0,12.608411985426365,12.608411985426365,12.608411985426365,12.606805258737277,0.0,12.606805258737277,12.606805258737277,12.606805258737277,9.323545881943097e-05,0.0,9.323545881943097e-05,9.323545881943097e-05,9.323545881943097e-05,0.15125,0.0,0.15125,0.15125,0.15125,,,,,,2.792972583362522,0.01690979566957441,2.7970381249906495,2.8074789998936467,2.7744006252032705
class,cicids2017_distrinet,mlp,prim_hybrid_p75_targeted,Hybrid Search p75,targeted,p75,BruteForce,800,0,0.02125,0.0,0.02125,0.02125,0.02125,0.02125,0.0,0.02125,0.02125,0.02125,0.0,0.0,0.0,0.0,0.0,1.0,0.0,1.0,1.0,1.0,252.30000000000004,3.4809342861069267e-14,252.3,252.3,252.3,3787.289105107951,0.9039753704911377,3787.7062548710346,3786.2518801031215,3787.909180349696,3787.2623978334595,0.9042397218051117,3787.6792909494015,3786.2249159494013,3787.8829866015753,0.07046906816407837,4.029657518310908e-05,0.07049671976084937,0.07048765155988987,0.07042283317149588,20.46083333333333,0.0019094065395651348,20.46125,20.4625,20.45875,0.8661412199338278,0.00979242550731072,0.8717948794364929,0.8717948794364929,0.8548339009284973,2.5777279582689516,0.037701114409041725,2.593910624855198,2.6046361250337213,2.5346371249179356
class,cicids2017_distrinet,cnn,prim_hybrid_p75_targeted,Hybrid Search p75,targeted,p75,DoS,800,0,0.49333333333333335,0.0007216878364870488,0.49375,0.4925,0.49375,0.49333333333333335,0.0007216878364870488,0.49375,0.4925,0.49375,0.0,0.0,0.0,0.0,0.0,1.0,0.0,1.0,1.0,1.0,251.08624999999998,3.4809342861069267e-14,251.08625,251.08625,251.08625,1937.9449966747677,15.11844071738195,1940.7805654067952,1921.6095411701526,1951.4448834473549,1937.6256790484265,15.119584661178926,1940.4635764359998,1921.2882319670753,1951.125228742204,0.04346288962622633,0.0001642862411148105,0.043345691037801774,0.04365067226755852,0.04339230557331871,19.324583333333333,0.058447804349978705,19.3175,19.38625,19.27,1.5439303119977315,0.010420071906234618,1.536452054977417,1.5558324456214905,1.539506435394287,2.960368833349397,0.27228151202684553,2.975785000016913,2.680706749961246,3.2246147500700317
class,cicids2017_distrinet,cnn,prim_hybrid_p75_targeted,Hybrid Search p75,targeted,p75,DDoS,800,0,0.35874999999999996,6.798699777552591e-17,0.35875,0.35875,0.35875,0.35874999999999996,6.798699777552591e-17,0.35875,0.35875,0.35875,0.0,0.0,0.0,0.0,0.0,1.0,0.0,1.0,1.0,1.0,245.92,0.0,245.92,245.92,245.92,6582.5701031577955,13.602795779673958,6580.938852502691,6596.914967894815,6569.856489075881,6582.5666411779575,13.602795443230027,6580.935391177958,6596.911505308392,6569.853027047523,0.033278519529734644,0.00010881906235888726,0.03317230236892089,0.03338976608735234,0.03327349013293069,19.65041666666667,0.02187797598804145,19.65,19.6725,19.62875,1.2391242980957031,0.0148145658100323,1.223473310470581,1.252929449081421,1.2409701347351074,3.4623675833184584,0.2001919932680518,3.5998707500402816,3.5545398748945445,3.2326921250205487
class,cicids2017_distrinet,cnn,prim_hybrid_p75_targeted,Hybrid Search p75,targeted,p75,Recon,800,0,0.00125,0.0,0.00125,0.00125,0.00125,0.00125,0.0,0.00125,0.00125,0.00125,0.0,0.0,0.0,0.0,0.0,1.0,0.0,1.0,1.0,1.0,3.5400000000000005,5.438959822042073e-16,3.54,3.54,3.54,0.15221617305797863,0.006099098110961839,0.14693536834469112,0.15889189745285287,0.15082125337639193,0.15050871332612029,0.006099095846769277,0.145227916224671,0.15718443796380144,0.14911378578988838,2.996985400758113e-05,2.058419547098235e-08,2.9946614064463067e-05,2.9985791140949673e-05,2.997715681733065e-05,0.12791666666666668,0.0007216878364870329,0.1275,0.1275,0.12875,0.9088636040687561,0.11532040055112108,0.7792055606842041,0.9999678730964661,0.9474173784255981,2.743488250125665,0.04238632581436935,2.79241237527458,2.71783325006254,2.7202191250398755
class,cicids2017_distrinet,cnn,prim_hybrid_p75_targeted,Hybrid Search p75,targeted,p75,BruteForce,800,0,0.5925,0.0,0.5925,0.5925,0.5925,0.5925,0.0,0.5925,0.5925,0.5925,0.0,0.0,0.0,0.0,0.0,1.0,0.0,1.0,1.0,1.0,252.91874999999996,3.4809342861069267e-14,252.91875,252.91875,252.91875,3176.8131752860513,10.20867759544817,3168.2717534815615,3174.0482495137553,3188.119522862837,3176.8012204185143,10.20872391538909,3168.2598164330066,3174.0362023025723,3188.1076425199635,0.06475185260940988,0.00010975347134204431,0.0648783362076685,0.06469548460110464,0.06468173701945651,20.730416666666667,0.017062996024536026,20.75,20.71875,20.7225,1.665098488330841,0.005876640519341854,1.6666667461395264,1.6585968136787415,1.6700319051742554,2.655384958294841,0.24268314298925353,2.788899125007447,2.375260624976363,2.8019951249007136
class,cicids2017_distrinet,ft_transformer,prim_hybrid_p75_targeted,Hybrid Search p75,targeted,p75,DoS,800,0,0.00375,0.0,0.00375,0.00375,0.00375,0.00375,0.0,0.00375,0.00375,0.00375,0.0,0.0,0.0,0.0,0.0,1.0,0.0,1.0,1.0,1.0,251.375,0.0,251.375,251.375,251.375,2238.0517201004427,0.5900061758921772,2238.1403080560835,2237.422429184017,2238.5924230612272,2237.7432814170315,0.5919539416388863,2237.8304549517943,2237.1125745170116,2238.2868147822887,0.05018847019089764,9.677669309432362e-07,0.05018758171218715,0.050188327466013434,0.050189501394492325,19.740833333333335,0.0072168783648699115,19.745,19.745,19.7325,0.20000000298023224,0.0,0.20000000298023224,0.20000000298023224,0.20000000298023224,14.959588750013305,0.21920786717230356,14.89469337509945,15.203917375183664,14.780155499756802
class,cicids2017_distrinet,ft_transformer,prim_hybrid_p75_targeted,Hybrid Search p75,targeted,p75,DDoS,800,0,0.0,0.0,0.0,0.0,0.0,0.0,0.0,0.0,0.0,0.0,0.0,0.0,0.0,0.0,0.0,1.0,0.0,1.0,1.0,1.0,245.92,0.0,245.92,245.92,245.92,7218.750290707957,6.030583129848459,7225.66741033024,7214.596730908126,7215.986730885504,7218.7471505308395,6.030583082060263,7225.6642700960565,7214.593590748231,7215.983590748231,0.03422936822790782,2.4068884175962535e-05,0.03425715413280318,0.0342149568139522,0.03421599373696807,19.5475,0.01299038105676707,19.54,19.5625,19.54,,,,,,16.625959541706834,0.22977912360293162,16.47820962505648,16.89069024985656,16.50897875020746
class,cicids2017_distrinet,ft_transformer,prim_hybrid_p75_targeted,Hybrid Search p75,targeted,p75,Recon,800,0,0.0,0.0,0.0,0.0,0.0,0.0,0.0,0.0,0.0,0.0,0.0,0.0,0.0,0.0,0.0,1.0,0.0,1.0,1.0,1.0,3.8575,0.0,3.8575,3.8575,3.8575,0.37298040885135947,0.0,0.37298040885135947,0.37298040885135947,0.37298040885135947,0.3713704761285819,0.0,0.3713704761285819,0.3713704761285819,0.3713704761285819,4.427410117905019e-05,0.0,4.427410117905019e-05,4.427410117905019e-05,4.427410117905019e-05,0.15125,0.0,0.15125,0.15125,0.15125,,,,,,3.2319334584947987,0.00982309901579745,3.2221258751815185,3.231902500265278,3.2417720000375994
class,cicids2017_distrinet,ft_transformer,prim_hybrid_p75_targeted,Hybrid Search p75,targeted,p75,BruteForce,800,0,0.01375,0.0,0.01375,0.01375,0.01375,0.01375,0.0,0.01375,0.01375,0.01375,0.0,0.0,0.0,0.0,0.0,1.0,0.0,1.0,1.0,1.0,251.69999999999996,3.4809342861069267e-14,251.7,251.7,251.7,3778.149560071197,1.0215830396669532,3776.970276009807,3778.7636711404793,3778.714733063304,3778.138311214783,1.0215833760266408,3776.9590267944923,3778.752423533623,3778.703483316232,0.05248190631476243,4.910435798931638e-06,0.05248211692758933,0.05248670805546648,0.052476893961231494,20.445,0.0012499999999988631,20.44625,20.445,20.44375,0.19230769574642181,0.0,0.19230769574642181,0.19230769574642181,0.19230769574642181,14.072054166560216,0.07593758093264806,13.985342999803834,14.10412274999544,14.126696749881376
class,cicids2018_distrinet,mlp-s42,prim_hybrid_p75_targeted,Hybrid Search p75,targeted,p75,DoS,800,0,0.0,0.0,0.0,0.0,0.0,0.0,0.0,0.0,0.0,0.0,0.0,0.0,0.0,0.0,0.0,1.0,0.0,1.0,1.0,1.0,241.20125,0.0,241.20125,241.20125,241.20125,0.8694575254767626,0.012783277022415747,0.8558222748755163,0.8811712846820836,0.8713790168726879,0.8061862675327038,0.012374853071088897,0.7929567468486275,0.8174777602150877,0.8081242955343966,0.00027410183310493547,3.084313284669449e-06,0.0002717376993230353,0.00027759066006879024,0.0002729771399229809,2.0879166666666666,0.02894858948780288,2.06375,2.12,2.08,,,,,,3.362774958271378,0.05617877656646789,3.4200922498712316,3.3078084999579005,3.360424124985002
class,cicids2018_distrinet,mlp-s42,prim_hybrid_p75_targeted,Hybrid Search p75,targeted,p75,DDoS,800,0,0.0037500000000000003,0.00125,0.005,0.00375,0.0025,0.0029166666666666664,0.0014433756729740643,0.00375,0.00375,0.00125,0.08333333333333333,0.07216878364870323,0.12500000000000003,0.0,0.125,0.045000000000000005,0.0024999999999999988,0.0425,0.045,0.0475,245.48124999999996,3.4809342861069267e-14,245.48125,245.48125,245.48125,1127.1417867479277,0.9962806864348638,1126.3326339030455,1126.8381760754728,1128.254550265265,1125.7102395322038,0.9931285195980406,1124.8982719299445,1125.4149133333333,1126.8175333333334,0.08486933399288386,6.180150052058417e-05,0.0848700034560919,0.08493079804226181,0.0848072004802979,19.441666666666666,0.046255630287926404,19.495,19.4125,19.4175,0.9429874420166016,0.051453785620437696,0.9289625287055969,0.9999995827674866,0.9000002145767212,2.9406628749954202,0.029768375551526727,2.9364910000003874,2.9722971250885166,2.913200499897357
class,cicids2018_distrinet,mlp-s42,prim_hybrid_p75_targeted,Hybrid Search p75,targeted,p75,Recon,800,0,0.04750000000000001,8.498374721940739e-18,0.0475,0.0475,0.0475,0.00875,0.0,0.00875,0.00875,0.00875,3.875,0.0,3.875,3.875,3.875,0.9516666666666667,0.0014433756729740977,0.9525,0.9525,0.95,29.2675,0.0,29.2675,29.2675,29.2675,381.81751682105823,1.373800588483484,381.0282360573272,381.0204756330735,383.40383877277395,381.62978888888887,1.3733395011202,380.84128,380.83250999999996,383.21557666666666,0.009258118646966858,2.469493097263327e-05,0.009241944065687483,0.009245868120465297,0.009286543754747792,1.4283333333333335,0.006884463184107608,1.42375,1.43625,1.425,0.9999999403953552,0.0,0.9999999403953552,0.9999999403953552,0.9999999403953552,2.9021695415334157,0.015499771336183809,2.9095272498670965,2.912620124989189,2.884361249743961
class,cicids2018_distrinet,mlp-s42,prim_hybrid_p75_targeted,Hybrid Search p75,targeted,p75,BruteForce,800,0,0.0,0.0,0.0,0.0,0.0,0.0,0.0,0.0,0.0,0.0,0.0,0.0,0.0,0.0,0.0,1.0,0.0,1.0,1.0,1.0,255.47,0.0,255.47,255.47,255.47,0.2434102264909351,3.301017277849363e-06,0.24340641669626512,0.24341223537624126,0.24341202740029888,0.193640000605768,1.7562295353412684e-06,0.19363797600265711,0.19364091251378074,0.19364111330086609,0.0004253972414698405,3.8275770720762714e-09,0.00042539282807215,0.000425399243750335,0.00042539965258703635,11.99375,0.0,11.99375,11.99375,11.99375,,,,,,3.059264791663736,0.04693399461532345,3.0708737499662675,3.099304875067901,3.00761574995704
class,cicids2018_distrinet,cnn-s42,prim_hybrid_p75_targeted,Hybrid Search p75,targeted,p75,DoS,800,0,0.0,0.0,0.0,0.0,0.0,0.0,0.0,0.0,0.0,0.0,0.0,0.0,0.0,0.0,0.0,0.006250000000000001,1.0622968402425924e-18,0.00625,0.00625,0.00625,240.9475,0.0,240.9475,240.9475,240.9475,48.17649011750469,0.019964372709711634,48.18669095687274,48.18929314259626,48.153486253045074,48.08251333333334,0.019856254262408866,48.09334666666667,48.09459666666667,48.059596666666664,0.07249792467181988,2.989719027682323e-05,0.07251387061634866,0.07251646843250399,0.07246343496660698,12.930000000000001,0.043749999999999546,12.88,12.96125,12.94875,,,,,,3.3186290416051634,0.2905128248557241,3.6311738748918287,3.056836499890778,3.267876750032883
class,cicids2018_distrinet,cnn-s42,prim_hybrid_p75_targeted,Hybrid Search p75,targeted,p75,DDoS,800,0,0.55875,0.0,0.55875,0.55875,0.55875,0.0,0.0,0.0,0.0,0.0,55.875,0.0,55.875,55.875,55.875,0.00125,0.0,0.00125,0.00125,0.00125,245.48124999999996,3.4809342861069267e-14,245.48125,245.48125,245.48125,822.6102813205192,20.221697913697287,845.9465973867307,811.6344605291101,810.2497860457169,815.0480722222223,20.220663675367188,838.3835,804.0649000000001,802.6958166666667,0.08519236813503744,0.00036240439046365965,0.08560638353516231,0.08503808973017149,0.08493263113977852,19.920833333333334,0.0170629960245365,19.93625,19.9025,19.92375,,,,,,2.7896328333493634,0.1679418910148791,2.649582125013694,2.7434952498879284,2.9758211251464672
class,cicids2018_distrinet,cnn-s42,prim_hybrid_p75_targeted,Hybrid Search p75,targeted,p75,Recon,800,0,0.04125,0.0,0.04125,0.04125,0.04125,0.0,0.0,0.0,0.0,0.0,4.125,0.0,4.125,4.125,4.125,0.9400000000000001,0.0012500000000000289,0.94,0.94125,0.93875,29.2675,0.0,29.2675,29.2675,29.2675,620.600837021991,6.765939202043299,613.9719342149234,620.3346224306872,627.4959544203622,620.0773891794396,6.778239492528709,613.416086896519,619.8492737452806,626.966806896519,0.010728005755751913,0.0001459754667362655,0.010643332726252114,0.01064412145032794,0.010896563090675685,1.7691666666666668,0.0014433756729740337,1.77,1.7675,1.77,,,,,,2.7922087916522287,0.15494495437532532,2.949999749835115,2.786350625101477,2.640276000020094
class,cicids2018_distrinet,cnn-s42,prim_hybrid_p75_targeted,Hybrid Search p75,targeted,p75,BruteForce,800,0,0.0,0.0,0.0,0.0,0.0,0.0,0.0,0.0,0.0,0.0,0.0,0.0,0.0,0.0,0.0,0.00125,0.0,0.00125,0.00125,0.00125,255.47,0.0,255.47,255.47,255.47,4.537016260749984,0.0034725021430879847,4.537896111565532,4.533188464618505,4.539964206065915,3.5582333333333334,0.0030717005785792233,3.5612966666666663,3.5582499999999997,3.555153333333333,0.004712877868651666,1.4886015408986092e-08,0.004712860735800635,0.004712887636125225,0.00471288523402914,19.955,0.02552572232082864,19.975,19.96375,19.92625,,,,,,3.082912833294055,0.07881835514523775,3.154999874823261,3.09498300019186,2.9987556248670444
class,cicids2018_distrinet,ft_transformer-s42,prim_hybrid_p75_targeted,Hybrid Search p75,targeted,p75,DoS,800,0,0.0,0.0,0.0,0.0,0.0,0.0,0.0,0.0,0.0,0.0,0.0,0.0,0.0,0.0,0.0,0.00875,0.0,0.00875,0.00875,0.00875,241.20125,0.0,241.20125,241.20125,241.20125,50.69500817757398,0.0007486609282503927,50.69557257152177,50.69529306770915,50.69415889349103,49.759863333333335,0.0,49.759863333333335,49.759863333333335,49.759863333333335,0.07471724966842488,8.495558098719782e-08,0.07471718473231746,0.07471721845816828,0.07471734581478892,18.886666666666667,0.015877132402714628,18.905,18.8775,18.8775,,,,,,15.097158791613765,0.35044945599829186,14.997597374895122,14.807262499816716,15.486616500129458
class,cicids2018_distrinet,ft_transformer-s42,prim_hybrid_p75_targeted,Hybrid Search p75,targeted,p75,DDoS,800,0,0.0008333333333333334,0.0007216878364870322,0.00125,0.00125,0.0,0.0,0.0,0.0,0.0,0.0,0.08333333333333333,0.07216878364870323,0.125,0.125,0.0,0.00125,0.0,0.00125,0.00125,0.00125,245.48124999999996,3.4809342861069267e-14,245.48125,245.48125,245.48125,258.1879128956764,0.06771481010411547,258.2501874223595,258.1977232574458,258.1158280072238,251.49057555555555,0.05698267079007589,251.54695333333333,251.49176666666665,251.43300666666667,0.07970098273300967,5.926026258990055e-07,0.07970030014814361,0.07970136569434842,0.07970128235653694,18.410416666666666,0.00577350269189716,18.41375,18.40375,18.41375,,,,,,14.759181749929363,0.21833308193274256,14.75557600002503,14.542673874821048,14.979295374942012
class,cicids2018_distrinet,ft_transformer-s42,prim_hybrid_p75_targeted,Hybrid Search p75,targeted,p75,Recon,800,0,0.012500000000000002,2.1245936804851847e-18,0.0125,0.0125,0.0125,0.0,0.0,0.0,0.0,0.0,1.25,0.0,1.25,1.25,1.25,0.94125,0.0,0.94125,0.94125,0.94125,29.2675,0.0,29.2675,29.2675,29.2675,723.4277161408863,3.735800703807232,727.4619967134474,722.7333162278306,720.087835481381,723.3477499999999,3.7367932178734242,727.3838800000001,722.6509966666666,720.0083733333333,0.010188868439508744,8.410895248885268e-05,0.010202021205962246,0.010265626139583706,0.01009895797298028,1.7008333333333334,0.0007216878364870169,1.7,1.70125,1.70125,,,,,,3.805837541585788,0.014075494914306569,3.8194556249072775,3.791345374775119,3.8067116250749677
class,cicids2018_distrinet,ft_transformer-s42,prim_hybrid_p75_targeted,Hybrid Search p75,targeted,p75,BruteForce,800,0,0.0,0.0,0.0,0.0,0.0,0.0,0.0,0.0,0.0,0.0,0.0,0.0,0.0,0.0,0.0,0.00125,0.0,0.00125,0.00125,0.00125,255.47,0.0,255.47,255.47,255.47,3.29926218083997,0.0025299895930316323,3.3020753189842935,3.298537914982342,3.297173308553275,3.1851624307284556,0.002730375345645806,3.188,3.1849336460926834,3.1825536460926833,0.004650922833289863,3.1291326798654384e-06,0.004649342013635265,0.00465452700007947,0.004648899486154857,17.854166666666668,0.09291573243177677,17.9175,17.7475,17.8975,,,,,,17.319037791554972,0.2799545234275293,17.196984500042163,17.63929749984527,17.12083137477748
class,cicids2017_distrinet,mlp,prim_hybrid_unbounded_targeted,Hybrid Search unbounded,targeted,unbounded,DoS,800,0,0.89125,0.0,0.89125,0.89125,0.89125,0.89125,0.0,0.89125,0.89125,0.89125,0.0,0.0,0.0,0.0,0.0,1.0,0.0,1.0,1.0,1.0,251.58624999999998,3.4809342861069267e-14,251.58625,251.58625,251.58625,14770.526335330176,102.82195947508947,14760.398667621812,14878.037365878012,14673.1429724907,14770.47022906675,102.821380214534,14760.342765298636,14877.98059138559,14673.087330516026,0.12331070020177527,0.0004762709817894099,0.12308400536318528,0.12385797288619337,0.1229901223559472,20.334166666666665,0.005773502691895109,20.3275,20.3375,20.3375,0.6948718031247457,3.44127577060238e-08,0.6948717832565308,0.6948717832565308,0.6948718428611755,2.687085875077173,0.029841335186523307,2.702181625063531,2.6527127501321957,2.7063632500357926
class,cicids2017_distrinet,mlp,prim_hybrid_unbounded_targeted,Hybrid Search unbounded,targeted,unbounded,DDoS,800,0,0.7495833333333334,0.004389855730355325,0.75375,0.745,0.75,0.7495833333333334,0.004389855730355325,0.75375,0.745,0.75,0.0,0.0,0.0,0.0,0.0,1.0,0.0,1.0,1.0,1.0,246.32125,0.0,246.32125,246.32125,246.32125,6507.708698967083,73.35751905068642,6580.838766050246,6508.1615066318855,6434.12582421912,6507.609085984841,73.35763969661384,6580.739067868899,6508.062301564551,6434.0258885210715,0.05994380146445441,0.00031103257891524266,0.060213499498201914,0.06001435082413513,0.05960355407102618,20.104583333333334,0.04265291119411739,20.0775,20.15375,20.0825,0.8568376700083414,0.00853632132176958,0.8666667342185974,0.8525641560554504,0.8512821197509766,3.337913374901594,0.18128008883196592,3.265587124915328,3.544191624969244,3.20396137482021
class,cicids2017_distrinet,mlp,prim_hybrid_unbounded_targeted,Hybrid Search unbounded,targeted,unbounded,Recon,800,0,0.01,0.0,0.01,0.01,0.01,0.01,0.0,0.01,0.01,0.01,0.0,0.0,0.0,0.0,0.0,1.0,0.0,1.0,1.0,1.0,3.8575,0.0,3.8575,3.8575,3.8575,649.3690548098517,7.59551215821699,644.983783820672,658.139596788211,644.983783820672,649.3683967391304,7.595513457169878,644.983125,658.1389402173913,644.983125,0.0021392717118431355,3.575971966681087e-05,0.0021599175956189143,0.002097979944291578,0.0021599175956189143,0.1475,0.0,0.1475,0.1475,0.1475,0.10000000894069672,0.0,0.10000000894069672,0.10000000894069672,0.10000000894069672,3.066591208432025,0.10975667747016071,3.020958374836482,3.191802750225179,2.987012500234414
class,cicids2017_distrinet,mlp,prim_hybrid_unbounded_targeted,Hybrid Search unbounded,targeted,unbounded,BruteForce,800,0,0.025000000000000005,4.2491873609703695e-18,0.025,0.025,0.025,0.025000000000000005,4.2491873609703695e-18,0.025,0.025,0.025,0.0,0.0,0.0,0.0,0.0,1.0,0.0,1.0,1.0,1.0,252.30000000000004,3.4809342861069267e-14,252.3,252.3,252.3,33343.216389788875,480.9810301714858,33885.313557839625,32967.56978150711,33176.76583001988,33343.1981256309,480.9810133822058,33885.29527237003,32967.55152237003,33176.74758215263,0.26755735168643724,0.004380908990262043,0.27259704907540727,0.26541625258160934,0.26465875340229517,20.49208333333333,0.0019094065395651348,20.49375,20.4925,20.49,0.8319856325785319,0.06105901303375691,0.8647390604019165,0.8696793615818024,0.7615384757518768,2.951063541598463,0.05643303193738039,2.8906693749013357,2.9600687499623746,3.002452499931678
class,cicids2017_distrinet,cnn,prim_hybrid_unbounded_targeted,Hybrid Search unbounded,targeted,unbounded,DoS,800,0,0.92625,0.0,0.92625,0.92625,0.92625,0.92625,0.0,0.92625,0.92625,0.92625,0.0,0.0,0.0,0.0,0.0,1.0,0.0,1.0,1.0,1.0,251.4,0.0,251.4,251.4,251.4,16533.841054871766,322.8513691069206,16161.0586569263,16717.409246452688,16723.05526123631,16533.774172655143,322.85819305735185,16160.983900916015,16717.345694394273,16722.992922655147,0.1398579720983232,0.0011031770914411675,0.1411242485760747,0.13934486554901568,0.1391048021698793,19.4425,0.1251811187839439,19.3575,19.38375,19.58625,0.952488899230957,0.015239939385213898,0.9628466367721558,0.9349895715713501,0.9596304893493652,2.6797039165588408,0.1792451372159051,2.8841938750701956,2.5497693748911843,2.605148499715142
class,cicids2017_distrinet,cnn,prim_hybrid_unbounded_targeted,Hybrid Search unbounded,targeted,unbounded,DDoS,800,0,0.8829166666666667,0.0014433756729740977,0.88375,0.88125,0.88375,0.8829166666666667,0.0014433756729740977,0.88375,0.88125,0.88375,0.0,0.0,0.0,0.0,0.0,1.0,0.0,1.0,1.0,1.0,234.02,0.0,234.02,234.02,234.02,5524.950571190089,93.2926640493293,5419.995614712865,5556.407488100112,5598.448610757291,5524.798439286286,93.29264785377147,5419.843511750056,5556.255305228316,5598.29650088049,0.05845587142714161,0.00021217419619662173,0.058289260064352,0.05838361882404561,0.05869473539302723,19.595833333333335,0.015427923817978759,19.57875,19.6,19.60875,0.9122750759124756,0.01487610105308479,0.9290759563446045,0.9007768630981445,0.9069724082946777,2.580415333310763,0.02882946215536621,2.5829456248902716,2.6078962499741465,2.550404125067871
class,cicids2017_distrinet,cnn,prim_hybrid_unbounded_targeted,Hybrid Search unbounded,targeted,unbounded,Recon,800,0,0.01,0.0,0.01,0.01,0.01,0.01,0.0,0.01,0.01,0.01,0.0,0.0,0.0,0.0,0.0,1.0,0.0,1.0,1.0,1.0,3.5400000000000005,5.438959822042073e-16,3.54,3.54,3.54,338.4015876743281,43.95113514684519,303.70024534422896,387.823506259196,323.6810114195594,338.40127717391306,43.95111323973111,303.69989130434783,387.82315217391306,323.6807880434783,0.0011796794049466729,4.070871630789322e-05,0.0011506254544762652,0.0012262079513149298,0.0011622048090488238,0.13,0.0,0.13,0.13,0.13,0.0483746857692798,0.006197606336238795,0.05000501126050949,0.053594160825014114,0.04152488522231579,2.747897333368504,0.017152095509445072,2.767605750123039,2.736346625024453,2.7397396249580197
class,cicids2017_distrinet,cnn,prim_hybrid_unbounded_targeted,Hybrid Search unbounded,targeted,unbounded,BruteForce,800,0,1.0,0.0,1.0,1.0,1.0,1.0,0.0,1.0,1.0,1.0,0.0,0.0,0.0,0.0,0.0,1.0,0.0,1.0,1.0,1.0,252.91874999999996,3.4809342861069267e-14,252.91875,252.91875,252.91875,48868.421860890056,1259.6568433566133,48102.816894201416,50322.26222370055,48180.18646476818,48868.410441433,1259.6569773931305,48102.80535991127,50322.25095773735,48180.175006650396,0.7238497731644528,0.0015692736126200143,0.7245381644650091,0.7220539550652388,0.7249571999631104,21.131666666666664,0.04368447474027071,21.18,21.12,21.095,1.0577117602030437,0.011501461046317241,1.0708004832267761,1.0531161427497864,1.0492186546325684,2.3770381667418405,0.03210399159501652,2.3706671249237843,2.411850000207778,2.3485973750939593
class,cicids2017_distrinet,ft_transformer,prim_hybrid_unbounded_targeted,Hybrid Search unbounded,targeted,unbounded,DoS,800,0,0.005,0.0,0.005,0.005,0.005,0.005,0.0,0.005,0.005,0.005,0.0,0.0,0.0,0.0,0.0,1.0,0.0,1.0,1.0,1.0,251.68875,0.0,251.68875,251.68875,251.68875,26771.165994200874,76.75950459335422,26843.16335332449,26779.936799278003,26690.39783000013,26771.140989130072,76.75961899454308,26843.138489130073,26779.91174999964,26690.37272826051,0.19742999596703092,0.0006486950964608403,0.1980937931389212,0.19739865571837684,0.19679753904379468,20.2175,0.0033071891388317585,20.22125,20.215,20.21625,0.4461538568139076,0.0,0.4461538568139076,0.4461538568139076,0.4461538568139076,13.892606124960972,0.04237896609618569,13.920995999942534,13.912929125071969,13.843893249868415
class,cicids2017_distrinet,ft_transformer,prim_hybrid_unbounded_targeted,Hybrid Search unbounded,targeted,unbounded,DDoS,800,0,0.0,0.0,0.0,0.0,0.0,0.0,0.0,0.0,0.0,0.0,0.0,0.0,0.0,0.0,0.0,1.0,0.0,1.0,1.0,1.0,247.96,0.0,247.96,247.96,247.96,12186.277234213214,60.09183208393118,12120.324398624107,12237.927052649338,12200.580251366191,12186.18985759672,60.0918464059404,12120.237013393822,12237.839703611215,12200.492855785125,0.09311855961585834,0.00026736075895002215,0.09281007662633894,0.09328331107299752,0.09326229114823853,19.690833333333334,0.008322910148099053,19.68375,19.68875,19.7,,,,,,13.943831125022067,0.0217744317824453,13.967983000038657,13.925701999978628,13.937808375048917
class,cicids2017_distrinet,ft_transformer,prim_hybrid_unbounded_targeted,Hybrid Search unbounded,targeted,unbounded,Recon,800,0,0.0075,0.0,0.0075,0.0075,0.0075,0.0075,0.0,0.0075,0.0075,0.0075,0.0,0.0,0.0,0.0,0.0,1.0,0.0,1.0,1.0,1.0,3.8575,0.0,3.8575,3.8575,3.8575,1346.7103066437087,83.42646812314811,1441.2713904573259,1315.3554249900333,1283.5041044837674,1346.7102536231885,83.42648465300815,1441.2713586956522,1315.3553532608698,1283.5040489130436,0.004565051007621278,0.0002537498068291976,0.004852712614109187,0.0044694598621337,0.00437298054662095,0.15416666666666667,0.0007216878364870329,0.15375,0.15375,0.155,0.047636927415927253,0.004092964681163616,0.042910778895020485,0.05000000260770321,0.05000000074505806,3.252596208282436,0.023597944428537593,3.2568003749474883,3.2738095000968315,3.227178749802988
class,cicids2017_distrinet,ft_transformer,prim_hybrid_unbounded_targeted,Hybrid Search unbounded,targeted,unbounded,BruteForce,800,0,0.022500000000000003,4.2491873609703695e-18,0.0225,0.0225,0.0225,0.022500000000000003,4.2491873609703695e-18,0.0225,0.0225,0.0225,0.0,0.0,0.0,0.0,0.0,1.0,0.0,1.0,1.0,1.0,251.69999999999996,3.4809342861069267e-14,251.7,251.7,251.7,122562.8666280817,48.214913497751894,122544.20660593068,122526.770539131,122617.62273918337,122562.85216000986,48.214915443098135,122544.19213283595,122526.75607305334,122617.60827414031,1.5416599499762285,0.000325272606894842,1.5419366320437013,1.5417415806314665,1.5413016372535173,21.434583333333336,0.006884463184107494,21.43,21.4425,21.43125,0.2371794879436493,0.0,0.2371794879436493,0.2371794879436493,0.2371794879436493,13.870057000118928,0.039493001036760365,13.915335875062738,13.84272025024984,13.852114875044208
class,cicids2018_distrinet,mlp-s42,prim_hybrid_unbounded_targeted,Hybrid Search unbounded,targeted,unbounded,DoS,800,0,0.0,0.0,0.0,0.0,0.0,0.0,0.0,0.0,0.0,0.0,0.0,0.0,0.0,0.0,0.0,1.0,0.0,1.0,1.0,1.0,241.20125,0.0,241.20125,241.20125,241.20125,50.69198048700525,1.0837627394690872,51.63426710336461,49.507665653220364,50.93400870443081,50.09643808848444,1.0944070571751263,51.04533084479823,48.89919940990084,50.34478401075427,0.005680227912014932,4.448077423967859e-05,0.005730801919411186,0.005647179361507436,0.005662702455126175,6.4125000000000005,0.044598906937277936,6.46125,6.37375,6.4025,,,,,,4.184699541850326,0.0763810266374455,4.098137750115711,4.242621250159573,4.213339625275694
class,cicids2018_distrinet,mlp-s42,prim_hybrid_unbounded_targeted,Hybrid Search unbounded,targeted,unbounded,DDoS,800,0,0.014166666666666666,0.0019094065395649333,0.01625,0.01375,0.0125,0.012499999999999999,0.0024999999999999996,0.015,0.0125,0.01,0.1666666666666667,0.07216878364870323,0.1250000000000001,0.12499999999999994,0.25000000000000006,0.7891666666666667,0.0019094065395649533,0.79125,0.78875,0.7875,245.48124999999996,3.4809342861069267e-14,245.48125,245.48125,245.48125,2218.9521056615267,13.94359541449803,2230.0456234207504,2223.511001183168,2203.2996923806627,2161.0335187005835,13.354271080796874,2171.539337273336,2165.5559553511403,2146.005263477274,0.21788457581802087,0.002098155384433156,0.21961875075343504,0.21848266205580466,0.21555231464482294,13.171666666666667,0.016504418600281484,13.15375,13.175,13.18625,0.8482825060685476,0.0974350124353802,0.8500000834465027,0.9448473751544952,0.7500000596046448,3.2577184583836547,0.14284917981763146,3.2999927501077764,3.3746593751129694,3.098503249930218
class,cicids2018_distrinet,mlp-s42,prim_hybrid_unbounded_targeted,Hybrid Search unbounded,targeted,unbounded,Recon,800,0,0.06375,0.0,0.06375,0.06375,0.06375,0.043333333333333335,0.0007216878364870289,0.04375,0.04375,0.0425,2.041666666666667,0.07216878364870297,2.0000000000000004,2.0000000000000004,2.125,0.975,0.0021650635094610507,0.97625,0.97625,0.9725,29.32375,0.0,29.32375,29.32375,29.32375,1766.5072796268107,6.807590652328221,1758.8466034725488,1768.8115701508464,1771.8636652570372,1765.2260588888887,6.817132091858622,1757.5069333333333,1767.7497266666667,1770.4215166666668,0.051762800090612245,0.0008233662820631081,0.05116406784383136,0.051422578997950844,0.052701753430054545,1.29,0.006495190528383408,1.28625,1.28625,1.2975,0.5316634178161621,0.05484264839887436,0.5,0.5,0.5949902534484863,3.253663625121893,0.35108928958830615,3.620233000256121,3.22032512514852,2.920432749961037
class,cicids2018_distrinet,mlp-s42,prim_hybrid_unbounded_targeted,Hybrid Search unbounded,targeted,unbounded,BruteForce,800,0,0.90625,0.0,0.90625,0.90625,0.90625,0.90625,0.0,0.90625,0.90625,0.90625,0.0,0.0,0.0,0.0,0.0,1.0,0.0,1.0,1.0,1.0,255.47,0.0,255.47,255.47,255.47,1067.2561167397027,19.758778086290057,1053.6182947938448,1058.2346782564787,1089.9153771687854,942.2453247172025,20.092590723906348,928.4341101756218,933.0062744610206,965.2955895149654,1.1794338909904294,0.000804137111349859,1.1796247844508796,1.17855148412213,1.180125404398279,12.0,0.0,12.0,12.0,12.0,0.6000000437100729,3.44127577060238e-08,0.6000000238418579,0.6000000238418579,0.6000000834465027,3.4298593333611884,0.08158924692385817,3.3397800000966527,3.4510015000705607,3.4987964999163523
class,cicids2018_distrinet,cnn-s42,prim_hybrid_unbounded_targeted,Hybrid Search unbounded,targeted,unbounded,DoS,800,0,0.0,0.0,0.0,0.0,0.0,0.0,0.0,0.0,0.0,0.0,0.0,0.0,0.0,0.0,0.0,0.006250000000000001,1.0622968402425924e-18,0.00625,0.00625,0.00625,240.9475,0.0,240.9475,240.9475,240.9475,81.52410518038602,0.4556121765006589,82.04367303967787,81.33587112892886,81.19277137255132,77.45799666666669,0.41752286329946076,77.93359000000001,77.28863666666668,77.15176333333334,0.07301942939746171,6.610279061387419e-05,0.07309564445698691,0.07298493122402962,0.07297771251136863,15.53875,0.02912795049432772,15.5625,15.5475,15.50625,,,,,,3.23023674999907,0.007631859162788691,3.2311341250897385,3.222195874841418,3.237380250066053
class,cicids2018_distrinet,cnn-s42,prim_hybrid_unbounded_targeted,Hybrid Search unbounded,targeted,unbounded,DDoS,800,0,0.7704166666666667,0.0007216878364870169,0.77125,0.77,0.77,0.0,0.0,0.0,0.0,0.0,77.04166666666667,0.07216878364870322,77.125,77.0,77.0,0.00125,0.0,0.00125,0.00125,0.00125,245.48124999999996,3.4809342861069267e-14,245.48125,245.48125,245.48125,2379.775257043453,26.77980605733895,2403.651986690731,2350.819714178735,2384.8540702608934,2378.5384755555556,26.786573647954246,2402.4474566666668,2349.590133333333,2383.5778366666664,0.10162916756997083,0.0005703620282924097,0.10195397950645986,0.10097059051454618,0.10196293268890645,19.65625,0.003750000000000142,19.66,19.6525,19.65625,,,,,,2.717985916727533,0.036122060741602624,2.7422448751167394,2.6764722500229254,2.735240625042934
class,cicids2018_distrinet,cnn-s42,prim_hybrid_unbounded_targeted,Hybrid Search unbounded,targeted,unbounded,Recon,800,0,0.06375,0.0,0.06375,0.06375,0.06375,0.0175,0.0,0.0175,0.0175,0.0175,4.625,0.0,4.625,4.625,4.625,0.94125,0.0012500000000000289,0.94125,0.9425,0.94,29.32375,0.0,29.32375,29.32375,29.32375,2174.4440972479565,9.52596887251221,2185.3650501468055,2167.8462229807424,2170.1210186163216,2172.996640034231,9.425272451591484,2183.818441045979,2166.584626181463,2168.586852875251,0.0472420205312388,0.00028702700307234883,0.047382027224860714,0.04691185743581463,0.04743217693304105,1.8091666666666668,0.0014433756729740337,1.81,1.81,1.8075,0.30000001192092896,0.0,0.30000001192092896,0.30000001192092896,0.30000001192092896,2.8149570416038237,0.05466686233284998,2.874423374887556,2.766885875025764,2.8035618748981506
class,cicids2018_distrinet,cnn-s42,prim_hybrid_unbounded_targeted,Hybrid Search unbounded,targeted,unbounded,BruteForce,800,0,1.0,0.0,1.0,1.0,1.0,0.8895833333333334,0.005051814855409228,0.88875,0.895,0.885,11.041666666666664,0.5051814855409232,11.124999999999996,10.499999999999998,11.5,0.8895833333333334,0.005051814855409228,0.88875,0.895,0.885,255.47,0.0,255.47,255.47,255.47,6241.254080941198,52.36343619787145,6202.348657557596,6300.79052342188,6220.623061844113,6224.182096666666,52.305664896884686,6185.4270166666665,6283.677156666667,6203.442116666667,0.826924326822517,0.005378515289757502,0.8216045131973958,0.832359682061483,0.8268087852086723,12.332916666666668,0.05919160272651287,12.34125,12.27,12.3875,0.4024883061647415,0.0043099398072285215,0.3999999165534973,0.40746499598026276,0.4000000059604645,3.1805706667364575,0.07172881545856116,3.2408972500707023,3.101259125105571,3.199555625033099
class,cicids2018_distrinet,ft_transformer-s42,prim_hybrid_unbounded_targeted,Hybrid Search unbounded,targeted,unbounded,DoS,800,0,0.0,0.0,0.0,0.0,0.0,0.0,0.0,0.0,0.0,0.0,0.0,0.0,0.0,0.0,0.0,0.00875,0.0,0.00875,0.00875,0.00875,241.20125,0.0,241.20125,241.20125,241.20125,94.21607642550454,0.0019167279860114468,94.2153685061347,94.21824642037545,94.2146143500035,88.67094333333334,1.7404671430534633e-14,88.67094333333333,88.67094333333333,88.67094333333333,0.07573345632900774,2.179775112262038e-06,0.0757323647035682,0.07573596624074866,0.07573203804270638,20.015416666666667,0.028622907492658892,20.00625,20.0475,19.9925,,,,,,15.251305416653244,0.30455960131429965,14.90004212508211,15.412201875005849,15.441672249871772
class,cicids2018_distrinet,ft_transformer-s42,prim_hybrid_unbounded_targeted,Hybrid Search unbounded,targeted,unbounded,DDoS,800,0,0.0,0.0,0.0,0.0,0.0,0.0,0.0,0.0,0.0,0.0,0.0,0.0,0.0,0.0,0.0,0.00125,0.0,0.00125,0.00125,0.00125,245.48124999999996,3.4809342861069267e-14,245.48125,245.48125,245.48125,882.5641394887431,17.72997760876235,868.25230015779,877.0421039866482,902.3980143217912,879.3276155555556,17.718646640869085,864.9468433333334,873.9146099999999,899.1213933333333,0.08474407710904591,0.00033776224470216616,0.08482669777215306,0.08437267027119903,0.08503286328378565,18.676666666666666,0.018427786989580013,18.67,18.6625,18.6975,,,,,,14.770355083261771,0.24882761460551425,14.640681250020862,15.057236374996137,14.613147624768317
class,cicids2018_distrinet,ft_transformer-s42,prim_hybrid_unbounded_targeted,Hybrid Search unbounded,targeted,unbounded,Recon,800,0,0.03125,0.0,0.03125,0.03125,0.03125,0.00375,0.0,0.00375,0.00375,0.00375,2.75,0.0,2.75,2.75,2.75,0.945,0.0,0.945,0.945,0.945,29.32375,0.0,29.32375,29.32375,29.32375,2739.0986598737527,6.219431048783277,2745.8476174097227,2737.85021066902,2733.598151542515,2737.359328819617,6.2180448206796886,2744.1043436621553,2736.1181736621556,2731.8554691345407,0.06303732134220069,0.0002955829653547585,0.0632848958769016,0.0627100655840866,0.06311700256561387,1.6937500000000003,0.0012500000000000844,1.6925,1.695,1.69375,0.30000001192092896,0.0,0.30000001192092896,0.30000001192092896,0.30000001192092896,3.8296608751018844,0.005744225982809455,3.8291995000327006,3.8241612500860356,3.8356218751869164
class,cicids2018_distrinet,ft_transformer-s42,prim_hybrid_unbounded_targeted,Hybrid Search unbounded,targeted,unbounded,BruteForce,800,0,0.0,0.0,0.0,0.0,0.0,0.0,0.0,0.0,0.0,0.0,0.0,0.0,0.0,0.0,0.0,0.00125,0.0,0.00125,0.00125,0.00125,255.47,0.0,255.47,255.47,255.47,976.6117697603325,0.0,976.6117697603325,976.6117697603325,976.6117697603325,781.487013484526,0.0,781.487013484526,781.487013484526,781.487013484526,1.7124142399772626,2.7194799110210365e-16,1.7124142399772624,1.7124142399772624,1.7124142399772624,20.98875,0.0,20.98875,20.98875,20.98875,,,,,,17.39808137509196,0.2853375756537165,17.295904500060715,17.177899750240613,17.720439874974545
class,cicids2017_distrinet,mlp,prim_pgd_p50_targeted,Prim-PGD p50,targeted,p50,DoS,800,0,0.145,0.0,0.145,0.145,0.145,0.145,0.0,0.145,0.145,0.145,0.0,0.0,0.0,0.0,0.0,1.0,0.0,1.0,1.0,1.0,252.68500000000003,3.4809342861069267e-14,252.685,252.685,252.685,1399.279984574292,2.169893440744923,1397.8609825890185,1398.2011168777233,1401.777854256134,1399.1103405083868,2.169860415823031,1397.6911206013704,1398.0317515451634,1401.6081493786273,0.03877875552395233,7.970540285172252e-05,0.038852494877692184,0.03869419064788713,0.03878958104627768,19.561249999999998,0.020116846174288435,19.56375,19.54,19.58,1.5407225886980693,0.008744256498870224,1.5497189164161682,1.5401945114135742,1.5322543382644653,3.0903412499659075,0.1429320314487639,2.9262203749385662,3.1573080000816844,3.1874953748774715
class,cicids2017_distrinet,mlp,prim_pgd_p50_targeted,Prim-PGD p50,targeted,p50,DDoS,800,0,0.09875,0.0,0.09875,0.09875,0.09875,0.09875,0.0,0.09875,0.09875,0.09875,0.0,0.0,0.0,0.0,0.0,1.0,0.0,1.0,1.0,1.0,253.0,0.0,253.0,253.0,253.0,5908.856435290586,3.447342402218068,5906.238156124749,5912.762232397215,5907.568917349795,5908.854119480958,3.4473423635111753,5906.23584049545,5912.759916582407,5907.566601365015,0.028077248896711895,2.6753171116899492e-05,0.028046567741344147,0.028095709120815684,0.028089469827975846,19.586666666666666,0.03245991117260342,19.615,19.55125,19.59375,1.3828466335932414,0.015022803428535004,1.367321491241455,1.3973108530044556,1.3839075565338135,3.5536573750626608,0.4187369846304477,3.0876564999925904,3.6749750000308268,3.8983406251645647
class,cicids2017_distrinet,mlp,prim_pgd_p50_targeted,Prim-PGD p50,targeted,p50,Recon,800,0,0.0,0.0,0.0,0.0,0.0,0.0,0.0,0.0,0.0,0.0,0.0,0.0,0.0,0.0,0.0,1.0,0.0,1.0,1.0,1.0,3.8349999999999995,5.438959822042073e-16,3.835,3.835,3.835,5.048520730335164,0.0,5.048520730335164,5.048520730335164,5.048520730335164,5.04788877369822,0.0,5.04788877369822,5.04788877369822,5.04788877369822,3.659414191484622e-05,0.0,3.659414191484622e-05,3.659414191484622e-05,3.659414191484622e-05,0.15125,0.0,0.15125,0.15125,0.15125,,,,,,3.0002232084128386,0.09282947748177249,2.905703000142239,3.0912641252507456,3.003702499845531
class,cicids2017_distrinet,mlp,prim_pgd_p50_targeted,Prim-PGD p50,targeted,p50,BruteForce,800,0,0.00875,0.0,0.00875,0.00875,0.00875,0.00875,0.0,0.00875,0.00875,0.00875,0.0,0.0,0.0,0.0,0.0,1.0,0.0,1.0,1.0,1.0,253.0,0.0,253.0,253.0,253.0,1947.9268278318934,0.2657537550723968,1947.6999350528413,1947.8613473971438,1948.2192010456959,1947.9226969580407,0.2657538402830479,1947.6958038420987,1947.8572168855767,1948.2150701464466,0.019941900920622837,1.5395456821816487e-06,0.019941066457637085,0.019940958757194583,0.019943677547036836,20.370833333333334,0.0007216878364863759,20.37125,20.37,20.37125,0.7749302188555399,0.10534396611340333,0.7371938824653625,0.6936518549919128,0.8939449191093445,3.464817708299961,0.1811524160119749,3.2632125000236556,3.5173222501180135,3.6139183747582138
class,cicids2017_distrinet,cnn,prim_pgd_p50_targeted,Prim-PGD p50,targeted,p50,DoS,800,0,0.2325,0.0,0.2325,0.2325,0.2325,0.2325,0.0,0.2325,0.2325,0.2325,0.0,0.0,0.0,0.0,0.0,1.0,0.0,1.0,1.0,1.0,252.68500000000003,3.4809342861069267e-14,252.685,252.685,252.685,1274.5977306165144,9.32179154117399,1267.2810294582487,1271.419034270433,1285.0931281208611,1274.4111109864448,9.32336918207777,1267.0918575252942,1271.2335884950203,1284.90788693902,0.038195731439961515,0.0001314235254035034,0.03831257291201474,0.03805344655285822,0.03822117485501158,19.142916666666665,0.015069284433354908,19.15875,19.14125,19.12875,1.6333470940589905,0.018963548477858812,1.6471115350723267,1.6412134766578674,1.6117162704467773,3.0612230833503418,0.21678245429761395,2.9177665000315756,3.3106021251296625,2.9553006248897873
class,cicids2017_distrinet,cnn,prim_pgd_p50_targeted,Prim-PGD p50,targeted,p50,DDoS,800,0,0.28125,0.0,0.28125,0.28125,0.28125,0.28125,0.0,0.28125,0.28125,0.28125,0.0,0.0,0.0,0.0,0.0,1.0,0.0,1.0,1.0,1.0,253.0,0.0,253.0,253.0,253.0,5041.175887726946,20.630858433738517,5018.281887590897,5058.326473337495,5046.919302252446,5041.173566944725,20.630861726901152,5018.279563321537,5058.324155712841,5046.916981799797,0.025370066488415725,0.00011768992060184315,0.025454118846307904,0.02523556156455578,0.025420519054383493,19.467916666666667,0.043343348201694026,19.455,19.51625,19.4325,1.2371355692545574,0.019045920341565322,1.2484358549118042,1.247824788093567,1.2151460647583008,2.9723434999080687,0.12996695189179958,3.118359124928247,2.8693192498758435,2.929352124920115
class,cicids2017_distrinet,cnn,prim_pgd_p50_targeted,Prim-PGD p50,targeted,p50,Recon,800,0,0.0,0.0,0.0,0.0,0.0,0.0,0.0,0.0,0.0,0.0,0.0,0.0,0.0,0.0,0.0,1.0,0.0,1.0,1.0,1.0,3.52,0.0,3.52,3.52,3.52,0.04342793212612617,0.009765344491741573,0.032151883586173914,0.04906614578422053,0.04906576700798408,0.04283254868555538,0.009698970577070433,0.03163314213848763,0.04843225195908925,0.04843225195908925,1.2044742436468614e-05,1.656443649841331e-06,1.0132047204845251e-05,1.3002900658147592e-05,1.2999279446413e-05,0.12333333333333334,0.00721687836487032,0.115,0.1275,0.1275,,,,,,2.6856452084030025,0.07210144154988414,2.6054812502115965,2.706261249841191,2.74519312515622
class,cicids2017_distrinet,cnn,prim_pgd_p50_targeted,Prim-PGD p50,targeted,p50,BruteForce,800,0,0.00875,0.0,0.00875,0.00875,0.00875,0.00875,0.0,0.00875,0.00875,0.00875,0.0,0.0,0.0,0.0,0.0,1.0,0.0,1.0,1.0,1.0,253.0,0.0,253.0,253.0,253.0,1953.5876402136316,1.2709259328772022,1954.5112063285685,1954.1135423035478,1952.138172008778,1953.5851442954554,1.2711998309440153,1954.5088700706679,1954.1112070271893,1952.1353557885093,0.019979839485665427,5.466530434980093e-06,0.019986108077119494,0.019976063687106704,0.019977346692770084,20.375,0.0076034531628719915,20.37125,20.37,20.38375,0.7908356785774231,0.2179456989499218,0.9166666865348816,0.5391736626625061,0.9166666865348816,2.923667000043982,0.07519732690587923,2.999571374966763,2.9222323751309887,2.8491972500341944
class,cicids2017_distrinet,ft_transformer,prim_pgd_p50_targeted,Prim-PGD p50,targeted,p50,DoS,800,0,0.0025,0.0,0.0025,0.0025,0.0025,0.0025,0.0,0.0025,0.0025,0.0025,0.0,0.0,0.0,0.0,0.0,1.0,0.0,1.0,1.0,1.0,252.68500000000003,3.4809342861069267e-14,252.685,252.685,252.685,1439.1954629433937,0.8139053165016986,1439.9464386673717,1438.3306199335555,1439.3093302292536,1439.0247264410045,0.8130466727714426,1439.7747649103806,1438.1607014671408,1439.1387129454922,0.04230278382407323,6.66745743522024e-05,0.0422513135394487,0.04227893463200909,0.04237810330076188,19.657083333333333,0.0170629960245349,19.63875,19.66,19.6725,0.17074654251337051,0.0,0.17074654251337051,0.17074654251337051,0.17074654251337051,17.18839745823061,0.1647025838123197,17.017053999879863,17.345539499947336,17.202598874864634
class,cicids2017_distrinet,ft_transformer,prim_pgd_p50_targeted,Prim-PGD p50,targeted,p50,DDoS,800,0,0.0,0.0,0.0,0.0,0.0,0.0,0.0,0.0,0.0,0.0,0.0,0.0,0.0,0.0,0.0,1.0,0.0,1.0,1.0,1.0,253.0,0.0,253.0,253.0,253.0,5751.141129884877,0.6257360562983785,5750.419807415538,5751.5380682965615,5751.465513942531,5751.139163085609,0.6257360513023348,5750.417840621841,5751.536101491406,5751.4635471435795,0.027126442559547912,2.8318617056363596e-06,0.027123188593272247,0.027128349218082364,0.027127789867289125,19.51125,0.006495190528383535,19.515,19.515,19.50375,,,,,,17.428715083418258,0.20468736269762,17.53646437515272,17.192660625150893,17.557020249951165
class,cicids2017_distrinet,ft_transformer,prim_pgd_p50_targeted,Prim-PGD p50,targeted,p50,Recon,800,0,0.0,0.0,0.0,0.0,0.0,0.0,0.0,0.0,0.0,0.0,0.0,0.0,0.0,0.0,0.0,1.0,0.0,1.0,1.0,1.0,3.8349999999999995,5.438959822042073e-16,3.835,3.835,3.835,0.15618751326343697,0.0,0.15618751326343697,0.15618751326343697,0.15618751326343697,0.15560165603977752,0.0,0.15560165603977752,0.15560165603977752,0.15560165603977752,1.520506899812647e-05,0.0,1.520506899812647e-05,1.520506899812647e-05,1.520506899812647e-05,0.15125,0.0,0.15125,0.15125,0.15125,,,,,,3.1963241665895716,0.015665922513539064,3.186239749775268,3.214372124930378,3.188360625063069
class,cicids2017_distrinet,ft_transformer,prim_pgd_p50_targeted,Prim-PGD p50,targeted,p50,BruteForce,800,0,0.00375,0.0,0.00375,0.00375,0.00375,0.00375,0.0,0.00375,0.00375,0.00375,0.0,0.0,0.0,0.0,0.0,1.0,0.0,1.0,1.0,1.0,253.0,0.0,253.0,253.0,253.0,1942.4800571753492,0.015804968398878953,1942.481259094036,1942.463685560671,1942.4952268713407,1942.4759828949584,0.015845236788174878,1942.4771435791513,1942.4595892313255,1942.4912158743991,0.01987199093070975,1.6285644585055772e-06,0.01987108865827504,0.019871013203555162,0.019873870930299048,20.400416666666665,0.001909406539565135,20.4025,20.4,20.39875,0.34999581178029376,0.028833795839480925,0.3666430115699768,0.31670141220092773,0.3666430115699768,17.192502625014942,0.2376095335340681,17.055109500070103,17.055528000055347,17.46687037491938
class,cicids2018_distrinet,mlp-s42,prim_pgd_p50_targeted,Prim-PGD p50,targeted,p50,DoS,800,0,0.0,0.0,0.0,0.0,0.0,0.0,0.0,0.0,0.0,0.0,0.0,0.0,0.0,0.0,0.0,1.0,0.0,1.0,1.0,1.0,252.37,0.0,252.37,252.37,252.37,0.3675302537145191,0.019487700941062912,0.35108694231084586,0.38905542851957337,0.36244839031313814,0.33157712814207113,0.019777028178561012,0.31477411625577634,0.35337172697810076,0.3265855411923362,0.00014610275574579107,4.1254428437075674e-07,0.00014591081233458303,0.00014657630006922821,0.000145821154833562,2.3858333333333333,0.08750297613986234,2.385,2.47375,2.29875,,,,,,3.186280250083655,0.3856618905957925,2.860036875063088,3.0868966251728125,3.611907250015065
class,cicids2018_distrinet,mlp-s42,prim_pgd_p50_targeted,Prim-PGD p50,targeted,p50,DDoS,800,0,0.00125,0.0,0.00125,0.00125,0.00125,0.00125,0.0,0.00125,0.00125,0.00125,0.0,0.0,0.0,0.0,0.0,0.05541666666666667,0.004018187817080398,0.05375,0.0525,0.06,252.68500000000003,3.4809342861069267e-14,252.685,252.685,252.685,841.9763955181091,0.559843659261824,842.1738321328862,841.344583400801,842.4107710206404,840.64782540419,0.5690423947878005,840.8554933333332,840.0041166666666,841.0838662125705,0.07956133284332072,0.00020878278520560664,0.07961788908050962,0.07973601111271267,0.07933009833673987,19.42125,0.05490047813999455,19.48,19.4125,19.37125,0.7500001192092896,0.0,0.7500001192092896,0.7500001192092896,0.7500001192092896,3.791772291782157,0.19560263248491214,3.9723563750158064,3.583996500237845,3.8189640000928193
class,cicids2018_distrinet,mlp-s42,prim_pgd_p50_targeted,Prim-PGD p50,targeted,p50,Recon,800,0,0.0425,0.0,0.0425,0.0425,0.0425,0.0025,0.0,0.0025,0.0025,0.0025,4.0,0.0,4.0,4.0,4.0,0.94625,0.0,0.94625,0.94625,0.94625,31.554999999999996,4.351167857633658e-15,31.555,31.555,31.555,371.8796698872821,18.52170205166079,382.0622783757876,350.50066137975585,383.0760699063028,371.7956277777777,18.51999071047173,381.97733666666664,350.4185933333333,382.9909533333333,0.008004015544658709,0.00015407595560474265,0.008085976397746443,0.007826282735991666,0.008099787500238013,1.4891666666666665,0.014433756729740722,1.4975,1.4725,1.4975,0.8490944604078928,0.07255925157008296,0.8635124862194061,0.7704086303710938,0.9133622646331787,2.837120791664347,0.014322417413167702,2.824555999832228,2.852715874905698,2.8340905002551153
class,cicids2018_distrinet,mlp-s42,prim_pgd_p50_targeted,Prim-PGD p50,targeted,p50,BruteForce,800,0,0.0,0.0,0.0,0.0,0.0,0.0,0.0,0.0,0.0,0.0,0.0,0.0,0.0,0.0,0.0,1.0,0.0,1.0,1.0,1.0,253.0,0.0,253.0,253.0,253.0,0.11991475399001345,5.070051922207568e-06,0.11991933686069593,0.11991561745541938,0.11990930765392502,0.09534957505163992,2.340906955615416e-06,0.09535205421440239,0.0953492682935928,0.09534740264692454,0.0002095051989840874,5.114284888355099e-09,0.0002095105937652237,0.00020950458201710306,0.00020950042116993549,11.99125,0.0,11.99125,11.99125,11.99125,,,,,,2.9768698334616297,0.013109246843756162,2.9806273750727996,2.9622921251575463,2.9876900001545437
class,cicids2018_distrinet,cnn-s42,prim_pgd_p50_targeted,Prim-PGD p50,targeted,p50,DoS,800,0,0.0,0.0,0.0,0.0,0.0,0.0,0.0,0.0,0.0,0.0,0.0,0.0,0.0,0.0,0.0,0.006250000000000001,1.0622968402425924e-18,0.00625,0.00625,0.00625,252.37,0.0,252.37,252.37,252.37,48.11225836549559,0.028844943230949317,48.13347191955958,48.12388938495914,48.07941379196805,48.04893333333334,0.029297326385410397,48.070600000000006,48.0606,48.015600000000006,0.07244892716447682,4.416509325172353e-05,0.07248158416552188,0.07246652056947257,0.07239867675843602,12.96375,0.028256636388643952,12.9325,12.9875,12.97125,,,,,,3.070622458374904,0.08238671523845033,3.1139208748936653,3.122332000057213,2.975614500173833
class,cicids2018_distrinet,cnn-s42,prim_pgd_p50_targeted,Prim-PGD p50,targeted,p50,DDoS,800,0,0.5175,0.0021650635094611144,0.51625,0.52,0.51625,0.0,0.0,0.0,0.0,0.0,51.75,0.21650635094610965,51.625,52.0,51.625,0.00125,0.0,0.00125,0.00125,0.00125,252.68500000000003,3.4809342861069267e-14,252.685,252.685,252.685,560.3006670124258,19.420714071800063,544.460469118967,581.9677741093186,554.4737578089915,554.6890333333333,19.402175911559468,538.8877233333334,576.3440833333333,548.8352933333333,0.08032440307716489,0.00028279581285127155,0.08005555999814287,0.08061934259359027,0.08029830663976155,19.873333333333335,0.014487782208928351,19.86375,19.86625,19.89,,,,,,3.020341875089798,0.057061310336282,3.0752498749643564,3.0244287502137013,2.9613470000913367
class,cicids2018_distrinet,cnn-s42,prim_pgd_p50_targeted,Prim-PGD p50,targeted,p50,Recon,800,0,0.04,0.0,0.04,0.04,0.04,0.0,0.0,0.0,0.0,0.0,4.0,0.0,4.0,4.0,4.0,0.9395833333333332,0.0007216878364870169,0.93875,0.94,0.94,31.554999999999996,4.351167857633658e-15,31.555,31.555,31.555,608.4735540603483,3.214817585963773,606.6543864407281,612.1854626175451,606.5808131227717,608.1207213409634,3.215098456224092,606.2996235631857,611.832976896519,606.2295635631857,0.009038465593301483,6.905429573651115e-05,0.009000916982609557,0.009118158468361412,0.008996321328933483,1.7704166666666665,0.0019094065395648925,1.7725,1.76875,1.77,,,,,,2.743733166716993,0.10802840449342044,2.8498833751655184,2.6339197499328293,2.747396375052631
class,cicids2018_distrinet,cnn-s42,prim_pgd_p50_targeted,Prim-PGD p50,targeted,p50,BruteForce,800,0,0.0,0.0,0.0,0.0,0.0,0.0,0.0,0.0,0.0,0.0,0.0,0.0,0.0,0.0,0.0,0.00125,0.0,0.00125,0.00125,0.00125,253.0,0.0,253.0,253.0,253.0,3.4310850887719604,0.004677917970084627,3.435402356882496,3.4317378269049943,3.426115082528391,3.116394444444444,0.0004658842647568444,3.1164666666666663,3.11682,3.115896666666667,0.004697359062688859,2.4152693612979975e-08,0.004697379395959889,0.004697365426969099,0.00469733236513759,20.14375,0.02281035948861919,20.15875,20.155,20.1175,,,,,,2.9870234582146318,0.03842974992859412,3.0312751248129643,2.9677591248764656,2.9620361249544658
class,cicids2018_distrinet,ft_transformer-s42,prim_pgd_p50_targeted,Prim-PGD p50,targeted,p50,DoS,800,0,0.0,0.0,0.0,0.0,0.0,0.0,0.0,0.0,0.0,0.0,0.0,0.0,0.0,0.0,0.0,0.00875,0.0,0.00875,0.00875,0.00875,252.37,0.0,252.37,252.37,252.37,50.04712176132548,0.00016467559521807403,50.046945024120404,50.04714937614688,50.04727088370912,49.75463,0.0,49.75463,49.75463,49.75463,0.07470325819590119,3.329211473906762e-08,0.07470322765141243,0.07470325325328572,0.07470329368300542,18.23375,0.01515544456622825,18.2425,18.2425,18.21625,,,,,,17.20155437506037,0.18349794206383474,17.41162437509047,17.072551875025965,17.12048687506467
class,cicids2018_distrinet,ft_transformer-s42,prim_pgd_p50_targeted,Prim-PGD p50,targeted,p50,DDoS,800,0,0.00125,0.0,0.00125,0.00125,0.00125,0.0,0.0,0.0,0.0,0.0,0.125,0.0,0.125,0.125,0.125,0.00125,0.0,0.00125,0.00125,0.00125,252.68500000000003,3.4809342861069267e-14,252.685,252.685,252.685,706.4707801083451,10.555648112653717,712.8259637856145,712.3004318769024,694.2859446625188,699.431748892378,10.578887497930948,705.8014808105243,705.273662379048,687.2201034875617,0.08579414738824055,9.846380452038316e-05,0.08586072080843621,0.08584067988380914,0.08568104147247631,19.17125,0.015000000000000568,19.17125,19.18625,19.15625,,,,,,17.173437291639857,0.1089484813514433,17.19750562508125,17.268339124857448,17.054467124980874
class,cicids2018_distrinet,ft_transformer-s42,prim_pgd_p50_targeted,Prim-PGD p50,targeted,p50,Recon,800,0,0.012500000000000002,2.1245936804851847e-18,0.0125,0.0125,0.0125,0.0,0.0,0.0,0.0,0.0,1.25,0.0,1.25,1.25,1.25,0.94125,0.0,0.94125,0.94125,0.94125,31.554999999999996,4.351167857633658e-15,31.555,31.555,31.555,729.5540394017299,0.31729423555800595,729.7348319124061,729.1876699901233,729.7396163026607,729.481218888889,0.3175354137788926,729.6622666666667,729.11457,729.66682,0.010035841743596218,1.5272302481599195e-05,0.010027937555668784,0.010053446166408717,0.01002614150871115,1.6991666666666667,0.0007216878364870169,1.69875,1.7,1.69875,,,,,,3.8035776665977514,0.01007268684152022,3.7974261248018593,3.815201999968849,3.7981048750225455
class,cicids2018_distrinet,ft_transformer-s42,prim_pgd_p50_targeted,Prim-PGD p50,targeted,p50,BruteForce,800,0,0.0,0.0,0.0,0.0,0.0,0.0,0.0,0.0,0.0,0.0,0.0,0.0,0.0,0.0,0.0,0.00125,0.0,0.00125,0.00125,0.00125,253.0,0.0,253.0,253.0,253.0,3.152746986905512,0.0017391567753771635,3.1544483148956295,3.150972321507926,3.1528203243129798,3.0930365794358328,0.0011673609229881695,3.093709651835194,3.0916886275533426,3.0937114589189623,0.004657055000418245,1.091331206686551e-06,0.004657683163372784,0.004655794841629337,0.004657686996252613,18.924166666666668,0.0535655750770332,18.98125,18.875,18.91625,,,,,,17.296373374895968,0.18630242204302555,17.48826912487857,17.28463124978589,17.116219750023447
class,cicids2017_distrinet,mlp,prim_pgd_p75_targeted,Prim-PGD p75,targeted,p75,DoS,800,0,0.28875,0.0,0.28875,0.28875,0.28875,0.28875,0.0,0.28875,0.28875,0.28875,0.0,0.0,0.0,0.0,0.0,1.0,0.0,1.0,1.0,1.0,252.68500000000003,3.4809342861069267e-14,252.685,252.685,252.685,2100.5358623659054,4.023031610483501,2100.7526008532896,2096.4088426447506,2104.446143599677,2100.2254513573575,4.022679205608586,2100.4428215819858,2096.0984941499355,2104.1350383401505,0.04533376393067611,0.00016546415931985737,0.04530769234634227,0.045510716141749646,0.04518288330393641,19.834166666666665,0.018970920729720966,19.85125,19.8375,19.81375,1.426098346710205,0.017877828447689755,1.4055578708648682,1.43815279006958,1.434584379196167,3.1521267083007842,0.1676031791679945,2.958607999898959,3.250811625039205,3.246960499964189
class,cicids2017_distrinet,mlp,prim_pgd_p75_targeted,Prim-PGD p75,targeted,p75,DDoS,800,0,0.1325,0.0,0.1325,0.1325,0.1325,0.1325,0.0,0.1325,0.1325,0.1325,0.0,0.0,0.0,0.0,0.0,1.0,0.0,1.0,1.0,1.0,253.0,0.0,253.0,253.0,253.0,7802.850182619811,17.034962631230957,7789.8320844274085,7796.588687818543,7822.12977561348,7802.846722699697,17.034962107011758,7789.828624873609,7796.58522813448,7822.126315091001,0.037443682285298784,0.000102455242929639,0.0373674619140306,0.03740343484171544,0.037560150100150305,19.64375,0.007806247497998293,19.6525,19.6375,19.64125,1.2450319528579712,0.025670368624128043,1.2166668772697449,1.2666666507720947,1.251762330532074,3.105792374893402,0.046320860547710056,3.1017432498629205,3.154004874813836,3.0616290000034496
class,cicids2017_distrinet,mlp,prim_pgd_p75_targeted,Prim-PGD p75,targeted,p75,Recon,800,0,0.0,0.0,0.0,0.0,0.0,0.0,0.0,0.0,0.0,0.0,0.0,0.0,0.0,0.0,0.0,1.0,0.0,1.0,1.0,1.0,3.8349999999999995,5.438959822042073e-16,3.835,3.835,3.835,12.606810929223132,0.002773110689772099,12.608411985426365,12.603608816816667,12.608411985426365,12.605165905658735,0.0028394428235803144,12.606805258737277,12.601887199501649,12.606805258737277,9.323546223407946e-05,5.914344670282643e-12,9.323545881943097e-05,9.323546906337644e-05,9.323545881943097e-05,0.15166666666666664,0.0007216878364870329,0.15125,0.1525,0.15125,,,,,,2.7574011249816976,0.03173166297300428,2.7936127499560826,2.7441365001141094,2.734454124874901
class,cicids2017_distrinet,mlp,prim_pgd_p75_targeted,Prim-PGD p75,targeted,p75,BruteForce,800,0,0.02125,0.0,0.02125,0.02125,0.02125,0.02125,0.0,0.02125,0.02125,0.02125,0.0,0.0,0.0,0.0,0.0,1.0,0.0,1.0,1.0,1.0,253.0,0.0,253.0,253.0,253.0,3786.756183732486,1.1868484357393405,3786.042112794705,3786.1002106963388,3788.1262277064147,3786.7344474636016,1.186891775897178,3786.0211684780948,3786.077609327437,3788.1045645852737,0.07033232052201206,2.6438497988913568e-05,0.07033042166691887,0.07035965725593712,0.07030688264318019,20.509583333333335,0.007216878364871963,20.50125,20.51375,20.51375,0.7564102609952291,0.04622503012823107,0.7051281929016113,0.7948718070983887,0.7692307829856873,3.0687579582445323,0.028112601792416512,3.0983260000357404,3.0423714997596107,3.065576374938246
class,cicids2017_distrinet,cnn,prim_pgd_p75_targeted,Prim-PGD p75,targeted,p75,DoS,800,0,0.49291666666666667,0.004018187817080396,0.49,0.4975,0.49125,0.49291666666666667,0.004018187817080396,0.49,0.4975,0.49125,0.0,0.0,0.0,0.0,0.0,1.0,0.0,1.0,1.0,1.0,252.68500000000003,3.4809342861069267e-14,252.685,252.685,252.685,1896.3109078280088,19.305917332123077,1881.1295792790938,1918.0388947504148,1889.7642494545182,1895.9938088990136,19.30552818407061,1880.8111770940363,1917.7208662773432,1889.4493833256608,0.041503144773776375,0.00020453681738736963,0.04148591423530937,0.04171575181018459,0.04130776827583519,18.92958333333333,0.06320024393412835,18.91875,18.9975,18.8725,1.480631669362386,0.018040752590129123,1.4959619045257568,1.4607515335083008,1.4851815700531006,3.3697888748914315,0.43494366607779666,2.8714808748918585,3.5646948748035356,3.6731908749789
class,cicids2017_distrinet,cnn,prim_pgd_p75_targeted,Prim-PGD p75,targeted,p75,DDoS,800,0,0.35874999999999996,6.798699777552591e-17,0.35875,0.35875,0.35875,0.35874999999999996,6.798699777552591e-17,0.35875,0.35875,0.35875,0.0,0.0,0.0,0.0,0.0,1.0,0.0,1.0,1.0,1.0,253.0,0.0,253.0,253.0,253.0,6500.313850486444,28.131868163623857,6479.616741724628,6532.344754210808,6488.980055523894,6500.3103821199875,28.13187005163622,6479.61327161274,6532.341287917088,6488.976586830132,0.03332719290988493,4.363632050220361e-05,0.03333432057685218,0.03328043155633737,0.03336682659646524,19.646666666666665,0.06709756577800295,19.7225,19.6225,19.595,1.2461741765340169,0.0049534835730986335,1.2409255504608154,1.2468297481536865,1.2507672309875488,3.453073375082264,0.1509793624662942,3.616361250169575,3.3185373750166036,3.424321500060614
class,cicids2017_distrinet,cnn,prim_pgd_p75_targeted,Prim-PGD p75,targeted,p75,Recon,800,0,0.00125,0.0,0.00125,0.00125,0.00125,0.00125,0.0,0.00125,0.00125,0.00125,0.0,0.0,0.0,0.0,0.0,1.0,0.0,1.0,1.0,1.0,3.52,0.0,3.52,3.52,3.52,0.1485477029445508,0.002192564875870328,0.14837558676699908,0.14644626869026145,0.1508212533763919,0.1468402350652507,0.00219257164800423,0.14666813361597536,0.14473878578988839,0.14911378578988838,2.9971077954462287e-05,1.7451359159325187e-08,2.9951400148610246e-05,2.9984676897832876e-05,2.997715681694374e-05,0.12833333333333333,0.0007216878364870329,0.1275,0.12875,0.12875,0.9125932653745016,0.09463459405971947,0.8054807782173157,0.9848816394805908,0.9474173784255981,2.693360291693049,0.02754983909386684,2.7185145000112243,2.6639177498873323,2.697648625180591
class,cicids2017_distrinet,cnn,prim_pgd_p75_targeted,Prim-PGD p75,targeted,p75,BruteForce,800,0,0.59125,0.0012500000000000289,0.59125,0.5925,0.59,0.59125,0.0012500000000000289,0.59125,0.5925,0.59,0.0,0.0,0.0,0.0,0.0,1.0,0.0,1.0,1.0,1.0,253.0,0.0,253.0,253.0,253.0,3075.092754057909,3.2936056955857214,3072.5047699083802,3078.800165285936,3073.9733269794106,3075.0831742921036,3.2936320306872533,3072.495185161669,3078.7906199442778,3073.9637177703644,0.06431097043642464,9.873962839869815e-05,0.06437277970089314,0.06419709457221381,0.06436303703616696,20.782083333333333,0.02385939717036848,20.8,20.755,20.79125,1.6357503930727642,0.0015252792918269244,1.633995771408081,1.636495590209961,1.6367598176002502,3.026237166680706,0.22450766820920603,2.840628999983892,3.2757763750851154,2.962306124973111
class,cicids2017_distrinet,ft_transformer,prim_pgd_p75_targeted,Prim-PGD p75,targeted,p75,DoS,800,0,0.00375,0.0,0.00375,0.00375,0.00375,0.00375,0.0,0.00375,0.00375,0.00375,0.0,0.0,0.0,0.0,0.0,1.0,0.0,1.0,1.0,1.0,252.68500000000003,3.4809342861069267e-14,252.685,252.685,252.685,2238.763524802363,0.6059348580230193,2238.170398691302,2239.3815036547217,2238.738672061065,2238.4546912256205,0.6070953543881175,2237.860617995272,2239.0740204362064,2238.4294352453826,0.05006863012982283,6.20279393346424e-05,0.05004127711741816,0.050024980160532646,0.05013963311151769,19.714583333333334,0.01821457749532831,19.7125,19.6975,19.73375,0.15000371634960175,0.0,0.15000371634960175,0.15000371634960175,0.15000371634960175,17.198924958259642,0.2458148609050837,17.013841249863617,17.477834624878597,17.105099000036716
class,cicids2017_distrinet,ft_transformer,prim_pgd_p75_targeted,Prim-PGD p75,targeted,p75,DDoS,800,0,0.0,0.0,0.0,0.0,0.0,0.0,0.0,0.0,0.0,0.0,0.0,0.0,0.0,0.0,0.0,1.0,0.0,1.0,1.0,1.0,253.0,0.0,253.0,253.0,253.0,7211.325607679129,7.842874351070188,7218.7009429104055,7212.189203707402,7203.086676419579,7211.322467559825,7.842874257117025,7218.697802704752,7212.186063574318,7203.083536400405,0.03420015463092752,3.582409534738835e-05,0.034234108737340216,0.0342036398552275,0.03416271530021486,19.55541666666667,0.012268693220278645,19.5625,19.5625,19.54125,,,,,,17.185826958351146,0.14140950737784871,17.05177262512734,17.333592750073876,17.172115499852225
class,cicids2017_distrinet,ft_transformer,prim_pgd_p75_targeted,Prim-PGD p75,targeted,p75,Recon,800,0,0.0,0.0,0.0,0.0,0.0,0.0,0.0,0.0,0.0,0.0,0.0,0.0,0.0,0.0,0.0,1.0,0.0,1.0,1.0,1.0,3.8349999999999995,5.438959822042073e-16,3.835,3.835,3.835,0.37298040885135947,0.0,0.37298040885135947,0.37298040885135947,0.37298040885135947,0.3713704761285819,0.0,0.3713704761285819,0.3713704761285819,0.3713704761285819,4.427410117905019e-05,0.0,4.427410117905019e-05,4.427410117905019e-05,4.427410117905019e-05,0.15125,0.0,0.15125,0.15125,0.15125,,,,,,3.1721829998423345,0.03175493512058572,3.1693572498625144,3.1419353748788126,3.2052563747856766
class,cicids2017_distrinet,ft_transformer,prim_pgd_p75_targeted,Prim-PGD p75,targeted,p75,BruteForce,800,0,0.01375,0.0,0.01375,0.01375,0.01375,0.01375,0.0,0.01375,0.01375,0.01375,0.0,0.0,0.0,0.0,0.0,1.0,0.0,1.0,1.0,1.0,253.0,0.0,253.0,253.0,253.0,3778.9901809900607,0.032588588932946354,3778.974946973219,3778.9679993462173,3779.0275966507465,3778.9791304345613,0.03252355766810585,3778.9639180988684,3778.95700075812,3779.0164724466945,0.05251177023980682,2.271004939531164e-05,0.052522120787944264,0.05248572882190464,0.05252746110957154,20.518333333333334,0.006884463184107494,20.52625,20.515,20.51375,0.20512820780277252,0.0,0.20512820780277252,0.20512820780277252,0.20512820780277252,17.270663041757263,0.23726987080038842,17.5438316250802,17.11588025005767,17.15227725013392
class,cicids2018_distrinet,mlp-s42,prim_pgd_p75_targeted,Prim-PGD p75,targeted,p75,DoS,800,0,0.0,0.0,0.0,0.0,0.0,0.0,0.0,0.0,0.0,0.0,0.0,0.0,0.0,0.0,0.0,1.0,0.0,1.0,1.0,1.0,252.37,0.0,252.37,252.37,252.37,0.8090400692397722,0.019040316407710974,0.8272915423160573,0.8105301909719245,0.7892984744313353,0.7466652013037013,0.018082595609477534,0.7639184057196234,0.7482231691412893,0.7278540290501909,0.00027083831929947236,4.158448994227994e-06,0.0002739283470741623,0.00027247630624488406,0.0002661103045793708,2.3066666666666666,0.09690792451256686,2.36875,2.35625,2.195,,,,,,3.011882291660489,0.13765461998006365,2.860877875064034,3.130361750081647,3.0444072498357855
class,cicids2018_distrinet,mlp-s42,prim_pgd_p75_targeted,Prim-PGD p75,targeted,p75,DDoS,800,0,0.005,0.0,0.005,0.005,0.005,0.005,0.0,0.005,0.005,0.005,0.0,0.0,0.0,0.0,0.0,0.06,0.005000000000000001,0.055,0.06,0.065,252.68500000000003,3.4809342861069267e-14,252.685,252.685,252.685,1121.533555752487,1.9521620241178699,1123.0586263931298,1119.3334682681748,1122.208572596157,1119.9523423977407,1.9786077525659709,1121.5032099999999,1117.7239819299443,1120.6298352632778,0.08283225122881649,0.00030245642121456924,0.08295525787828265,0.08305382370643016,0.08248767210173666,19.454166666666666,0.04455216979377461,19.50375,19.44125,19.4175,0.8966041107972463,0.024611583207539943,0.9250001907348633,0.8814176321029663,0.8833945095539093,3.2602452084150477,0.028615783237051055,3.286495750071481,3.2644993750727735,3.2297405001008883
class,cicids2018_distrinet,mlp-s42,prim_pgd_p75_targeted,Prim-PGD p75,targeted,p75,Recon,800,0,0.04750000000000001,8.498374721940739e-18,0.0475,0.0475,0.0475,0.005416666666666667,0.0007216878364870322,0.00625,0.005,0.005,4.208333333333333,0.07216878364870323,4.125,4.25,4.25,0.9491666666666667,0.0007216878364870169,0.95,0.94875,0.94875,31.554999999999996,4.351167857633658e-15,31.555,31.555,31.555,368.8983743941997,17.204953154637856,375.7563651835401,349.32204532479324,381.616712674266,368.70948888888887,17.204690091368953,375.5663966666667,349.13363666666663,381.4284333333333,0.009157180002372135,0.0001325158266227528,0.009163731312051815,0.009021510032844609,0.009286298662219982,1.4624999999999997,0.012500000000000067,1.4625,1.45,1.475,0.9870057900746664,0.02250647693750374,0.9999998807907104,0.9999999403953552,0.9610175490379333,2.852933208438723,0.02576276381328793,2.8260950002004392,2.8774654999142513,2.8552391252014786
class,cicids2018_distrinet,mlp-s42,prim_pgd_p75_targeted,Prim-PGD p75,targeted,p75,BruteForce,800,0,0.0,0.0,0.0,0.0,0.0,0.0,0.0,0.0,0.0,0.0,0.0,0.0,0.0,0.0,0.0,1.0,0.0,1.0,1.0,1.0,253.0,0.0,253.0,253.0,253.0,0.2434070993759704,3.2910578776269735e-06,0.24340344992392865,0.2434098418093521,0.24340800639463045,0.19363822977522335,1.8056178101998103e-06,0.19363618565114585,0.1936396073977258,0.19363889627679842,0.0004253933741683934,3.940346490166173e-09,0.0004253889170834321,0.0004253963946235575,0.00042539481079819074,11.99375,0.0,11.99375,11.99375,11.99375,,,,,,2.922686541666432,0.04656376607966229,2.9725362500175834,2.9152098749182187,2.880313500063494
class,cicids2018_distrinet,cnn-s42,prim_pgd_p75_targeted,Prim-PGD p75,targeted,p75,DoS,800,0,0.0,0.0,0.0,0.0,0.0,0.0,0.0,0.0,0.0,0.0,0.0,0.0,0.0,0.0,0.0,0.006250000000000001,1.0622968402425924e-18,0.00625,0.00625,0.00625,252.37,0.0,252.37,252.37,252.37,48.15908550985653,0.018050982865277905,48.17934923212692,48.14472586535248,48.15318143209019,48.06751333333333,0.01842778698957929,48.088346666666666,48.05334666666667,48.06084666666666,0.07247470080893646,2.7782510200241446e-05,0.07250601325069424,0.07245300173141515,0.07246508744469998,12.814583333333333,0.033873231811170634,12.81125,12.7825,12.85,,,,,,2.9493331250462993,0.09794932521699845,2.892628874978982,3.062435125175398,2.8929353749845177
class,cicids2018_distrinet,cnn-s42,prim_pgd_p75_targeted,Prim-PGD p75,targeted,p75,DDoS,800,0,0.5591666666666666,0.0007216878364870809,0.55875,0.56,0.55875,0.0,0.0,0.0,0.0,0.0,55.916666666666664,0.07216878364870732,55.875,56.00000000000001,55.875,0.00125,0.0,0.00125,0.00125,0.00125,252.68500000000003,3.4809342861069267e-14,252.685,252.685,252.685,724.4572374038903,30.35956447447718,704.9614363946114,708.9734423187584,759.4368334983011,716.9103277777778,30.36478258260024,697.3892599999999,701.44754,751.8941833333333,0.08360077954348809,0.000509543879316974,0.08330401947430549,0.08330917655459615,0.08418914260156261,19.951666666666664,0.007637626158260152,19.95,19.96,19.945,,,,,,3.090092666777006,0.12830992552469536,3.1044083752203733,2.9552252500434406,3.2106443750672042
class,cicids2018_distrinet,cnn-s42,prim_pgd_p75_targeted,Prim-PGD p75,targeted,p75,Recon,800,0,0.04125,0.0,0.04125,0.04125,0.04125,0.0,0.0,0.0,0.0,0.0,4.125,0.0,4.125,4.125,4.125,0.9395833333333332,0.0007216878364870169,0.93875,0.94,0.94,31.554999999999996,4.351167857633658e-15,31.555,31.555,31.555,617.2099353280777,1.2185261742897213,618.4220088615847,615.9850574270595,617.2227396955889,616.721650418824,1.2127514323758852,617.926377078614,615.5010304325773,616.7375437452806,0.010601799627080735,1.9014197469834516e-05,0.01062112237039987,0.010583109778340897,0.010601166732501438,1.7691666666666668,0.0014433756729740337,1.77,1.7675,1.77,,,,,,2.8548087915987708,0.08646816197647347,2.94935287500266,2.779737374803517,2.8353361249901354
class,cicids2018_distrinet,cnn-s42,prim_pgd_p75_targeted,Prim-PGD p75,targeted,p75,BruteForce,800,0,0.0,0.0,0.0,0.0,0.0,0.0,0.0,0.0,0.0,0.0,0.0,0.0,0.0,0.0,0.0,0.00125,0.0,0.00125,0.00125,0.00125,253.0,0.0,253.0,253.0,253.0,4.4199400687017745,0.008475244572151172,4.418945500136919,4.412005989180812,4.428868716787593,3.5137044444444445,0.0015876794153498858,3.5120533333333332,3.51384,3.51522,0.004712667397759179,5.670435788366237e-08,0.004712624151240823,0.0047127315966944,0.004712646445342312,19.990416666666665,0.021517918889458892,19.975,20.015,19.98125,,,,,,2.969148708410406,0.07961911987844643,3.030907624925021,2.8792897501261905,2.997248750180006
class,cicids2018_distrinet,ft_transformer-s42,prim_pgd_p75_targeted,Prim-PGD p75,targeted,p75,DoS,800,0,0.0,0.0,0.0,0.0,0.0,0.0,0.0,0.0,0.0,0.0,0.0,0.0,0.0,0.0,0.0,0.00875,0.0,0.00875,0.00875,0.00875,252.37,0.0,252.37,252.37,252.37,50.69755810156705,0.0035442431763723914,50.69568370590448,50.695344642265546,50.70164595653112,49.75989666666666,1.8559214541851434e-05,49.75991333333334,49.75987666666667,49.759899999999995,0.07471758515578786,1.236863999554478e-07,0.07471756035378614,0.07471771936389471,0.07471747574968275,18.97458333333333,0.02812731471956386,18.94625,18.975,19.0025,,,,,,17.135145000065677,0.1979435310124103,17.043732875026762,16.999427500122692,17.362274625047576
class,cicids2018_distrinet,ft_transformer-s42,prim_pgd_p75_targeted,Prim-PGD p75,targeted,p75,DDoS,800,0,0.0008333333333333334,0.0007216878364870322,0.0,0.00125,0.00125,0.0,0.0,0.0,0.0,0.0,0.08333333333333333,0.07216878364870323,0.0,0.125,0.125,0.00125,0.0,0.00125,0.00125,0.00125,252.68500000000003,3.4809342861069267e-14,252.685,252.685,252.685,916.8678701907444,14.289643926283967,924.7571773588322,925.4736368325597,900.3727963808415,909.8252291115867,14.395276193171547,917.700137029074,918.5650518969239,893.2104984087622,0.09021353682183912,5.712661171279e-05,0.09027585912439436,0.09020109458396329,0.0901636567571597,19.316666666666666,0.04108553070526679,19.3275,19.27125,19.35125,,,,,,17.30238504174243,0.2714469767688771,17.58256650005933,17.040609375108033,17.28397925005993
class,cicids2018_distrinet,ft_transformer-s42,prim_pgd_p75_targeted,Prim-PGD p75,targeted,p75,Recon,800,0,0.012083333333333335,0.0007216878364870329,0.0125,0.01125,0.0125,0.0,0.0,0.0,0.0,0.0,1.2083333333333333,0.07216878364870322,1.25,1.125,1.25,0.94125,0.0,0.94125,0.94125,0.94125,31.554999999999996,4.351167857633658e-15,31.555,31.555,31.555,710.074971709007,6.8501955580687826,703.0342426152429,710.473433061529,716.7172394502487,709.99595,6.84833095955747,702.9575433333333,710.3934133333333,716.6368933333333,0.009997576235729215,0.00023027742472226997,0.009735523615300067,0.010089563969748144,0.010167641122139436,1.7095833333333335,0.007938566201357314,1.705,1.705,1.71875,,,,,,3.8082172499465137,0.006075425569747158,3.810296750161797,3.8129798747831956,3.801375124894548
class,cicids2018_distrinet,ft_transformer-s42,prim_pgd_p75_targeted,Prim-PGD p75,targeted,p75,BruteForce,800,0,0.0,0.0,0.0,0.0,0.0,0.0,0.0,0.0,0.0,0.0,0.0,0.0,0.0,0.0,0.0,0.00125,0.0,0.00125,0.00125,0.00125,253.0,0.0,253.0,253.0,253.0,3.2949757312617827,0.005539040526717561,3.3006787813924263,3.294631671921481,3.289616740471442,3.1824455087052357,0.003293997943335023,3.18585,3.1822121067250286,3.179274419390678,0.004643965926359096,2.688028369862228e-06,0.004641808652711827,0.004646977210156516,0.004643111916208945,18.405,0.06423832578764742,18.44875,18.33125,18.435,,,,,,17.201060000030946,0.2895293513420822,17.008343749912456,17.5340033750399,17.060832875140477
class,cicids2017_distrinet,mlp,prim_pgd_unbounded_targeted,Prim-PGD unbounded,targeted,unbounded,DoS,800,0,0.89125,0.0,0.89125,0.89125,0.89125,0.89125,0.0,0.89125,0.89125,0.89125,0.0,0.0,0.0,0.0,0.0,1.0,0.0,1.0,1.0,1.0,252.68500000000003,3.4809342861069267e-14,252.685,252.685,252.685,11968.692910109918,29.291485415401844,11972.593174717382,11937.646694395622,11995.838861216751,11968.634171390702,29.29048547711036,11972.53387942907,11937.589184661794,11995.779450081242,0.11042813585250716,0.0008833755203904572,0.1101712772964361,0.10970165573671493,0.11141147452437043,20.5825,0.008749999999999147,20.5825,20.59125,20.57375,0.5133971373240153,0.006785001531727802,0.5138206481933594,0.5064103007316589,0.5199604630470276,3.157871041621547,0.045379251855473715,3.2078415001160465,3.1465419998858124,3.1192296248627827
class,cicids2017_distrinet,mlp,prim_pgd_unbounded_targeted,Prim-PGD unbounded,targeted,unbounded,DDoS,800,0,0.7541666666666668,0.0014433756729740977,0.755,0.755,0.7525,0.7541666666666668,0.0014433756729740977,0.755,0.755,0.7525,0.0,0.0,0.0,0.0,0.0,1.0,0.0,1.0,1.0,1.0,253.0,0.0,253.0,253.0,253.0,4923.696526579369,71.44263013113157,4954.626333919823,4974.462730883154,4842.000514935127,4923.617059106014,71.44263026987736,4954.547015290786,4974.383137004638,4841.921025022616,0.05076702602699037,0.00023785593006272557,0.05096849699170795,0.050827946139176995,0.05050463495008617,20.335833333333337,0.006166103577895823,20.34,20.32875,20.33875,0.7090641260147095,0.00681718450800731,0.716935932636261,0.7051282525062561,0.7051281929016113,3.832372208319915,0.11626861913143784,3.805001250002533,3.9598843749263324,3.732231000030879
class,cicids2017_distrinet,mlp,prim_pgd_unbounded_targeted,Prim-PGD unbounded,targeted,unbounded,Recon,800,0,0.01,0.0,0.01,0.01,0.01,0.01,0.0,0.01,0.01,0.01,0.0,0.0,0.0,0.0,0.0,1.0,0.0,1.0,1.0,1.0,3.8349999999999995,5.438959822042073e-16,3.835,3.835,3.835,351.6759501699884,6.003941174677858,356.32998913379475,344.8989587082272,353.7989026679432,351.6751449275362,6.003942320039774,356.3291847826087,344.89815217391305,353.798097826087,0.0013799542454465356,2.5180421420197576e-05,0.0013564810493250704,0.0014065505346474356,0.0013768311523671014,0.125,0.0,0.125,0.125,0.125,0.05000000447034836,0.0,0.05000000447034836,0.05000000447034836,0.05000000447034836,3.00076191672512,0.07693015856018602,3.0717591251595877,3.0114996249903925,2.9190270000253804
class,cicids2017_distrinet,mlp,prim_pgd_unbounded_targeted,Prim-PGD unbounded,targeted,unbounded,BruteForce,800,0,0.025000000000000005,4.2491873609703695e-18,0.025,0.025,0.025,0.025000000000000005,4.2491873609703695e-18,0.025,0.025,0.025,0.0,0.0,0.0,0.0,0.0,1.0,0.0,1.0,1.0,1.0,253.0,0.0,253.0,253.0,253.0,32259.083317235403,240.49973372552796,32448.122891330364,31988.387051929483,32340.740008446366,32259.081132246374,240.49973582426455,32448.12070652174,31988.384864130436,32340.73782608696,0.26062108314466137,0.0018162755108203762,0.26205073651305905,0.2585773752897487,0.26123513763117634,20.60333333333333,0.0026020824993322907,20.60625,20.60125,20.6025,0.1269230842590332,0.0,0.1269230842590332,0.1269230842590332,0.1269230842590332,3.4494299167999998,0.17275496962060724,3.25956650020089,3.491369250114076,3.5973540000850335
class,cicids2017_distrinet,cnn,prim_pgd_unbounded_targeted,Prim-PGD unbounded,targeted,unbounded,DoS,800,0,0.92625,0.0,0.92625,0.92625,0.92625,0.92625,0.0,0.92625,0.92625,0.92625,0.0,0.0,0.0,0.0,0.0,1.0,0.0,1.0,1.0,1.0,252.68500000000003,3.4809342861069267e-14,252.685,252.685,252.685,9668.001995736258,137.26789475978637,9569.78403571185,9824.848616238063,9609.37333525886,9667.897322933313,137.26981021104214,9569.67820008195,9824.74617025373,9609.267598464265,0.09988792300739298,0.00040732156866426296,0.10035690305523699,0.09962254372413559,0.09968432224280636,15.933750000000002,0.06155536126122585,15.9525,15.98375,15.865,0.30000001192092896,0.0,0.30000001192092896,0.30000001192092896,0.30000001192092896,3.2770191665622406,0.07676865014314696,3.3028942497912794,3.337506999960169,3.190656249935273
class,cicids2017_distrinet,cnn,prim_pgd_unbounded_targeted,Prim-PGD unbounded,targeted,unbounded,DDoS,800,0,0.8841666666666667,0.0007216878364870169,0.88375,0.885,0.88375,0.8841666666666667,0.0007216878364870169,0.88375,0.885,0.88375,0.0,0.0,0.0,0.0,0.0,1.0,0.0,1.0,1.0,1.0,253.0,0.0,253.0,253.0,253.0,4270.72522479497,77.33574268233187,4198.957584326571,4352.629382190329,4260.588707868009,4270.631049458748,77.33095127682547,4198.865758972242,4352.528728510739,4260.498660893263,0.049602552609947254,0.0004242401166823989,0.049587745504023506,0.050034002432570016,0.04918590989324823,20.02125,0.004330127018922357,20.01625,20.02375,20.02375,0.7208660046259562,0.02307558429414181,0.7474358677864075,0.7093172669410706,0.7058448791503906,2.9973357500663647,0.09238369827387198,3.103771875030361,2.9379321250598878,2.9503032501088455
class,cicids2017_distrinet,cnn,prim_pgd_unbounded_targeted,Prim-PGD unbounded,targeted,unbounded,Recon,800,0,0.01,0.0,0.01,0.01,0.01,0.01,0.0,0.01,0.01,0.01,0.0,0.0,0.0,0.0,0.0,1.0,0.0,1.0,1.0,1.0,3.52,0.0,3.52,3.52,3.52,240.1679653163494,23.422398361678336,234.12554674783115,266.0195409663783,220.3588082348388,240.1636684782609,23.422398814086865,234.12125,266.0152445652174,220.35451086956525,0.0005618362902814603,2.539890727538648e-05,0.000577182788463745,0.0005758071682445452,0.0005325189141360908,0.13041666666666665,0.0007216878364870329,0.13125,0.13,0.13,0.062097145865360893,0.00929360391222128,0.06709395535290241,0.05137408338487148,0.06782339885830879,2.6573537498673736,0.010453919350050028,2.664515499782283,2.662188124959357,2.6453576248604804
class,cicids2017_distrinet,cnn,prim_pgd_unbounded_targeted,Prim-PGD unbounded,targeted,unbounded,BruteForce,800,0,1.0,0.0,1.0,1.0,1.0,1.0,0.0,1.0,1.0,1.0,0.0,0.0,0.0,0.0,0.0,1.0,0.0,1.0,1.0,1.0,253.0,0.0,253.0,253.0,253.0,34360.347292249404,283.26368701870103,34065.260788793916,34385.69691487873,34630.08417307556,34360.34129528986,283.2635808355808,34065.25483695653,34385.691059782606,34630.077989130434,0.648059935906924,0.010303585942062701,0.6461616646350912,0.6388374783589104,0.6591806647267705,20.687083333333334,0.01751487463081802,20.67,20.705,20.68625,0.6500000953674316,0.0,0.6500000953674316,0.6500000953674316,0.6500000953674316,2.860851624961166,0.048932371142487406,2.9003927498706616,2.8760346249327995,2.806127500080038
class,cicids2017_distrinet,ft_transformer,prim_pgd_unbounded_targeted,Prim-PGD unbounded,targeted,unbounded,DoS,800,0,0.005,0.0,0.005,0.005,0.005,0.005,0.0,0.005,0.005,0.005,0.0,0.0,0.0,0.0,0.0,1.0,0.0,1.0,1.0,1.0,252.68500000000003,3.4809342861069267e-14,252.685,252.685,252.685,26742.643843281465,193.03072256088356,26784.000488839014,26532.286631973824,26911.644409031564,26742.618738582383,193.03100022328996,26783.975804515983,26532.26110326051,26911.619307970657,0.19728184327873874,0.001361993442550351,0.1978640403568016,0.19572551311693168,0.19825597636248293,20.217916666666667,0.0028867513459496057,20.21625,20.21625,20.22125,0.2934528316060702,0.06019594860675998,0.32820697873830795,0.2239445373415947,0.32820697873830795,17.148573166729573,0.07693588179397064,17.1504750000895,17.224540500028525,17.07070400007069
class,cicids2017_distrinet,ft_transformer,prim_pgd_unbounded_targeted,Prim-PGD unbounded,targeted,unbounded,DDoS,800,0,0.0,0.0,0.0,0.0,0.0,0.0,0.0,0.0,0.0,0.0,0.0,0.0,0.0,0.0,0.0,1.0,0.0,1.0,1.0,1.0,253.0,0.0,253.0,253.0,253.0,12217.723977934715,40.98309233582231,12249.601046937216,12171.4951279636,12232.07575890333,12217.64061425335,40.984159063112486,12249.518753788383,12171.410630684015,12231.992458287654,0.0931000625307447,0.00011073477456452198,0.0931910650746807,0.09297677248679938,0.09313235003075397,19.69458333333333,0.0019094065395651348,19.69625,19.695,19.6925,,,,,,17.565379166529357,0.11267394788027026,17.625574749836233,17.63517024985049,17.435392499901354
class,cicids2017_distrinet,ft_transformer,prim_pgd_unbounded_targeted,Prim-PGD unbounded,targeted,unbounded,Recon,800,0,0.0075,0.0,0.0075,0.0075,0.0075,0.0075,0.0,0.0075,0.0075,0.0075,0.0,0.0,0.0,0.0,0.0,1.0,0.0,1.0,1.0,1.0,3.8349999999999995,5.438959822042073e-16,3.835,3.835,3.835,558.267270092079,83.96517305861919,537.5498570081733,486.6001155712123,650.6518376968514,558.2671467391305,83.96522218231661,537.5497282608696,486.5999456521739,650.6517663043478,0.0021008513933504203,0.0003852102448847714,0.001974797782905889,0.0017944600097478676,0.0025332963873975047,0.15541666666666668,0.0007216878364870329,0.155,0.15625,0.155,0.04587169239918391,0.003476586128005889,0.04579021595418453,0.049388300627470016,0.04243656061589718,3.182839000073727,0.007315528839159243,3.185014000046067,3.188820375071373,3.174682625103742
class,cicids2017_distrinet,ft_transformer,prim_pgd_unbounded_targeted,Prim-PGD unbounded,targeted,unbounded,BruteForce,800,0,0.022500000000000003,4.2491873609703695e-18,0.0225,0.0225,0.0225,0.022500000000000003,4.2491873609703695e-18,0.0225,0.0225,0.0225,0.0,0.0,0.0,0.0,0.0,1.0,0.0,1.0,1.0,1.0,253.0,0.0,253.0,253.0,253.0,123054.2152142531,58.69792082706283,123051.03165288035,122997.17385915294,123114.44013072597,123054.20684782609,58.69792355974078,123051.02328804348,122997.16548913044,123114.43176630436,1.5423256419803344,0.00018371257237316803,1.542116830910325,1.5423976629197866,1.5424624321108917,21.564166666666665,0.004732423621499991,21.56625,21.55875,21.5675,0.20384615659713745,0.0,0.20384615659713745,0.20384615659713745,0.20384615659713745,17.05115358335509,0.024915245998754956,17.033640625013504,17.079677250003442,17.040142875048332
class,cicids2018_distrinet,mlp-s42,prim_pgd_unbounded_targeted,Prim-PGD unbounded,targeted,unbounded,DoS,800,0,0.0,0.0,0.0,0.0,0.0,0.0,0.0,0.0,0.0,0.0,0.0,0.0,0.0,0.0,0.0,1.0,0.0,1.0,1.0,1.0,252.37,0.0,252.37,252.37,252.37,52.49998175185464,0.6484189590760682,52.61423565911981,53.08367979773071,51.80202979871339,51.87372221818597,0.6624814174282828,51.982824074450804,52.474880232464336,51.16346234764278,0.0059201962054421416,2.4927083913686042e-05,0.005944292593720626,0.005894514135610737,0.0059217818869950626,6.647083333333334,0.00904272267258753,6.6575,6.6425,6.64125,,,,,,4.07661795829578,0.16335733129599603,4.100162874965463,3.902765749953687,4.22692524996819
class,cicids2018_distrinet,mlp-s42,prim_pgd_unbounded_targeted,Prim-PGD unbounded,targeted,unbounded,DDoS,800,0,0.02,0.0,0.02,0.02,0.02,0.02,0.0,0.02,0.02,0.02,0.0,0.0,0.0,0.0,0.0,0.8204166666666666,0.004732423621500254,0.815,0.82375,0.8225,252.68500000000003,3.4809342861069267e-14,252.685,252.685,252.685,2182.635915042854,11.850737832340355,2186.5530190661875,2169.322531054286,2192.032195008088,2132.458390712638,10.866542616750221,2136.0298953555657,2120.255584374764,2141.0896924075846,0.19873534490394093,0.002227947183117702,0.1998145152448557,0.19617331265575086,0.20021820681121627,12.899999999999999,0.04562071897723735,12.9525,12.87,12.8775,0.8666668136914571,0.014433785980592386,0.8750001788139343,0.8500001132488251,0.8750001490116119,3.5905682501227907,0.30442394927375094,3.625786875199992,3.875851125048939,3.2700667501194403
class,cicids2018_distrinet,mlp-s42,prim_pgd_unbounded_targeted,Prim-PGD unbounded,targeted,unbounded,Recon,800,0,0.06375,0.0,0.06375,0.06375,0.06375,0.04041666666666666,0.001909406539564935,0.03875,0.04,0.0425,2.3333333333333335,0.19094065395649332,2.5,2.375,2.125,0.9729166666666668,0.0019094065395649411,0.97125,0.9725,0.975,31.554999999999996,4.351167857633658e-15,31.555,31.555,31.555,1752.676028009333,29.642677683270602,1773.2629325619089,1718.7008768720762,1766.064274594014,1751.6787022222222,29.648766370181036,1772.2721866666666,1717.69693,1765.06699,0.05024847870068679,0.0001589982725369018,0.05031252439725214,0.05006744557680772,0.05036546612800051,1.3141666666666667,0.017868151368659598,1.33375,1.31,1.29875,0.5325037638346354,0.05629806716053522,0.5000000596046448,0.5000000596046448,0.5975111722946167,3.093860416847747,0.4443447411450458,3.6068310000700876,2.8279871252016164,2.8467631252715364
class,cicids2018_distrinet,mlp-s42,prim_pgd_unbounded_targeted,Prim-PGD unbounded,targeted,unbounded,BruteForce,800,0,0.90625,0.0,0.90625,0.90625,0.90625,0.90625,0.0,0.90625,0.90625,0.90625,0.0,0.0,0.0,0.0,0.0,1.0,0.0,1.0,1.0,1.0,253.0,0.0,253.0,253.0,253.0,905.1575015932052,12.826877787375132,899.6507536658729,919.8182509696511,896.0035001440914,781.0067968103634,13.075248574327722,775.6485244446899,795.9100408633844,771.4618251230156,1.1468334631429375,0.0002241434785420855,1.1469269284769552,1.1465777125999572,1.1469957483519004,12.0,0.0,12.0,12.0,12.0,0.6000000834465027,0.0,0.6000000834465027,0.6000000834465027,0.6000000834465027,3.323594499961473,0.015242310007954644,3.3407167499535717,3.3115049998741597,3.3185617500566877
class,cicids2018_distrinet,cnn-s42,prim_pgd_unbounded_targeted,Prim-PGD unbounded,targeted,unbounded,DoS,800,0,0.0,0.0,0.0,0.0,0.0,0.0,0.0,0.0,0.0,0.0,0.0,0.0,0.0,0.0,0.0,0.006250000000000001,1.0622968402425924e-18,0.00625,0.00625,0.00625,252.37,0.0,252.37,252.37,252.37,82.55540964927563,0.9493716464797793,82.79966675448362,81.50777562772166,83.35878656562157,78.24669999999999,1.0162665699564772,78.52015666666667,77.12168333333334,79.09826,0.07308925836527837,3.639073260674537e-05,0.07310582384300926,0.07311441922266565,0.07304753203016018,16.00583333333333,0.07055951979239407,15.94625,16.08375,15.9875,,,,,,2.94062254174302,0.02203326307118758,2.962360749952495,2.918305625207722,2.9412012500688434
class,cicids2018_distrinet,cnn-s42,prim_pgd_unbounded_targeted,Prim-PGD unbounded,targeted,unbounded,DDoS,800,0,0.7704166666666667,0.0007216878364870169,0.77,0.77125,0.77,0.0,0.0,0.0,0.0,0.0,77.04166666666667,0.07216878364870322,77.0,77.125,77.0,0.00125,0.0,0.00125,0.00125,0.00125,252.68500000000003,3.4809342861069267e-14,252.685,252.685,252.685,2446.2055598442416,65.04610284258465,2474.3785547843786,2371.822236072241,2492.415888676105,2444.951382222222,65.06677419888551,2473.1390133333334,2370.54357,2491.1715633333333,0.10302051469392748,0.001264305906942371,0.10368996363219873,0.10156224760627888,0.10380933284330483,19.71833333333333,0.010103629710819517,19.7125,19.73,19.7125,,,,,,3.0871187498754202,0.030064381564483315,3.0538897498627193,3.095030249969568,3.112436249793973
class,cicids2018_distrinet,cnn-s42,prim_pgd_unbounded_targeted,Prim-PGD unbounded,targeted,unbounded,Recon,800,0,0.06375,0.0,0.06375,0.06375,0.06375,0.025000000000000005,4.2491873609703695e-18,0.025,0.025,0.025,3.875,0.0,3.875,3.875,3.875,0.94875,0.0,0.94875,0.94875,0.94875,31.554999999999996,4.351167857633658e-15,31.555,31.555,31.555,1895.919820902166,50.0811416974353,1949.389667475493,1888.2598126687146,1850.1099825622907,1894.497884704568,50.05645333627554,1947.8712941602394,1887.02336082417,1848.5989991292943,0.041749224995040024,0.0009473274795823083,0.042843102506816014,0.041204115308544426,0.041200457169759626,1.7508333333333332,0.0007216878364870169,1.75,1.75125,1.75125,0.29841085771719617,0.002752495821926887,0.30000001192092896,0.29523254930973053,0.30000001192092896,2.7930188333266415,0.09088274128548775,2.8204943749005906,2.866993625066243,2.6915685000130907
class,cicids2018_distrinet,cnn-s42,prim_pgd_unbounded_targeted,Prim-PGD unbounded,targeted,unbounded,BruteForce,800,0,1.0,0.0,1.0,1.0,1.0,0.9791666666666666,0.0019094065395648928,0.97875,0.98125,0.9775,2.0833333333333335,0.19094065395648926,2.124999999999999,1.8750000000000044,2.2499999999999964,0.9791666666666666,0.0019094065395648928,0.97875,0.98125,0.9775,253.0,0.0,253.0,253.0,253.0,551.1568424653437,6.554967436331654,557.7679007264043,544.6594440403379,551.0431826292889,517.5138451811546,6.730754155222764,524.2981896255991,510.8379929589324,517.4053529589323,0.23876878257582657,0.0009679550791483726,0.23843457703493287,0.239859555756959,0.2380122149355878,12.160416666666668,0.014049762750072827,12.16375,12.145,12.1725,0.10000000149011612,0.0,0.10000000149011612,0.10000000149011612,0.10000000149011612,2.9769297083839774,0.037889424654043644,2.956841124978382,3.020633250125684,2.9533147500478663
class,cicids2018_distrinet,ft_transformer-s42,prim_pgd_unbounded_targeted,Prim-PGD unbounded,targeted,unbounded,DoS,800,0,0.0,0.0,0.0,0.0,0.0,0.0,0.0,0.0,0.0,0.0,0.0,0.0,0.0,0.0,0.0,0.00875,0.0,0.00875,0.00875,0.00875,252.37,0.0,252.37,252.37,252.37,94.2229866002312,0.002867373186719471,94.22317745411902,94.22575377875906,94.2200285678155,88.67094333333334,1.7404671430534633e-14,88.67094333333333,88.67094333333333,88.67094333333333,0.07574032262423262,3.2001664352124805e-06,0.07574047645378698,0.07574344310176234,0.07573704831714854,20.042916666666667,0.03460340782832315,20.0475,20.075,20.00625,,,,,,17.471682958324283,0.123966460613911,17.32854837522609,17.544682624866255,17.541817874880508
class,cicids2018_distrinet,ft_transformer-s42,prim_pgd_unbounded_targeted,Prim-PGD unbounded,targeted,unbounded,DDoS,800,0,0.0,0.0,0.0,0.0,0.0,0.0,0.0,0.0,0.0,0.0,0.0,0.0,0.0,0.0,0.0,0.00125,0.0,0.00125,0.00125,0.00125,252.68500000000003,3.4809342861069267e-14,252.685,252.685,252.685,1613.6905204125317,8.084204179133275,1604.4348728354487,1617.2675834497384,1619.3691049524077,1609.9302227423104,8.261017292354534,1600.4601303624074,1613.6740981893238,1615.6564396752003,0.09688724017863887,0.00035076247100310285,0.09714752348168541,0.09648835373613243,0.09702584331809878,19.593333333333334,0.03125833222251769,19.5575,19.6075,19.615,,,,,,17.293248124963913,0.17911649205738125,17.490408874873538,17.248782874958124,17.14055262506008
class,cicids2018_distrinet,ft_transformer-s42,prim_pgd_unbounded_targeted,Prim-PGD unbounded,targeted,unbounded,Recon,800,0,0.030833333333333334,0.0007216878364870329,0.03,0.03125,0.03125,0.00375,0.0,0.00375,0.00375,0.00375,2.7083333333333335,0.07216878364870323,2.625,2.75,2.75,0.945,0.0,0.945,0.945,0.945,31.554999999999996,4.351167857633658e-15,31.555,31.555,31.555,2664.915385274478,31.00178955236899,2642.275163138532,2652.221412731461,2700.2495799534418,2663.1749792177116,31.002887515786334,2640.542196995489,2650.4706103288227,2698.5121303288224,0.06165637349853542,0.0006076525983449337,0.060979958647419175,0.061833060361416864,0.06215610148677022,1.6970833333333335,0.0028867513459480674,1.69375,1.69875,1.69875,0.04999999329447746,0.0,0.04999999329447746,0.04999999329447746,0.04999999329447746,3.814118791682025,0.007600884649467481,3.822413624729961,3.8124553751549684,3.807487375161145
class,cicids2018_distrinet,ft_transformer-s42,prim_pgd_unbounded_targeted,Prim-PGD unbounded,targeted,unbounded,BruteForce,800,0,0.0,0.0,0.0,0.0,0.0,0.0,0.0,0.0,0.0,0.0,0.0,0.0,0.0,0.0,0.0,0.00125,0.0,0.00125,0.00125,0.00125,253.0,0.0,253.0,253.0,253.0,976.6117697603325,0.0,976.6117697603325,976.6117697603325,976.6117697603325,781.487013484526,0.0,781.487013484526,781.487013484526,781.487013484526,1.7124142399772626,2.7194799110210365e-16,1.7124142399772624,1.7124142399772624,1.7124142399772624,20.98875,0.0,20.98875,20.98875,20.98875,,,,,,17.24466033347805,0.24369674815958453,17.103207875043154,17.104717375186738,17.52605575020425
