{"params": {"_lambda": 1, "optimizer": "adam", "lr": 0.1, "max_iter": 300, "sample_num": 500, "kappa": 0, "max_features": null, "greedy_steps": 50}, "metrics": {"success_rate": 0.97, "mean_l2_distance": 0.8762764930725098, "mean_linf_distance": 0.4792631268501282, "perturbed_features_latent": 15.538144329896907, "perturbed_features_input": 13.696907216494845, "mean_confidence_successful": 0.6060949097473904, "mean_confidence_unsuccessful": 0.04609028895696004, "min_confidence_unsuccessful": 8.344650268554688e-06, "max_confidence_unsuccessful": 0.31702685356140137, "mean_md_distance": 3.9000193796805034, "outlier_rate": 0.1731958762886598, "outliers": "84/485"}}