{"params": {"_lambda": 1, "optimizer": "adam", "lr": 0.1, "max_iter": 300, "sample_num": 500, "kappa": 0}, "metrics": {"success_rate": 0.98, "mean_l2_distance": 0.9132367968559265, "mean_linf_distance": 0.493863046169281, "perturbed_features_latent": 15.738775510204082, "perturbed_features_input": 59.13061224489796, "mean_confidence_successful": 0.6488929253869823, "mean_confidence_unsuccessful": 0.00812779664993286, "min_confidence_unsuccessful": 4.4465065002441406e-05, "max_confidence_unsuccessful": 0.030714035034179688, "mean_md_distance": 3.975195132485826, "outlier_rate": 0.17755102040816326, "outliers": "87/490"}}