scope,dataset,victim,condition,method,objective,budget,source_class,seed,n,raw_successes,valid_successes,validator_passes,raw_asr,valid_asr,validity_gap_pp,validator_pass_rate,raw_targeted_benign_successes,valid_targeted_benign_successes,raw_targeted_benign_asr,valid_targeted_benign_asr,mean_model_evaluations,mean_l2_robust_scaled,mean_linf_robust_scaled,mean_l2_train_minmax,mean_features_modified,max_modified_outside_mask,median_primitive_cost_valid,median_p_valid,median_delay_valid,runtime_seconds,ms_per_flow
victim,cicids2017_distrinet,mlp,prim_pgd_p50_targeted,Prim-PGD p50,targeted,p50,ALL,42,3200,74,74,3200,0.023125,0.023125,0.0,1.0,74,74,0.023125,0.023125,187.08625,2295.78253896519,2295.7516958003935,0.0132670982818778,8.115625,0,0.6675375998020172,0.0,1068206.5,10.00565530010499,3.1267672812828096
victim,cicids2017_distrinet,mlp,prim_pgd_p50_targeted,Prim-PGD p50,targeted,p50,ALL,2024,3200,74,74,3200,0.023125,0.023125,0.0,1.0,74,74,0.023125,0.023125,187.08625,2297.215778352664,2297.185048022857,0.013259843207053191,8.1146875,0,0.700000137090683,0.0,1105966.5,10.033328299876302,3.1354150937113445
victim,cicids2017_distrinet,mlp,prim_pgd_p50_targeted,Prim-PGD p50,targeted,p50,ALL,2026,3200,74,74,3200,0.023125,0.023125,0.0,1.0,74,74,0.023125,0.023125,187.08625,2295.9242676994113,2295.8935118532722,0.01326458242159227,8.1159375,0,0.7000002264976501,0.0,1067244.5,10.431139199994504,3.2597309999982826
victim,cicids2017_distrinet,cnn,prim_pgd_p50_targeted,Prim-PGD p50,targeted,p50,ALL,42,3200,294,294,3200,0.091875,0.091875,0.0,1.0,294,294,0.091875,0.091875,187.08625,2070.5649660557856,2070.534606560008,0.0122914856439617,8.1665625,0,0.6241103410720825,0.0,1072797.5,9.415177599759772,2.942242999924929
victim,cicids2017_distrinet,cnn,prim_pgd_p50_targeted,Prim-PGD p50,targeted,p50,ALL,2024,3200,294,294,3200,0.091875,0.091875,0.0,1.0,294,294,0.091875,0.091875,187.08625,2081.9795681690234,2081.9503729934454,0.012336711960923376,8.158125,0,0.6339108943939209,0.0,990052.5,9.444412199780345,2.951378812431358
victim,cicids2017_distrinet,cnn,prim_pgd_p50_targeted,Prim-PGD p50,targeted,p50,ALL,2026,3200,294,294,3200,0.091875,0.091875,0.0,1.0,294,294,0.091875,0.091875,187.08625,2083.813763165544,2083.783294948052,0.012311094845652798,8.16375,0,0.6297899782657623,0.0,1090786.5,9.309080900158733,2.909087781299604
victim,cicids2017_distrinet,ft_transformer,prim_pgd_p50_targeted,Prim-PGD p50,targeted,p50,ALL,42,3200,4,4,3200,0.00125,0.00125,0.0,1.0,4,4,0.00125,0.00125,187.165,2271.659088752565,2271.6337004368015,0.012859867696822163,8.0959375,0,0.37242670357227325,0.0,3453.5,43.12153049977496,13.475478281179676
victim,cicids2017_distrinet,ft_transformer,prim_pgd_p50_targeted,Prim-PGD p50,targeted,p50,ALL,2024,3200,4,4,3200,0.00125,0.00125,0.0,1.0,4,4,0.00125,0.00125,187.165,2271.431411894546,2271.4060618935578,0.012858498665128006,8.095625,0,0.3635536730289459,0.0,3368.5,42.96433379990049,13.426354312468902
victim,cicids2017_distrinet,ft_transformer,prim_pgd_p50_targeted,Prim-PGD p50,targeted,p50,ALL,2026,3200,4,4,3200,0.00125,0.00125,0.0,1.0,4,4,0.00125,0.00125,187.165,2271.301634572123,2271.276266035736,0.012858317706838642,8.0959375,0,0.37504827976226807,0.0,3660.0,43.83088879985735,13.697152749955421
victim,cicids2018_distrinet,mlp-s42,prim_pgd_p50_targeted,Prim-PGD p50,targeted,p50,ALL,42,3200,22,22,3200,0.006875,0.006875,0.0,1.0,22,22,0.006875,0.006875,189.92125,276.13284926061056,276.027001948957,0.006328652534871132,6.648125,0,0.43810589611530304,0.0,2898425.0,10.989995200186968,3.4343735000584275
victim,cicids2018_distrinet,mlp-s42,prim_pgd_p50_targeted,Prim-PGD p50,targeted,p50,ALL,2024,3200,22,22,3200,0.006875,0.006875,0.0,1.0,22,22,0.006875,0.006875,189.92125,268.3363076801697,268.23161439809974,0.006263218959228485,6.606875,0,0.41236233711242676,0.0,2738317.5,10.762266600271687,3.363208312584902
victim,cicids2018_distrinet,mlp-s42,prim_pgd_p50_targeted,Prim-PGD p50,targeted,p50,ALL,2026,3200,22,22,3200,0.006875,0.006875,0.0,1.0,22,22,0.006875,0.006875,189.92125,275.4708424192698,275.3663650747419,0.006335268129229028,6.6115625,0,0.450000062584877,0.0,2897327.5,10.709394599776715,3.3466858124302235
victim,cicids2018_distrinet,cnn-s42,prim_pgd_p50_targeted,Prim-PGD p50,targeted,p50,ALL,42,3200,0,0,3196,0.0,0.0,0.0,0.99875,0,0,0.0,0.0,189.8425,217.81224440442963,217.63662856747172,0.0039443691068434495,6.379375,0,,,,9.420674400171265,2.9439607500535203
victim,cicids2018_distrinet,cnn-s42,prim_pgd_p50_targeted,Prim-PGD p50,targeted,p50,ALL,2024,3200,0,0,3197,0.0,0.0,0.0,0.9990625,0,0,0.0,0.0,189.8425,220.21318381076944,220.06926857145024,0.003892872984604114,6.3484375,0,,,,8.956570400157943,2.7989282500493573
victim,cicids2018_distrinet,cnn-s42,prim_pgd_p50_targeted,Prim-PGD p50,targeted,p50,ALL,2026,3200,0,0,3197,0.0,0.0,0.0,0.9990625,0,0,0.0,0.0,189.8425,214.81594404310488,214.6730621282858,0.0037826405141133746,6.361875,0,,,,9.206973099848256,2.87717909370258
victim,cicids2018_distrinet,ft_transformer-s42,prim_pgd_p50_targeted,Prim-PGD p50,targeted,p50,ALL,42,3200,0,0,3198,0.0,0.0,0.0,0.999375,0,0,0.0,0.0,189.92125,221.57521659925246,221.23747668856228,0.00448468673044837,7.7053125,0,,,,42.42456309963018,13.25767596863443
victim,cicids2018_distrinet,ft_transformer-s42,prim_pgd_p50_targeted,Prim-PGD p50,targeted,p50,ALL,2024,3200,0,0,3198,0.0,0.0,0.0,0.999375,0,0,0.0,0.0,189.92125,225.66414792208784,225.31187526941738,0.004565067058982503,7.7265625,0,,,,42.37770299986005,13.243032187456265
victim,cicids2018_distrinet,ft_transformer-s42,prim_pgd_p50_targeted,Prim-PGD p50,targeted,p50,ALL,2026,3200,0,0,3198,0.0,0.0,0.0,0.999375,0,0,0.0,0.0,189.92125,224.37445535673157,223.92756820523988,0.004831492171737967,7.72625,0,,,,42.62812820007093,13.321290062522166
victim,cicids2017_distrinet,mlp,prim_pgd_p75_targeted,Prim-PGD p75,targeted,p75,ALL,42,3200,131,131,3200,0.0409375,0.0409375,0.0,1.0,131,131,0.0409375,0.0409375,187.08625,3420.7000328937256,3420.6329511898093,0.02092408612312929,8.128125,0,0.6000001430511475,0.0,1234476.0,9.400007800199091,2.937502437562216
victim,cicids2017_distrinet,mlp,prim_pgd_p75_targeted,Prim-PGD p75,targeted,p75,ALL,2024,3200,131,131,3200,0.0409375,0.0409375,0.0,1.0,131,131,0.0409375,0.0409375,187.08625,3420.6066038939152,3420.5396059480818,0.02090030838689296,8.133125,0,0.600000262260437,0.0,1294248.0,9.588177700061351,2.996305531269172
victim,cicids2017_distrinet,mlp,prim_pgd_p75_targeted,Prim-PGD p75,targeted,p75,ALL,2026,3200,131,131,3200,0.0409375,0.0409375,0.0,1.0,131,131,0.0409375,0.0409375,187.08625,3421.733242153644,3421.666246026766,0.020919436645810988,8.1346875,0,0.6500002145767212,0.0,1258335.0,9.578436999814585,2.9932615624420578
victim,cicids2017_distrinet,cnn,prim_pgd_p75_targeted,Prim-PGD p75,targeted,p75,ALL,42,3200,424,424,3200,0.1325,0.1325,0.0,1.0,424,424,0.1325,0.1325,187.08625,3105.919868897411,3105.853653198241,0.01948217413219282,8.2003125,0,0.6344540119171143,0.0,1007616.5,10.360193099593744,3.237560343623045
victim,cicids2017_distrinet,cnn,prim_pgd_p75_targeted,Prim-PGD p75,targeted,p75,ALL,2024,3200,424,424,3200,0.1325,0.1325,0.0,1.0,424,424,0.1325,0.1325,187.08625,3124.48510719765,3124.4182539672606,0.019585617209078594,8.19875,0,0.6529500782489777,0.0,1028515.5,10.218763799639419,3.1933636873873184
victim,cicids2017_distrinet,cnn,prim_pgd_p75_targeted,Prim-PGD p75,targeted,p75,ALL,2026,3200,424,424,3200,0.1325,0.1325,0.0,1.0,424,424,0.1325,0.1325,187.08625,3129.250102460808,3129.1832701140806,0.01954074691561452,8.1959375,0,0.6499996781349182,0.0,1070214.0,10.322039499646053,3.2256373436393915
victim,cicids2017_distrinet,ft_transformer,prim_pgd_p75_targeted,Prim-PGD p75,targeted,p75,ALL,42,3200,4,4,3200,0.00125,0.00125,0.0,1.0,4,4,0.00125,0.00125,187.165,3275.0229201399184,3274.961823235546,0.019695072727675705,8.1065625,0,0.27245138585567474,0.0,5271.5,43.029783699894324,13.446807406216976
victim,cicids2017_distrinet,ft_transformer,prim_pgd_p75_targeted,Prim-PGD p75,targeted,p75,ALL,2024,3200,4,4,3200,0.00125,0.00125,0.0,1.0,4,4,0.00125,0.00125,187.165,3272.8725756584986,3272.811807190174,0.019683137400506714,8.10625,0,0.24843411147594452,0.0,5112.0,43.6130154998973,13.629067343717907
victim,cicids2017_distrinet,ft_transformer,prim_pgd_p75_targeted,Prim-PGD p75,targeted,p75,ALL,2026,3200,4,4,3200,0.00125,0.00125,0.0,1.0,4,4,0.00125,0.00125,187.165,3271.3710823925417,3271.3113024107656,0.01969165936525446,8.103125,0,0.2750381827354431,0.0,5697.0,42.972541300114244,13.428919156285701
victim,cicids2018_distrinet,mlp-s42,prim_pgd_p75_targeted,Prim-PGD p75,targeted,p75,ALL,42,3200,25,25,3200,0.0078125,0.0078125,0.0,1.0,25,25,0.0078125,0.0078125,189.92125,353.12662695631553,352.98582753070906,0.008261028359992477,6.6421875,0,0.45852553844451904,0.0,2628328.0,10.031284799799323,3.1347764999372885
victim,cicids2018_distrinet,mlp-s42,prim_pgd_p75_targeted,Prim-PGD p75,targeted,p75,ALL,2024,3200,25,25,3200,0.0078125,0.0078125,0.0,1.0,25,25,0.0078125,0.0078125,189.92125,345.2685608557846,345.1294543911466,0.008202941576820522,6.610625,0,0.44999995827674866,0.0,2709999.0,9.747310499893501,3.046034531216719
victim,cicids2018_distrinet,mlp-s42,prim_pgd_p75_targeted,Prim-PGD p75,targeted,p75,ALL,2026,3200,25,25,3200,0.0078125,0.0078125,0.0,1.0,25,25,0.0078125,0.0078125,189.92125,352.4735843564592,352.3339098677516,0.008269684781541458,6.6696875,0,0.4500001072883606,0.0,2628328.0,9.674173099920154,3.023179093725048
victim,cicids2018_distrinet,cnn-s42,prim_pgd_p75_targeted,Prim-PGD p75,targeted,p75,ALL,42,3200,0,0,3196,0.0,0.0,0.0,0.99875,0,0,0.0,0.0,189.8425,286.8450981138313,286.62394530386837,0.005680997783534256,6.4528125,0,,,,9.402032299665734,2.938135093645542
victim,cicids2018_distrinet,cnn-s42,prim_pgd_p75_targeted,Prim-PGD p75,targeted,p75,ALL,2024,3200,0,0,3197,0.0,0.0,0.0,0.9990625,0,0,0.0,0.0,189.8425,281.10958915604385,280.9222994036218,0.00543024301234593,6.4715625,0,,,,9.20791000011377,2.8774718750355532
victim,cicids2018_distrinet,cnn-s42,prim_pgd_p75_targeted,Prim-PGD p75,targeted,p75,ALL,2026,3200,0,0,3197,0.0,0.0,0.0,0.9990625,0,0,0.0,0.0,189.8425,286.0698641692807,285.8824345448172,0.005545238853150155,6.46,0,,,,9.480241699842736,2.962575531200855
victim,cicids2018_distrinet,ft_transformer-s42,prim_pgd_p75_targeted,Prim-PGD p75,targeted,p75,ALL,42,3200,0,0,3198,0.0,0.0,0.0,0.999375,0,0,0.0,0.0,189.92125,245.6254232710519,245.2014414417368,0.005340662629128248,7.876875,0,,,,42.78101460007019,13.369067062521935
victim,cicids2018_distrinet,ft_transformer-s42,prim_pgd_p75_targeted,Prim-PGD p75,targeted,p75,ALL,2024,3200,0,0,3198,0.0,0.0,0.0,0.999375,0,0,0.0,0.0,189.92125,247.1773433044608,246.75485094310682,0.005351391790785477,7.875,0,,,,42.880826900480315,13.400258406400098
victim,cicids2018_distrinet,ft_transformer-s42,prim_pgd_p75_targeted,Prim-PGD p75,targeted,p75,ALL,2026,3200,0,0,3198,0.0,0.0,0.0,0.999375,0,0,0.0,0.0,189.92125,245.83552157463382,245.30776327955647,0.005644556168116586,7.856875,0,,,,42.91353130014613,13.410478531295666
victim,cicids2017_distrinet,mlp,prim_pgd_unbounded_targeted,Prim-PGD unbounded,targeted,unbounded,ALL,42,3200,734,734,3200,0.229375,0.229375,0.0,1.0,734,734,0.229375,0.229375,187.08625,27248.112225734316,27248.107226680993,0.19774686213221074,8.4378125,0,0.30000001192092896,0.0,5186885.5,10.597085400018841,3.311589187505888
victim,cicids2017_distrinet,mlp,prim_pgd_unbounded_targeted,Prim-PGD unbounded,targeted,unbounded,ALL,2024,3200,734,734,3200,0.229375,0.229375,0.0,1.0,734,734,0.229375,0.229375,187.08625,26841.36136839164,26841.35640467012,0.194063293137407,8.43,0,0.30000001192092896,0.0,5070927.0,10.871421699644998,3.397319281139062
victim,cicids2017_distrinet,mlp,prim_pgd_unbounded_targeted,Prim-PGD unbounded,targeted,unbounded,ALL,2026,3200,734,734,3200,0.229375,0.229375,0.0,1.0,734,734,0.229375,0.229375,187.08625,27723.160172778425,27723.155066354902,0.20151044204896823,8.4403125,0,0.30000001192092896,0.0,5119822.0,10.502202300122008,3.2819382187881274
victim,cicids2017_distrinet,cnn,prim_pgd_unbounded_targeted,Prim-PGD unbounded,targeted,unbounded,ALL,42,3200,1910,1910,3200,0.596875,0.596875,0.0,1.0,1910,1910,0.596875,0.596875,187.08625,21631.148543433897,21631.1295208228,0.23770542195859673,8.6484375,0,0.40000003576278687,0.0,8425822.0,9.358382599893957,2.9244945624668617
victim,cicids2017_distrinet,cnn,prim_pgd_unbounded_targeted,Prim-PGD unbounded,targeted,unbounded,ALL,2024,3200,1910,1910,3200,0.596875,0.596875,0.0,1.0,1910,1910,0.596875,0.596875,187.08625,21828.211051379087,21828.192000442366,0.23534796045018933,8.6425,0,0.39983072876930237,0.0,8387836.0,9.184185900026932,2.8700580937584164
victim,cicids2017_distrinet,cnn,prim_pgd_unbounded_targeted,Prim-PGD unbounded,targeted,unbounded,ALL,2026,3200,1910,1910,3200,0.596875,0.596875,0.0,1.0,1910,1910,0.596875,0.596875,187.08625,21646.97027447849,21646.95062721183,0.23943414888755576,8.6496875,0,0.4010332226753235,0.0,8400278.0,9.077897200128064,2.83684287504002
victim,cicids2017_distrinet,ft_transformer,prim_pgd_unbounded_targeted,Prim-PGD unbounded,targeted,unbounded,ALL,42,3200,19,19,3200,0.0059375,0.0059375,0.0,1.0,19,19,0.0059375,0.0059375,187.165,41181.599160229234,41181.593202817756,0.44431392901549777,8.5015625,0,0.05000000074505806,0.0,2702697.0,42.62068539997563,13.318964187492384
victim,cicids2017_distrinet,ft_transformer,prim_pgd_unbounded_targeted,Prim-PGD unbounded,targeted,unbounded,ALL,2024,3200,19,19,3200,0.0059375,0.0059375,0.0,1.0,19,19,0.0059375,0.0059375,187.165,41331.0408091361,41331.03632994186,0.4450593824956578,8.50375,0,0.05000000447034836,0.0,3110872.0,43.08402709965594,13.463758468642482
victim,cicids2017_distrinet,ft_transformer,prim_pgd_unbounded_targeted,Prim-PGD unbounded,targeted,unbounded,ALL,2026,3200,19,19,3200,0.0059375,0.0059375,0.0,1.0,19,19,0.0059375,0.0059375,187.165,41217.61994818977,41217.61520222447,0.4447981932865342,8.503125,0,0.05000000447034836,0.0,2809509.0,43.01390719995834,13.441845999986981
victim,cicids2018_distrinet,mlp-s42,prim_pgd_unbounded_targeted,Prim-PGD unbounded,targeted,unbounded,ALL,42,3200,792,792,3199,0.2475,0.2475,0.0,0.9996875,792,792,0.2475,0.2475,189.92125,1033.3964697920032,989.191391029547,0.3451968631570119,7.95625,0,0.6000000834465027,0.0,70082916.0,10.905499199870974,3.4079684999596793
victim,cicids2018_distrinet,mlp-s42,prim_pgd_unbounded_targeted,Prim-PGD unbounded,targeted,unbounded,ALL,2024,3200,792,792,3199,0.2475,0.2475,0.0,0.9996875,792,792,0.2475,0.2475,189.92125,1041.7426457870451,997.3328161227132,0.3456852517868323,7.909375,0,0.6000000834465027,0.0,70082808.0,10.41279079974629,3.2539971249207156
victim,cicids2018_distrinet,mlp-s42,prim_pgd_unbounded_targeted,Prim-PGD unbounded,targeted,unbounded,ALL,2026,3200,793,793,3199,0.2478125,0.2478125,0.0,0.9996875,793,793,0.2478125,0.2478125,189.92125,1040.3137030619162,996.1472045797375,0.34474736131033856,7.96,0,0.6000000834465027,0.0,70081016.0,10.820976599818096,3.381555187443155
victim,cicids2018_distrinet,cnn-s42,prim_pgd_unbounded_targeted,Prim-PGD unbounded,targeted,unbounded,ALL,42,3200,835,835,3197,0.2609375,0.2609375,0.0,0.9990625,835,835,0.2609375,0.2609375,189.8425,5724.8585839528105,5715.2507485068345,0.17810687917063117,8.6378125,0,0.10000000149011612,0.0,11684393.0,9.287657300243154,2.9023929063259857
victim,cicids2018_distrinet,cnn-s42,prim_pgd_unbounded_targeted,Prim-PGD unbounded,targeted,unbounded,ALL,2024,3200,835,835,3197,0.2609375,0.2609375,0.0,0.9990625,835,835,0.2609375,0.2609375,189.8425,5698.497149157794,5688.968728620084,0.17733519491386177,8.61125,0,0.10000000149011612,0.0,11684530.0,9.13353079999797,2.8542283749993658
victim,cicids2018_distrinet,cnn-s42,prim_pgd_unbounded_targeted,Prim-PGD unbounded,targeted,unbounded,ALL,2026,3200,835,835,3197,0.2609375,0.2609375,0.0,0.9990625,835,835,0.2609375,0.2609375,189.8425,5686.605331631557,5677.048938628939,0.1774680426468149,8.6325,0,0.10000000149011612,0.0,11684580.0,9.069169599795714,2.8341154999361606
victim,cicids2018_distrinet,ft_transformer-s42,prim_pgd_unbounded_targeted,Prim-PGD unbounded,targeted,unbounded,ALL,42,3200,4,4,3198,0.00125,0.00125,0.0,0.999375,4,4,0.00125,0.00125,189.92125,2404.1238176383076,2352.8691791981123,0.4915432939814081,8.4853125,0,0.07499999739229679,0.0,3599891.5,42.10026609990746,13.15633315622108
victim,cicids2018_distrinet,ft_transformer-s42,prim_pgd_unbounded_targeted,Prim-PGD unbounded,targeted,unbounded,ALL,2024,3200,4,4,3198,0.00125,0.00125,0.0,0.999375,4,4,0.00125,0.00125,189.92125,2423.1729849450285,2371.892825193211,0.49188181751380805,8.4771875,0,0.07499999739229679,0.0,3599891.5,42.05222070007585,13.141318968773703
victim,cicids2018_distrinet,ft_transformer-s42,prim_pgd_unbounded_targeted,Prim-PGD unbounded,targeted,unbounded,ALL,2026,3200,4,4,3198,0.00125,0.00125,0.0,0.999375,4,4,0.00125,0.00125,189.92125,2367.452869090866,2315.905282755098,0.4916404143257311,8.4796875,0,0.07499999739229679,0.0,3599891.5,44.784983900142834,13.995307468794635
victim,cicids2017_distrinet,mlp,prim_hybrid_p50_targeted,Hybrid Search p50,targeted,p50,ALL,42,3200,74,74,3200,0.023125,0.023125,0.0,1.0,74,74,0.023125,0.023125,188.4984375,2299.2811023524328,2299.2503699983763,0.013264243242282849,8.113125,0,0.6812851130962372,0.0,1072171.5,9.645066100172698,3.0140831563039683
victim,cicids2017_distrinet,mlp,prim_hybrid_p50_targeted,Hybrid Search p50,targeted,p50,ALL,2024,3200,74,74,3200,0.023125,0.023125,0.0,1.0,74,74,0.023125,0.023125,188.4984375,2298.7679871096743,2298.7372512282777,0.01325260885344689,8.113125,0,0.6547170281410217,0.0,1068665.0,10.515909799840301,3.286221812450094
victim,cicids2017_distrinet,mlp,prim_hybrid_p50_targeted,Hybrid Search p50,targeted,p50,ALL,2026,3200,74,74,3200,0.023125,0.023125,0.0,1.0,74,74,0.023125,0.023125,188.4984375,2300.5424800931255,2300.5117475023867,0.013259523310342112,8.11375,0,0.6936441361904144,0.0,1069845.0,10.854439100017771,3.3920122187555535
victim,cicids2017_distrinet,cnn,prim_hybrid_p50_targeted,Hybrid Search p50,targeted,p50,ALL,42,3200,294,294,3200,0.091875,0.091875,0.0,1.0,294,294,0.091875,0.091875,188.4984375,2078.943989538714,2078.913594383034,0.012196771268072509,8.15875,0,0.5812603831291199,0.0,1003014.0,9.167282900074497,2.8647759062732803
victim,cicids2017_distrinet,cnn,prim_hybrid_p50_targeted,Hybrid Search p50,targeted,p50,ALL,2024,3200,294,294,3200,0.091875,0.091875,0.0,1.0,294,294,0.091875,0.091875,188.4984375,2079.8020045167273,2079.7714004030436,0.012247672378627473,8.1675,0,0.6000000834465027,0.0,1043114.5,9.10781479999423,2.846192124998197
victim,cicids2017_distrinet,cnn,prim_hybrid_p50_targeted,Hybrid Search p50,targeted,p50,ALL,2026,3200,294,294,3200,0.091875,0.091875,0.0,1.0,294,294,0.091875,0.091875,188.4984375,2081.751732528104,2081.7211286639135,0.012268470101934438,8.1684375,0,0.6006999313831329,0.0,1030091.0,9.08801249996759,2.840003906239872
victim,cicids2017_distrinet,ft_transformer,prim_hybrid_p50_targeted,Hybrid Search p50,targeted,p50,ALL,42,3200,4,4,3200,0.00125,0.00125,0.0,1.0,4,4,0.00125,0.00125,188.5778125,2271.761117407554,2271.73578068169,0.012860211685719996,8.09625,0,0.34499312937259674,0.0,2959.5,43.272860900033265,13.522769031260395
victim,cicids2017_distrinet,ft_transformer,prim_hybrid_p50_targeted,Hybrid Search p50,targeted,p50,ALL,2024,3200,4,4,3200,0.00125,0.00125,0.0,1.0,4,4,0.00125,0.00125,188.5778125,2271.6618174983146,2271.636469792894,0.012859959589740259,8.0959375,0,0.3885594755411148,0.0,3443.0,43.993780999910086,13.748056562471902
victim,cicids2017_distrinet,ft_transformer,prim_hybrid_p50_targeted,Hybrid Search p50,targeted,p50,ALL,2026,3200,4,4,3200,0.00125,0.00125,0.0,1.0,4,4,0.00125,0.00125,188.5778125,2271.3490133539453,2271.3236461619636,0.01285856477301019,8.09625,0,0.3349180072546005,0.0,3588.0,43.50892379973084,13.596538687415887
victim,cicids2018_distrinet,mlp-s42,prim_hybrid_p50_targeted,Hybrid Search p50,targeted,p50,ALL,42,3200,22,22,3200,0.006875,0.006875,0.0,1.0,22,22,0.006875,0.006875,190.788125,277.1563529065255,277.0526999900389,0.006347988946818637,6.6240625,0,0.4758222699165344,0.0,3151236.5,10.810718200169504,3.37834943755297
victim,cicids2018_distrinet,mlp-s42,prim_hybrid_p50_targeted,Hybrid Search p50,targeted,p50,ALL,2024,3200,22,22,3200,0.006875,0.006875,0.0,1.0,22,22,0.006875,0.006875,190.788125,277.37211551726074,277.2682859125401,0.006356853418366837,6.605625,0,0.4931100308895111,0.0,3438260.0,11.235306899994612,3.511033406248316
victim,cicids2018_distrinet,mlp-s42,prim_hybrid_p50_targeted,Hybrid Search p50,targeted,p50,ALL,2026,3200,22,22,3198,0.006875,0.006875,0.0,0.999375,22,22,0.006875,0.006875,190.788125,276.2262789703485,276.1228673227565,0.006342036942497646,6.604375,0,0.4060193598270416,0.0,3356421.0,10.768644800176844,3.3652015000552638
victim,cicids2018_distrinet,cnn-s42,prim_hybrid_p50_targeted,Hybrid Search p50,targeted,p50,ALL,42,3200,0,0,3198,0.0,0.0,0.0,0.999375,0,0,0.0,0.0,190.70875,230.22291049922157,230.0646516187457,0.00416200148272404,6.4046875,0,,,,9.205236200010404,2.8766363125032512
victim,cicids2018_distrinet,cnn-s42,prim_hybrid_p50_targeted,Hybrid Search p50,targeted,p50,ALL,2024,3200,0,0,3198,0.0,0.0,0.0,0.999375,0,0,0.0,0.0,190.70875,234.0455821570137,233.89978279035387,0.004194301795243271,6.4115625,0,,,,9.277760999742895,2.899300312419655
victim,cicids2018_distrinet,cnn-s42,prim_hybrid_p50_targeted,Hybrid Search p50,targeted,p50,ALL,2026,3200,0,0,3197,0.0,0.0,0.0,0.9990625,0,0,0.0,0.0,190.70875,232.5480665562657,232.37081869124796,0.004214854428950148,6.4078125,0,,,,9.610361900413409,3.0032380938791903
victim,cicids2018_distrinet,ft_transformer-s42,prim_hybrid_p50_targeted,Hybrid Search p50,targeted,p50,ALL,42,3200,0,0,3198,0.0,0.0,0.0,0.999375,0,0,0.0,0.0,190.788125,224.5281219973336,224.02399715163864,0.005009984256306572,7.750625,0,,,,42.93272830010392,13.416477593782474
victim,cicids2018_distrinet,ft_transformer-s42,prim_hybrid_p50_targeted,Hybrid Search p50,targeted,p50,ALL,2024,3200,0,0,3198,0.0,0.0,0.0,0.999375,0,0,0.0,0.0,190.788125,226.1624780856552,225.62491245179746,0.005119744290551962,7.7821875,0,,,,42.863401300273836,13.394812906335574
victim,cicids2018_distrinet,ft_transformer-s42,prim_hybrid_p50_targeted,Hybrid Search p50,targeted,p50,ALL,2026,3200,0,0,3198,0.0,0.0,0.0,0.999375,0,0,0.0,0.0,190.788125,226.16095437328,225.6277889215987,0.005110536975725045,7.775,0,,,,42.64122460014187,13.325382687544334
victim,cicids2017_distrinet,mlp,prim_hybrid_p75_targeted,Hybrid Search p75,targeted,p75,ALL,42,3200,131,131,3200,0.0409375,0.0409375,0.0,1.0,131,131,0.0409375,0.0409375,188.500625,3427.2789620984177,3427.2119915636395,0.020922916942772037,8.1259375,0,0.6293227672576904,0.0,1267059.0,9.947098699864,3.1084683437075
victim,cicids2017_distrinet,mlp,prim_hybrid_p75_targeted,Hybrid Search p75,targeted,p75,ALL,2024,3200,131,131,3200,0.0409375,0.0409375,0.0,1.0,131,131,0.0409375,0.0409375,188.500625,3427.686577223206,3427.619602005027,0.020888892819454163,8.12875,0,0.603171169757843,0.0,1261250.0,9.880575099727139,3.087679718664731
victim,cicids2017_distrinet,mlp,prim_hybrid_p75_targeted,Hybrid Search p75,targeted,p75,ALL,2026,3200,131,131,3200,0.0409375,0.0409375,0.0,1.0,131,131,0.0409375,0.0409375,188.500625,3428.6732252906118,3428.606252820244,0.020915078673505044,8.1321875,0,0.6715850234031677,0.0,1227694.0,9.838816700037569,3.0746302187617403
victim,cicids2017_distrinet,cnn,prim_hybrid_p75_targeted,Hybrid Search p75,targeted,p75,ALL,42,3200,424,424,3200,0.1325,0.1325,0.0,1.0,424,424,0.1325,0.1325,188.500625,3115.2130685138213,3115.146745428095,0.019351233800116833,8.1859375,0,0.5796788930892944,0.0,986237.0,10.818889999995008,3.38090312499844
victim,cicids2017_distrinet,cnn,prim_hybrid_p75_targeted,Hybrid Search p75,targeted,p75,ALL,2024,3200,424,424,3200,0.1325,0.1325,0.0,1.0,424,424,0.1325,0.1325,188.500625,3123.6353592538503,3123.5685214727764,0.019438176083335413,8.1940625,0,0.5999999940395355,0.0,987962.0,10.703572600148618,3.344866437546443
victim,cicids2017_distrinet,cnn,prim_hybrid_p75_targeted,Hybrid Search p75,targeted,p75,ALL,2026,3200,424,424,3200,0.1325,0.1325,0.0,1.0,424,424,0.1325,0.1325,188.500625,3129.1834825742517,3129.1166600597326,0.019464993514618043,8.19,0,0.6077403426170349,0.0,1005652.0,10.359951300080866,3.2374847812752705
victim,cicids2017_distrinet,ft_transformer,prim_hybrid_p75_targeted,Hybrid Search p75,targeted,p75,ALL,42,3200,4,4,3200,0.00125,0.00125,0.0,1.0,4,4,0.00125,0.00125,188.58,3278.9944637812955,3278.9333653745507,0.01971248402756008,8.1065625,0,0.2726019248366356,0.0,5186.0,43.17691579996608,13.4927861874894
victim,cicids2017_distrinet,ft_transformer,prim_hybrid_p75_targeted,Hybrid Search p75,targeted,p75,ALL,2024,3200,4,4,3200,0.00125,0.00125,0.0,1.0,4,4,0.00125,0.00125,188.58,3273.9870429521834,3273.92594347114,0.019688788832075074,8.10625,0,0.2984187602996826,0.0,6128.0,43.84622720023617,13.701946000073804
victim,cicids2017_distrinet,ft_transformer,prim_hybrid_p75_targeted,Hybrid Search p75,targeted,p75,ALL,2026,3200,4,4,3200,0.00125,0.00125,0.0,1.0,4,4,0.00125,0.00125,188.58,3272.966223126236,3272.9066238102705,0.01968258933172469,8.1028125,0,0.2850242853164673,0.0,6411.0,43.329919000156224,13.54059968754882
victim,cicids2018_distrinet,mlp-s42,prim_hybrid_p75_targeted,Hybrid Search p75,targeted,p75,ALL,42,3200,25,25,3200,0.0078125,0.0078125,0.0,1.0,25,25,0.0078125,0.0078125,190.788125,354.0650706441645,353.9256965304858,0.008277992676142739,6.6434375,0,0.47616487741470337,0.0,2912426.0,10.432011499768123,3.2600035936775384
victim,cicids2018_distrinet,mlp-s42,prim_hybrid_p75_targeted,Hybrid Search p75,targeted,p75,ALL,2024,3200,25,25,3200,0.0078125,0.0078125,0.0,1.0,25,25,0.0078125,0.0078125,190.788125,354.2758396362057,354.1376656342784,0.008291925945255822,6.629375,0,0.5000000596046448,0.0,3132650.0,10.050244299927726,3.1407013437274145
victim,cicids2018_distrinet,mlp-s42,prim_hybrid_p75_targeted,Hybrid Search p75,targeted,p75,ALL,2026,3200,25,25,3198,0.0078125,0.0078125,0.0,0.999375,25,25,0.0078125,0.0078125,190.788125,353.17086906051867,353.03160906940536,0.008289832982907204,6.66,0,0.44977760314941406,0.0,2912426.0,10.011636499781162,3.128636406181613
victim,cicids2018_distrinet,cnn-s42,prim_hybrid_p75_targeted,Hybrid Search p75,targeted,p75,ALL,42,3200,0,0,3198,0.0,0.0,0.0,0.999375,0,0,0.0,0.0,190.70875,305.3338804827264,305.1268599152315,0.006046316523604308,6.499375,0,,,,9.768045300152153,3.0525141562975477
victim,cicids2018_distrinet,cnn-s42,prim_hybrid_p75_targeted,Hybrid Search p75,targeted,p75,ALL,2024,3200,0,0,3198,0.0,0.0,0.0,0.999375,0,0,0.0,0.0,190.70875,294.7237376420455,294.53303161640406,0.005745267270367012,6.47375,0,,,,9.681198199745268,3.025374437420396
victim,cicids2018_distrinet,cnn-s42,prim_hybrid_p75_targeted,Hybrid Search p75,targeted,p75,ALL,2026,3200,0,0,3197,0.0,0.0,0.0,0.9990625,0,0,0.0,0.0,190.70875,298.1469291975832,297.9246878762131,0.0058663715614286705,6.505,0,,,,9.569817900191993,2.9905680938099977
victim,cicids2018_distrinet,ft_transformer-s42,prim_hybrid_p75_targeted,Hybrid Search p75,targeted,p75,ALL,42,3200,0,0,3198,0.0,0.0,0.0,0.999375,0,0,0.0,0.0,190.788125,246.05189719560255,245.46047374532674,0.0058502225813854255,7.9009375,0,,,,43.062126100296155,13.456914406342548
victim,cicids2018_distrinet,ft_transformer-s42,prim_hybrid_p75_targeted,Hybrid Search p75,targeted,p75,ALL,2024,3200,0,0,3198,0.0,0.0,0.0,0.999375,0,0,0.0,0.0,190.788125,247.66931773027787,247.05419438101683,0.005928178389462031,7.9128125,0,,,,43.232304899720475,13.510095281162648
victim,cicids2018_distrinet,ft_transformer-s42,prim_hybrid_p75_targeted,Hybrid Search p75,targeted,p75,ALL,2026,3200,0,0,3198,0.0,0.0,0.0,0.999375,0,0,0.0,0.0,190.788125,247.5404827828257,246.96370413028708,0.005820696135660497,7.8946875,0,,,,43.68582379980944,13.65181993744045
victim,cicids2017_distrinet,mlp,prim_hybrid_unbounded_targeted,Hybrid Search unbounded,targeted,unbounded,ALL,42,3200,734,734,3200,0.229375,0.229375,0.0,1.0,734,734,0.229375,0.229375,188.505625,25309.204731096186,25309.200677767945,0.1790046038915795,8.396875,0,0.30000001192092896,0.0,5309456.0,10.977158300112933,3.4303619687852915
victim,cicids2017_distrinet,mlp,prim_hybrid_unbounded_targeted,Hybrid Search unbounded,targeted,unbounded,ALL,2024,3200,734,734,3200,0.229375,0.229375,0.0,1.0,734,734,0.229375,0.229375,188.505625,25344.286753712535,25344.28258673534,0.17970457741916449,8.395625,0,0.30000001192092896,0.0,5167824.0,10.75558270001784,3.361119593755575
victim,cicids2017_distrinet,mlp,prim_hybrid_unbounded_targeted,Hybrid Search unbounded,targeted,unbounded,ALL,2026,3200,734,734,3200,0.229375,0.229375,0.0,1.0,734,734,0.229375,0.229375,188.505625,26305.215229367725,26305.211180485338,0.18739387000183005,8.403125,0,0.30000001192092896,0.0,5168551.0,10.718182999873534,3.3494321874604793
victim,cicids2017_distrinet,cnn,prim_hybrid_unbounded_targeted,Hybrid Search unbounded,targeted,unbounded,ALL,42,3200,1910,1910,3200,0.596875,0.596875,0.0,1.0,1910,1910,0.596875,0.596875,188.505625,22128.38929357119,22128.373848268457,0.22890892384245912,8.6134375,0,0.3800669312477112,0.0,8138700.0,9.069703699788079,2.8342824061837746
victim,cicids2017_distrinet,cnn,prim_hybrid_unbounded_targeted,Hybrid Search unbounded,targeted,unbounded,ALL,2024,3200,1910,1910,3200,0.596875,0.596875,0.0,1.0,1910,1910,0.596875,0.596875,188.505625,22125.99057190809,22125.975295279324,0.2276314089647339,8.615625,0,0.38264529407024384,0.0,7888060.0,9.09580049989745,2.842437656217953
victim,cicids2017_distrinet,cnn,prim_hybrid_unbounded_targeted,Hybrid Search unbounded,targeted,unbounded,ALL,2026,3200,1910,1910,3200,0.596875,0.596875,0.0,1.0,1910,1910,0.596875,0.596875,188.505625,22293.566291194747,22293.551069735844,0.23058854284352182,8.6228125,0,0.3931661397218704,0.0,8297796.5,9.065766700077802,2.833052093774313
victim,cicids2017_distrinet,ft_transformer,prim_hybrid_unbounded_targeted,Hybrid Search unbounded,targeted,unbounded,ALL,42,3200,18,18,3200,0.005625,0.005625,0.0,1.0,18,18,0.005625,0.005625,188.585,41569.685409109465,41569.67945042995,0.44600747800029417,8.50375,0,0.04749422334134579,0.0,2553940.0,43.154741199919954,13.485856624974986
victim,cicids2017_distrinet,ft_transformer,prim_hybrid_unbounded_targeted,Hybrid Search unbounded,targeted,unbounded,ALL,2024,3200,17,17,3200,0.0053125,0.0053125,0.0,1.0,17,17,0.0053125,0.0053125,188.585,41836.68875881957,41836.68352520752,0.4461276720492512,8.4990625,0,0.05000000819563866,0.0,2765306.0,43.639162100153044,13.637238156297826
victim,cicids2017_distrinet,ft_transformer,prim_hybrid_unbounded_targeted,Hybrid Search unbounded,targeted,unbounded,ALL,2026,3200,18,18,3200,0.005625,0.005625,0.0,1.0,18,18,0.005625,0.005625,188.585,41570.29234314458,41570.28640467066,0.44550835803032046,8.500625,0,0.05000000447034836,0.0,2719209.0,43.47108869999647,13.584715218748897
victim,cicids2018_distrinet,mlp-s42,prim_hybrid_unbounded_targeted,Hybrid Search unbounded,targeted,unbounded,ALL,42,3200,793,793,3199,0.2478125,0.2478125,0.0,0.9996875,793,793,0.2478125,0.2478125,190.788125,1139.798231756188,1096.1295200240563,0.35363192097332075,7.97625,0,0.6000000238418579,0.0,70086712.0,10.747466799570248,3.3585833748657024
victim,cicids2018_distrinet,mlp-s42,prim_hybrid_unbounded_targeted,Hybrid Search unbounded,targeted,unbounded,ALL,2024,3200,794,794,3199,0.248125,0.248125,0.0,0.9996875,794,794,0.248125,0.248125,190.788125,1115.269154670355,1071.1084240404637,0.3534356336764924,7.9590625,0,0.6000000238418579,0.0,70086548.0,10.889025499578565,3.4028204686183017
victim,cicids2018_distrinet,mlp-s42,prim_hybrid_unbounded_targeted,Hybrid Search unbounded,targeted,unbounded,ALL,2026,3200,794,794,3197,0.248125,0.248125,0.0,0.9990625,794,794,0.248125,0.248125,190.788125,1121.0320772881562,1077.0231949225388,0.35382922131171285,7.9915625,0,0.6000000238418579,0.0,70087672.0,10.886322900187224,3.4019759063085075
victim,cicids2018_distrinet,cnn-s42,prim_hybrid_unbounded_targeted,Hybrid Search unbounded,targeted,unbounded,ALL,42,3200,835,835,3198,0.2609375,0.2609375,0.0,0.999375,835,835,0.2609375,0.2609375,190.70875,5831.246436708577,5821.857029434839,0.19422928657179603,8.68625,0,0.15759271383285522,0.0,17727728.0,9.332440700381994,2.916387718869373
victim,cicids2018_distrinet,cnn-s42,prim_hybrid_unbounded_targeted,Hybrid Search unbounded,targeted,unbounded,ALL,2024,3200,835,835,3198,0.2609375,0.2609375,0.0,0.999375,835,835,0.2609375,0.2609375,190.70875,5816.491106128288,5806.992444607875,0.19475401710681056,8.6921875,0,0.16848522424697876,0.0,18973200.0,9.569538099924102,2.990480656226282
victim,cicids2018_distrinet,cnn-s42,prim_hybrid_unbounded_targeted,Hybrid Search unbounded,targeted,unbounded,ALL,2026,3200,835,835,3197,0.2609375,0.2609375,0.0,0.9990625,835,835,0.2609375,0.2609375,190.70875,5815.387916501721,5805.834665120537,0.1946278556028826,8.6909375,0,0.1629227250814438,0.0,18177280.0,9.365392400184646,2.926685125057702
victim,cicids2018_distrinet,ft_transformer-s42,prim_hybrid_unbounded_targeted,Hybrid Search unbounded,targeted,unbounded,ALL,42,3200,4,4,3198,0.00125,0.00125,0.0,0.999375,4,4,0.00125,0.00125,190.788125,3307.108805178432,3255.44706825591,0.5130479462396417,8.518125,0,0.10000000149011612,0.0,4799823.0,42.41681000008248,13.255253125025774
victim,cicids2018_distrinet,ft_transformer-s42,prim_hybrid_unbounded_targeted,Hybrid Search unbounded,targeted,unbounded,ALL,2024,3200,4,4,3198,0.00125,0.00125,0.0,0.999375,4,4,0.00125,0.00125,190.788125,3327.7202918810576,3276.1105394093274,0.5129169868619659,8.4953125,0,0.10000000149011612,0.0,4799823.0,43.781816399656236,13.681817624892574
victim,cicids2018_distrinet,ft_transformer-s42,prim_hybrid_unbounded_targeted,Hybrid Search unbounded,targeted,unbounded,ALL,2026,3200,4,4,3198,0.00125,0.00125,0.0,0.999375,4,4,0.00125,0.00125,190.788125,3268.7730947676614,3217.171112328849,0.5119509919239152,8.5021875,0,0.10000000149011612,0.0,4799823.0,44.94009969988838,14.043781156215118
class,cicids2017_distrinet,mlp,prim_pgd_p50_targeted,Prim-PGD p50,targeted,p50,DoS,42,800,10,10,800,0.0125,0.0125,0.0,1.0,10,10,0.0125,0.0125,248.59,1303.084453672293,1302.9618567996067,0.007639985917528712,10.84125,0,0.6414055526256561,0.0,225748.0,2.5555692000780255,3.194461500097532
class,cicids2017_distrinet,mlp,prim_pgd_p50_targeted,Prim-PGD p50,targeted,p50,DoS,2024,800,10,10,800,0.0125,0.0125,0.0,1.0,10,10,0.0125,0.0125,248.59,1302.4113246673037,1302.289178732938,0.007643940904595955,10.84125,0,0.6999996602535248,0.0,239812.0,2.3203745998907834,2.9004682498634793
class,cicids2017_distrinet,mlp,prim_pgd_p50_targeted,Prim-PGD p50,targeted,p50,DoS,2026,800,10,10,800,0.0125,0.0125,0.0,1.0,10,10,0.0125,0.0125,248.59,1301.5992492371558,1301.477001445903,0.007643660918841863,10.83875,0,0.632720947265625,0.0,208567.5,2.493040099972859,3.116300124966074
class,cicids2017_distrinet,mlp,prim_pgd_p50_targeted,Prim-PGD p50,targeted,p50,DDoS,42,800,61,61,800,0.07625,0.07625,0.0,1.0,61,61,0.07625,0.07625,242.92,5926.835193379182,5926.835108695652,0.02795652964648039,10.61,0,0.6832025647163391,0.0,1159753.0,2.4835538999177516,3.1044423748971894
class,cicids2017_distrinet,mlp,prim_pgd_p50_targeted,Prim-PGD p50,targeted,p50,DDoS,2024,800,61,61,800,0.07625,0.07625,0.0,1.0,61,61,0.07625,0.07625,242.92,5933.1722581561635,5933.1721739130435,0.027919720117636496,10.60625,0,0.7000003457069397,0.0,1179007.0,2.9744151001796126,3.718018875224516
class,cicids2017_distrinet,mlp,prim_pgd_p50_targeted,Prim-PGD p50,targeted,p50,DDoS,2026,800,61,61,800,0.07625,0.07625,0.0,1.0,61,61,0.07625,0.07625,242.92,5928.920519247347,5928.920434782609,0.02794036421549351,10.61375,0,0.7028645277023315,0.0,1164939.0,3.138701600022614,3.9233770000282675
class,cicids2017_distrinet,mlp,prim_pgd_p50_targeted,Prim-PGD p50,targeted,p50,Recon,42,800,0,0,800,0.0,0.0,0.0,1.0,0,0,0.0,0.0,3.835,5.048679331566302,5.048051401968027,3.560747858190612e-05,0.1175,0,,,,2.2650770999025553,2.831346374878194
class,cicids2017_distrinet,mlp,prim_pgd_p50_targeted,Prim-PGD p50,targeted,p50,Recon,2024,800,0,0,800,0.0,0.0,0.0,1.0,0,0,0.0,0.0,3.835,5.048679331566302,5.048051401968027,3.560747858190612e-05,0.1175,0,,,,2.232619599904865,2.7907744998810813
class,cicids2017_distrinet,mlp,prim_pgd_p50_targeted,Prim-PGD p50,targeted,p50,Recon,2026,800,0,0,800,0.0,0.0,0.0,1.0,0,0,0.0,0.0,3.835,5.048679331566302,5.048051401968027,3.560747858190612e-05,0.1175,0,,,,2.3734579998999834,2.9668224998749793
class,cicids2017_distrinet,mlp,prim_pgd_p50_targeted,Prim-PGD p50,targeted,p50,BruteForce,42,800,3,3,800,0.00375,0.00375,0.0,1.0,3,3,0.00375,0.00375,253.0,1948.1618294777197,1948.1617663043478,0.017436270084920193,10.89375,0,0.35602837800979614,0.0,202993.0,2.7014551002066582,3.376818875258323
class,cicids2017_distrinet,mlp,prim_pgd_p50_targeted,Prim-PGD p50,targeted,p50,BruteForce,2024,800,3,3,800,0.00375,0.00375,0.0,1.0,3,3,0.00375,0.00375,253.0,1948.2308512556242,1948.2307880434785,0.017440104327398405,10.89375,0,0.5000003576278687,0.0,284274.0,2.5059189999010414,3.1323987498763017
class,cicids2017_distrinet,mlp,prim_pgd_p50_targeted,Prim-PGD p50,targeted,p50,BruteForce,2026,800,3,3,800,0.00375,0.00375,0.0,1.0,3,3,0.00375,0.00375,253.0,1948.1286229815755,1948.1285597826086,0.0174386970734518,10.89375,0,0.4300325810909271,0.0,244494.0,2.425939500099048,3.03242437512381
class,cicids2017_distrinet,cnn,prim_pgd_p50_targeted,Prim-PGD p50,targeted,p50,DoS,42,800,76,76,800,0.095,0.095,0.0,1.0,76,76,0.095,0.095,248.905,1294.449850538362,1294.3290030754736,0.006847516600349715,10.86875,0,0.5990181267261505,0.0,264606.5,2.498693099943921,3.123366374929901
class,cicids2017_distrinet,cnn,prim_pgd_p50_targeted,Prim-PGD p50,targeted,p50,DoS,2024,800,76,76,800,0.095,0.095,0.0,1.0,76,76,0.095,0.095,248.905,1315.6034193980806,1315.4874351370306,0.0068277023392371294,10.845,0,0.6271869242191315,0.0,258704.5,2.435029999818653,3.043787499773316
class,cicids2017_distrinet,cnn,prim_pgd_p50_targeted,Prim-PGD p50,targeted,p50,DoS,2026,800,76,76,800,0.095,0.095,0.0,1.0,76,76,0.095,0.095,248.905,1323.747266266992,1323.6261881728499,0.0068151781143216406,10.86625,0,0.6666199862957001,0.0,257876.0,2.351487699896097,2.9393596248701215
class,cicids2017_distrinet,cnn,prim_pgd_p50_targeted,Prim-PGD p50,targeted,p50,DDoS,42,800,213,213,800,0.26625,0.26625,0.0,1.0,213,213,0.26625,0.26625,242.92,5032.546228081648,5032.546141304348,0.024784957387460747,10.74125,0,0.6304336786270142,0.0,1330130.0,2.374923299998045,2.968654124997556
class,cicids2017_distrinet,cnn,prim_pgd_p50_targeted,Prim-PGD p50,targeted,p50,DDoS,2024,800,213,213,800,0.26625,0.26625,0.0,1.0,213,213,0.26625,0.26625,242.92,5060.387941179687,5060.38785326087,0.02500623426020185,10.7325,0,0.6372343897819519,0.0,1444083.0,2.377790200058371,2.9722377500729635
class,cicids2017_distrinet,cnn,prim_pgd_p50_targeted,Prim-PGD p50,targeted,p50,DDoS,2026,800,213,213,800,0.26625,0.26625,0.0,1.0,213,213,0.26625,0.26625,242.92,5060.922858325863,5060.92277173913,0.024918890271423612,10.73,0,0.6341542601585388,0.0,1365022.0,2.405942900106311,3.0074286251328886
class,cicids2017_distrinet,cnn,prim_pgd_p50_targeted,Prim-PGD p50,targeted,p50,Recon,42,800,0,0,800,0.0,0.0,0.0,1.0,0,0,0.0,0.0,3.52,0.03202207059646052,0.03159707760193786,7.591288055361729e-06,0.09125,0,,,,2.0763828000053763,2.5954785000067204
class,cicids2017_distrinet,cnn,prim_pgd_p50_targeted,Prim-PGD p50,targeted,p50,Recon,2024,800,0,0,800,0.0,0.0,0.0,1.0,0,0,0.0,0.0,3.52,0.049224750527561124,0.04859488022889577,1.2110591432296362e-05,0.105,0,,,,2.1630692000035197,2.7038365000043996
class,cicids2017_distrinet,cnn,prim_pgd_p50_targeted,Prim-PGD p50,targeted,p50,Recon,2026,800,0,0,800,0.0,0.0,0.0,1.0,0,0,0.0,0.0,3.52,0.049224371751324686,0.04859488022889577,1.210697022056177e-05,0.105,0,,,,2.1372799000237137,2.671599875029642
class,cicids2017_distrinet,cnn,prim_pgd_p50_targeted,Prim-PGD p50,targeted,p50,BruteForce,42,800,5,5,800,0.00625,0.00625,0.0,1.0,5,5,0.00625,0.00625,253.0,1955.2317635325367,1955.2316847826087,0.017525877299980973,10.965,0,0.4068071246147156,0.0,231945.0,2.46517839981243,3.0814729997655377
class,cicids2017_distrinet,cnn,prim_pgd_p50_targeted,Prim-PGD p50,targeted,p50,BruteForce,2024,800,5,5,800,0.00625,0.00625,0.0,1.0,5,5,0.00625,0.00625,253.0,1951.8776873477989,1951.8776086956523,0.017500800652822227,10.95,0,0.2891736626625061,0.0,164409.0,2.4685227998998016,3.085653499874752
class,cicids2017_distrinet,cnn,prim_pgd_p50_targeted,Prim-PGD p50,targeted,p50,BruteForce,2026,800,5,5,800,0.00625,0.00625,0.0,1.0,5,5,0.00625,0.00625,253.0,1950.53570369757,1950.535625,0.017498204026645377,10.95375,0,0.38606733083724976,0.0,220120.0,2.4143704001326114,3.0179630001657642
class,cicids2017_distrinet,ft_transformer,prim_pgd_p50_targeted,Prim-PGD p50,targeted,p50,DoS,42,800,1,1,800,0.00125,0.00125,0.0,1.0,1,1,0.00125,0.00125,248.905,1449.40714861728,1449.306455941156,0.007341559755349789,10.7425,0,0.15000371634960175,0.0,20198.0,13.452632799977437,16.815790999971796
class,cicids2017_distrinet,ft_transformer,prim_pgd_p50_targeted,Prim-PGD p50,targeted,p50,DoS,2024,800,1,1,800,0.00125,0.00125,0.0,1.0,1,1,0.00125,0.00125,248.905,1449.2890227177882,1449.1884832899214,0.0073396042428564255,10.7425,0,0.14877831935882568,0.0,20033.0,13.508610799908638,16.885763499885798
class,cicids2017_distrinet,ft_transformer,prim_pgd_p50_targeted,Prim-PGD p50,targeted,p50,DoS,2026,800,1,1,800,0.00125,0.00125,0.0,1.0,1,1,0.00125,0.00125,248.905,1449.0066271608052,1448.9060118151572,0.007339330060235865,10.7425,0,0.15000371634960175,0.0,20198.0,13.772906800033525,17.216133500041906
class,cicids2017_distrinet,ft_transformer,prim_pgd_p50_targeted,Prim-PGD p50,targeted,p50,DDoS,42,800,0,0,800,0.0,0.0,0.0,1.0,0,0,0.0,0.0,242.92,5694.582064046038,5694.581983695652,0.02672383964696618,10.56,0,,,,13.490436899941415,16.86304612492677
class,cicids2017_distrinet,ft_transformer,prim_pgd_p50_targeted,Prim-PGD p50,targeted,p50,DDoS,2024,800,0,0,800,0.0,0.0,0.0,1.0,0,0,0.0,0.0,242.92,5693.798042300739,5693.797961956522,0.026720446318335204,10.56,0,,,,13.218468100065365,16.523085125081707
class,cicids2017_distrinet,ft_transformer,prim_pgd_p50_targeted,Prim-PGD p50,targeted,p50,DDoS,2026,800,0,0,800,0.0,0.0,0.0,1.0,0,0,0.0,0.0,242.92,5693.547444472902,5693.547364130434,0.02671976721955123,10.56,0,,,,13.530937700066715,16.913672125083394
class,cicids2017_distrinet,ft_transformer,prim_pgd_p50_targeted,Prim-PGD p50,targeted,p50,Recon,42,800,0,0,800,0.0,0.0,0.0,1.0,0,0,0.0,0.0,3.835,0.1563459202983276,0.15576428430958403,1.2575709532214613e-05,0.1175,0,,,,2.5336153998505324,3.1670192498131655
class,cicids2017_distrinet,ft_transformer,prim_pgd_p50_targeted,Prim-PGD p50,targeted,p50,Recon,2024,800,0,0,800,0.0,0.0,0.0,1.0,0,0,0.0,0.0,3.835,0.1563459202983276,0.15576428430958403,1.2575709532214613e-05,0.1175,0,,,,2.5275018999818712,3.159377374977339
class,cicids2017_distrinet,ft_transformer,prim_pgd_p50_targeted,Prim-PGD p50,targeted,p50,Recon,2026,800,0,0,800,0.0,0.0,0.0,1.0,0,0,0.0,0.0,3.835,0.1563459202983276,0.15576428430958403,1.2575709532214613e-05,0.1175,0,,,,2.525038099847734,3.1562976248096675
class,cicids2017_distrinet,ft_transformer,prim_pgd_p50_targeted,Prim-PGD p50,targeted,p50,BruteForce,42,800,3,3,800,0.00375,0.00375,0.0,1.0,3,3,0.00375,0.00375,253.0,1942.4907964266436,1942.490597826087,0.017361495675440472,10.96375,0,0.44486111402511597,0.0,1505.0,13.644845400005579,17.056056750006974
class,cicids2017_distrinet,ft_transformer,prim_pgd_p50_targeted,Prim-PGD p50,targeted,p50,BruteForce,2024,800,3,3,800,0.00375,0.00375,0.0,1.0,3,3,0.00375,0.00375,253.0,1942.4822366393576,1942.4820380434785,0.017361368389788183,10.9625,0,0.4271150529384613,0.0,1335.0,13.709752999944612,17.137191249930765
class,cicids2017_distrinet,ft_transformer,prim_pgd_p50_targeted,Prim-PGD p50,targeted,p50,BruteForce,2026,800,3,3,800,0.00375,0.00375,0.0,1.0,3,3,0.00375,0.00375,253.0,1942.4961207344863,1942.4959239130435,0.017361597838035262,10.96375,0,0.4501042664051056,0.0,1918.0,14.002006199909374,17.502507749886718
class,cicids2018_distrinet,mlp-s42,prim_pgd_p50_targeted,Prim-PGD p50,targeted,p50,DoS,42,800,0,0,800,0.0,0.0,0.0,1.0,0,0,0.0,0.0,235.045,0.508726016276526,0.46852129683615973,0.00016671328407250017,2.9225,0,,,,3.1308780000545084,3.9135975000681356
class,cicids2018_distrinet,mlp-s42,prim_pgd_p50_targeted,Prim-PGD p50,targeted,p50,DoS,2024,800,0,0,800,0.0,0.0,0.0,1.0,0,0,0.0,0.0,235.045,0.43933263996384114,0.3986427497007371,0.00016486628549391521,2.81125,0,,,,2.83509000018239,3.5438625002279878
class,cicids2018_distrinet,mlp-s42,prim_pgd_p50_targeted,Prim-PGD p50,targeted,p50,DoS,2026,800,0,0,800,0.0,0.0,0.0,1.0,0,0,0.0,0.0,235.045,0.49259180623543586,0.4532060061712119,0.00016488016353431663,2.81,0,,,,3.0419047998730093,3.8023809998412617
class,cicids2018_distrinet,mlp-s42,prim_pgd_p50_targeted,Prim-PGD p50,targeted,p50,DDoS,42,800,1,1,800,0.00125,0.00125,0.0,1.0,1,1,0.00125,0.00125,240.085,840.1170899433004,839.8158178941953,0.01987847814220603,10.66,0,0.6085256338119507,0.0,831693.0,2.6630494999699295,3.328811874962412
class,cicids2018_distrinet,mlp-s42,prim_pgd_p50_targeted,Prim-PGD p50,targeted,p50,DDoS,2024,800,1,1,800,0.00125,0.00125,0.0,1.0,1,1,0.00125,0.00125,240.085,840.4174124212515,840.1208730844291,0.019848046355583904,10.61875,0,0.7500001192092896,0.0,1025051.0,2.845650700153783,3.5570633751922287
class,cicids2018_distrinet,mlp-s42,prim_pgd_p50_targeted,Prim-PGD p50,targeted,p50,DDoS,2026,800,1,1,800,0.00125,0.00125,0.0,1.0,1,1,0.00125,0.00125,240.085,840.482675729877,840.187167447886,0.01985221324576115,10.6125,0,0.5997778177261353,0.0,819737.0,2.7169895998667926,3.3962369998334907
class,cicids2018_distrinet,mlp-s42,prim_pgd_p50_targeted,Prim-PGD p50,targeted,p50,Recon,42,800,21,21,800,0.02625,0.02625,0.0,1.0,21,21,0.02625,0.02625,31.555,263.7856639963287,263.7283177051077,0.005059910628646889,1.01875,0,0.4262116849422455,0.0,3086851.0,2.4215691001154482,3.0269613751443103
class,cicids2018_distrinet,mlp-s42,prim_pgd_p50_targeted,Prim-PGD p50,targeted,p50,Recon,2024,800,21,21,800,0.02625,0.02625,0.0,1.0,21,21,0.02625,0.02625,31.555,232.36857427341792,232.31159456477525,0.004830463136206112,1.00625,0,0.3885045647621155,0.0,2764237.0,2.469162299996242,3.0864528749953024
class,cicids2018_distrinet,mlp-s42,prim_pgd_p50_targeted,Prim-PGD p50,targeted,p50,Recon,2026,800,21,21,800,0.02625,0.02625,0.0,1.0,21,21,0.02625,0.02625,31.555,260.788197083092,260.7297419102714,0.005114484098112404,1.0325,0,0.45000001788139343,0.0,3084656.0,2.4651794999372214,3.0814743749215268
class,cicids2018_distrinet,mlp-s42,prim_pgd_p50_targeted,Prim-PGD p50,targeted,p50,BruteForce,42,800,0,0,800,0.0,0.0,0.0,1.0,0,0,0.0,0.0,253.0,0.11991708653665967,0.09535089968866148,0.00020950808455911024,11.99125,0,,,,2.7744986000470817,3.468123250058852
class,cicids2018_distrinet,mlp-s42,prim_pgd_p50_targeted,Prim-PGD p50,targeted,p50,BruteForce,2024,800,0,0,800,0.0,0.0,0.0,1.0,0,0,0.0,0.0,253.0,0.11991138604550272,0.09534719349371061,0.00020950005963000853,11.99125,0,,,,2.612363599939272,3.2654544999240898
class,cicids2018_distrinet,mlp-s42,prim_pgd_p50_targeted,Prim-PGD p50,targeted,p50,BruteForce,2026,800,0,0,800,0.0,0.0,0.0,1.0,0,0,0.0,0.0,253.0,0.11990505787495279,0.09534493463900015,0.00020949500950824193,11.99125,0,,,,2.4853207000996917,3.1066508751246147
class,cicids2018_distrinet,cnn-s42,prim_pgd_p50_targeted,Prim-PGD p50,targeted,p50,DoS,42,800,0,0,800,0.0,0.0,0.0,1.0,0,0,0.0,0.0,234.73,0.31720766145227774,0.297632668178973,0.0001090152993107944,3.6475,0,,,,2.576977400109172,3.221221750136465
class,cicids2018_distrinet,cnn-s42,prim_pgd_p50_targeted,Prim-PGD p50,targeted,p50,DoS,2024,800,0,0,800,0.0,0.0,0.0,1.0,0,0,0.0,0.0,234.73,0.3047650333114172,0.2867396245325124,0.0001035005501000738,3.51375,0,,,,2.2365137999877334,2.7956422499846667
class,cicids2018_distrinet,cnn-s42,prim_pgd_p50_targeted,Prim-PGD p50,targeted,p50,DoS,2026,800,0,0,800,0.0,0.0,0.0,1.0,0,0,0.0,0.0,234.73,0.31920949648663105,0.29928528773745006,0.00011027008375395998,3.56125,0,,,,2.292646399931982,2.8658079999149777
class,cicids2018_distrinet,cnn-s42,prim_pgd_p50_targeted,Prim-PGD p50,targeted,p50,DDoS,42,800,0,0,800,0.0,0.0,0.0,1.0,0,0,0.0,0.0,240.085,271.68568058944106,271.3272802904461,0.007621715496460791,9.28375,0,,,,2.3258285999763757,2.9072857499704696
class,cicids2018_distrinet,cnn-s42,prim_pgd_p50_targeted,Prim-PGD p50,targeted,p50,DDoS,2024,800,0,0,800,0.0,0.0,0.0,1.0,0,0,0.0,0.0,240.085,293.9741591538497,293.7387432239649,0.007729321477227655,9.2975,0,,,,2.3829610000830144,2.978701250103768
class,cicids2018_distrinet,cnn-s42,prim_pgd_p50_targeted,Prim-PGD p50,targeted,p50,DDoS,2026,800,0,0,800,0.0,0.0,0.0,1.0,0,0,0.0,0.0,240.085,270.9347005880299,270.70597426198077,0.007219213917806995,9.31375,0,,,,2.3636963998433203,2.9546204998041503
class,cicids2018_distrinet,cnn-s42,prim_pgd_p50_targeted,Prim-PGD p50,targeted,p50,Recon,42,800,0,0,796,0.0,0.0,0.0,0.995,0,0,0.0,0.0,31.555,598.3748976077216,598.0598785308961,0.007856561694917438,1.25,0,,,,2.0440539000555873,2.555067375069484
class,cicids2018_distrinet,cnn-s42,prim_pgd_p50_targeted,Prim-PGD p50,targeted,p50,Recon,2024,800,0,0,797,0.0,0.0,0.0,0.99625,0,0,0.0,0.0,31.555,585.7074898052899,585.3947329693088,0.007549153278239486,1.24625,0,,,,2.096881400095299,2.6211017501191236
class,cicids2018_distrinet,cnn-s42,prim_pgd_p50_targeted,Prim-PGD p50,targeted,p50,Recon,2026,800,0,0,797,0.0,0.0,0.0,0.99625,0,0,0.0,0.0,31.555,587.1437184935628,586.8303333151504,0.0076118402954983315,1.2475,0,,,,2.1216432000510395,2.6520540000637993
class,cicids2018_distrinet,cnn-s42,prim_pgd_p50_targeted,Prim-PGD p50,targeted,p50,BruteForce,42,800,0,0,800,0.0,0.0,0.0,1.0,0,0,0.0,0.0,253.0,0.8711917591036525,0.8617227803657002,0.000190183936684776,11.33625,0,,,,2.47381450003013,3.0922681250376627
class,cicids2018_distrinet,cnn-s42,prim_pgd_p50_targeted,Prim-PGD p50,targeted,p50,BruteForce,2024,800,0,0,800,0.0,0.0,0.0,1.0,0,0,0.0,0.0,253.0,0.8663212506267339,0.8568584679945386,0.00018951663284924022,11.33625,0,,,,2.2402141999918967,2.800267749989871
class,cicids2018_distrinet,cnn-s42,prim_pgd_p50_targeted,Prim-PGD p50,targeted,p50,BruteForce,2026,800,0,0,800,0.0,0.0,0.0,1.0,0,0,0.0,0.0,253.0,0.866147594340152,0.8566556482745696,0.00018923775939421226,11.325,0,,,,2.4289871000219136,3.036233875027392
class,cicids2018_distrinet,ft_transformer-s42,prim_pgd_p50_targeted,Prim-PGD p50,targeted,p50,DoS,42,800,0,0,800,0.0,0.0,0.0,1.0,0,0,0.0,0.0,235.045,3.61167423688077,3.544261987625254,0.0005588902762993359,10.0425,0,,,,12.884107699850574,16.105134624813218
class,cicids2018_distrinet,ft_transformer-s42,prim_pgd_p50_targeted,Prim-PGD p50,targeted,p50,DoS,2024,800,0,0,800,0.0,0.0,0.0,1.0,0,0,0.0,0.0,235.045,3.617894892608389,3.550487138038448,0.0005590909153903049,10.0725,0,,,,12.845517199952155,16.056896499940194
class,cicids2018_distrinet,ft_transformer-s42,prim_pgd_p50_targeted,Prim-PGD p50,targeted,p50,DoS,2026,800,0,0,800,0.0,0.0,0.0,1.0,0,0,0.0,0.0,235.045,3.628183393895779,3.561596377372336,0.0005601937551997179,10.015,0,,,,12.949780199909583,16.18722524988698
class,cicids2018_distrinet,ft_transformer-s42,prim_pgd_p50_targeted,Prim-PGD p50,targeted,p50,DDoS,42,800,0,0,800,0.0,0.0,0.0,1.0,0,0,0.0,0.0,240.085,152.39932704805528,151.19820991172602,0.007364605458039947,8.5425,0,,,,12.874396099941805,16.092995124927256
class,cicids2018_distrinet,ft_transformer-s42,prim_pgd_p50_targeted,Prim-PGD p50,targeted,p50,DDoS,2024,800,0,0,800,0.0,0.0,0.0,1.0,0,0,0.0,0.0,240.085,168.740184033812,167.48129034206195,0.007683394710874263,8.57125,0,,,,12.879800800001249,16.09975100000156
class,cicids2018_distrinet,ft_transformer-s42,prim_pgd_p50_targeted,Prim-PGD p50,targeted,p50,DDoS,2026,800,0,0,800,0.0,0.0,0.0,1.0,0,0,0.0,0.0,240.085,163.60033460619005,161.9623338599258,0.008749037129371792,8.605,0,,,,13.054277100134641,16.3178463751683
class,cicids2018_distrinet,ft_transformer-s42,prim_pgd_p50_targeted,Prim-PGD p50,targeted,p50,Recon,42,800,0,0,798,0.0,0.0,0.0,0.9975,0,0,0.0,0.0,31.555,729.5992663358494,729.5302100905551,0.009831663897598894,1.1575,0,,,,2.8789812000468373,3.5987265000585467
class,cicids2018_distrinet,ft_transformer-s42,prim_pgd_p50_targeted,Prim-PGD p50,targeted,p50,Recon,2024,800,0,0,798,0.0,0.0,0.0,0.9975,0,0,0.0,0.0,31.555,729.6039698510656,729.5348634238883,0.009831784007522618,1.1575,0,,,,2.880131899844855,3.600164874806069
class,cicids2018_distrinet,ft_transformer-s42,prim_pgd_p50_targeted,Prim-PGD p50,targeted,p50,Recon,2026,800,0,0,798,0.0,0.0,0.0,0.9975,0,0,0.0,0.0,31.555,729.5793196853764,729.509960090555,0.009831656506996168,1.1575,0,,,,2.8883674000389874,3.6104592500487342
class,cicids2018_distrinet,ft_transformer-s42,prim_pgd_p50_targeted,Prim-PGD p50,targeted,p50,BruteForce,42,800,0,0,800,0.0,0.0,0.0,1.0,0,0,0.0,0.0,253.0,0.6905987762243535,0.6772247643428908,0.00018358728985530317,11.07875,0,,,,13.78707809979096,17.2338476247387
class,cicids2018_distrinet,ft_transformer-s42,prim_pgd_p50_targeted,Prim-PGD p50,targeted,p50,BruteForce,2024,800,0,0,800,0.0,0.0,0.0,1.0,0,0,0.0,0.0,253.0,0.6945429108651863,0.6808601736808287,0.00018599860214282778,11.105,0,,,,13.77225310006179,17.215316375077236
class,cicids2018_distrinet,ft_transformer-s42,prim_pgd_p50_targeted,Prim-PGD p50,targeted,p50,BruteForce,2026,800,0,0,800,0.0,0.0,0.0,1.0,0,0,0.0,0.0,253.0,0.6899837414640448,0.6763824931063102,0.00018508129538418946,11.1275,0,,,,13.735703499987721,17.169629374984652
class,cicids2017_distrinet,mlp,prim_pgd_p75_targeted,Prim-PGD p75,targeted,p75,DoS,42,800,41,41,800,0.05125,0.05125,0.0,1.0,41,41,0.05125,0.05125,248.59,2034.096883682291,2033.8303611936828,0.012390935319579266,10.8675,0,0.7469953298568726,0.0,267451.0,2.281078000087291,2.8513475001091138
class,cicids2017_distrinet,mlp,prim_pgd_p75_targeted,Prim-PGD p75,targeted,p75,DoS,2024,800,41,41,800,0.05125,0.05125,0.0,1.0,41,41,0.05125,0.05125,248.59,2034.2175386641748,2033.9514906773122,0.012357979686998574,10.86875,0,0.7418323159217834,0.0,280868.0,2.536238799802959,3.1702984997536987
class,cicids2017_distrinet,mlp,prim_pgd_p75_targeted,Prim-PGD p75,targeted,p75,DoS,2026,800,41,41,800,0.05125,0.05125,0.0,1.0,41,41,0.05125,0.05125,248.59,2037.3251034410177,2037.0589481502043,0.012377459587202561,10.87125,0,0.7000011205673218,0.0,290251.0,2.5290590000804514,3.161323750100564
class,cicids2017_distrinet,mlp,prim_pgd_p75_targeted,Prim-PGD p75,targeted,p75,DDoS,42,800,86,86,800,0.1075,0.1075,0.0,1.0,86,86,0.1075,0.1075,242.92,7839.814976344796,7839.814864130434,0.0372450905607917,10.6325,0,0.593822181224823,0.0,1496765.5,2.4435584999155253,3.0544481248944066
class,cicids2017_distrinet,mlp,prim_pgd_p75_targeted,Prim-PGD p75,targeted,p75,DDoS,2024,800,86,86,800,0.1075,0.1075,0.0,1.0,86,86,0.1075,0.1075,242.92,7840.064758306354,7840.064646739131,0.03717847947746991,10.63625,0,0.5953042805194855,0.0,1472446.5,2.456902800127864,3.07112850015983
class,cicids2017_distrinet,mlp,prim_pgd_p75_targeted,Prim-PGD p75,targeted,p75,DDoS,2026,800,86,86,800,0.1075,0.1075,0.0,1.0,86,86,0.1075,0.1075,242.92,7841.524242340176,7841.524130434783,0.03723676424456126,10.64,0,0.6400824785232544,0.0,1509087.0,2.4376379000023007,3.047047375002876
class,cicids2017_distrinet,mlp,prim_pgd_p75_targeted,Prim-PGD p75,targeted,p75,Recon,42,800,0,0,800,0.0,0.0,0.0,1.0,0,0,0.0,0.0,3.835,12.609018156961774,12.607449000337747,8.270734969063336e-05,0.1175,0,,,,2.195079700089991,2.743849625112489
class,cicids2017_distrinet,mlp,prim_pgd_p75_targeted,Prim-PGD p75,targeted,p75,Recon,2024,800,0,0,800,0.0,0.0,0.0,1.0,0,0,0.0,0.0,3.835,12.604214988352078,12.602530941102119,8.270735993457884e-05,0.11875,0,,,,2.1063127999659628,2.6328909999574535
class,cicids2017_distrinet,mlp,prim_pgd_p75_targeted,Prim-PGD p75,targeted,p75,Recon,2026,800,0,0,800,0.0,0.0,0.0,1.0,0,0,0.0,0.0,3.835,12.609018156961774,12.607449000337747,8.270734969063336e-05,0.1175,0,,,,2.0797108998522162,2.5996386248152703
class,cicids2017_distrinet,mlp,prim_pgd_p75_targeted,Prim-PGD p75,targeted,p75,BruteForce,42,800,4,4,800,0.005,0.005,0.0,1.0,4,4,0.005,0.005,253.0,3796.279253390851,3796.279130434783,0.03397761126245556,10.895,0,0.3132782280445099,0.0,347691.5,2.480291600106284,3.100364500132855
class,cicids2017_distrinet,mlp,prim_pgd_p75_targeted,Prim-PGD p75,targeted,p75,BruteForce,2024,800,4,4,800,0.005,0.005,0.0,1.0,4,4,0.005,0.005,253.0,3795.5399036167796,3795.539755434783,0.033982067023168784,10.90875,0,0.3749997913837433,0.0,416152.0,2.4887233001645654,3.110904125205707
class,cicids2017_distrinet,mlp,prim_pgd_p75_targeted,Prim-PGD p75,targeted,p75,BruteForce,2026,800,4,4,800,0.005,0.005,0.0,1.0,4,4,0.005,0.005,253.0,3795.47460467642,3795.474456521739,0.0339808154017895,10.91,0,0.3749997913837433,0.0,416152.0,2.5320291998796165,3.1650364998495206
class,cicids2017_distrinet,cnn,prim_pgd_p75_targeted,Prim-PGD p75,targeted,p75,DoS,42,800,164,164,800,0.205,0.205,0.0,1.0,164,164,0.205,0.205,248.905,2083.9826561035998,2083.7197720692534,0.011143430670934436,10.94,0,0.6713293790817261,0.0,274861.5,2.4018595998641104,3.002324499830138
class,cicids2017_distrinet,cnn,prim_pgd_p75_targeted,Prim-PGD p75,targeted,p75,DoS,2024,800,164,164,800,0.205,0.205,0.0,1.0,164,164,0.205,0.205,248.905,2103.9146422066606,2103.6491805801143,0.011158130762662574,10.94375,0,0.7329684197902679,0.0,253876.0,2.329349200008437,2.9116865000105463
class,cicids2017_distrinet,cnn,prim_pgd_p75_targeted,Prim-PGD p75,targeted,p75,DoS,2026,800,164,164,800,0.205,0.205,0.0,1.0,164,164,0.205,0.205,248.905,2113.2354970400593,2112.970114732611,0.011147083668728915,10.9425,0,0.7104203402996063,0.0,274083.0,2.3673125999048352,2.959140749881044
class,cicids2017_distrinet,cnn,prim_pgd_p75_targeted,Prim-PGD p75,targeted,p75,DDoS,42,800,252,252,800,0.315,0.315,0.0,1.0,252,252,0.315,0.315,242.92,6530.840986850978,6530.840869565217,0.03261366549806015,10.775,0,0.5802285671234131,0.0,1642533.0,2.929495899938047,3.6618698749225587
class,cicids2017_distrinet,cnn,prim_pgd_p75_targeted,Prim-PGD p75,targeted,p75,DDoS,2024,800,252,252,800,0.315,0.315,0.0,1.0,252,252,0.315,0.315,242.92,6586.81389641906,6586.813777173914,0.0330266550820288,10.77875,0,0.6328279078006744,0.0,1744521.5,2.73898969986476,3.42373712483095
class,cicids2017_distrinet,cnn,prim_pgd_p75_targeted,Prim-PGD p75,targeted,p75,DDoS,2026,800,252,252,800,0.315,0.315,0.0,1.0,252,252,0.315,0.315,242.92,6596.512343250682,6596.512228260869,0.0328570041517741,10.76875,0,0.5929647982120514,0.0,1657382.0,2.7910799998790026,3.488849999848753
class,cicids2017_distrinet,cnn,prim_pgd_p75_targeted,Prim-PGD p75,targeted,p75,Recon,42,800,1,1,800,0.00125,0.00125,0.0,1.0,1,1,0.00125,0.00125,3.52,0.14883439855554648,0.1471505063195095,2.4075600044126988e-05,0.105,0,0.8054807782173157,0.0,6407.0,2.3706650999374688,2.963331374921836
class,cicids2017_distrinet,cnn,prim_pgd_p75_targeted,Prim-PGD p75,targeted,p75,Recon,2024,800,1,1,800,0.00125,0.00125,0.0,1.0,1,1,0.00125,0.00125,3.52,0.14690508047880885,0.14522115849342251,2.410887679334962e-05,0.10625,0,0.9848816394805908,0.0,7834.0,2.443836599821225,3.054795749776531
class,cicids2017_distrinet,cnn,prim_pgd_p75_targeted,Prim-PGD p75,targeted,p75,Recon,2026,800,1,1,800,0.00125,0.00125,0.0,1.0,1,1,0.00125,0.00125,3.52,0.1512800651649393,0.1495961584934225,2.4101356712460485e-05,0.10625,0,0.9474173784255981,0.0,7536.0,2.499020899878815,3.1237761248485185
class,cicids2017_distrinet,cnn,prim_pgd_p75_targeted,Prim-PGD p75,targeted,p75,BruteForce,42,800,7,7,800,0.00875,0.00875,0.0,1.0,7,7,0.00875,0.00875,253.0,3808.706998236511,3808.706820652174,0.03414752475973257,10.98125,0,0.4068068861961365,0.0,452046.0,2.6581724998541176,3.322715624817647
class,cicids2017_distrinet,cnn,prim_pgd_p75_targeted,Prim-PGD p75,targeted,p75,BruteForce,2024,800,7,7,800,0.00875,0.00875,0.0,1.0,7,7,0.00875,0.00875,253.0,3807.0649850844,3807.0648369565215,0.03413357411482965,10.96625,0,0.40783730149269104,0.0,323823.0,2.706588299944997,3.383235374931246
class,cicids2017_distrinet,cnn,prim_pgd_p75_targeted,Prim-PGD p75,targeted,p75,BruteForce,2026,800,7,7,800,0.00875,0.00875,0.0,1.0,7,7,0.00875,0.00875,253.0,3807.101289487327,3807.101141304348,0.0341347984852426,10.96625,0,0.5262277722358704,0.0,429000.0,2.6646259999834,3.33078249997925
class,cicids2017_distrinet,ft_transformer,prim_pgd_p75_targeted,Prim-PGD p75,targeted,p75,DoS,42,800,1,1,800,0.00125,0.00125,0.0,1.0,1,1,0.00125,0.00125,248.905,2253.1679712131217,2252.9256591592384,0.01167863834559641,10.78375,0,0.15000371634960175,0.0,20198.0,13.42184460000135,16.777305750001688
class,cicids2017_distrinet,ft_transformer,prim_pgd_p75_targeted,Prim-PGD p75,targeted,p75,DoS,2024,800,1,1,800,0.00125,0.00125,0.0,1.0,1,1,0.00125,0.00125,248.905,2252.2598450322557,2252.018855847315,0.011667904750623405,10.78375,0,0.14877831935882568,0.0,20033.0,13.886715299915522,17.358394124894403
class,cicids2017_distrinet,ft_transformer,prim_pgd_p75_targeted,Prim-PGD p75,targeted,p75,DoS,2026,800,1,1,800,0.00125,0.00125,0.0,1.0,1,1,0.00125,0.00125,248.905,2247.0069594490756,2246.7699345557694,0.011704972677072713,10.77125,0,0.15000371634960175,0.0,20198.0,13.465972900157794,16.832466125197243
class,cicids2017_distrinet,ft_transformer,prim_pgd_p75_targeted,Prim-PGD p75,targeted,p75,DDoS,42,800,0,0,800,0.0,0.0,0.0,1.0,0,0,0.0,0.0,242.92,7065.007354297191,7065.007255434783,0.0332792544141564,10.56,0,,,,13.12391970003955,16.40489962504944
class,cicids2017_distrinet,ft_transformer,prim_pgd_p75_targeted,Prim-PGD p75,targeted,p75,DDoS,2024,800,0,0,800,0.0,0.0,0.0,1.0,0,0,0.0,0.0,242.92,7057.359663985462,7057.359565217392,0.03324254805434703,10.56,0,,,,13.466580800013617,16.83322600001702
class,cicids2017_distrinet,ft_transformer,prim_pgd_p75_targeted,Prim-PGD p75,targeted,p75,DDoS,2026,800,0,0,800,0.0,0.0,0.0,1.0,0,0,0.0,0.0,242.92,7056.641837888241,7056.641739130435,0.033239791942465124,10.56,0,,,,13.226270300103351,16.53283787512919
class,cicids2017_distrinet,ft_transformer,prim_pgd_p75_targeted,Prim-PGD p75,targeted,p75,Recon,42,800,0,0,800,0.0,0.0,0.0,1.0,0,0,0.0,0.0,3.835,0.3735845628008181,0.37201421772905185,2.511615571098513e-05,0.1175,0,,,,2.5241986999753863,3.155248374969233
class,cicids2017_distrinet,ft_transformer,prim_pgd_p75_targeted,Prim-PGD p75,targeted,p75,Recon,2024,800,0,0,800,0.0,0.0,0.0,1.0,0,0,0.0,0.0,3.835,0.3735845628008181,0.37201421772905185,2.511615571098513e-05,0.1175,0,,,,2.524558699922636,3.155698374903295
class,cicids2017_distrinet,ft_transformer,prim_pgd_p75_targeted,Prim-PGD p75,targeted,p75,Recon,2026,800,0,0,800,0.0,0.0,0.0,1.0,0,0,0.0,0.0,3.835,0.3735845628008181,0.37201421772905185,2.511615571098513e-05,0.1175,0,,,,2.525429700035602,3.1567871250445023
class,cicids2017_distrinet,ft_transformer,prim_pgd_p75_targeted,Prim-PGD p75,targeted,p75,BruteForce,42,800,3,3,800,0.00375,0.00375,0.0,1.0,3,3,0.00375,0.00375,253.0,3781.5427704865597,3781.5423641304346,0.033797281995239035,10.965,0,0.2948939800262451,0.0,1769.0,13.959820699878037,17.449775874847546
class,cicids2017_distrinet,ft_transformer,prim_pgd_p75_targeted,Prim-PGD p75,targeted,p75,BruteForce,2024,800,3,3,800,0.00375,0.00375,0.0,1.0,3,3,0.00375,0.00375,253.0,3781.4972090534766,3781.496793478261,0.03379698064134544,10.96375,0,0.25000879168510437,0.0,1450.0,13.735160700045526,17.168950875056908
class,cicids2017_distrinet,ft_transformer,prim_pgd_p75_targeted,Prim-PGD p75,targeted,p75,BruteForce,2026,800,3,3,800,0.00375,0.00375,0.0,1.0,3,3,0.00375,0.00375,253.0,3781.461947670048,3781.46152173913,0.03379675668576901,10.96375,0,0.30006757378578186,0.0,2620.0,13.754868399817497,17.19358549977187
class,cicids2018_distrinet,mlp-s42,prim_pgd_p75_targeted,Prim-PGD p75,targeted,p75,DoS,42,800,0,0,800,0.0,0.0,0.0,1.0,0,0,0.0,0.0,235.045,1.2318058912814447,1.162082472585211,0.00031697081280525065,2.8,0,,,,2.7006456998642534,3.3758071248303168
class,cicids2018_distrinet,mlp-s42,prim_pgd_p75_targeted,Prim-PGD p75,targeted,p75,DoS,2024,800,0,0,800,0.0,0.0,0.0,1.0,0,0,0.0,0.0,235.045,1.221930356775931,1.1519899581471646,0.0003161637110316251,2.77625,0,,,,2.4483175999484956,3.0603969999356195
class,cicids2018_distrinet,mlp-s42,prim_pgd_p75_targeted,Prim-PGD p75,targeted,p75,DoS,2026,800,0,0,800,0.0,0.0,0.0,1.0,0,0,0.0,0.0,235.045,1.2463480275572827,1.1759978086497085,0.000325317369622565,2.90125,0,,,,2.6272595999762416,3.284074499970302
class,cicids2018_distrinet,mlp-s42,prim_pgd_p75_targeted,Prim-PGD p75,targeted,p75,DDoS,42,800,4,4,800,0.005,0.005,0.0,1.0,4,4,0.005,0.005,240.085,1147.245638356799,1146.8592760016147,0.02724184796532642,10.75625,0,0.8859379589557648,0.0,1521054.0,2.593363600084558,3.2417045001056977
class,cicids2018_distrinet,mlp-s42,prim_pgd_p75_targeted,Prim-PGD p75,targeted,p75,DDoS,2024,800,4,4,800,0.005,0.005,0.0,1.0,4,4,0.005,0.005,240.085,1147.2403306537701,1146.8605942457807,0.027239744861099206,10.66625,0,0.8614027202129364,0.0,1504586.5,2.5757019000593573,3.2196273750741966
class,cicids2018_distrinet,mlp-s42,prim_pgd_p75_targeted,Prim-PGD p75,targeted,p75,DDoS,2026,800,4,4,800,0.005,0.005,0.0,1.0,4,4,0.005,0.005,240.085,1147.6163868180267,1147.2362621190937,0.027213545619406605,10.75125,0,0.9082527160644531,0.0,1580334.5,2.528348100138828,3.160435125173535
class,cicids2018_distrinet,mlp-s42,prim_pgd_p75_targeted,Prim-PGD p75,targeted,p75,Recon,42,800,21,21,800,0.02625,0.02625,0.0,1.0,21,21,0.02625,0.02625,31.555,263.7856639963287,263.7283177051077,0.005059910628646889,1.01875,0,0.4262116849422455,0.0,3086851.0,2.3043556998018175,2.880444624752272
class,cicids2018_distrinet,mlp-s42,prim_pgd_p75_targeted,Prim-PGD p75,targeted,p75,Recon,2024,800,21,21,800,0.02625,0.02625,0.0,1.0,21,21,0.02625,0.02625,31.555,232.36857427341792,232.31159456477525,0.004830463136206112,1.00625,0,0.3885045647621155,0.0,2764237.0,2.2750182999297976,2.843772874912247
class,cicids2018_distrinet,mlp-s42,prim_pgd_p75_targeted,Prim-PGD p75,targeted,p75,Recon,2026,800,21,21,800,0.02625,0.02625,0.0,1.0,21,21,0.02625,0.02625,31.555,260.788197083092,260.7297419102714,0.005114484098112404,1.0325,0,0.45000001788139343,0.0,3084656.0,2.054091499885544,2.5676143748569302
class,cicids2018_distrinet,mlp-s42,prim_pgd_p75_targeted,Prim-PGD p75,targeted,p75,BruteForce,42,800,0,0,800,0.0,0.0,0.0,1.0,0,0,0.0,0.0,253.0,0.2433995808527965,0.1936339435286925,0.0004253840331913491,11.99375,0,,,,2.432919800048694,3.0411497500608675
class,cicids2018_distrinet,mlp-s42,prim_pgd_p75_targeted,Prim-PGD p75,targeted,p75,BruteForce,2024,800,0,0,800,0.0,0.0,0.0,1.0,0,0,0.0,0.0,253.0,0.24340813917429524,0.19363879588325575,0.0004253945989451432,11.99375,0,,,,2.448272699955851,3.0603408749448135
class,cicids2018_distrinet,mlp-s42,prim_pgd_p75_targeted,Prim-PGD p75,targeted,p75,BruteForce,2026,800,0,0,800,0.0,0.0,0.0,1.0,0,0,0.0,0.0,253.0,0.24340549716056978,0.19363763299138625,0.0004253920390242562,11.99375,0,,,,2.4644738999195397,3.0805923748994246
class,cicids2018_distrinet,cnn-s42,prim_pgd_p75_targeted,Prim-PGD p75,targeted,p75,DoS,42,800,0,0,800,0.0,0.0,0.0,1.0,0,0,0.0,0.0,234.73,0.4437532115882498,0.4076795632071339,0.000181409188151291,3.23375,0,,,,2.3515552999451756,2.9394441249314696
class,cicids2018_distrinet,cnn-s42,prim_pgd_p75_targeted,Prim-PGD p75,targeted,p75,DoS,2024,800,0,0,800,0.0,0.0,0.0,1.0,0,0,0.0,0.0,234.73,0.42134041058108734,0.3880203723517491,0.0001693269490682754,3.3225,0,,,,2.3109617000445724,2.8887021250557154
class,cicids2018_distrinet,cnn-s42,prim_pgd_p75_targeted,Prim-PGD p75,targeted,p75,DoS,2026,800,0,0,800,0.0,0.0,0.0,1.0,0,0,0.0,0.0,234.73,0.4455269097788336,0.40915315001996705,0.0001814245203815607,3.31,0,,,,2.435833099996671,3.044791374995839
class,cicids2018_distrinet,cnn-s42,prim_pgd_p75_targeted,Prim-PGD p75,targeted,p75,DDoS,42,800,0,0,800,0.0,0.0,0.0,1.0,0,0,0.0,0.0,240.085,546.8186576170165,546.3064817281086,0.014292820417576527,9.99125,0,,,,2.321362799964845,2.9017034999560565
class,cicids2018_distrinet,cnn-s42,prim_pgd_p75_targeted,Prim-PGD p75,targeted,p75,DDoS,2024,800,0,0,800,0.0,0.0,0.0,1.0,0,0,0.0,0.0,240.085,536.5279785882037,536.1457942278502,0.013609885226823876,10.0025,0,,,,2.369470000034198,2.9618375000427477
class,cicids2018_distrinet,cnn-s42,prim_pgd_p75_targeted,Prim-PGD p75,targeted,p75,DDoS,2026,800,0,0,800,0.0,0.0,0.0,1.0,0,0,0.0,0.0,240.085,554.8656647205707,554.4863087170165,0.013992615042508896,9.98375,0,,,,2.422618299955502,3.0282728749443777
class,cicids2018_distrinet,cnn-s42,prim_pgd_p75_targeted,Prim-PGD p75,targeted,p75,Recon,42,800,0,0,796,0.0,0.0,0.0,0.995,0,0,0.0,0.0,31.555,598.3748976077216,598.0598785308961,0.007856561694917438,1.25,0,,,,2.267698499839753,2.834623124799691
class,cicids2018_distrinet,cnn-s42,prim_pgd_p75_targeted,Prim-PGD p75,targeted,p75,Recon,2024,800,0,0,797,0.0,0.0,0.0,0.99625,0,0,0.0,0.0,31.555,585.7074898052899,585.3947329693088,0.007549153278239486,1.24625,0,,,,2.221287300111726,2.7766091251396574
class,cicids2018_distrinet,cnn-s42,prim_pgd_p75_targeted,Prim-PGD p75,targeted,p75,Recon,2026,800,0,0,797,0.0,0.0,0.0,0.99625,0,0,0.0,0.0,31.555,587.1437184935628,586.8303333151504,0.0076118402954983315,1.2475,0,,,,2.1375291000586003,2.6719113750732504
class,cicids2018_distrinet,cnn-s42,prim_pgd_p75_targeted,Prim-PGD p75,targeted,p75,BruteForce,42,800,0,0,800,0.0,0.0,0.0,1.0,0,0,0.0,0.0,253.0,1.7430840189988672,1.7217413932615855,0.0003931998334917714,11.33625,0,,,,2.4614156999159604,3.0767696248949505
class,cicids2018_distrinet,cnn-s42,prim_pgd_p75_targeted,Prim-PGD p75,targeted,p75,BruteForce,2024,800,0,0,800,0.0,0.0,0.0,1.0,0,0,0.0,0.0,253.0,1.7815478201007684,1.7606500449763072,0.00039260659525208215,11.315,0,,,,2.306190999923274,2.8827387499040924
class,cicids2018_distrinet,cnn-s42,prim_pgd_p75_targeted,Prim-PGD p75,targeted,p75,BruteForce,2026,800,0,0,800,0.0,0.0,0.0,1.0,0,0,0.0,0.0,253.0,1.824546553210644,1.8039429970818943,0.0003950755542118331,11.29875,0,,,,2.4842611998319626,3.1053264997899532
class,cicids2018_distrinet,ft_transformer-s42,prim_pgd_p75_targeted,Prim-PGD p75,targeted,p75,DoS,42,800,0,0,800,0.0,0.0,0.0,1.0,0,0,0.0,0.0,235.045,6.209605520196693,6.047419935661573,0.001111925179265459,10.46625,0,,,,12.785812700167298,15.982265875209123
class,cicids2018_distrinet,ft_transformer-s42,prim_pgd_p75_targeted,Prim-PGD p75,targeted,p75,DoS,2024,800,0,0,800,0.0,0.0,0.0,1.0,0,0,0.0,0.0,235.045,6.2002111604912535,6.034856394829441,0.0011186771266933604,10.50875,0,,,,12.769354100106284,15.961692625132855
class,cicids2018_distrinet,ft_transformer-s42,prim_pgd_p75_targeted,Prim-PGD p75,targeted,p75,DoS,2026,800,0,0,800,0.0,0.0,0.0,1.0,0,0,0.0,0.0,235.045,6.189741407665773,6.02714554446024,0.0011077104905818744,10.42125,0,,,,13.031075299950317,16.288844124937896
class,cicids2018_distrinet,ft_transformer-s42,prim_pgd_p75_targeted,Prim-PGD p75,targeted,p75,DDoS,42,800,0,0,800,0.0,0.0,0.0,1.0,0,0,0.0,0.0,240.085,244.65003487273796,243.20743387856427,0.010022977337609184,8.6675,0,,,,13.325041799806058,16.656302249757573
class,cicids2018_distrinet,ft_transformer-s42,prim_pgd_p75_targeted,Prim-PGD p75,targeted,p75,DDoS,2024,800,0,0,800,0.0,0.0,0.0,1.0,0,0,0.0,0.0,240.085,250.8710280413768,249.4380378701956,0.010055874405306118,8.6275,0,,,,13.098911300068721,16.3736391250859
class,cicids2018_distrinet,ft_transformer-s42,prim_pgd_p75_targeted,Prim-PGD p75,targeted,p75,DDoS,2026,800,0,0,800,0.0,0.0,0.0,1.0,0,0,0.0,0.0,240.085,245.56884306510946,243.71209730805734,0.011244081753274819,8.69875,0,,,,13.19962550001219,16.499531875015236
class,cicids2018_distrinet,ft_transformer-s42,prim_pgd_p75_targeted,Prim-PGD p75,targeted,p75,Recon,42,800,0,0,798,0.0,0.0,0.0,0.9975,0,0,0.0,0.0,31.555,729.5992663358494,729.5302100905551,0.009831663897598894,1.1575,0,,,,3.020033100154251,3.7750413751928136
class,cicids2018_distrinet,ft_transformer-s42,prim_pgd_p75_targeted,Prim-PGD p75,targeted,p75,Recon,2024,800,0,0,798,0.0,0.0,0.0,0.9975,0,0,0.0,0.0,31.555,729.6039698510656,729.5348634238883,0.009831784007522618,1.1575,0,,,,3.0255210001487285,3.7819012501859106
class,cicids2018_distrinet,ft_transformer-s42,prim_pgd_p75_targeted,Prim-PGD p75,targeted,p75,Recon,2026,800,0,0,798,0.0,0.0,0.0,0.9975,0,0,0.0,0.0,31.555,729.5793196853764,729.509960090555,0.009831656506996168,1.1575,0,,,,2.99020510003902,3.7377563750487752
class,cicids2018_distrinet,ft_transformer-s42,prim_pgd_p75_targeted,Prim-PGD p75,targeted,p75,BruteForce,42,800,0,0,800,0.0,0.0,0.0,1.0,0,0,0.0,0.0,253.0,2.042786355423554,2.0207018621663586,0.0003960841020394567,11.21625,0,,,,13.650126999942586,17.062658749928232
class,cicids2018_distrinet,ft_transformer-s42,prim_pgd_p75_targeted,Prim-PGD p75,targeted,p75,BruteForce,2024,800,0,0,800,0.0,0.0,0.0,1.0,0,0,0.0,0.0,253.0,2.0341641649094435,2.0116460835140417,0.0003992316236198119,11.20625,0,,,,13.987040500156581,17.483800625195727
class,cicids2018_distrinet,ft_transformer-s42,prim_pgd_p75_targeted,Prim-PGD p75,targeted,p75,BruteForce,2026,800,0,0,800,0.0,0.0,0.0,1.0,0,0,0.0,0.0,253.0,2.004182140383753,1.9818501751532673,0.00039477592161347904,11.15,0,,,,13.692625400144607,17.11578175018076
class,cicids2017_distrinet,mlp,prim_pgd_unbounded_targeted,Prim-PGD unbounded,targeted,unbounded,DoS,42,800,500,500,800,0.625,0.625,0.0,1.0,500,500,0.625,0.625,248.59,27727.100363177917,27727.083471941358,0.16912347517686688,11.53375,0,0.25,0.0,5710282.0,2.567238900111988,3.2090486251399852
class,cicids2017_distrinet,mlp,prim_pgd_unbounded_targeted,Prim-PGD unbounded,targeted,unbounded,DoS,2024,800,500,500,800,0.625,0.625,0.0,1.0,500,500,0.625,0.625,248.59,27748.617280286755,27748.60048281092,0.16815041817102294,11.51875,0,0.2500000298023224,0.0,5837762.5,2.658425899920985,3.3230323749012314
class,cicids2017_distrinet,mlp,prim_pgd_unbounded_targeted,Prim-PGD unbounded,targeted,unbounded,DoS,2026,800,500,500,800,0.625,0.625,0.0,1.0,500,500,0.625,0.625,248.59,27783.873609649898,27783.856243680486,0.16822262520930434,11.52625,0,0.2500000149011612,0.0,5697993.5,2.580806299811229,3.2260078747640364
class,cicids2017_distrinet,mlp,prim_pgd_unbounded_targeted,Prim-PGD unbounded,targeted,unbounded,DDoS,42,800,212,212,800,0.265,0.265,0.0,1.0,212,212,0.265,0.265,242.92,14020.022690722968,14020.022472826087,0.07034448764549038,10.7675,0,0.45279666781425476,0.0,4394003.5,2.9544959999620914,3.6931199999526143
class,cicids2017_distrinet,mlp,prim_pgd_unbounded_targeted,Prim-PGD unbounded,targeted,unbounded,DDoS,2024,800,212,212,800,0.265,0.265,0.0,1.0,212,212,0.265,0.265,242.92,14060.39768909405,14060.397472826087,0.07023875914756353,10.76375,0,0.4215829223394394,0.0,4266340.5,3.2755805000197142,4.094475625024643
class,cicids2017_distrinet,mlp,prim_pgd_unbounded_targeted,Prim-PGD unbounded,targeted,unbounded,DDoS,2026,800,212,212,800,0.265,0.265,0.0,1.0,212,212,0.265,0.265,242.92,14041.403426715571,14041.403206521738,0.07065972349539004,10.77875,0,0.4647805243730545,0.0,4535024.0,2.9926289001014084,3.7407861251267605
class,cicids2017_distrinet,mlp,prim_pgd_unbounded_targeted,Prim-PGD unbounded,targeted,unbounded,Recon,42,800,8,8,800,0.01,0.01,0.0,1.0,8,8,0.01,0.01,3.835,331.91580297912327,331.91475543478265,0.0013051176311983691,0.125,0,0.05000000447034836,0.0,3249965.0,2.414397499989718,3.0179968749871477
class,cicids2017_distrinet,mlp,prim_pgd_unbounded_targeted,Prim-PGD unbounded,targeted,unbounded,Recon,2024,800,8,8,800,0.01,0.01,0.0,1.0,8,8,0.01,0.01,3.835,351.600636635558,351.5995923913044,0.0012533324617309632,0.125,0,0.05000000447034836,0.0,3249965.0,2.3699450998101383,2.962431374762673
class,cicids2017_distrinet,mlp,prim_pgd_unbounded_targeted,Prim-PGD unbounded,targeted,unbounded,Recon,2026,800,8,8,800,0.01,0.01,0.0,1.0,8,8,0.01,0.01,3.835,344.8419512083094,344.84100543478263,0.0010995592702841583,0.12375,0,0.05000000447034836,0.0,3155883.5,2.3603694001212716,2.9504617501515895
class,cicids2017_distrinet,mlp,prim_pgd_unbounded_targeted,Prim-PGD unbounded,targeted,unbounded,BruteForce,42,800,14,14,800,0.0175,0.0175,0.0,1.0,14,14,0.0175,0.0175,253.0,66913.41004605725,66913.40820652174,0.5502143680752873,11.325,0,0.05000000260770321,0.0,5296633.0,2.660952999955043,3.326191249943804
class,cicids2017_distrinet,mlp,prim_pgd_unbounded_targeted,Prim-PGD unbounded,targeted,unbounded,BruteForce,2024,800,14,14,800,0.0175,0.0175,0.0,1.0,14,14,0.0175,0.0175,253.0,65204.829867550194,65204.82807065218,0.5366106627693106,11.3125,0,0.05000000074505806,0.0,3977961.5,2.56747019989416,3.2093377498677
class,cicids2017_distrinet,mlp,prim_pgd_unbounded_targeted,Prim-PGD unbounded,targeted,unbounded,BruteForce,2026,800,14,14,800,0.0175,0.0175,0.0,1.0,14,14,0.0175,0.0175,253.0,68722.52170353991,68722.5198097826,0.5660598602208944,11.3325,0,0.05000000074505806,0.0,4347467.0,2.5683977000880986,3.2104971251101233
class,cicids2017_distrinet,cnn,prim_pgd_unbounded_targeted,Prim-PGD unbounded,targeted,unbounded,DoS,42,800,733,733,800,0.91625,0.91625,0.0,1.0,733,733,0.91625,0.91625,248.905,9888.381997225755,9888.3109908999,0.08930730741913616,11.7075,0,0.19999998807907104,0.0,4125064.0,2.496822399785742,3.1210279997321777
class,cicids2017_distrinet,cnn,prim_pgd_unbounded_targeted,Prim-PGD unbounded,targeted,unbounded,DoS,2024,800,733,733,800,0.91625,0.91625,0.0,1.0,733,733,0.91625,0.91625,248.905,10093.46334352733,10093.393382204247,0.08981123356054173,11.7,0,0.20000000298023224,0.0,4312748.0,2.3331365000922233,2.916420625115279
class,cicids2017_distrinet,cnn,prim_pgd_unbounded_targeted,Prim-PGD unbounded,targeted,unbounded,DoS,2026,800,733,733,800,0.91625,0.91625,0.0,1.0,733,733,0.91625,0.91625,248.905,9351.61733077853,9351.545688195147,0.08955021446862385,11.7125,0,0.18020792305469513,0.0,3967392.0,2.2925546001642942,2.865693250205368
class,cicids2017_distrinet,cnn,prim_pgd_unbounded_targeted,Prim-PGD unbounded,targeted,unbounded,DDoS,42,800,369,369,800,0.46125,0.46125,0.0,1.0,369,369,0.46125,0.46125,242.92,12493.045981229892,12493.045733695652,0.06534203674787921,10.9125,0,0.517111599445343,0.0,3460440.0,2.4372368999756873,3.046546124969609
class,cicids2017_distrinet,cnn,prim_pgd_unbounded_targeted,Prim-PGD unbounded,targeted,unbounded,DDoS,2024,800,369,369,800,0.46125,0.46125,0.0,1.0,369,369,0.46125,0.46125,242.92,12443.02485266943,12443.024592391304,0.06589253675800615,10.90375,0,0.5372861623764038,0.0,3613031.0,2.40754869999364,3.0094358749920502
class,cicids2017_distrinet,cnn,prim_pgd_unbounded_targeted,Prim-PGD unbounded,targeted,unbounded,DDoS,2026,800,369,369,800,0.46125,0.46125,0.0,1.0,369,369,0.46125,0.46125,242.92,12563.297626564607,12563.297391304348,0.06598098068427037,10.9075,0,0.5331530570983887,0.0,3554677.0,2.3951276000589132,2.9939095000736415
class,cicids2017_distrinet,cnn,prim_pgd_unbounded_targeted,Prim-PGD unbounded,targeted,unbounded,Recon,42,800,8,8,800,0.01,0.01,0.0,1.0,8,8,0.01,0.01,3.52,260.1656227272751,260.165,0.00047788555531526875,0.1075,0,0.0352368988096714,0.0,2882250.5,2.102271500043571,2.6278393750544637
class,cicids2017_distrinet,cnn,prim_pgd_unbounded_targeted,Prim-PGD unbounded,targeted,unbounded,Recon,2024,800,8,8,800,0.01,0.01,0.0,1.0,8,8,0.01,0.01,3.52,278.4265619580863,278.4246195652174,0.0004367323422155494,0.105,0,0.03562539629638195,0.0,2583289.5,2.1485399999655783,2.685674999956973
class,cicids2017_distrinet,cnn,prim_pgd_unbounded_targeted,Prim-PGD unbounded,targeted,unbounded,Recon,2026,800,8,8,800,0.01,0.01,0.0,1.0,8,8,0.01,0.01,3.52,235.15097544865122,235.14842391304347,0.00040226500059430196,0.105,0,0.027170672081410885,0.0,2115486.0,2.127279599895701,2.659099499869626
class,cicids2017_distrinet,cnn,prim_pgd_unbounded_targeted,Prim-PGD unbounded,targeted,unbounded,BruteForce,42,800,800,800,800,1.0,1.0,0.0,1.0,800,800,1.0,1.0,253.0,63883.00057255267,63882.99635869565,0.7956944581120563,11.86625,0,0.5333183407783508,0.0,57370942.0,2.322051800088957,2.902564750111196
class,cicids2017_distrinet,cnn,prim_pgd_unbounded_targeted,Prim-PGD unbounded,targeted,unbounded,BruteForce,2024,800,800,800,800,1.0,1.0,0.0,1.0,800,800,1.0,1.0,253.0,64497.9294473615,64497.925407608695,0.785251339139994,11.86125,0,0.5149228274822235,0.0,55483468.0,2.2949606999754906,2.868700874969363
class,cicids2017_distrinet,cnn,prim_pgd_unbounded_targeted,Prim-PGD unbounded,targeted,unbounded,BruteForce,2026,800,800,800,800,1.0,1.0,0.0,1.0,800,800,1.0,1.0,253.0,64437.81516512218,64437.811005434785,0.8018031353967345,11.87375,0,0.5246913135051727,0.0,56501134.0,2.2629354000091553,2.828669250011444
class,cicids2017_distrinet,ft_transformer,prim_pgd_unbounded_targeted,Prim-PGD unbounded,targeted,unbounded,DoS,42,800,1,1,800,0.00125,0.00125,0.0,1.0,1,1,0.00125,0.00125,248.905,27998.551632042843,27998.536044966684,0.18246283738262503,11.2875,0,0.15000371634960175,0.0,20198.0,13.4816342999693,16.852042874961626
class,cicids2017_distrinet,ft_transformer,prim_pgd_unbounded_targeted,Prim-PGD unbounded,targeted,unbounded,DoS,2024,800,1,1,800,0.00125,0.00125,0.0,1.0,1,1,0.00125,0.00125,248.905,28397.820817509783,28397.811134984833,0.18504788654907245,11.29625,0,0.14877831935882568,0.0,20033.0,13.52456759987399,16.905709499842487
class,cicids2017_distrinet,ft_transformer,prim_pgd_unbounded_targeted,Prim-PGD unbounded,targeted,unbounded,DoS,2026,800,1,1,800,0.00125,0.00125,0.0,1.0,1,1,0.00125,0.00125,248.905,28300.49163021833,28300.480890419614,0.1846298448010969,11.29875,0,0.15000371634960175,0.0,20198.0,13.454104699892923,16.817630874866154
class,cicids2017_distrinet,ft_transformer,prim_pgd_unbounded_targeted,Prim-PGD unbounded,targeted,unbounded,DDoS,42,800,0,0,800,0.0,0.0,0.0,1.0,0,0,0.0,0.0,242.92,9946.307057359134,9946.306929347826,0.047709203736700824,10.60875,0,,,,13.103823699988425,16.37977962498553
class,cicids2017_distrinet,ft_transformer,prim_pgd_unbounded_targeted,Prim-PGD unbounded,targeted,unbounded,DDoS,2024,800,0,0,800,0.0,0.0,0.0,1.0,0,0,0.0,0.0,242.92,9974.620835015434,9974.620706521739,0.0478844259241534,10.6125,0,,,,13.321858399780467,16.652322999725584
class,cicids2017_distrinet,ft_transformer,prim_pgd_unbounded_targeted,Prim-PGD unbounded,targeted,unbounded,DDoS,2026,800,0,0,800,0.0,0.0,0.0,1.0,0,0,0.0,0.0,242.92,9867.818116787492,9867.817989130435,0.0473440060739027,10.605,0,,,,13.326916600111872,16.65864575013984
class,cicids2017_distrinet,ft_transformer,prim_pgd_unbounded_targeted,Prim-PGD unbounded,targeted,unbounded,Recon,42,800,6,6,800,0.0075,0.0075,0.0,1.0,6,6,0.0075,0.0075,3.835,1515.282855722598,1515.2828260869564,0.004615913192157735,0.11875,0,0.04579021595418453,0.0,2565126.5,2.5260423000436276,3.1575528750545345
class,cicids2017_distrinet,ft_transformer,prim_pgd_unbounded_targeted,Prim-PGD unbounded,targeted,unbounded,Recon,2024,800,6,6,800,0.0075,0.0075,0.0,1.0,6,6,0.0075,0.0075,3.835,1505.8507078998978,1505.850679347826,0.0046628100636947785,0.12,0,0.049388300627470016,0.0,2744680.0,2.541351600084454,3.1766895001055673
class,cicids2017_distrinet,ft_transformer,prim_pgd_unbounded_targeted,Prim-PGD unbounded,targeted,unbounded,Recon,2026,800,6,6,800,0.0075,0.0075,0.0,1.0,6,6,0.0075,0.0075,3.835,1396.530193489885,1396.530163043478,0.004610964860826155,0.12,0,0.04243656061589718,0.0,1904410.5,2.523843700066209,3.154804625082761
class,cicids2017_distrinet,ft_transformer,prim_pgd_unbounded_targeted,Prim-PGD unbounded,targeted,unbounded,BruteForce,42,800,12,12,800,0.015,0.015,0.0,1.0,12,12,0.015,0.015,253.0,125266.25509579238,125266.24701086957,1.5424677617505076,11.99125,0,0.04999999888241291,0.0,5533165.0,13.509185099974275,16.886481374967843
class,cicids2017_distrinet,ft_transformer,prim_pgd_unbounded_targeted,Prim-PGD unbounded,targeted,unbounded,BruteForce,2024,800,12,12,800,0.015,0.015,0.0,1.0,12,12,0.015,0.015,253.0,125445.8708761193,125445.86279891305,1.5426424074457106,11.98625,0,0.05000000447034836,0.0,5719719.5,13.69624949991703,17.120311874896288
class,cicids2017_distrinet,ft_transformer,prim_pgd_unbounded_targeted,Prim-PGD unbounded,targeted,unbounded,BruteForce,2026,800,12,12,800,0.015,0.015,0.0,1.0,12,12,0.015,0.015,253.0,125305.63985226338,125305.63176630436,1.542607957410311,11.98875,0,0.05000000447034836,0.0,4108860.5,13.709042199887335,17.13630274985917
class,cicids2018_distrinet,mlp-s42,prim_pgd_unbounded_targeted,Prim-PGD unbounded,targeted,unbounded,DoS,42,800,0,0,800,0.0,0.0,0.0,1.0,0,0,0.0,0.0,235.045,57.703808548301616,56.95571453744969,0.0067896152069695,7.51,0,,,,2.8636973998509347,3.5796217498136684
class,cicids2018_distrinet,mlp-s42,prim_pgd_unbounded_targeted,Prim-PGD unbounded,targeted,unbounded,DoS,2024,800,0,0,800,0.0,0.0,0.0,1.0,0,0,0.0,0.0,235.045,56.2866682704403,55.55389432617461,0.006666557389284139,7.3325,0,,,,2.707388599868864,3.3842357498360798
class,cicids2018_distrinet,mlp-s42,prim_pgd_unbounded_targeted,Prim-PGD unbounded,targeted,unbounded,DoS,2026,800,0,0,800,0.0,0.0,0.0,1.0,0,0,0.0,0.0,235.045,58.22094229394504,57.49142593473043,0.006800280386529475,7.52625,0,,,,2.831563599873334,3.5394544998416677
class,cicids2018_distrinet,mlp-s42,prim_pgd_unbounded_targeted,Prim-PGD unbounded,targeted,unbounded,DDoS,42,800,16,16,800,0.02,0.02,0.0,1.0,16,16,0.02,0.02,240.085,2069.6821103685625,2016.2231854059066,0.20006425569806305,11.2325,0,0.40672101080417633,0.0,12274576.5,2.9120654999278486,3.6400818749098107
class,cicids2018_distrinet,mlp-s42,prim_pgd_unbounded_targeted,Prim-PGD unbounded,targeted,unbounded,DDoS,2024,800,16,16,800,0.02,0.02,0.0,1.0,16,16,0.02,0.02,240.085,2111.2035210939775,2056.869117788631,0.20264606364693194,11.2325,0,0.48474690318107605,0.0,14098011.0,2.8137726997956634,3.517215874744579
class,cicids2018_distrinet,mlp-s42,prim_pgd_unbounded_targeted,Prim-PGD unbounded,targeted,unbounded,DDoS,2026,800,17,17,800,0.02125,0.02125,0.0,1.0,17,17,0.02125,0.02125,240.085,2092.199087704575,2039.058960998119,0.19849112845843675,11.23,0,0.44819867610931396,0.0,13041499.0,2.8809001001063734,3.601125125132967
class,cicids2018_distrinet,mlp-s42,prim_pgd_unbounded_targeted,Prim-PGD unbounded,targeted,unbounded,Recon,42,800,51,51,799,0.06375,0.06375,0.0,0.99875,51,51,0.06375,0.06375,31.555,1025.3425959584386,1024.7269223465316,0.02858130618301906,1.0825,0,0.15000002086162567,0.0,6895264.0,2.2305388001259416,2.788173500157427
class,cicids2018_distrinet,mlp-s42,prim_pgd_unbounded_targeted,Prim-PGD unbounded,targeted,unbounded,Recon,2024,800,51,51,799,0.06375,0.06375,0.0,0.99875,51,51,0.06375,0.06375,31.555,1012.9242435235042,1012.330425679865,0.028452112751681007,1.0725,0,0.15000000596046448,0.0,6108374.0,2.2142672999762,2.76783412497025
class,cicids2018_distrinet,mlp-s42,prim_pgd_unbounded_targeted,Prim-PGD unbounded,targeted,unbounded,Recon,2026,800,51,51,799,0.06375,0.06375,0.0,0.99875,51,51,0.06375,0.06375,31.555,1025.4159393284824,1024.8121590131984,0.02869378760793023,1.08375,0,0.14999999105930328,0.0,5970784.0,2.4806729999836534,3.100841249979567
class,cicids2018_distrinet,mlp-s42,prim_pgd_unbounded_targeted,Prim-PGD unbounded,targeted,unbounded,BruteForce,42,800,725,725,800,0.90625,0.90625,0.0,1.0,725,725,0.90625,0.90625,253.0,980.8573642927107,858.8597418283003,1.145352275539996,12.0,0,0.6000000834465027,0.0,70094696.0,2.899197499966249,3.623996874957811
class,cicids2018_distrinet,mlp-s42,prim_pgd_unbounded_targeted,Prim-PGD unbounded,targeted,unbounded,BruteForce,2024,800,725,725,800,0.90625,0.90625,0.0,1.0,725,725,0.90625,0.90625,253.0,986.5561502602588,864.5778266961823,1.144976273359432,12.0,0,0.6000000834465027,0.0,70094216.0,2.677362200105563,3.3467027501319535
class,cicids2018_distrinet,mlp-s42,prim_pgd_unbounded_targeted,Prim-PGD unbounded,targeted,unbounded,BruteForce,2026,800,725,725,800,0.90625,0.90625,0.0,1.0,725,725,0.90625,0.90625,253.0,985.418842920662,863.2262723729017,1.1450042487884577,12.0,0,0.6000000834465027,0.0,70093960.0,2.6278398998547345,3.284799874818418
class,cicids2018_distrinet,cnn-s42,prim_pgd_unbounded_targeted,Prim-PGD unbounded,targeted,unbounded,DoS,42,800,0,0,800,0.0,0.0,0.0,1.0,0,0,0.0,0.0,234.73,63.9522932397683,61.61333650629334,0.011499345431795975,10.7525,0,,,,2.368083900073543,2.960104875091929
class,cicids2018_distrinet,cnn-s42,prim_pgd_unbounded_targeted,Prim-PGD unbounded,targeted,unbounded,DoS,2024,800,0,0,800,0.0,0.0,0.0,1.0,0,0,0.0,0.0,234.73,63.19030405442006,60.86820735425993,0.011386012701156236,10.66125,0,,,,2.2793441000394523,2.8491801250493154
class,cicids2018_distrinet,cnn-s42,prim_pgd_unbounded_targeted,Prim-PGD unbounded,targeted,unbounded,DoS,2026,800,0,0,800,0.0,0.0,0.0,1.0,0,0,0.0,0.0,234.73,63.58806344060566,61.27580031637206,0.011472124018395605,10.73625,0,,,,2.2144802999682724,2.7681003749603406
class,cicids2018_distrinet,cnn-s42,prim_pgd_unbounded_targeted,Prim-PGD unbounded,targeted,unbounded,DDoS,42,800,2,2,800,0.0025,0.0025,0.0,1.0,2,2,0.0025,0.0025,240.085,20827.702035220093,20825.02781234919,0.4667333004599128,10.4975,0,0.6009159237146378,0.0,18137674.5,2.3431486999616027,2.9289358749520034
class,cicids2018_distrinet,cnn-s42,prim_pgd_unbounded_targeted,Prim-PGD unbounded,targeted,unbounded,DDoS,2024,800,2,2,800,0.0025,0.0025,0.0,1.0,2,2,0.0025,0.0025,240.085,20784.853054772444,20782.311576666667,0.4651783179870982,10.48625,0,0.8250000476837158,0.0,24901416.0,2.2187416998203844,2.7734271247754805
class,cicids2018_distrinet,cnn-s42,prim_pgd_unbounded_targeted,Prim-PGD unbounded,targeted,unbounded,DDoS,2026,800,2,2,800,0.0025,0.0025,0.0,1.0,2,2,0.0025,0.0025,240.085,20785.623969917287,20783.08521,0.465581185231435,10.49125,0,0.3440770320594311,0.0,10385371.5,2.275247799931094,2.8440597499138676
class,cicids2018_distrinet,cnn-s42,prim_pgd_unbounded_targeted,Prim-PGD unbounded,targeted,unbounded,Recon,42,800,33,33,797,0.04125,0.04125,0.0,0.99625,33,33,0.04125,0.04125,31.555,1744.9806685173355,1742.8834201454154,0.040284343805721115,1.30625,0,0.30000001192092896,0.0,16734046.0,2.2124574000481516,2.7655717500601895
class,cicids2018_distrinet,cnn-s42,prim_pgd_unbounded_targeted,Prim-PGD unbounded,targeted,unbounded,Recon,2024,800,33,33,797,0.04125,0.04125,0.0,0.99625,33,33,0.04125,0.04125,31.555,1670.894928723851,1668.8195959621119,0.03803798706354674,1.3075,0,0.30000001192092896,0.0,15729678.0,2.237641500076279,2.797051875095349
class,cicids2018_distrinet,cnn-s42,prim_pgd_unbounded_targeted,Prim-PGD unbounded,targeted,unbounded,Recon,2026,800,33,33,797,0.04125,0.04125,0.0,0.99625,33,33,0.04125,0.04125,31.555,1624.9991225497172,1622.8851993912053,0.038182791642384466,1.31,0,0.30000001192092896,0.0,16734046.0,2.2287557998206466,2.7859447497758083
class,cicids2018_distrinet,cnn-s42,prim_pgd_unbounded_targeted,Prim-PGD unbounded,targeted,unbounded,BruteForce,42,800,800,800,800,1.0,1.0,0.0,1.0,800,800,1.0,1.0,253.0,262.7993388340418,231.47842502643695,0.19391052698509476,11.995,0,0.10000000149011612,0.0,11684350.0,2.3639673001598567,2.954959125199821
class,cicids2018_distrinet,cnn-s42,prim_pgd_unbounded_targeted,Prim-PGD unbounded,targeted,unbounded,BruteForce,2024,800,800,800,800,1.0,1.0,0.0,1.0,800,800,1.0,1.0,253.0,275.05030908045933,243.87553449729606,0.19473846190364583,11.99,0,0.10000000149011612,0.0,11684398.5,2.3978035000618547,2.9972543750773184
class,cicids2018_distrinet,cnn-s42,prim_pgd_unbounded_targeted,Prim-PGD unbounded,targeted,unbounded,BruteForce,2026,800,800,800,800,1.0,1.0,0.0,1.0,800,800,1.0,1.0,253.0,272.2101706186234,240.94954480818143,0.19463606969504454,11.9925,0,0.10000000149011612,0.0,11684451.5,2.350685700075701,2.938357125094626
class,cicids2018_distrinet,ft_transformer-s42,prim_pgd_unbounded_targeted,Prim-PGD unbounded,targeted,unbounded,DoS,42,800,0,0,800,0.0,0.0,0.0,1.0,0,0,0.0,0.0,235.045,65.77468460391611,63.311082696031775,0.011829463805294767,11.05125,0,,,,12.742497300030664,15.92812162503833
class,cicids2018_distrinet,ft_transformer-s42,prim_pgd_unbounded_targeted,Prim-PGD unbounded,targeted,unbounded,DoS,2024,800,0,0,800,0.0,0.0,0.0,1.0,0,0,0.0,0.0,235.045,65.78960172396457,63.317380012640925,0.01185827091476177,11.08,0,,,,12.826003700029105,16.03250462503638
class,cicids2018_distrinet,ft_transformer-s42,prim_pgd_unbounded_targeted,Prim-PGD unbounded,targeted,unbounded,DoS,2026,800,0,0,800,0.0,0.0,0.0,1.0,0,0,0.0,0.0,235.045,65.74305817075634,63.294835233637095,0.01178943776117972,11.00625,0,,,,12.71327680000104,15.8915960000013
class,cicids2018_distrinet,ft_transformer-s42,prim_pgd_unbounded_targeted,Prim-PGD unbounded,targeted,unbounded,DDoS,42,800,0,0,800,0.0,0.0,0.0,1.0,0,0,0.0,0.0,240.085,5916.446860660441,5910.698513616403,0.18017072957209726,9.69125,0,,,,13.111275099916384,16.38909387489548
class,cicids2018_distrinet,ft_transformer-s42,prim_pgd_unbounded_targeted,Prim-PGD unbounded,targeted,unbounded,DDoS,2024,800,0,0,800,0.0,0.0,0.0,1.0,0,0,0.0,0.0,240.085,5991.896508510844,5986.067346946855,0.18146458279068559,9.63125,0,,,,12.809282700065523,16.011603375081904
class,cicids2018_distrinet,ft_transformer-s42,prim_pgd_unbounded_targeted,Prim-PGD unbounded,targeted,unbounded,DDoS,2026,800,0,0,800,0.0,0.0,0.0,1.0,0,0,0.0,0.0,240.085,5767.3415926001235,5760.417801973406,0.18056585635853023,9.71375,0,,,,13.234788100002334,16.543485125002917
class,cicids2018_distrinet,ft_transformer-s42,prim_pgd_unbounded_targeted,Prim-PGD unbounded,targeted,unbounded,Recon,42,800,4,4,798,0.005,0.005,0.0,0.9975,4,4,0.005,0.005,31.555,2657.667239713747,2655.9801069954888,0.06176555876623563,1.19875,0,0.07499999739229679,0.0,3599891.5,2.9233329000417143,3.654166125052143
class,cicids2018_distrinet,ft_transformer-s42,prim_pgd_unbounded_targeted,Prim-PGD unbounded,targeted,unbounded,Recon,2024,800,4,4,798,0.005,0.005,0.0,0.9975,4,4,0.005,0.005,31.555,2658.39934397018,2656.699560328822,0.061796992567779825,1.1975,0,0.07499999739229679,0.0,3599891.5,2.9281454000156373,3.6601817500195466
class,cicids2018_distrinet,ft_transformer-s42,prim_pgd_unbounded_targeted,Prim-PGD unbounded,targeted,unbounded,Recon,2026,800,4,4,798,0.005,0.005,0.0,0.9975,4,4,0.005,0.005,31.555,2660.120340017458,2658.4214803288223,0.06179893940120959,1.19875,0,0.07499999739229679,0.0,3599891.5,2.945627500070259,3.6820343750878237
class,cicids2018_distrinet,ft_transformer-s42,prim_pgd_unbounded_targeted,Prim-PGD unbounded,targeted,unbounded,BruteForce,42,800,0,0,800,0.0,0.0,0.0,1.0,0,0,0.0,0.0,253.0,976.6064855751254,781.487013484526,1.7124074237820048,12.0,0,,,,13.323160799918696,16.65395099989837
class,cicids2018_distrinet,ft_transformer-s42,prim_pgd_unbounded_targeted,Prim-PGD unbounded,targeted,unbounded,BruteForce,2024,800,0,0,800,0.0,0.0,0.0,1.0,0,0,0.0,0.0,253.0,976.6064855751254,781.487013484526,1.7124074237820048,12.0,0,,,,13.488788899965584,16.86098612495698
class,cicids2018_distrinet,ft_transformer-s42,prim_pgd_unbounded_targeted,Prim-PGD unbounded,targeted,unbounded,BruteForce,2026,800,0,0,800,0.0,0.0,0.0,1.0,0,0,0.0,0.0,253.0,976.6064855751254,781.487013484526,1.7124074237820048,12.0,0,,,,15.891291500069201,19.8641143750865
class,cicids2017_distrinet,mlp,prim_hybrid_p50_targeted,Hybrid Search p50,targeted,p50,DoS,42,800,10,10,800,0.0125,0.0125,0.0,1.0,10,10,0.0125,0.0125,250.29625,1302.8372130428193,1302.7150590263204,0.007638684883960561,10.8425,0,0.6493226587772369,0.0,226112.5,2.3061651999596506,2.8827064999495633
class,cicids2017_distrinet,mlp,prim_hybrid_p50_targeted,Hybrid Search p50,targeted,p50,DoS,2024,800,10,10,800,0.0125,0.0125,0.0,1.0,10,10,0.0125,0.0125,250.29625,1304.40515987116,1304.2829915546217,0.007627949859597346,10.8375,0,0.6305496096611023,0.0,216701.0,2.534379899967462,3.1679748749593273
class,cicids2017_distrinet,mlp,prim_hybrid_p50_targeted,Hybrid Search p50,targeted,p50,DoS,2026,800,10,10,800,0.0125,0.0125,0.0,1.0,10,10,0.0125,0.0125,250.29625,1307.0013654237468,1306.8792103467085,0.007631818087024582,10.84125,0,0.6697701513767242,0.0,278563.0,2.5626184998545796,3.2032731248182245
class,cicids2017_distrinet,mlp,prim_hybrid_p50_targeted,Hybrid Search p50,targeted,p50,DDoS,42,800,61,61,800,0.07625,0.07625,0.0,1.0,61,61,0.07625,0.07625,244.84,5941.091606039844,5941.091521739131,0.027946982732624116,10.6,0,0.6976600885391235,0.0,1149353.0,2.5329373001586646,3.1661716251983307
class,cicids2017_distrinet,mlp,prim_hybrid_p50_targeted,Hybrid Search p50,targeted,p50,DDoS,2024,800,61,61,800,0.07625,0.07625,0.0,1.0,61,61,0.07625,0.07625,244.84,5937.249703636509,5937.2496195652175,0.027906447112100517,10.60375,0,0.6772916913032532,0.0,1113644.0,3.1363204999361187,3.9204006249201484
class,cicids2017_distrinet,mlp,prim_hybrid_p50_targeted,Hybrid Search p50,targeted,p50,DDoS,2026,800,61,61,800,0.07625,0.07625,0.0,1.0,61,61,0.07625,0.07625,244.84,5942.027611335183,5942.027527173914,0.0279324985765691,10.6025,0,0.6999999284744263,0.0,1164435.0,3.0443686000071466,3.8054607500089332
class,cicids2017_distrinet,mlp,prim_hybrid_p50_targeted,Hybrid Search p50,targeted,p50,Recon,42,800,0,0,800,0.0,0.0,0.0,1.0,0,0,0.0,0.0,3.8575,5.048679331566302,5.048051401968027,3.560747858190612e-05,0.1175,0,,,,2.262501700082794,2.8281271251034923
class,cicids2017_distrinet,mlp,prim_hybrid_p50_targeted,Hybrid Search p50,targeted,p50,Recon,2024,800,0,0,800,0.0,0.0,0.0,1.0,0,0,0.0,0.0,3.8575,5.048679331566302,5.048051401968027,3.560747858190612e-05,0.1175,0,,,,2.2314021999482065,2.789252749935258
class,cicids2017_distrinet,mlp,prim_hybrid_p50_targeted,Hybrid Search p50,targeted,p50,Recon,2026,800,0,0,800,0.0,0.0,0.0,1.0,0,0,0.0,0.0,3.8575,5.048679331566302,5.048051401968027,3.560747858190612e-05,0.1175,0,,,,2.4117984999902546,3.0147481249878183
class,cicids2017_distrinet,mlp,prim_hybrid_p50_targeted,Hybrid Search p50,targeted,p50,BruteForce,42,800,3,3,800,0.00375,0.00375,0.0,1.0,3,3,0.00375,0.00375,255.0,1948.1469109955024,1948.146847826087,0.017435697873964817,10.8925,0,0.29006263613700867,0.0,165382.0,2.5434618999715894,3.179327374964487
class,cicids2017_distrinet,mlp,prim_hybrid_p50_targeted,Hybrid Search p50,targeted,p50,BruteForce,2024,800,3,3,800,0.00375,0.00375,0.0,1.0,3,3,0.00375,0.00375,255.0,1948.3684055994602,1948.3683423913044,0.017440430963507794,10.89375,0,0.49902239441871643,0.0,283718.0,2.613807199988514,3.2672589999856427
class,cicids2017_distrinet,mlp,prim_hybrid_p50_targeted,Hybrid Search p50,targeted,p50,BruteForce,2026,800,3,3,800,0.00375,0.00375,0.0,1.0,3,3,0.00375,0.00375,255.0,1948.092264282005,1948.0922010869565,0.01743816909919286,10.89375,0,0.34354904294013977,0.0,195324.0,2.8356535001657903,3.544566875207238
class,cicids2017_distrinet,cnn,prim_hybrid_p50_targeted,Hybrid Search p50,targeted,p50,DoS,42,800,76,76,800,0.095,0.095,0.0,1.0,76,76,0.095,0.095,250.61375,1306.0198623281153,1305.8988674110549,0.006675958764786978,10.86375,0,0.5988304316997528,0.0,256115.5,2.35908169997856,2.9488521249732003
class,cicids2017_distrinet,cnn,prim_hybrid_p50_targeted,Hybrid Search p50,targeted,p50,DoS,2024,800,76,76,800,0.095,0.095,0.0,1.0,76,76,0.095,0.095,250.61375,1300.172843434144,1300.0512186884678,0.00672537951564643,10.88,0,0.6000005006790161,0.0,265303.0,2.3633495001122355,2.9541868751402944
class,cicids2017_distrinet,cnn,prim_hybrid_p50_targeted,Hybrid Search p50,targeted,p50,DoS,2026,800,76,76,800,0.095,0.095,0.0,1.0,76,76,0.095,0.095,250.61375,1313.0592295775507,1312.937604558033,0.006869316394046224,10.88375,0,0.6460186541080475,0.0,266354.0,2.3450563999358565,2.9313204999198206
class,cicids2017_distrinet,cnn,prim_hybrid_p50_targeted,Hybrid Search p50,targeted,p50,DDoS,42,800,213,213,800,0.26625,0.26625,0.0,1.0,213,213,0.26625,0.26625,244.84,5055.050870193482,5055.050788043478,0.02457708125089056,10.71625,0,0.5801868438720703,0.0,1297896.0,2.2823638999834657,2.852954874979332
class,cicids2017_distrinet,cnn,prim_hybrid_p50_targeted,Hybrid Search p50,targeted,p50,DDoS,2024,800,213,213,800,0.26625,0.26625,0.0,1.0,213,213,0.26625,0.26625,244.84,5064.53584397566,5064.535760869566,0.024733248743333006,10.72,0,0.6018608212471008,0.0,1370418.0,2.2530235000886023,2.816279375110753
class,cicids2017_distrinet,cnn,prim_hybrid_p50_targeted,Hybrid Search p50,targeted,p50,DDoS,2026,800,213,213,800,0.26625,0.26625,0.0,1.0,213,213,0.26625,0.26625,244.84,5058.90065308276,5058.900570652174,0.0246691164612169,10.71875,0,0.6000000238418579,0.0,1311607.0,2.260257499990985,2.825321874988731
class,cicids2017_distrinet,cnn,prim_hybrid_p50_targeted,Hybrid Search p50,targeted,p50,Recon,42,800,0,0,800,0.0,0.0,0.0,1.0,0,0,0.0,0.0,3.54,0.03199467267893962,0.03156990368889438,7.583391779737167e-06,0.09125,0,,,,2.18562090001069,2.7320261250133626
class,cicids2017_distrinet,cnn,prim_hybrid_p50_targeted,Hybrid Search p50,targeted,p50,Recon,2024,800,0,0,800,0.0,0.0,0.0,1.0,0,0,0.0,0.0,3.54,0.049224750527561124,0.04859488022889577,1.2110591432296362e-05,0.105,0,,,,2.1679834998212755,2.7099793747765943
class,cicids2017_distrinet,cnn,prim_hybrid_p50_targeted,Hybrid Search p50,targeted,p50,Recon,2026,800,0,0,800,0.0,0.0,0.0,1.0,0,0,0.0,0.0,3.54,0.049196973833803795,0.0485677063158523,1.209907394493721e-05,0.105,0,,,,2.1554775000549853,2.6943468750687316
class,cicids2017_distrinet,cnn,prim_hybrid_p50_targeted,Hybrid Search p50,targeted,p50,BruteForce,42,800,5,5,800,0.00625,0.00625,0.0,1.0,5,5,0.00625,0.00625,255.0,1954.6732309605788,1954.673152173913,0.01752646166483276,10.96375,0,0.4568071663379669,0.0,257440.0,2.340216400101781,2.925270500127226
class,cicids2017_distrinet,cnn,prim_hybrid_p50_targeted,Hybrid Search p50,targeted,p50,BruteForce,2024,800,5,5,800,0.00625,0.00625,0.0,1.0,5,5,0.00625,0.00625,255.0,1954.4501059065778,1954.450027173913,0.01751995066409815,10.965,0,0.3183356821537018,0.0,180989.0,2.323458299972117,2.904322874965146
class,cicids2017_distrinet,cnn,prim_hybrid_p50_targeted,Hybrid Search p50,targeted,p50,BruteForce,2026,800,5,5,800,0.00625,0.00625,0.0,1.0,5,5,0.00625,0.00625,255.0,1954.9978504782725,1954.9977717391305,0.01752334847852969,10.96625,0,0.3243845999240875,0.0,184951.0,2.3272210999857634,2.9090263749822043
class,cicids2017_distrinet,ft_transformer,prim_hybrid_p50_targeted,Hybrid Search p50,targeted,p50,DoS,42,800,1,1,800,0.00125,0.00125,0.0,1.0,1,1,0.00125,0.00125,250.61375,1449.079501864018,1448.9790160511457,0.007339337096745299,10.74375,0,0.11005569994449615,0.0,14819.0,13.500455199973658,16.875568999967072
class,cicids2017_distrinet,ft_transformer,prim_hybrid_p50_targeted,Hybrid Search p50,targeted,p50,DoS,2024,800,1,1,800,0.00125,0.00125,0.0,1.0,1,1,0.00125,0.00125,250.61375,1449.1554005543296,1449.0548703220493,0.007340384064149805,10.74375,0,0.20000000298023224,0.0,26930.0,13.958105999976397,17.447632499970496
class,cicids2017_distrinet,ft_transformer,prim_hybrid_p50_targeted,Hybrid Search p50,targeted,p50,DoS,2026,800,1,1,800,0.00125,0.00125,0.0,1.0,1,1,0.00125,0.00125,250.61375,1449.1166005514908,1449.0159942765872,0.00733992360536752,10.74375,0,0.20000000298023224,0.0,26930.0,13.570910499896854,16.963638124871068
class,cicids2017_distrinet,ft_transformer,prim_hybrid_p50_targeted,Hybrid Search p50,targeted,p50,DDoS,42,800,0,0,800,0.0,0.0,0.0,1.0,0,0,0.0,0.0,244.84,5695.326982534231,5695.326902173913,0.026727787649347447,10.56,0,,,,13.525546800112352,16.90693350014044
class,cicids2017_distrinet,ft_transformer,prim_hybrid_p50_targeted,Hybrid Search p50,targeted,p50,DDoS,2024,800,0,0,800,0.0,0.0,0.0,1.0,0,0,0.0,0.0,244.84,5694.851058617749,5694.850978260869,0.02672550420550221,10.56,0,,,,13.395014900015667,16.743768625019584
class,cicids2017_distrinet,ft_transformer,prim_hybrid_p50_targeted,Hybrid Search p50,targeted,p50,DDoS,2026,800,0,0,800,0.0,0.0,0.0,1.0,0,0,0.0,0.0,244.84,5693.65124882264,5693.651168478261,0.026720469961432233,10.56,0,,,,13.632169699994847,17.04021212499356
class,cicids2017_distrinet,ft_transformer,prim_hybrid_p50_targeted,Hybrid Search p50,targeted,p50,Recon,42,800,0,0,800,0.0,0.0,0.0,1.0,0,0,0.0,0.0,3.8575,0.1563459202983276,0.15576428430958403,1.2575709532214613e-05,0.1175,0,,,,2.571380600100383,3.214225750125479
class,cicids2017_distrinet,ft_transformer,prim_hybrid_p50_targeted,Hybrid Search p50,targeted,p50,Recon,2024,800,0,0,800,0.0,0.0,0.0,1.0,0,0,0.0,0.0,3.8575,0.1563459202983276,0.15576428430958403,1.2575709532214613e-05,0.1175,0,,,,2.5875097999814898,3.234387249976862
class,cicids2017_distrinet,ft_transformer,prim_hybrid_p50_targeted,Hybrid Search p50,targeted,p50,Recon,2026,800,0,0,800,0.0,0.0,0.0,1.0,0,0,0.0,0.0,3.8575,0.1563459202983276,0.15576428430958403,1.2575709532214613e-05,0.1175,0,,,,2.5564063999336213,3.1955079999170266
class,cicids2017_distrinet,ft_transformer,prim_hybrid_p50_targeted,Hybrid Search p50,targeted,p50,BruteForce,42,800,3,3,800,0.00375,0.00375,0.0,1.0,3,3,0.00375,0.00375,255.0,1942.4816393116696,1942.4814402173913,0.017361146287255023,10.96375,0,0.44486111402511597,0.0,1505.0,13.675478299846873,17.09434787480859
class,cicids2017_distrinet,ft_transformer,prim_hybrid_p50_targeted,Hybrid Search p50,targeted,p50,BruteForce,2024,800,3,3,800,0.00375,0.00375,0.0,1.0,3,3,0.00375,0.00375,255.0,1942.484464900882,1942.4842663043478,0.01736137437977681,10.9625,0,0.4771266579627991,0.0,1484.0,14.053150299936533,17.566437874920666
class,cicids2017_distrinet,ft_transformer,prim_hybrid_p50_targeted,Hybrid Search p50,targeted,p50,BruteForce,2026,800,3,3,800,0.00375,0.00375,0.0,1.0,3,3,0.00375,0.00375,255.0,1942.4718581213526,1942.4716576086958,0.01736128981570879,10.96375,0,0.3698437213897705,0.0,1774.0,13.749437199905515,17.186796499881893
class,cicids2018_distrinet,mlp-s42,prim_hybrid_p50_targeted,Hybrid Search p50,targeted,p50,DoS,42,800,0,0,800,0.0,0.0,0.0,1.0,0,0,0.0,0.0,236.9025,0.47528077603261965,0.4327998752801351,0.00017141171320218595,2.75625,0,,,,2.7787959999404848,3.473494999925606
class,cicids2018_distrinet,mlp-s42,prim_hybrid_p50_targeted,Hybrid Search p50,targeted,p50,DoS,2024,800,0,0,800,0.0,0.0,0.0,1.0,0,0,0.0,0.0,236.9025,0.5016949204170755,0.4590731900230096,0.0001734111332211611,2.7,0,,,,3.1705553999636322,3.9631942499545403
class,cicids2018_distrinet,mlp-s42,prim_hybrid_p50_targeted,Hybrid Search p50,targeted,p50,DoS,2026,800,0,0,800,0.0,0.0,0.0,1.0,0,0,0.0,0.0,236.9025,0.5054951575412697,0.46329874882469824,0.00017394688448909936,2.73125,0,,,,3.1576113998889923,3.9470142498612404
class,cicids2018_distrinet,mlp-s42,prim_hybrid_p50_targeted,Hybrid Search p50,targeted,p50,DDoS,42,800,1,1,800,0.00125,0.00125,0.0,1.0,1,1,0.00125,0.00125,241.9825,841.0431501039957,840.7486062225362,0.019909197278090134,10.73625,0,0.5485183596611023,0.0,749679.0,2.801804100163281,3.502255125204101
class,cicids2018_distrinet,mlp-s42,prim_hybrid_p50_targeted,Hybrid Search p50,targeted,p50,DDoS,2024,800,1,1,800,0.00125,0.00125,0.0,1.0,1,1,0.00125,0.00125,241.9825,841.1120415330294,840.8183475902995,0.019889485554329924,10.7,0,0.679765522480011,0.0,929059.0,2.7817978002130985,3.477247250266373
class,cicids2018_distrinet,mlp-s42,prim_hybrid_p50_targeted,Hybrid Search p50,targeted,p50,DDoS,2026,800,1,1,800,0.00125,0.00125,0.0,1.0,1,1,0.00125,0.00125,241.9825,841.1852025879059,840.8937737695871,0.01987778165649261,10.69375,0,0.6497780084609985,0.0,888074.0,2.810087300138548,3.512609125173185
class,cicids2018_distrinet,mlp-s42,prim_hybrid_p50_targeted,Hybrid Search p50,targeted,p50,Recon,42,800,21,21,800,0.02625,0.02625,0.0,1.0,21,21,0.02625,0.02625,29.2675,266.98705948316564,266.9340410384411,0.005101834489566551,1.0125,0,0.4754796624183655,0.0,3220874.0,2.4930589001160115,3.1163236251450144
class,cicids2018_distrinet,mlp-s42,prim_hybrid_p50_targeted,Hybrid Search p50,targeted,p50,Recon,2024,800,21,21,800,0.02625,0.02625,0.0,1.0,21,21,0.02625,0.02625,29.2675,267.7548072239177,267.70037179446047,0.005155008476807129,1.03125,0,0.486220121383667,0.0,3572845.0,2.5360299998428673,3.170037499803584
class,cicids2018_distrinet,mlp-s42,prim_hybrid_p50_targeted,Hybrid Search p50,targeted,p50,Recon,2026,800,21,21,798,0.02625,0.02625,0.0,0.9975,21,21,0.02625,0.02625,29.2675,263.0945059265835,263.03904770510775,0.005106915182522032,1.00125,0,0.38221994042396545,0.0,3356932.0,2.3118440001271665,2.889805000158958
class,cicids2018_distrinet,mlp-s42,prim_hybrid_p50_targeted,Hybrid Search p50,targeted,p50,BruteForce,42,800,0,0,800,0.0,0.0,0.0,1.0,0,0,0.0,0.0,255.0,0.11992126290796046,0.09535282389822966,0.00020951230641567527,11.99125,0,,,,2.7370591999497265,3.421323999937158
class,cicids2018_distrinet,mlp-s42,prim_hybrid_p50_targeted,Hybrid Search p50,targeted,p50,BruteForce,2024,800,0,0,800,0.0,0.0,0.0,1.0,0,0,0.0,0.0,255.0,0.11991839167871866,0.09535107537736119,0.00020950850910913304,11.99125,0,,,,2.7469236999750137,3.433654624968767
class,cicids2018_distrinet,mlp-s42,prim_hybrid_p50_targeted,Hybrid Search p50,targeted,p50,BruteForce,2026,800,0,0,800,0.0,0.0,0.0,1.0,0,0,0.0,0.0,255.0,0.11991220936341096,0.09534906750650743,0.00020950404648683777,11.99125,0,,,,2.489102100022137,3.1113776250276715
class,cicids2018_distrinet,cnn-s42,prim_hybrid_p50_targeted,Hybrid Search p50,targeted,p50,DoS,42,800,0,0,800,0.0,0.0,0.0,1.0,0,0,0.0,0.0,236.585,0.3169642917477905,0.2979661991902101,0.00011093799657100474,3.63375,0,,,,2.3235748999286443,2.9044686249108054
class,cicids2018_distrinet,cnn-s42,prim_hybrid_p50_targeted,Hybrid Search p50,targeted,p50,DoS,2024,800,0,0,800,0.0,0.0,0.0,1.0,0,0,0.0,0.0,236.585,0.3140334396455139,0.2955046818872791,0.00010658805167931415,3.62125,0,,,,2.383521500043571,2.9794018750544637
class,cicids2018_distrinet,cnn-s42,prim_hybrid_p50_targeted,Hybrid Search p50,targeted,p50,DoS,2026,800,0,0,800,0.0,0.0,0.0,1.0,0,0,0.0,0.0,236.585,0.3168769735191625,0.2972219892044644,0.00011131426772051687,3.6675,0,,,,2.454953000182286,3.0686912502278574
class,cicids2018_distrinet,cnn-s42,prim_hybrid_p50_targeted,Hybrid Search p50,targeted,p50,DDoS,42,800,0,0,800,0.0,0.0,0.0,1.0,0,0,0.0,0.0,241.9825,333.9841147041643,333.6915913752331,0.00880998933970493,9.315,0,,,,2.3571095999795943,2.946386999974493
class,cicids2018_distrinet,cnn-s42,prim_hybrid_p50_targeted,Hybrid Search p50,targeted,p50,DDoS,2024,800,0,0,800,0.0,0.0,0.0,1.0,0,0,0.0,0.0,241.9825,329.5031924731491,329.2626060498411,0.008490731688095854,9.36125,0,,,,2.415506700053811,3.019383375067264
class,cicids2018_distrinet,cnn-s42,prim_hybrid_p50_targeted,Hybrid Search p50,targeted,p50,DDoS,2026,800,0,0,800,0.0,0.0,0.0,1.0,0,0,0.0,0.0,241.9825,332.15107171110435,331.78465413203463,0.008772976407870196,9.34875,0,,,,2.450110400095582,3.0626380001194775
class,cicids2018_distrinet,cnn-s42,prim_hybrid_p50_targeted,Hybrid Search p50,targeted,p50,Recon,42,800,0,0,798,0.0,0.0,0.0,0.9975,0,0,0.0,0.0,29.2675,585.6513611677565,585.3385663026422,0.007535942646493364,1.245,0,,,,2.1525938000995666,2.6907422501244582
class,cicids2018_distrinet,cnn-s42,prim_hybrid_p50_targeted,Hybrid Search p50,targeted,p50,Recon,2024,800,0,0,798,0.0,0.0,0.0,0.9975,0,0,0.0,0.0,29.2675,605.4430930571758,605.1279229693089,0.007988935306092187,1.24125,0,,,,2.159849099814892,2.6998113747686148
class,cicids2018_distrinet,cnn-s42,prim_hybrid_p50_targeted,Hybrid Search p50,targeted,p50,Recon,2026,800,0,0,797,0.0,0.0,0.0,0.99625,0,0,0.0,0.0,29.2675,596.7909485210108,596.4768363026423,0.007784423192879008,1.245,0,,,,2.2496776001062244,2.8120970001327805
class,cicids2018_distrinet,cnn-s42,prim_hybrid_p50_targeted,Hybrid Search p50,targeted,p50,BruteForce,42,800,0,0,800,0.0,0.0,0.0,1.0,0,0,0.0,0.0,255.0,0.9392018332177487,0.9304825979171686,0.00019113594812686025,11.425,0,,,,2.3719579000025988,2.9649473750032485
class,cicids2018_distrinet,cnn-s42,prim_hybrid_p50_targeted,Hybrid Search p50,targeted,p50,BruteForce,2024,800,0,0,800,0.0,0.0,0.0,1.0,0,0,0.0,0.0,255.0,0.9220096580843617,0.9130974603780152,0.0001909521351057291,11.4225,0,,,,2.3188836998306215,2.898604624788277
class,cicids2018_distrinet,cnn-s42,prim_hybrid_p50_targeted,Hybrid Search p50,targeted,p50,BruteForce,2026,800,0,0,800,0.0,0.0,0.0,1.0,0,0,0.0,0.0,255.0,0.9333690194283111,0.9245623411104864,0.00019070384733086847,11.37,0,,,,2.4556209000293165,3.0695261250366457
class,cicids2018_distrinet,ft_transformer-s42,prim_hybrid_p50_targeted,Hybrid Search p50,targeted,p50,DoS,42,800,0,0,800,0.0,0.0,0.0,1.0,0,0,0.0,0.0,236.9025,3.6003415723783894,3.533033954456428,0.0005580055842270483,10.0875,0,,,,12.923753300216049,16.15469162527006
class,cicids2018_distrinet,ft_transformer-s42,prim_hybrid_p50_targeted,Hybrid Search p50,targeted,p50,DoS,2024,800,0,0,800,0.0,0.0,0.0,1.0,0,0,0.0,0.0,236.9025,3.5997315612319416,3.5320343947402257,0.0005576981435761913,10.13,0,,,,13.130050499923527,16.41256312490441
class,cicids2018_distrinet,ft_transformer-s42,prim_hybrid_p50_targeted,Hybrid Search p50,targeted,p50,DoS,2026,800,0,0,800,0.0,0.0,0.0,1.0,0,0,0.0,0.0,236.9025,3.6179025921359638,3.5506152965213595,0.0005595133820501771,10.1,0,,,,12.841160000069067,16.051450000086334
class,cicids2018_distrinet,ft_transformer-s42,prim_hybrid_p50_targeted,Hybrid Search p50,targeted,p50,DDoS,42,800,0,0,800,0.0,0.0,0.0,1.0,0,0,0.0,0.0,241.9825,164.1848475731528,162.318128535655,0.009462934537047194,8.7075,0,,,,12.968924900051206,16.211156125064008
class,cicids2018_distrinet,ft_transformer-s42,prim_hybrid_p50_targeted,Hybrid Search p50,targeted,p50,DDoS,2024,800,0,0,800,0.0,0.0,0.0,1.0,0,0,0.0,0.0,241.9825,170.70839980839096,168.70730397233777,0.00990200002993899,8.73,0,,,,12.98006199998781,16.225077499984764
class,cicids2018_distrinet,ft_transformer-s42,prim_hybrid_p50_targeted,Hybrid Search p50,targeted,p50,DDoS,2026,800,0,0,800,0.0,0.0,0.0,1.0,0,0,0.0,0.0,241.9825,170.6926120771349,168.70920074560115,0.009862983882692081,8.73375,0,,,,13.19058410008438,16.488230125105474
class,cicids2018_distrinet,ft_transformer-s42,prim_hybrid_p50_targeted,Hybrid Search p50,targeted,p50,Recon,42,800,0,0,798,0.0,0.0,0.0,0.9975,0,0,0.0,0.0,29.2675,729.5751668426888,729.5058300905549,0.009831451485575066,1.1575,0,,,,2.8492447999306023,3.561555999913253
class,cicids2018_distrinet,ft_transformer-s42,prim_hybrid_p50_targeted,Hybrid Search p50,targeted,p50,Recon,2024,800,0,0,798,0.0,0.0,0.0,0.9975,0,0,0.0,0.0,29.2675,729.5949694160968,729.526740090555,0.009831481358430701,1.1575,0,,,,2.848242600215599,3.5603032502694987
class,cicids2018_distrinet,ft_transformer-s42,prim_hybrid_p50_targeted,Hybrid Search p50,targeted,p50,Recon,2026,800,0,0,798,0.0,0.0,0.0,0.9975,0,0,0.0,0.0,29.2675,729.5927433407345,729.5241234238883,0.009831638835707522,1.1575,0,,,,2.9253495999146253,3.6566869998932816
class,cicids2018_distrinet,ft_transformer-s42,prim_hybrid_p50_targeted,Hybrid Search p50,targeted,p50,BruteForce,42,800,0,0,800,0.0,0.0,0.0,1.0,0,0,0.0,0.0,255.0,0.7521320011144887,0.7389960258881482,0.0001875454183769826,11.05,0,,,,14.19080529990606,17.738506624882575
class,cicids2018_distrinet,ft_transformer-s42,prim_hybrid_p50_targeted,Hybrid Search p50,targeted,p50,BruteForce,2024,800,0,0,800,0.0,0.0,0.0,1.0,0,0,0.0,0.0,255.0,0.7468115569011686,0.7335713495569298,0.00018779763026196316,11.11125,0,,,,13.905046200146899,17.381307750183623
class,cicids2018_distrinet,ft_transformer-s42,prim_hybrid_p50_targeted,Hybrid Search p50,targeted,p50,BruteForce,2026,800,0,0,800,0.0,0.0,0.0,1.0,0,0,0.0,0.0,255.0,0.74055948311474,0.7272162203839049,0.00018801180245039774,11.10875,0,,,,13.684130900073797,17.105163625092246
class,cicids2017_distrinet,mlp,prim_hybrid_p75_targeted,Hybrid Search p75,targeted,p75,DoS,42,800,41,41,800,0.05125,0.05125,0.0,1.0,41,41,0.05125,0.05125,250.305,2036.5675742262874,2036.3014955150898,0.01240853452032542,10.8675,0,0.7604301571846008,0.0,305798.0,2.7196879000402987,3.3996098750503734
class,cicids2017_distrinet,mlp,prim_hybrid_p75_targeted,Hybrid Search p75,targeted,p75,DoS,2024,800,41,41,800,0.05125,0.05125,0.0,1.0,41,41,0.05125,0.05125,250.305,2041.8611078347335,2041.595035106726,0.012329897279604186,10.86375,0,0.6589327454566956,0.0,291216.0,2.5925163999199867,3.2406454998999834
class,cicids2017_distrinet,mlp,prim_hybrid_p75_targeted,Hybrid Search p75,targeted,p75,DoS,2026,800,41,41,800,0.05125,0.05125,0.0,1.0,41,41,0.05125,0.05125,250.305,2039.966585777101,2039.7005242371608,0.012383878420488874,10.87125,0,0.7668492197990417,0.0,312614.0,2.5867711999453604,3.2334639999317005
class,cicids2017_distrinet,mlp,prim_hybrid_p75_targeted,Hybrid Search p75,targeted,p75,DDoS,42,800,86,86,800,0.1075,0.1075,0.0,1.0,86,86,0.1075,0.1075,244.84,7863.7969863233475,7863.796875,0.0372245691591968,10.625,0,0.5988300144672394,0.0,1462417.0,2.5150334001518786,3.1437917501898482
class,cicids2017_distrinet,mlp,prim_hybrid_p75_targeted,Hybrid Search p75,targeted,p75,DDoS,2024,800,86,86,800,0.1075,0.1075,0.0,1.0,86,86,0.1075,0.1075,244.84,7860.3819043022095,7860.38179347826,0.037159223893598436,10.62625,0,0.5999999940395355,0.0,1466595.5,2.544697300065309,3.180871625081636
class,cicids2017_distrinet,mlp,prim_hybrid_p75_targeted,Hybrid Search p75,targeted,p75,DDoS,2026,800,86,86,800,0.1075,0.1075,0.0,1.0,86,86,0.1075,0.1075,244.84,7866.534567599286,7866.534456521739,0.03721520229639693,10.63125,0,0.624692976474762,0.0,1472289.5,2.477364599937573,3.0967057499219663
class,cicids2017_distrinet,mlp,prim_hybrid_p75_targeted,Hybrid Search p75,targeted,p75,Recon,42,800,0,0,800,0.0,0.0,0.0,1.0,0,0,0.0,0.0,3.8575,12.609018156961774,12.607449000337747,8.270734969063336e-05,0.1175,0,,,,2.211947799893096,2.76493474986637
class,cicids2017_distrinet,mlp,prim_hybrid_p75_targeted,Hybrid Search p75,targeted,p75,Recon,2024,800,0,0,800,0.0,0.0,0.0,1.0,0,0,0.0,0.0,3.8575,12.609018156961774,12.607449000337747,8.270734969063336e-05,0.1175,0,,,,2.165682799881324,2.707103499851655
class,cicids2017_distrinet,mlp,prim_hybrid_p75_targeted,Hybrid Search p75,targeted,p75,Recon,2026,800,0,0,800,0.0,0.0,0.0,1.0,0,0,0.0,0.0,3.8575,12.609018156961774,12.607449000337747,8.270734969063336e-05,0.1175,0,,,,2.140651100082323,2.6758138751029037
class,cicids2017_distrinet,mlp,prim_hybrid_p75_targeted,Hybrid Search p75,targeted,p75,BruteForce,42,800,4,4,800,0.005,0.005,0.0,1.0,4,4,0.005,0.005,255.0,3796.142269687074,3796.14214673913,0.03397585674187528,10.89375,0,0.30529503524303436,0.0,338742.0,2.5004295997787267,3.1255369997234084
class,cicids2017_distrinet,mlp,prim_hybrid_p75_targeted,Hybrid Search p75,targeted,p75,BruteForce,2024,800,4,4,800,0.005,0.005,0.0,1.0,4,4,0.005,0.005,255.0,3795.894278598918,3795.8941304347827,0.0339837427549234,10.9075,0,0.3995110094547272,0.0,443312.0,2.577678599860519,3.222098249825649
class,cicids2017_distrinet,mlp,prim_hybrid_p75_targeted,Hybrid Search p75,targeted,p75,BruteForce,2026,800,4,4,800,0.005,0.005,0.0,1.0,4,4,0.005,0.005,255.0,3795.5827296290995,3795.582581521739,0.03397852662744373,10.90875,0,0.32177405804395676,0.0,357174.5,2.6340298000723124,3.2925372500903904
class,cicids2017_distrinet,cnn,prim_hybrid_p75_targeted,Hybrid Search p75,targeted,p75,DoS,42,800,164,164,800,0.205,0.205,0.0,1.0,164,164,0.205,0.205,250.6225,2091.983804772899,2091.7204833799733,0.010944584635629764,10.90875,0,0.6783846318721771,0.0,250011.0,2.616877800086513,3.2710972501081415
class,cicids2017_distrinet,cnn,prim_hybrid_p75_targeted,Hybrid Search p75,targeted,p75,DoS,2024,800,164,164,800,0.205,0.205,0.0,1.0,164,164,0.205,0.205,250.6225,2087.425275480435,2087.1598973413065,0.010993629370864573,10.93,0,0.6619835197925568,0.0,260047.0,2.4733919000718743,3.091739875089843
class,cicids2017_distrinet,cnn,prim_hybrid_p75_targeted,Hybrid Search p75,targeted,p75,DoS,2026,800,164,164,800,0.205,0.205,0.0,1.0,164,164,0.205,0.205,250.6225,2102.18296362204,2101.9176147326107,0.011149000827568986,10.9425,0,0.6840319037437439,0.0,261011.0,2.3473656000569463,2.934207000071183
class,cicids2017_distrinet,cnn,prim_hybrid_p75_targeted,Hybrid Search p75,targeted,p75,DDoS,42,800,252,252,800,0.315,0.315,0.0,1.0,252,252,0.315,0.315,244.84,6561.040462668224,6561.040353260869,0.032287727742182214,10.75125,0,0.5259367525577545,0.0,1542812.5,2.869895299896598,3.5873691248707473
class,cicids2017_distrinet,cnn,prim_hybrid_p75_targeted,Hybrid Search p75,targeted,p75,DDoS,2024,800,252,252,800,0.315,0.315,0.0,1.0,252,252,0.315,0.315,244.84,6600.099077769632,6600.0989673913045,0.03260106779169851,10.75875,0,0.5499685406684875,0.0,1738777.5,2.839396000141278,3.5492450001765974
class,cicids2017_distrinet,cnn,prim_hybrid_p75_targeted,Hybrid Search p75,targeted,p75,DDoS,2026,800,252,252,800,0.315,0.315,0.0,1.0,252,252,0.315,0.315,244.84,6606.951821056075,6606.951711956523,0.03255187785583766,10.745,0,0.5646474957466125,0.0,1596103.5,2.9780381999444216,3.722547749930527
class,cicids2017_distrinet,cnn,prim_hybrid_p75_targeted,Hybrid Search p75,targeted,p75,Recon,42,800,1,1,800,0.00125,0.00125,0.0,1.0,1,1,0.00125,0.00125,3.54,0.14739418013323852,0.14571028892820512,2.4070813959979812e-05,0.105,0,0.7792055606842041,0.0,6198.0,2.659518899861723,3.324398624827154
class,cicids2017_distrinet,cnn,prim_hybrid_p75_targeted,Hybrid Search p75,targeted,p75,Recon,2024,800,1,1,800,0.00125,0.00125,0.0,1.0,1,1,0.00125,0.00125,3.54,0.15935070924140027,0.15766681066733557,2.4109991036466415e-05,0.105,0,0.9999678730964661,0.0,7954.0,2.579306500032544,3.22413312504068
class,cicids2017_distrinet,cnn,prim_hybrid_p75_targeted,Hybrid Search p75,targeted,p75,Recon,2026,800,1,1,800,0.00125,0.00125,0.0,1.0,1,1,0.00125,0.00125,3.54,0.15128006516493933,0.1495961584934225,2.4101356712847396e-05,0.10625,0,0.9474173784255981,0.0,7536.0,2.4594931001774967,3.074366375221871
class,cicids2017_distrinet,cnn,prim_hybrid_p75_targeted,Hybrid Search p75,targeted,p75,BruteForce,42,800,7,7,800,0.00875,0.00875,0.0,1.0,7,7,0.00875,0.00875,255.0,3807.6806124340287,3807.6804347826087,0.03414855200869537,10.97875,0,0.45680665969848633,0.0,507606.0,2.672598000150174,3.3407475001877174
class,cicids2017_distrinet,cnn,prim_hybrid_p75_targeted,Hybrid Search p75,targeted,p75,BruteForce,2024,800,7,7,800,0.00875,0.00875,0.0,1.0,7,7,0.00875,0.00875,255.0,3806.857733056092,3806.857554347826,0.03413389717974211,10.9825,0,0.2653100788593292,0.0,294814.0,2.811478199902922,3.5143477498786524
class,cicids2017_distrinet,cnn,prim_hybrid_p75_targeted,Hybrid Search p75,targeted,p75,BruteForce,2026,800,7,7,800,0.00875,0.00875,0.0,1.0,7,7,0.00875,0.00875,255.0,3807.4478655537278,3807.447717391304,0.034134994018352675,10.96625,0,0.576227068901062,0.0,444796.0,2.575054399902001,3.2188179998775013
class,cicids2017_distrinet,ft_transformer,prim_hybrid_p75_targeted,Hybrid Search p75,targeted,p75,DoS,42,800,1,1,800,0.00125,0.00125,0.0,1.0,1,1,0.00125,0.00125,250.6225,2251.380801289775,2251.138485323953,0.011669958383850978,10.785,0,0.11005569994449615,0.0,14819.0,13.647390299942344,17.05923787492793
class,cicids2017_distrinet,ft_transformer,prim_hybrid_p75_targeted,Hybrid Search p75,targeted,p75,DoS,2024,800,1,1,800,0.00125,0.00125,0.0,1.0,1,1,0.00125,0.00125,250.6225,2250.3873327593833,2250.145020536395,0.011665672052181332,10.78375,0,0.20000000298023224,0.0,26930.0,13.786084200022742,17.232605250028428
class,cicids2017_distrinet,ft_transformer,prim_hybrid_p75_targeted,Hybrid Search p75,targeted,p75,DoS,2026,800,1,1,800,0.00125,0.00125,0.0,1.0,1,1,0.00125,0.00125,250.6225,2252.1602697822473,2251.9239647190057,0.011662524909287897,10.77,0,0.20000000298023224,0.0,26930.0,13.582274100044742,16.977842625055928
class,cicids2017_distrinet,ft_transformer,prim_hybrid_p75_targeted,Hybrid Search p75,targeted,p75,DDoS,42,800,0,0,800,0.0,0.0,0.0,1.0,0,0,0.0,0.0,244.84,7082.717544720925,7082.717445652174,0.03335821234128324,10.56,0,,,,13.271937400102615,16.58992175012827
class,cicids2017_distrinet,ft_transformer,prim_hybrid_p75_targeted,Hybrid Search p75,targeted,p75,DDoS,2024,800,0,0,800,0.0,0.0,0.0,1.0,0,0,0.0,0.0,244.84,7063.722952085197,7063.722853260869,0.03326781974522977,10.56,0,,,,13.584172200178728,16.98021525022341
class,cicids2017_distrinet,ft_transformer,prim_hybrid_p75_targeted,Hybrid Search p75,targeted,p75,DDoS,2026,800,0,0,800,0.0,0.0,0.0,1.0,0,0,0.0,0.0,244.84,7057.8152618264685,7057.815163043478,0.03324560046519216,10.56,0,,,,13.262280900031328,16.57785112503916
class,cicids2017_distrinet,ft_transformer,prim_hybrid_p75_targeted,Hybrid Search p75,targeted,p75,Recon,42,800,0,0,800,0.0,0.0,0.0,1.0,0,0,0.0,0.0,3.8575,0.3735845628008181,0.37201421772905185,2.511615571098513e-05,0.1175,0,,,,2.5565189998596907,3.1956487498246133
class,cicids2017_distrinet,ft_transformer,prim_hybrid_p75_targeted,Hybrid Search p75,targeted,p75,Recon,2024,800,0,0,800,0.0,0.0,0.0,1.0,0,0,0.0,0.0,3.8575,0.3735845628008181,0.37201421772905185,2.511615571098513e-05,0.1175,0,,,,2.5472217998467386,3.184027249808423
class,cicids2017_distrinet,ft_transformer,prim_hybrid_p75_targeted,Hybrid Search p75,targeted,p75,Recon,2026,800,0,0,800,0.0,0.0,0.0,1.0,0,0,0.0,0.0,3.8575,0.3735845628008181,0.37201421772905185,2.511615571098513e-05,0.1175,0,,,,2.5878834000322968,3.234854250040371
class,cicids2017_distrinet,ft_transformer,prim_hybrid_p75_targeted,Hybrid Search p75,targeted,p75,BruteForce,42,800,3,3,800,0.00375,0.00375,0.0,1.0,3,3,0.00375,0.00375,255.0,3781.505924551682,3781.505516304348,0.033796649229395126,10.96375,0,0.30006757378578186,0.0,1769.0,13.701069100061432,17.12633637507679
class,cicids2017_distrinet,ft_transformer,prim_hybrid_p75_targeted,Hybrid Search p75,targeted,p75,BruteForce,2024,800,3,3,800,0.00375,0.00375,0.0,1.0,3,3,0.00375,0.00375,255.0,3781.464302401354,3781.4638858695653,0.0337965473751782,10.96375,0,0.2999877631664276,0.0,1728.0,13.928749000187963,17.410936250234954
class,cicids2017_distrinet,ft_transformer,prim_hybrid_p75_targeted,Hybrid Search p75,targeted,p75,BruteForce,2026,800,3,3,800,0.00375,0.00375,0.0,1.0,3,3,0.00375,0.00375,255.0,3781.515776333427,3781.5153532608697,0.033797115796707716,10.96375,0,0.2999877631664276,0.0,2294.0,13.897480600047857,17.37185075005982
class,cicids2018_distrinet,mlp-s42,prim_hybrid_p75_targeted,Hybrid Search p75,targeted,p75,DoS,42,800,0,0,800,0.0,0.0,0.0,1.0,0,0,0.0,0.0,236.9025,1.3371685853443822,1.2619049003803406,0.00034072371638919533,2.79125,0,,,,2.997708899900317,3.7471361248753965
class,cicids2018_distrinet,mlp-s42,prim_hybrid_p75_targeted,Hybrid Search p75,targeted,p75,DoS,2024,800,0,0,800,0.0,0.0,0.0,1.0,0,0,0.0,0.0,236.9025,1.402922228236762,1.3290025896108117,0.0003358092911370342,2.74375,0,,,,2.634187600109726,3.2927345001371577
class,cicids2018_distrinet,mlp-s42,prim_hybrid_p75_targeted,Hybrid Search p75,targeted,p75,DoS,2026,800,0,0,800,0.0,0.0,0.0,1.0,0,0,0.0,0.0,236.9025,1.3459647150692333,1.270950163206825,0.00034370805106141163,2.8525,0,,,,2.578363799955696,3.22295474994462
class,cicids2018_distrinet,mlp-s42,prim_hybrid_p75_targeted,Hybrid Search p75,targeted,p75,DDoS,42,800,4,4,800,0.005,0.005,0.0,1.0,4,4,0.005,0.005,241.9825,1147.692648091452,1147.3132022071193,0.02724401967054306,10.77625,0,0.8859377503395081,0.0,1521054.0,2.565375200007111,3.2067190000088885
class,cicids2018_distrinet,mlp-s42,prim_hybrid_p75_targeted,Hybrid Search p75,targeted,p75,DDoS,2024,800,4,4,800,0.005,0.005,0.0,1.0,4,4,0.005,0.005,241.9825,1147.702218023734,1147.327647541709,0.027251487428945724,10.74875,0,0.8185904324054718,0.0,1424302.0,2.6136028999462724,3.2670036249328405
class,cicids2018_distrinet,mlp-s42,prim_hybrid_p75_targeted,Hybrid Search p75,targeted,p75,DDoS,2026,800,4,4,800,0.005,0.005,0.0,1.0,4,4,0.005,0.005,241.9825,1147.9995960822555,1147.6227985592916,0.027283311817232273,10.7925,0,0.9000000655651093,0.0,1542898.5,2.59650389989838,3.245629874872975
class,cicids2018_distrinet,mlp-s42,prim_hybrid_p75_targeted,Hybrid Search p75,targeted,p75,Recon,42,800,21,21,800,0.02625,0.02625,0.0,1.0,21,21,0.02625,0.02625,29.2675,266.98705948316564,266.9340410384411,0.005101834489566551,1.0125,0,0.4754796624183655,0.0,3220874.0,2.3463351998943835,2.9329189998679794
class,cicids2018_distrinet,mlp-s42,prim_hybrid_p75_targeted,Hybrid Search p75,targeted,p75,Recon,2024,800,21,21,800,0.02625,0.02625,0.0,1.0,21,21,0.02625,0.02625,29.2675,267.7548072239177,267.70037179446047,0.005155008476807129,1.03125,0,0.486220121383667,0.0,3572845.0,2.3143110000528395,2.8928887500660494
class,cicids2018_distrinet,mlp-s42,prim_hybrid_p75_targeted,Hybrid Search p75,targeted,p75,Recon,2026,800,21,21,798,0.02625,0.02625,0.0,0.9975,21,21,0.02625,0.02625,29.2675,263.0945059265835,263.03904770510775,0.005106915182522032,1.00125,0,0.38221994042396545,0.0,3356932.0,2.2882778998464346,2.8603473748080432
class,cicids2018_distrinet,mlp-s42,prim_hybrid_p75_targeted,Hybrid Search p75,targeted,p75,BruteForce,42,800,0,0,800,0.0,0.0,0.0,1.0,0,0,0.0,0.0,255.0,0.24340641669626512,0.19363797600265711,0.00042539282807215,11.99375,0,,,,2.5225921999663115,3.1532402499578893
class,cicids2018_distrinet,mlp-s42,prim_hybrid_p75_targeted,Hybrid Search p75,targeted,p75,BruteForce,2024,800,0,0,800,0.0,0.0,0.0,1.0,0,0,0.0,0.0,255.0,0.2434110689343418,0.1936406113331527,0.0004253985841333999,11.99375,0,,,,2.4881427998188883,3.1101784997736104
class,cicids2018_distrinet,mlp-s42,prim_hybrid_p75_targeted,Hybrid Search p75,targeted,p75,BruteForce,2026,800,0,0,800,0.0,0.0,0.0,1.0,0,0,0.0,0.0,255.0,0.24340951816623818,0.19363985001545395,0.0004253968808131018,11.99375,0,,,,2.548490900080651,3.185613625100814
class,cicids2018_distrinet,cnn-s42,prim_hybrid_p75_targeted,Hybrid Search p75,targeted,p75,DoS,42,800,0,0,800,0.0,0.0,0.0,1.0,0,0,0.0,0.0,236.585,0.46799018256934416,0.42966397407934714,0.00019351259063941562,3.41375,0,,,,2.481889500049874,3.1023618750623427
class,cicids2018_distrinet,cnn-s42,prim_hybrid_p75_targeted,Hybrid Search p75,targeted,p75,DoS,2024,800,0,0,800,0.0,0.0,0.0,1.0,0,0,0.0,0.0,236.585,0.4616233945054816,0.42324687716271003,0.00019180223746703982,3.385,0,,,,2.496535599930212,3.120669499912765
class,cicids2018_distrinet,cnn-s42,prim_hybrid_p75_targeted,Hybrid Search p75,targeted,p75,DoS,2026,800,0,0,800,0.0,0.0,0.0,1.0,0,0,0.0,0.0,236.585,0.4612027542236504,0.42330742113351455,0.00018891924278460106,3.49,0,,,,2.392498000059277,2.990622500074096
class,cicids2018_distrinet,cnn-s42,prim_hybrid_p75_targeted,Hybrid Search p75,targeted,p75,DDoS,42,800,0,0,800,0.0,0.0,0.0,1.0,0,0,0.0,0.0,241.9825,633.1091882802815,632.6504426589079,0.016059284077683436,10.075,0,,,,2.532114699948579,3.165143374935724
class,cicids2018_distrinet,cnn-s42,prim_hybrid_p75_targeted,Hybrid Search p75,targeted,p75,DDoS,2024,800,0,0,800,0.0,0.0,0.0,1.0,0,0,0.0,0.0,241.9825,570.848647782098,570.4575841570264,0.014401128630961739,10.0525,0,,,,2.4271560998167843,3.0339451247709803
class,cicids2018_distrinet,cnn-s42,prim_hybrid_p75_targeted,Hybrid Search p75,targeted,p75,DDoS,2026,800,0,0,800,0.0,0.0,0.0,1.0,0,0,0.0,0.0,241.9825,593.2447807510915,592.7261125677741,0.015095260033555593,10.02875,0,,,,2.6291585001163185,3.286448125145398
class,cicids2018_distrinet,cnn-s42,prim_hybrid_p75_targeted,Hybrid Search p75,targeted,p75,Recon,42,800,0,0,798,0.0,0.0,0.0,0.9975,0,0,0.0,0.0,29.2675,585.6513611677565,585.3385663026422,0.007535942646493364,1.245,0,,,,2.2255550001282245,2.7819437501602806
class,cicids2018_distrinet,cnn-s42,prim_hybrid_p75_targeted,Hybrid Search p75,targeted,p75,Recon,2024,800,0,0,798,0.0,0.0,0.0,0.9975,0,0,0.0,0.0,29.2675,605.4430930571758,605.1279229693089,0.007988935306092187,1.24125,0,,,,2.2655327999964356,2.8319159999955446
class,cicids2018_distrinet,cnn-s42,prim_hybrid_p75_targeted,Hybrid Search p75,targeted,p75,Recon,2026,800,0,0,797,0.0,0.0,0.0,0.99625,0,0,0.0,0.0,29.2675,596.7909485210108,596.4768363026423,0.007784423192879008,1.245,0,,,,2.170652800006792,2.71331600000849
class,cicids2018_distrinet,cnn-s42,prim_hybrid_p75_targeted,Hybrid Search p75,targeted,p75,BruteForce,42,800,0,0,800,0.0,0.0,0.0,1.0,0,0,0.0,0.0,255.0,2.10698230029822,2.088766725296496,0.00039652677960101484,11.26375,0,,,,2.528486100025475,3.160607625031844
class,cicids2018_distrinet,cnn-s42,prim_hybrid_p75_targeted,Hybrid Search p75,targeted,p75,BruteForce,2024,800,0,0,800,0.0,0.0,0.0,1.0,0,0,0.0,0.0,255.0,2.1415863344024983,2.1233724621181698,0.00039920290694707975,11.21625,0,,,,2.491973700001836,3.114967125002295
class,cicids2018_distrinet,cnn-s42,prim_hybrid_p75_targeted,Hybrid Search p75,targeted,p75,BruteForce,2026,800,0,0,800,0.0,0.0,0.0,1.0,0,0,0.0,0.0,255.0,2.090784764006622,2.0724952133028136,0.00039688377649548,11.25625,0,,,,2.3775086000096053,2.9718857500120066
class,cicids2018_distrinet,ft_transformer-s42,prim_hybrid_p75_targeted,Hybrid Search p75,targeted,p75,DoS,42,800,0,0,800,0.0,0.0,0.0,1.0,0,0,0.0,0.0,236.9025,6.213872249607589,6.052064080778754,0.0011195255606646583,10.495,0,,,,12.964642100036144,16.20580262504518
class,cicids2018_distrinet,ft_transformer-s42,prim_hybrid_p75_targeted,Hybrid Search p75,targeted,p75,DoS,2024,800,0,0,800,0.0,0.0,0.0,1.0,0,0,0.0,0.0,236.9025,6.215589124092151,6.052645075117606,0.001120349054980793,10.50875,0,,,,12.862926699919626,16.078658374899533
class,cicids2018_distrinet,ft_transformer-s42,prim_hybrid_p75_targeted,Hybrid Search p75,targeted,p75,DoS,2026,800,0,0,800,0.0,0.0,0.0,1.0,0,0,0.0,0.0,236.9025,6.206647642716201,6.045968755013235,0.0011160517950289488,10.45125,0,,,,13.323738700011745,16.65467337501468
class,cicids2018_distrinet,ft_transformer-s42,prim_hybrid_p75_targeted,Hybrid Search p75,targeted,p75,DDoS,42,800,0,0,800,0.0,0.0,0.0,1.0,0,0,0.0,0.0,241.9825,246.2909743638734,244.17774086298107,0.012050689129194787,8.78875,0,,,,13.288216800196096,16.61027100024512
class,cicids2018_distrinet,ft_transformer-s42,prim_hybrid_p75_targeted,Hybrid Search p75,targeted,p75,DDoS,2024,800,0,0,800,0.0,0.0,0.0,1.0,0,0,0.0,0.0,241.9825,252.72849208903065,250.5204923174341,0.012360145153428133,8.7825,0,,,,13.28701199986972,16.60876499983715
class,cicids2018_distrinet,ft_transformer-s42,prim_hybrid_p75_targeted,Hybrid Search p75,targeted,p75,DDoS,2026,800,0,0,800,0.0,0.0,0.0,1.0,0,0,0.0,0.0,241.9825,252.2513118202409,250.1948579569498,0.011936574394733836,8.78875,0,,,,13.557475299807265,16.94684412475908
class,cicids2018_distrinet,ft_transformer-s42,prim_hybrid_p75_targeted,Hybrid Search p75,targeted,p75,Recon,42,800,0,0,798,0.0,0.0,0.0,0.9975,0,0,0.0,0.0,29.2675,729.5751668426888,729.5058300905549,0.009831451485575066,1.1575,0,,,,2.9832419001031667,3.7290523751289584
class,cicids2018_distrinet,ft_transformer-s42,prim_hybrid_p75_targeted,Hybrid Search p75,targeted,p75,Recon,2024,800,0,0,798,0.0,0.0,0.0,0.9975,0,0,0.0,0.0,29.2675,729.5949694160968,729.526740090555,0.009831481358430701,1.1575,0,,,,2.972547800047323,3.715684750059154
class,cicids2018_distrinet,ft_transformer-s42,prim_hybrid_p75_targeted,Hybrid Search p75,targeted,p75,Recon,2026,800,0,0,798,0.0,0.0,0.0,0.9975,0,0,0.0,0.0,29.2675,729.5927433407345,729.5241234238883,0.009831638835707522,1.1575,0,,,,2.963814100017771,3.704767625022214
class,cicids2018_distrinet,ft_transformer-s42,prim_hybrid_p75_targeted,Hybrid Search p75,targeted,p75,BruteForce,42,800,0,0,800,0.0,0.0,0.0,1.0,0,0,0.0,0.0,255.0,2.127575326240391,2.106259946992209,0.0003992241501071936,11.1625,0,,,,13.826025299960747,17.282531624950934
class,cicids2018_distrinet,ft_transformer-s42,prim_hybrid_p75_targeted,Hybrid Search p75,targeted,p75,BruteForce,2024,800,0,0,800,0.0,0.0,0.0,1.0,0,0,0.0,0.0,255.0,2.138220291891943,2.1169000409605654,0.0004007379910084975,11.2025,0,,,,14.109818399883807,17.63727299985476
class,cicids2018_distrinet,ft_transformer-s42,prim_hybrid_p75_targeted,Hybrid Search p75,targeted,p75,BruteForce,2026,800,0,0,800,0.0,0.0,0.0,1.0,0,0,0.0,0.0,255.0,2.11122832761137,2.089866385297031,0.00039851951717167854,11.18125,0,,,,13.84079569997266,17.300994624965824
class,cicids2017_distrinet,mlp,prim_hybrid_unbounded_targeted,Hybrid Search unbounded,targeted,unbounded,DoS,42,800,500,500,800,0.625,0.625,0.0,1.0,500,500,0.625,0.625,250.325,28676.584294240325,28676.570808897875,0.168943717711465,11.4725,0,0.27299584448337555,0.0,5930343.0,2.622607600176707,3.2782595002208836
class,cicids2017_distrinet,mlp,prim_hybrid_unbounded_targeted,Hybrid Search unbounded,targeted,unbounded,DoS,2024,800,500,500,800,0.625,0.625,0.0,1.0,500,500,0.625,0.625,250.325,28368.247132876273,28368.233200202227,0.1680204941553975,11.48,0,0.2697785347700119,0.0,5742522.0,2.706317000091076,3.382896250113845
class,cicids2017_distrinet,mlp,prim_hybrid_unbounded_targeted,Hybrid Search unbounded,targeted,unbounded,DoS,2026,800,500,500,800,0.625,0.625,0.0,1.0,500,500,0.625,0.625,250.325,28574.0974523679,28574.08404259353,0.16895141750967987,11.4775,0,0.24573496729135513,0.0,5655769.0,2.6398749998770654,3.2998437498463318
class,cicids2017_distrinet,mlp,prim_hybrid_unbounded_targeted,Hybrid Search unbounded,targeted,unbounded,DDoS,42,800,212,212,800,0.265,0.265,0.0,1.0,212,212,0.265,0.265,244.84,14219.965861381275,14219.965652173914,0.07028814392783672,10.745,0,0.4442509710788727,0.0,4339311.5,3.2443383000791073,4.055422875098884
class,cicids2017_distrinet,mlp,prim_hybrid_unbounded_targeted,Hybrid Search unbounded,targeted,unbounded,DDoS,2024,800,212,212,800,0.265,0.265,0.0,1.0,212,212,0.265,0.265,244.84,14249.824367968424,14249.824157608697,0.07043922098565707,10.7425,0,0.4369785934686661,0.0,4303137.0,3.0691461998503655,3.836432749812957
class,cicids2017_distrinet,mlp,prim_hybrid_unbounded_targeted,Hybrid Search unbounded,targeted,unbounded,DDoS,2026,800,212,212,800,0.265,0.265,0.0,1.0,212,212,0.265,0.265,244.84,14260.165239562954,14260.165027173913,0.07071014920039018,10.74625,0,0.49623332917690277,0.0,4572269.0,2.7499404000118375,3.437425500014797
class,cicids2017_distrinet,mlp,prim_hybrid_unbounded_targeted,Hybrid Search unbounded,targeted,unbounded,Recon,42,800,8,8,800,0.01,0.01,0.0,1.0,8,8,0.01,0.01,3.8575,632.2432926437803,632.2423641304348,0.0017156484380399797,0.125,0,0.10000000521540642,0.0,6499930.0,2.457200299948454,3.0715003749355674
class,cicids2017_distrinet,mlp,prim_hybrid_unbounded_targeted,Hybrid Search unbounded,targeted,unbounded,Recon,2024,800,8,8,800,0.01,0.01,0.0,1.0,8,8,0.01,0.01,3.8575,649.2522031351639,649.2512771739131,0.0016710040330095292,0.125,0,0.10000000521540642,0.0,6499930.0,2.354797000065446,2.9434962500818074
class,cicids2017_distrinet,mlp,prim_hybrid_unbounded_targeted,Hybrid Search unbounded,targeted,unbounded,Recon,2026,800,8,8,800,0.01,0.01,0.0,1.0,8,8,0.01,0.01,3.8575,636.8098150461564,636.8089402173914,0.0015286715817481214,0.125,0,0.10000000521540642,0.0,6311767.0,2.5467997000087053,3.1834996250108816
class,cicids2017_distrinet,mlp,prim_hybrid_unbounded_targeted,Hybrid Search unbounded,targeted,unbounded,BruteForce,42,800,14,14,800,0.0175,0.0175,0.0,1.0,14,14,0.0175,0.0175,255.0,57708.02547611937,57708.02388586957,0.4750709054889763,11.245,0,0.10000000149011612,0.0,5565112.0,2.653012099908665,3.316265124885831
class,cicids2017_distrinet,mlp,prim_hybrid_unbounded_targeted,Hybrid Search unbounded,targeted,unbounded,BruteForce,2024,800,14,14,800,0.0175,0.0175,0.0,1.0,14,14,0.0175,0.0175,255.0,58109.82331087027,58109.82171195652,0.4786875905025938,11.235,0,0.10000000149011612,0.0,5274331.0,2.6253225000109524,3.2816531250136904
class,cicids2017_distrinet,mlp,prim_hybrid_unbounded_targeted,Hybrid Search unbounded,targeted,unbounded,BruteForce,2026,800,14,14,800,0.0175,0.0175,0.0,1.0,14,14,0.0175,0.0175,255.0,61749.78841049389,61749.78671195652,0.508385241715502,11.26375,0,0.10000000149011612,0.0,5422837.5,2.7815678999759257,3.476959874969907
class,cicids2017_distrinet,cnn,prim_hybrid_unbounded_targeted,Hybrid Search unbounded,targeted,unbounded,DoS,42,800,733,733,800,0.91625,0.91625,0.0,1.0,733,733,0.91625,0.91625,250.6425,9995.981710814585,9995.925257204248,0.08880325317337266,11.6875,0,0.20000001788139343,0.0,4476784.0,2.3699992999900132,2.9624991249875166
class,cicids2017_distrinet,cnn,prim_hybrid_unbounded_targeted,Hybrid Search unbounded,targeted,unbounded,DoS,2024,800,733,733,800,0.91625,0.91625,0.0,1.0,733,733,0.91625,0.91625,250.6425,10258.718784020371,10258.663463725985,0.08987096552163808,11.68625,0,0.20000001788139343,0.0,4519054.0,2.294450999936089,2.868063749920111
class,cicids2017_distrinet,cnn,prim_hybrid_unbounded_targeted,Hybrid Search unbounded,targeted,unbounded,DoS,2026,800,733,733,800,0.91625,0.91625,0.0,1.0,733,733,0.91625,0.91625,250.6425,10146.107976045461,10146.05145285642,0.09064331948337029,11.6925,0,0.20000001788139343,0.0,4527438.0,2.29283000016585,2.8660375002073124
class,cicids2017_distrinet,cnn,prim_hybrid_unbounded_targeted,Hybrid Search unbounded,targeted,unbounded,DDoS,42,800,369,369,800,0.46125,0.46125,0.0,1.0,369,369,0.46125,0.46125,244.84,12521.785622153957,12521.785407608697,0.06411153517279605,10.87625,0,0.4825107753276825,0.0,3213246.0,2.257717999862507,2.8221474998281337
class,cicids2017_distrinet,cnn,prim_hybrid_unbounded_targeted,Hybrid Search unbounded,targeted,unbounded,DDoS,2024,800,369,369,800,0.46125,0.46125,0.0,1.0,369,369,0.46125,0.46125,244.84,12444.852101140716,12444.851875,0.06446693854865883,10.8725,0,0.4956287145614624,0.0,3503738.0,2.290202100062743,2.8627526250784285
class,cicids2017_distrinet,cnn,prim_hybrid_unbounded_targeted,Hybrid Search unbounded,targeted,unbounded,DDoS,2026,800,369,369,800,0.46125,0.46125,0.0,1.0,369,369,0.46125,0.46125,244.84,12525.021825805903,12525.02160326087,0.06481882217587168,10.8825,0,0.5,0.0,3292404.0,2.242538599995896,2.8031732499948703
class,cicids2017_distrinet,cnn,prim_hybrid_unbounded_targeted,Hybrid Search unbounded,targeted,unbounded,Recon,42,800,8,8,800,0.01,0.01,0.0,1.0,8,8,0.01,0.01,3.54,266.6816940422642,266.68027173913043,0.0003817901577617043,0.10625,0,0.03256127517670393,0.0,2008704.0,2.1710153999738395,2.7137692499672994
class,cicids2017_distrinet,cnn,prim_hybrid_unbounded_targeted,Hybrid Search unbounded,targeted,unbounded,Recon,2024,800,8,8,800,0.01,0.01,0.0,1.0,8,8,0.01,0.01,3.54,350.8249043383769,350.82296195652174,0.0004545369797729962,0.105,0,0.03586956486105919,0.0,2248740.0,2.1804988998919725,2.7256236248649657
class,cicids2017_distrinet,cnn,prim_hybrid_unbounded_targeted,Hybrid Search unbounded,targeted,unbounded,Recon,2026,800,8,8,800,0.01,0.01,0.0,1.0,8,8,0.01,0.01,3.54,252.31156568980612,252.31108695652176,0.00040796500548804745,0.10625,0,0.03307184111326933,0.0,2141867.5,2.1681562999729067,2.7101953749661334
class,cicids2017_distrinet,cnn,prim_hybrid_unbounded_targeted,Hybrid Search unbounded,targeted,unbounded,BruteForce,42,800,800,800,800,1.0,1.0,0.0,1.0,800,800,1.0,1.0,255.0,65729.10814727396,65729.10445652175,0.762339116865906,11.78375,0,0.48444899916648865,0.0,52056620.0,2.270970999961719,2.8387137499521486
class,cicids2017_distrinet,cnn,prim_hybrid_unbounded_targeted,Hybrid Search unbounded,targeted,unbounded,BruteForce,2024,800,800,800,800,1.0,1.0,0.0,1.0,800,800,1.0,1.0,255.0,65449.56649813289,65449.56288043479,0.7557331948088658,11.79875,0,0.4938809275627136,0.0,52986488.0,2.330648500006646,2.9133106250083074
class,cicids2017_distrinet,cnn,prim_hybrid_unbounded_targeted,Hybrid Search unbounded,targeted,unbounded,BruteForce,2026,800,800,800,800,1.0,1.0,0.0,1.0,800,800,1.0,1.0,255.0,66250.82379723784,66250.82013586957,0.7664840647093573,11.81,0,0.48811139166355133,0.0,52216618.0,2.362241799943149,2.9528022499289364
class,cicids2017_distrinet,ft_transformer,prim_hybrid_unbounded_targeted,Hybrid Search unbounded,targeted,unbounded,DoS,42,800,1,1,800,0.00125,0.00125,0.0,1.0,1,1,0.00125,0.00125,250.6425,28523.030911815255,28523.015328893704,0.18556721140446122,11.2875,0,0.11005569994449615,0.0,14819.0,13.703915499849245,17.129894374811556
class,cicids2017_distrinet,ft_transformer,prim_hybrid_unbounded_targeted,Hybrid Search unbounded,targeted,unbounded,DoS,2024,800,1,1,800,0.00125,0.00125,0.0,1.0,1,1,0.00125,0.00125,250.6425,27917.725279936112,27917.712606264857,0.18113239126797345,11.27625,0,0.20000000298023224,0.0,26930.0,13.615888600004837,17.019860750006046
class,cicids2017_distrinet,ft_transformer,prim_hybrid_unbounded_targeted,Hybrid Search unbounded,targeted,unbounded,DoS,2026,800,1,1,800,0.00125,0.00125,0.0,1.0,1,1,0.00125,0.00125,250.6425,28157.134580195816,28157.119069769615,0.18316541974089623,11.28125,0,0.20000000298023224,0.0,26930.0,13.822638500016183,17.27829812502023
class,cicids2017_distrinet,ft_transformer,prim_hybrid_unbounded_targeted,Hybrid Search unbounded,targeted,unbounded,DDoS,42,800,0,0,800,0.0,0.0,0.0,1.0,0,0,0.0,0.0,244.84,9954.948395597448,9954.948260869565,0.04785548733334448,10.615,0,,,,13.208266800036654,16.510333500045817
class,cicids2017_distrinet,ft_transformer,prim_hybrid_unbounded_targeted,Hybrid Search unbounded,targeted,unbounded,DDoS,2024,800,0,0,800,0.0,0.0,0.0,1.0,0,0,0.0,0.0,244.84,10009.148716623613,10009.148586956522,0.04809496141210239,10.61125,0,,,,13.591874900041148,16.989843625051435
class,cicids2017_distrinet,ft_transformer,prim_hybrid_unbounded_targeted,Hybrid Search unbounded,targeted,unbounded,DDoS,2026,800,0,0,800,0.0,0.0,0.0,1.0,0,0,0.0,0.0,244.84,9937.496191573537,9937.496059782608,0.047745792122137705,10.6125,0,,,,13.27024249988608,16.5878031248576
class,cicids2017_distrinet,ft_transformer,prim_hybrid_unbounded_targeted,Hybrid Search unbounded,targeted,unbounded,Recon,42,800,6,6,800,0.0075,0.0075,0.0,1.0,6,6,0.0075,0.0075,3.8575,1520.3628543914567,1520.3628260869564,0.004635987331217208,0.11875,0,0.042910778895020485,0.0,2122395.5,2.5665192999877036,3.2081491249846295
class,cicids2017_distrinet,ft_transformer,prim_hybrid_unbounded_targeted,Hybrid Search unbounded,targeted,unbounded,Recon,2024,800,6,6,800,0.0075,0.0075,0.0,1.0,6,6,0.0075,0.0075,3.8575,1478.6983163660366,1478.6982880434784,0.004631843513694798,0.11875,0,0.05000000260770321,0.0,2142354.5,2.5703173000365496,3.212896625045687
class,cicids2017_distrinet,ft_transformer,prim_hybrid_unbounded_targeted,Hybrid Search unbounded,targeted,unbounded,Recon,2026,800,6,6,800,0.0075,0.0075,0.0,1.0,6,6,0.0075,0.0075,3.8575,1497.5529631557035,1497.5529347826086,0.004615320029851614,0.12,0,0.05000000074505806,0.0,1984825.0,2.576019400032237,3.2200242500402965
class,cicids2017_distrinet,ft_transformer,prim_hybrid_unbounded_targeted,Hybrid Search unbounded,targeted,unbounded,BruteForce,42,800,11,11,800,0.01375,0.01375,0.0,1.0,11,11,0.01375,0.01375,255.0,126280.39947463371,126280.39138586957,1.5459712259321536,11.99375,0,0.05000000074505806,0.0,5402548.0,13.676039600046352,17.09504950005794
class,cicids2017_distrinet,ft_transformer,prim_hybrid_unbounded_targeted,Hybrid Search unbounded,targeted,unbounded,BruteForce,2024,800,10,10,800,0.0125,0.0125,0.0,1.0,10,10,0.0125,0.0125,255.0,127941.18272235252,127941.17461956521,1.5506514920032342,11.99,0,0.26141923666000366,0.0,30262214.0,13.86108130007051,17.326351625088137
class,cicids2017_distrinet,ft_transformer,prim_hybrid_unbounded_targeted,Hybrid Search unbounded,targeted,unbounded,BruteForce,2026,800,11,11,800,0.01375,0.01375,0.0,1.0,11,11,0.01375,0.01375,255.0,126688.98563765328,126688.97755434783,1.5465069002283962,11.98875,0,0.05000000819563866,0.0,2809510.0,13.802188300061971,17.252735375077464
class,cicids2018_distrinet,mlp-s42,prim_hybrid_unbounded_targeted,Hybrid Search unbounded,targeted,unbounded,DoS,42,800,0,0,800,0.0,0.0,0.0,1.0,0,0,0.0,0.0,236.9025,58.86857999996645,58.10520358357955,0.006923161863052891,7.6,0,,,,2.7766505999024957,3.4708132498781197
class,cicids2018_distrinet,mlp-s42,prim_hybrid_unbounded_targeted,Hybrid Search unbounded,targeted,unbounded,DoS,2024,800,0,0,800,0.0,0.0,0.0,1.0,0,0,0.0,0.0,236.9025,58.83183025727693,58.080362531875586,0.006878139555996191,7.5275,0,,,,2.8059415000025183,3.507426875003148
class,cicids2018_distrinet,mlp-s42,prim_hybrid_unbounded_targeted,Hybrid Search unbounded,targeted,unbounded,DoS,2026,800,0,0,800,0.0,0.0,0.0,1.0,0,0,0.0,0.0,236.9025,59.00777359335403,58.25112936235575,0.006950741454061716,7.66125,0,,,,2.7739256001077592,3.467407000134699
class,cicids2018_distrinet,mlp-s42,prim_hybrid_unbounded_targeted,Hybrid Search unbounded,targeted,unbounded,DDoS,42,800,17,17,800,0.02125,0.02125,0.0,1.0,17,17,0.02125,0.02125,241.9825,2095.218235193264,2039.1352920828806,0.20611712484692057,11.22125,0,0.5,0.0,14546938.0,2.9261210998520255,3.657651374815032
class,cicids2018_distrinet,mlp-s42,prim_hybrid_unbounded_targeted,Hybrid Search unbounded,targeted,unbounded,DDoS,2024,800,18,18,800,0.0225,0.0225,0.0,1.0,18,18,0.0225,0.0225,241.9825,2115.0768457616314,2059.6824771019897,0.20525873791027557,11.225,0,0.4502478688955307,0.0,13857551.0,2.912959599867463,3.641199499834329
class,cicids2018_distrinet,mlp-s42,prim_hybrid_unbounded_targeted,Hybrid Search unbounded,targeted,unbounded,DDoS,2026,800,18,18,800,0.0225,0.0225,0.0,1.0,18,18,0.0225,0.0225,241.9825,2093.9272231377063,2038.6722296165442,0.20572879787310427,11.225,0,0.4313434362411499,0.0,13545816.0,2.907506899908185,3.6343836248852313
class,cicids2018_distrinet,mlp-s42,prim_hybrid_unbounded_targeted,Hybrid Search unbounded,targeted,unbounded,Recon,42,800,51,51,799,0.06375,0.06375,0.0,0.99875,51,51,0.06375,0.06375,29.2675,1067.4050935242112,1066.7724023465316,0.029490592023602644,1.08375,0,0.20000000298023224,0.0,7778348.0,2.281086399918422,2.8513579998980276
class,cicids2018_distrinet,mlp-s42,prim_hybrid_unbounded_targeted,Hybrid Search unbounded,targeted,unbounded,Recon,2024,800,51,51,799,0.06375,0.06375,0.0,0.99875,51,51,0.06375,0.06375,29.2675,1036.7762691673895,1036.1215490131983,0.029374280162583078,1.08375,0,0.19999998807907104,0.0,7195284.0,2.4761279998347163,3.0951599997933954
class,cicids2018_distrinet,mlp-s42,prim_hybrid_unbounded_targeted,Hybrid Search unbounded,targeted,unbounded,Recon,2026,800,51,51,797,0.06375,0.06375,0.0,0.99625,51,51,0.06375,0.06375,29.2675,1050.8339817652693,1050.1963590131984,0.02943205925501653,1.08,0,0.18221989274024963,0.0,7195284.0,2.5029886001721025,3.128735750215128
class,cicids2018_distrinet,mlp-s42,prim_hybrid_unbounded_targeted,Hybrid Search unbounded,targeted,unbounded,BruteForce,42,800,725,725,800,0.90625,0.90625,0.0,1.0,725,725,0.90625,0.90625,255.0,1337.7010183073098,1220.505182083233,1.1719968051597067,12.0,0,0.6000000238418579,0.0,70102072.0,2.763608699897304,3.45451087487163
class,cicids2018_distrinet,mlp-s42,prim_hybrid_unbounded_targeted,Hybrid Search unbounded,targeted,unbounded,BruteForce,2024,800,725,725,800,0.90625,0.90625,0.0,1.0,725,725,0.90625,0.90625,255.0,1250.3916734951229,1130.5493075147913,1.1722313770771149,12.0,0,0.6000000238418579,0.0,70100536.0,2.6939963998738676,3.3674954998423345
class,cicids2018_distrinet,mlp-s42,prim_hybrid_unbounded_targeted,Hybrid Search unbounded,targeted,unbounded,BruteForce,2026,800,725,725,800,0.90625,0.90625,0.0,1.0,725,725,0.90625,0.90625,255.0,1280.3593306562946,1160.9730616980564,1.1732052866646687,12.0,0,0.6000000238418579,0.0,70106200.0,2.7019017999991775,3.377377249998972
class,cicids2018_distrinet,cnn-s42,prim_hybrid_unbounded_targeted,Hybrid Search unbounded,targeted,unbounded,DoS,42,800,0,0,800,0.0,0.0,0.0,1.0,0,0,0.0,0.0,236.585,65.63425397706868,63.2357859990643,0.011801588384631674,11.00625,0,,,,2.3775923000648618,2.971990375081077
class,cicids2018_distrinet,cnn-s42,prim_hybrid_unbounded_targeted,Hybrid Search unbounded,targeted,unbounded,DoS,2024,800,0,0,800,0.0,0.0,0.0,1.0,0,0,0.0,0.0,236.585,66.29790052248514,63.889831021295976,0.011810948383546196,11.02125,0,,,,2.368979499908164,2.961224374885205
class,cicids2018_distrinet,cnn-s42,prim_hybrid_unbounded_targeted,Hybrid Search unbounded,targeted,unbounded,DoS,2026,800,0,0,800,0.0,0.0,0.0,1.0,0,0,0.0,0.0,236.585,65.5518476362257,63.14882936271238,0.011804445413529725,11.00625,0,,,,2.3298733001574874,2.9123416251968592
class,cicids2018_distrinet,cnn-s42,prim_hybrid_unbounded_targeted,Hybrid Search unbounded,targeted,unbounded,DDoS,42,800,2,2,800,0.0025,0.0025,0.0,1.0,2,2,0.0025,0.0025,241.9825,20939.994443087042,20937.38297,0.4687439492218284,10.48375,0,0.3091454356908798,0.0,9331146.5,2.316489400109276,2.895611750136595
class,cicids2018_distrinet,cnn-s42,prim_hybrid_unbounded_targeted,Hybrid Search unbounded,targeted,unbounded,DDoS,2024,800,2,2,800,0.0025,0.0025,0.0,1.0,2,2,0.0025,0.0025,241.9825,20927.324990038735,20924.76951,0.4680903672049828,10.485,0,0.654363363981247,0.0,19751088.0,2.5242729999590665,3.155341249948833
class,cicids2018_distrinet,cnn-s42,prim_hybrid_unbounded_targeted,Hybrid Search unbounded,targeted,unbounded,DDoS,2026,800,2,2,800,0.0025,0.0025,0.0,1.0,2,2,0.0025,0.0025,241.9825,20900.09669738944,20897.41498110327,0.46794082920160884,10.49375,0,0.13425523042678833,0.0,4052312.5,2.255371200153604,2.819214000192005
class,cicids2018_distrinet,cnn-s42,prim_hybrid_unbounded_targeted,Hybrid Search unbounded,targeted,unbounded,Recon,42,800,33,33,798,0.04125,0.04125,0.0,0.9975,33,33,0.04125,0.04125,29.2675,1784.9912338055647,1782.9104612446836,0.03952426715766216,1.30375,0,0.30000001192092896,0.0,17971630.0,2.2926577001344413,2.8658221251680516
class,cicids2018_distrinet,cnn-s42,prim_hybrid_unbounded_targeted,Hybrid Search unbounded,targeted,unbounded,Recon,2024,800,33,33,798,0.04125,0.04125,0.0,0.9975,33,33,0.04125,0.04125,29.2675,1740.126620356588,1738.0168346242833,0.03938718985686863,1.30875,0,0.3080175220966339,0.0,16262860.0,2.326195399975404,2.907744249969255
class,cicids2018_distrinet,cnn-s42,prim_hybrid_unbounded_targeted,Hybrid Search unbounded,targeted,unbounded,Recon,2026,800,33,33,797,0.04125,0.04125,0.0,0.99625,33,33,0.04125,0.04125,29.2675,1780.6226995311215,1778.5177158498327,0.04016284541590186,1.30375,0,0.30000001192092896,0.0,16110197.0,2.2917992998845875,2.8647491248557344
class,cicids2018_distrinet,cnn-s42,prim_hybrid_unbounded_targeted,Hybrid Search unbounded,targeted,unbounded,BruteForce,42,800,800,800,800,1.0,1.0,0.0,1.0,800,800,1.0,1.0,255.0,534.3658159646304,503.8989004956095,0.25684734152306193,11.95125,0,0.15218760818243027,0.0,17724731.0,2.345701300073415,2.932126625091769
class,cicids2018_distrinet,cnn-s42,prim_hybrid_unbounded_targeted,Hybrid Search unbounded,targeted,unbounded,BruteForce,2024,800,800,800,800,1.0,1.0,0.0,1.0,800,800,1.0,1.0,255.0,532.2149135953472,501.2936027859208,0.2597275629818445,11.95375,0,0.16252625733613968,0.0,18986831.0,2.3500902000814676,2.9376127501018345
class,cicids2018_distrinet,cnn-s42,prim_hybrid_unbounded_targeted,Hybrid Search unbounded,targeted,unbounded,BruteForce,2026,800,800,800,800,1.0,1.0,0.0,1.0,800,800,1.0,1.0,255.0,515.2804214500968,484.25713416633204,0.2586033023804901,11.96,0,0.1593731939792633,0.0,18607148.0,2.488348599988967,3.110435749986209
class,cicids2018_distrinet,ft_transformer-s42,prim_hybrid_unbounded_targeted,Hybrid Search unbounded,targeted,unbounded,DoS,42,800,0,0,800,0.0,0.0,0.0,1.0,0,0,0.0,0.0,236.9025,65.78834239855904,63.31704995988334,0.011855456825579107,11.06625,0,,,,13.040191299980506,16.300239124975633
class,cicids2018_distrinet,ft_transformer-s42,prim_hybrid_unbounded_targeted,Hybrid Search unbounded,targeted,unbounded,DoS,2024,800,0,0,800,0.0,0.0,0.0,1.0,0,0,0.0,0.0,236.9025,65.79132628854597,63.3186927834852,0.01185726118426008,11.06625,0,,,,12.9694091998972,16.2117614998715
class,cicids2018_distrinet,ft_transformer-s42,prim_hybrid_unbounded_targeted,Hybrid Search unbounded,targeted,unbounded,DoS,2026,800,0,0,800,0.0,0.0,0.0,1.0,0,0,0.0,0.0,236.9025,65.76538616042473,63.30339296851403,0.011824786966638065,11.03625,0,,,,12.679087299853563,15.848859124816954
class,cicids2018_distrinet,ft_transformer-s42,prim_hybrid_unbounded_targeted,Hybrid Search unbounded,targeted,unbounded,DDoS,42,800,0,0,800,0.0,0.0,0.0,1.0,0,0,0.0,0.0,241.9825,9525.71342556839,9518.357039250408,0.2660354106330846,9.8075,0,,,,13.146937600104138,16.433672000130173
class,cicids2018_distrinet,ft_transformer-s42,prim_hybrid_unbounded_targeted,Hybrid Search unbounded,targeted,unbounded,DDoS,2024,800,0,0,800,0.0,0.0,0.0,1.0,0,0,0.0,0.0,241.9825,9607.013663519432,9599.864701040475,0.26550966207706445,9.71625,0,,,,13.273613799829036,16.592017249786295
class,cicids2018_distrinet,ft_transformer-s42,prim_hybrid_unbounded_targeted,Hybrid Search unbounded,targeted,unbounded,DDoS,2026,800,0,0,800,0.0,0.0,0.0,1.0,0,0,0.0,0.0,241.9825,9371.676656266289,9364.551635866866,0.2616783085800097,9.77375,0,,,,13.371102999895811,16.713878749869764
class,cicids2018_distrinet,ft_transformer-s42,prim_hybrid_unbounded_targeted,Hybrid Search unbounded,targeted,unbounded,Recon,42,800,4,4,798,0.005,0.005,0.0,0.9975,4,4,0.005,0.005,29.2675,2660.3269671716525,2658.627170328822,0.06189349371789813,1.19875,0,0.10000000149011612,0.0,4799823.0,2.88677249988541,3.6084656248567626
class,cicids2018_distrinet,ft_transformer-s42,prim_hybrid_unbounded_targeted,Hybrid Search unbounded,targeted,unbounded,Recon,2024,800,4,4,798,0.005,0.005,0.0,0.9975,4,4,0.005,0.005,29.2675,2661.4696921411273,2659.7717503288227,0.061893600404533816,1.19875,0,0.10000000149011612,0.0,4799823.0,2.8870763999875635,3.6088454999844544
class,cicids2018_distrinet,ft_transformer-s42,prim_hybrid_unbounded_targeted,Hybrid Search unbounded,targeted,unbounded,Recon,2026,800,4,4,798,0.005,0.005,0.0,0.9975,4,4,0.005,0.005,29.2675,2661.043851068808,2659.342406995489,0.06189344836700848,1.19875,0,0.10000000149011612,0.0,4799823.0,2.8726447999943048,3.590805999992881
class,cicids2018_distrinet,ft_transformer-s42,prim_hybrid_unbounded_targeted,Hybrid Search unbounded,targeted,unbounded,BruteForce,42,800,0,0,800,0.0,0.0,0.0,1.0,0,0,0.0,0.0,255.0,976.6064855751254,781.487013484526,1.7124074237820048,12.0,0,,,,13.342908600112423,16.67863575014053
class,cicids2018_distrinet,ft_transformer-s42,prim_hybrid_unbounded_targeted,Hybrid Search unbounded,targeted,unbounded,BruteForce,2024,800,0,0,800,0.0,0.0,0.0,1.0,0,0,0.0,0.0,255.0,976.6064855751254,781.487013484526,1.7124074237820048,12.0,0,,,,14.651716999942437,18.314646249928046
class,cicids2018_distrinet,ft_transformer-s42,prim_hybrid_unbounded_targeted,Hybrid Search unbounded,targeted,unbounded,BruteForce,2026,800,0,0,800,0.0,0.0,0.0,1.0,0,0,0.0,0.0,255.0,976.6064855751254,781.487013484526,1.7124074237820048,12.0,0,,,,16.0172646001447,20.021580750180874
