scope,dataset,victim,condition,method,objective,budget,source_class,n_per_seed,max_modified_outside_mask,raw_asr_mean,raw_asr_sd,raw_asr_seed42,raw_asr_seed2024,raw_asr_seed2026,valid_asr_mean,valid_asr_sd,valid_asr_seed42,valid_asr_seed2024,valid_asr_seed2026,validity_gap_pp_mean,validity_gap_pp_sd,validity_gap_pp_seed42,validity_gap_pp_seed2024,validity_gap_pp_seed2026,validator_pass_rate_mean,validator_pass_rate_sd,validator_pass_rate_seed42,validator_pass_rate_seed2024,validator_pass_rate_seed2026,raw_targeted_benign_asr_mean,raw_targeted_benign_asr_sd,raw_targeted_benign_asr_seed42,raw_targeted_benign_asr_seed2024,raw_targeted_benign_asr_seed2026,valid_targeted_benign_asr_mean,valid_targeted_benign_asr_sd,valid_targeted_benign_asr_seed42,valid_targeted_benign_asr_seed2024,valid_targeted_benign_asr_seed2026,mean_model_evaluations_mean,mean_model_evaluations_sd,mean_model_evaluations_seed42,mean_model_evaluations_seed2024,mean_model_evaluations_seed2026,mean_l2_robust_scaled_mean,mean_l2_robust_scaled_sd,mean_l2_robust_scaled_seed42,mean_l2_robust_scaled_seed2024,mean_l2_robust_scaled_seed2026,mean_linf_robust_scaled_mean,mean_linf_robust_scaled_sd,mean_linf_robust_scaled_seed42,mean_linf_robust_scaled_seed2024,mean_linf_robust_scaled_seed2026,mean_l2_train_minmax_mean,mean_l2_train_minmax_sd,mean_l2_train_minmax_seed42,mean_l2_train_minmax_seed2024,mean_l2_train_minmax_seed2026,mean_features_modified_mean,mean_features_modified_sd,mean_features_modified_seed42,mean_features_modified_seed2024,mean_features_modified_seed2026,median_primitive_cost_valid_mean,median_primitive_cost_valid_sd,median_primitive_cost_valid_seed42,median_primitive_cost_valid_seed2024,median_primitive_cost_valid_seed2026,ms_per_flow_mean,ms_per_flow_sd,ms_per_flow_seed42,ms_per_flow_seed2024,ms_per_flow_seed2026
victim,cicids2017_distrinet,mlp,prim_pgd_p50_targeted,Prim-PGD p50,targeted,p50,ALL,3200,0,0.023124999999999996,4.2491873609703695e-18,0.023125,0.023125,0.023125,0.023124999999999996,4.2491873609703695e-18,0.023125,0.023125,0.023125,0.0,0.0,0.0,0.0,0.0,1.0,0.0,1.0,1.0,1.0,0.023124999999999996,4.2491873609703695e-18,0.023125,0.023125,0.023125,0.023124999999999996,4.2491873609703695e-18,0.023125,0.023125,0.023125,187.08624999999998,3.4809342861069267e-14,187.08625,187.08625,187.08625,2296.307528339088,0.7897533310446809,2295.78253896519,2297.215778352664,2295.9242676994113,2296.276751892174,0.7897970270729722,2295.7516958003935,2297.185048022857,2295.8935118532722,0.013263841303507754,3.683879706107199e-06,0.0132670982818778,0.013259843207053191,0.01326458242159227,8.115416666666667,0.0006505206248325748,8.115625,8.1146875,8.1159375,0.6891793211301168,0.01874228045181104,0.6675375998020172,0.700000137090683,0.7000002264976501,3.173971124997479,0.07439598971090372,3.1267672812828096,3.1354150937113445,3.2597309999982826
victim,cicids2017_distrinet,cnn,prim_pgd_p50_targeted,Prim-PGD p50,targeted,p50,ALL,3200,0,0.091875,0.0,0.091875,0.091875,0.091875,0.091875,0.0,0.091875,0.091875,0.091875,0.0,0.0,0.0,0.0,0.0,1.0,0.0,1.0,1.0,1.0,0.091875,0.0,0.091875,0.091875,0.091875,0.091875,0.0,0.091875,0.091875,0.091875,187.08624999999998,3.4809342861069267e-14,187.08625,187.08625,187.08625,2078.786099130118,7.178533247866393,2070.5649660557856,2081.9795681690234,2083.813763165544,2078.756091500502,7.178754188088348,2070.534606560008,2081.9503729934454,2083.783294948052,0.012313097483512626,2.267956911578592e-05,0.0122914856439617,0.012336711960923376,0.012311094845652798,8.1628125,0.004296164714020875,8.1665625,8.158125,8.16375,0.6292704045772552,0.0049208920905554265,0.6241103410720825,0.6339108943939209,0.6297899782657623,2.9342365312186303,0.022253325243779737,2.942242999924929,2.951378812431358,2.909087781299604
victim,cicids2017_distrinet,ft_transformer,prim_pgd_p50_targeted,Prim-PGD p50,targeted,p50,ALL,3200,0,0.00125,0.0,0.00125,0.00125,0.00125,0.00125,0.0,0.00125,0.00125,0.00125,0.0,0.0,0.0,0.0,0.0,1.0,0.0,1.0,1.0,1.0,0.00125,0.0,0.00125,0.00125,0.00125,0.00125,0.0,0.00125,0.00125,0.00125,187.165,0.0,187.165,187.165,187.165,2271.464045073078,0.18094768866906522,2271.659088752565,2271.431411894546,2271.301634572123,2271.438676122032,0.1809353577675031,2271.6337004368015,2271.4060618935578,2271.276266035736,0.012858894689596272,8.474926382285712e-07,0.012859867696822163,0.012858498665128006,0.012858317706838642,8.095833333333333,0.00018042195912159397,8.0959375,8.095625,8.0959375,0.37034288545449573,0.006023970405755413,0.37242670357227325,0.3635536730289459,0.37504827976226807,13.532995114534666,0.14427088419246056,13.475478281179676,13.426354312468902,13.697152749955421
victim,cicids2018_distrinet,mlp-s42,prim_pgd_p50_targeted,Prim-PGD p50,targeted,p50,ALL,3200,0,0.006875,0.0,0.006875,0.006875,0.006875,0.006875,0.0,0.006875,0.006875,0.006875,0.0,0.0,0.0,0.0,0.0,1.0,0.0,1.0,1.0,1.0,0.006875,0.0,0.006875,0.006875,0.006875,0.006875,0.0,0.006875,0.006875,0.006875,189.92125,0.0,189.92125,189.92125,189.92125,273.3133331200167,4.322921458476734,276.13284926061056,268.3363076801697,275.4708424192698,273.2083271405995,4.3225990516023005,276.027001948957,268.23161439809974,275.3663650747419,0.006309046541109548,3.982545628082933e-05,0.006328652534871132,0.006263218959228485,0.006335268129229028,6.6221875,0.022584476831443663,6.648125,6.606875,6.6115625,0.4334894319375356,0.019238851338199487,0.43810589611530304,0.41236233711242676,0.450000062584877,3.3814225416911845,0.04659507749588441,3.4343735000584275,3.363208312584902,3.3466858124302235
victim,cicids2018_distrinet,cnn-s42,prim_pgd_p50_targeted,Prim-PGD p50,targeted,p50,ALL,3200,0,0.0,0.0,0.0,0.0,0.0,0.0,0.0,0.0,0.0,0.0,0.0,0.0,0.0,0.0,0.0,0.9989583333333334,0.00018042195912172215,0.99875,0.9990625,0.9990625,0.0,0.0,0.0,0.0,0.0,0.0,0.0,0.0,0.0,0.0,189.8425,0.0,189.8425,189.8425,189.8425,217.61379075276798,2.704087122544007,217.81224440442963,220.21318381076944,214.81594404310488,217.45965308906923,2.702452818141172,217.63662856747172,220.06926857145024,214.6730621282858,0.0038732942018536456,8.262282358467985e-05,0.0039443691068434495,0.003892872984604114,0.0037826405141133746,6.363229166666667,0.015513141270655768,6.379375,6.3484375,6.361875,,,,,,2.873356031268486,0.07259179271202511,2.9439607500535203,2.7989282500493573,2.87717909370258
victim,cicids2018_distrinet,ft_transformer-s42,prim_pgd_p50_targeted,Prim-PGD p50,targeted,p50,ALL,3200,0,0.0,0.0,0.0,0.0,0.0,0.0,0.0,0.0,0.0,0.0,0.0,0.0,0.0,0.0,0.0,0.999375,0.0,0.999375,0.999375,0.999375,0.0,0.0,0.0,0.0,0.0,0.0,0.0,0.0,0.0,0.0,189.92125,0.0,189.92125,189.92125,189.92125,223.8712732926906,2.0903908684491173,221.57521659925246,225.66414792208784,224.37445535673157,223.4923067210732,2.071779517375767,221.23747668856228,225.31187526941738,223.92756820523988,0.0046270819870562795,0.0001815293144509032,0.00448468673044837,0.004565067058982503,0.004831492171737967,7.719374999999999,0.012179484543690876,7.7053125,7.7265625,7.72625,,,,,,13.273999406204288,0.0416042631593244,13.25767596863443,13.243032187456265,13.321290062522166
victim,cicids2017_distrinet,mlp,prim_pgd_p75_targeted,Prim-PGD p75,targeted,p75,ALL,3200,0,0.0409375,0.0,0.0409375,0.0409375,0.0409375,0.0409375,0.0,0.0409375,0.0409375,0.0409375,0.0,0.0,0.0,0.0,0.0,1.0,0.0,1.0,1.0,1.0,0.0409375,0.0,0.0409375,0.0409375,0.0409375,0.0409375,0.0,0.0409375,0.0409375,0.0409375,187.08624999999998,3.4809342861069267e-14,187.08625,187.08625,187.08625,3421.013292980428,0.6252418360217302,3420.7000328937256,3420.6066038939152,3421.733242153644,3420.9462677215524,0.6252638671170476,3420.6329511898093,3420.5396059480818,3421.666246026766,0.020914610385277744,1.260217354991348e-05,0.02092408612312929,0.02090030838689296,0.020919436645810988,8.131979166666667,0.003428017223312984,8.128125,8.133125,8.1346875,0.6166668732961019,0.028867520342094364,0.6000001430511475,0.600000262260437,0.6500002145767212,2.975689843757815,0.033106267239238575,2.937502437562216,2.996305531269172,2.9932615624420578
victim,cicids2017_distrinet,cnn,prim_pgd_p75_targeted,Prim-PGD p75,targeted,p75,ALL,3200,0,0.1325,0.0,0.1325,0.1325,0.1325,0.1325,0.0,0.1325,0.1325,0.1325,0.0,0.0,0.0,0.0,0.0,1.0,0.0,1.0,1.0,1.0,0.1325,0.0,0.1325,0.1325,0.1325,0.1325,0.0,0.1325,0.1325,0.1325,187.08624999999998,3.4809342861069267e-14,187.08625,187.08625,187.08625,3119.8850261852895,12.326617886544259,3105.919868897411,3124.48510719765,3129.250102460808,3119.818392426527,12.326264681784057,3105.853653198241,3124.4182539672606,3129.1832701140806,0.01953617941896198,5.18725752026276e-05,0.01948217413219282,0.019585617209078594,0.01954074691561452,8.198333333333332,0.002217062151437442,8.2003125,8.19875,8.1959375,0.6458012561003367,0.009937111155839878,0.6344540119171143,0.6529500782489777,0.6499996781349182,3.2188537915499182,0.022865881566598172,3.237560343623045,3.1933636873873184,3.2256373436393915
victim,cicids2017_distrinet,ft_transformer,prim_pgd_p75_targeted,Prim-PGD p75,targeted,p75,ALL,3200,0,0.00125,0.0,0.00125,0.00125,0.00125,0.00125,0.0,0.00125,0.00125,0.00125,0.0,0.0,0.0,0.0,0.0,1.0,0.0,1.0,1.0,1.0,0.00125,0.0,0.00125,0.00125,0.00125,0.00125,0.0,0.00125,0.00125,0.00125,187.165,0.0,187.165,187.165,187.165,3273.088859396986,1.8355009465925027,3275.0229201399184,3272.8725756584986,3271.3710823925417,3273.0283109454954,1.834865384732626,3274.961823235546,3272.811807190174,3271.3113024107656,0.019689956497812293,6.1471803944495475e-06,0.019695072727675705,0.019683137400506714,0.01969165936525446,8.105312499999998,0.001900863290718071,8.1065625,8.10625,8.103125,0.26530789335568744,0.014670251044823696,0.27245138585567474,0.24843411147594452,0.2750381827354431,13.501597968740194,0.11075345836274067,13.446807406216976,13.629067343717907,13.428919156285701
victim,cicids2018_distrinet,mlp-s42,prim_pgd_p75_targeted,Prim-PGD p75,targeted,p75,ALL,3200,0,0.0078125,0.0,0.0078125,0.0078125,0.0078125,0.0078125,0.0,0.0078125,0.0078125,0.0078125,0.0,0.0,0.0,0.0,0.0,1.0,0.0,1.0,1.0,1.0,0.0078125,0.0,0.0078125,0.0078125,0.0078125,0.0078125,0.0,0.0078125,0.0078125,0.0078125,189.92125,0.0,189.92125,189.92125,189.92125,350.2895907228531,4.360581595819799,353.12662695631553,345.2685608557846,352.4735843564592,350.1497305965358,4.359888650368973,352.98582753070906,345.1294543911466,352.3339098677516,0.008244551572784817,3.629431403980542e-05,0.008261028359992477,0.008202941576820522,0.008269684781541458,6.640833333333333,0.02955452676128223,6.6421875,6.610625,6.6696875,0.4528418680032094,0.00492220298947672,0.45852553844451904,0.44999995827674866,0.4500001072883606,3.0679967082930184,0.058951235650942874,3.1347764999372885,3.046034531216719,3.023179093725048
victim,cicids2018_distrinet,cnn-s42,prim_pgd_p75_targeted,Prim-PGD p75,targeted,p75,ALL,3200,0,0.0,0.0,0.0,0.0,0.0,0.0,0.0,0.0,0.0,0.0,0.0,0.0,0.0,0.0,0.0,0.9989583333333334,0.00018042195912172215,0.99875,0.9990625,0.9990625,0.0,0.0,0.0,0.0,0.0,0.0,0.0,0.0,0.0,0.0,189.8425,0.0,189.8425,189.8425,189.8425,284.6748504797186,3.11184240390869,286.8450981138313,281.10958915604385,286.0698641692807,284.4762264174358,3.1000415265097208,286.62394530386837,280.9222994036218,285.8824345448172,0.005552159883010114,0.00012552057325063972,0.005680997783534256,0.00543024301234593,0.005545238853150155,6.461458333333334,0.009459686944256241,6.4528125,6.4715625,6.46,,,,,,2.9260608332939833,0.04381779199655536,2.938135093645542,2.8774718750355532,2.962575531200855
victim,cicids2018_distrinet,ft_transformer-s42,prim_pgd_p75_targeted,Prim-PGD p75,targeted,p75,ALL,3200,0,0.0,0.0,0.0,0.0,0.0,0.0,0.0,0.0,0.0,0.0,0.0,0.0,0.0,0.0,0.0,0.999375,0.0,0.999375,0.999375,0.999375,0.0,0.0,0.0,0.0,0.0,0.0,0.0,0.0,0.0,0.0,189.92125,0.0,189.92125,189.92125,189.92125,246.2127627167155,0.8419305832331467,245.6254232710519,247.1773433044608,245.83552157463382,245.7546852214667,0.8677987591355917,245.2014414417368,246.75485094310682,245.30776327955647,0.00544553686267677,0.00017243924054801663,0.005340662629128248,0.005351391790785477,0.005644556168116586,7.869583333333334,0.011045596784843218,7.876875,7.875,7.856875,,,,,,13.393268000072567,0.021572593074719162,13.369067062521935,13.400258406400098,13.410478531295666
victim,cicids2017_distrinet,mlp,prim_pgd_unbounded_targeted,Prim-PGD unbounded,targeted,unbounded,ALL,3200,0,0.229375,0.0,0.229375,0.229375,0.229375,0.229375,0.0,0.229375,0.229375,0.229375,0.0,0.0,0.0,0.0,0.0,1.0,0.0,1.0,1.0,1.0,0.229375,0.0,0.229375,0.229375,0.229375,0.229375,0.0,0.229375,0.229375,0.229375,187.08624999999998,3.4809342861069267e-14,187.08625,187.08625,187.08625,27270.87792230146,441.33999428969855,27248.112225734316,26841.36136839164,27723.160172778425,27270.87289923534,441.3399220809359,27248.107226680993,26841.35640467012,27723.155066354902,0.19777353243952867,0.0037236460904214873,0.19774686213221074,0.194063293137407,0.20151044204896823,8.436041666666666,0.005379479722364535,8.4378125,8.43,8.4403125,0.30000001192092896,0.0,0.30000001192092896,0.30000001192092896,0.30000001192092896,3.330282229144359,0.0599188596485344,3.311589187505888,3.397319281139062,3.2819382187881274
victim,cicids2017_distrinet,cnn,prim_pgd_unbounded_targeted,Prim-PGD unbounded,targeted,unbounded,ALL,3200,0,0.596875,0.0,0.596875,0.596875,0.596875,0.596875,0.0,0.596875,0.596875,0.596875,0.0,0.0,0.0,0.0,0.0,1.0,0.0,1.0,1.0,1.0,0.596875,0.0,0.596875,0.596875,0.596875,0.596875,0.0,0.596875,0.596875,0.596875,187.08624999999998,3.4809342861069267e-14,187.08625,187.08625,187.08625,21702.10995643049,109.49290572332872,21631.148543433897,21828.211051379087,21646.97027447849,21702.090716159,109.49304669831423,21631.1295208228,21828.192000442366,21646.95062721183,0.23749584376544727,0.002051140231846579,0.23770542195859673,0.23534796045018933,0.23943414888755576,8.646875,0.003840064289826602,8.6484375,8.6425,8.6496875,0.40028799573580426,0.0006509136717335155,0.40000003576278687,0.39983072876930237,0.4010332226753235,2.8771318437550994,0.04425192686714188,2.9244945624668617,2.8700580937584164,2.83684287504002
victim,cicids2017_distrinet,ft_transformer,prim_pgd_unbounded_targeted,Prim-PGD unbounded,targeted,unbounded,ALL,3200,0,0.005937500000000001,1.0622968402425924e-18,0.0059375,0.0059375,0.0059375,0.005937500000000001,1.0622968402425924e-18,0.0059375,0.0059375,0.0059375,0.0,0.0,0.0,0.0,0.0,1.0,0.0,1.0,1.0,1.0,0.005937500000000001,1.0622968402425924e-18,0.0059375,0.0059375,0.0059375,0.005937500000000001,1.0622968402425924e-18,0.0059375,0.0059375,0.0059375,187.165,0.0,187.165,187.165,187.165,41243.41997251837,77.98995158684289,41181.599160229234,41331.0408091361,41217.61994818977,41243.41491166136,77.99058158796376,41181.593202817756,41331.03632994186,41217.61520222447,0.44472383493256323,0.0003782487228988697,0.44431392901549777,0.4450593824956578,0.4447981932865342,8.502812500000001,0.0011267347735824573,8.5015625,8.50375,8.503125,0.05000000322858492,2.1507973566264877e-09,0.05000000074505806,0.05000000447034836,0.05000000447034836,13.408189552040616,0.0780443036340143,13.318964187492384,13.463758468642482,13.441845999986981
victim,cicids2018_distrinet,mlp-s42,prim_pgd_unbounded_targeted,Prim-PGD unbounded,targeted,unbounded,ALL,3200,0,0.24760416666666665,0.0001804219591217542,0.2475,0.2475,0.2478125,0.24760416666666665,0.0001804219591217542,0.2475,0.2475,0.2478125,0.0,0.0,0.0,0.0,0.0,0.9996875,0.0,0.9996875,0.9996875,0.9996875,0.24760416666666665,0.0001804219591217542,0.2475,0.2475,0.2478125,0.24760416666666665,0.0001804219591217542,0.2475,0.2475,0.2478125,189.92125,0.0,189.92125,189.92125,189.92125,1038.4842728803214,4.4637175680200105,1033.3964697920032,1041.7426457870451,1040.3137030619162,994.223803910666,4.398329596249882,989.191391029547,997.3328161227132,996.1472045797375,0.34520982541806094,0.0004690795792112847,0.3451968631570119,0.3456852517868323,0.34474736131033856,7.941875,0.02820821024099194,7.95625,7.909375,7.96,0.6000000834465027,0.0,0.6000000834465027,0.6000000834465027,0.6000000834465027,3.3478402707745167,0.08233661267824433,3.4079684999596793,3.2539971249207156,3.381555187443155
victim,cicids2018_distrinet,cnn-s42,prim_pgd_unbounded_targeted,Prim-PGD unbounded,targeted,unbounded,ALL,3200,0,0.2609375,0.0,0.2609375,0.2609375,0.2609375,0.2609375,0.0,0.2609375,0.2609375,0.2609375,0.0,0.0,0.0,0.0,0.0,0.9990625,0.0,0.9990625,0.9990625,0.9990625,0.2609375,0.0,0.2609375,0.2609375,0.2609375,0.2609375,0.0,0.2609375,0.2609375,0.2609375,189.8425,0.0,189.8425,189.8425,189.8425,5703.320354914055,19.577418461425797,5724.8585839528105,5698.497149157794,5686.605331631557,5693.756138585286,19.545691088265478,5715.2507485068345,5688.968728620084,5677.048938628939,0.17763670557710262,0.00041256458412758357,0.17810687917063117,0.17733519491386177,0.1774680426468149,8.6271875,0.014055553840030946,8.6378125,8.61125,8.6325,0.10000000149011612,0.0,0.10000000149011612,0.10000000149011612,0.10000000149011612,2.8635789270871705,0.03508597546157717,2.9023929063259857,2.8542283749993658,2.8341154999361606
victim,cicids2018_distrinet,ft_transformer-s42,prim_pgd_unbounded_targeted,Prim-PGD unbounded,targeted,unbounded,ALL,3200,0,0.00125,0.0,0.00125,0.00125,0.00125,0.00125,0.0,0.00125,0.00125,0.00125,0.0,0.0,0.0,0.0,0.0,0.999375,0.0,0.999375,0.999375,0.999375,0.00125,0.0,0.00125,0.00125,0.00125,0.00125,0.0,0.00125,0.00125,0.00125,189.92125,0.0,189.92125,189.92125,189.92125,2398.2498905580674,28.320665461960942,2404.1238176383076,2423.1729849450285,2367.452869090866,2346.889095715474,28.468794774443293,2352.8691791981123,2371.892825193211,2315.905282755098,0.49168850860698243,0.00017431104501420647,0.4915432939814081,0.49188181751380805,0.4916404143257311,8.480729166666666,0.004161455074049304,8.4853125,8.4771875,8.4796875,0.07499999739229679,0.0,0.07499999739229679,0.07499999739229679,0.07499999739229679,13.43098653126314,0.4887739220319513,13.15633315622108,13.141318968773703,13.995307468794635
victim,cicids2017_distrinet,mlp,prim_hybrid_p50_targeted,Hybrid Search p50,targeted,p50,ALL,3200,0,0.023124999999999996,4.2491873609703695e-18,0.023125,0.023125,0.023125,0.023124999999999996,4.2491873609703695e-18,0.023125,0.023125,0.023125,0.0,0.0,0.0,0.0,0.0,1.0,0.0,1.0,1.0,1.0,0.023124999999999996,4.2491873609703695e-18,0.023125,0.023125,0.023125,0.023124999999999996,4.2491873609703695e-18,0.023125,0.023125,0.023125,188.4984375,0.0,188.4984375,188.4984375,188.4984375,2299.5305231850775,0.9131617605316588,2299.2811023524328,2298.7679871096743,2300.5424800931255,2299.4997895763468,0.9131631021416333,2299.2503699983763,2298.7372512282777,2300.5117475023867,0.013258791802023948,5.851587751304922e-06,0.013264243242282849,0.01325260885344689,0.013259523310342112,8.113333333333333,0.00036084391824318794,8.113125,8.113125,8.11375,0.6765487591425577,0.01989107141038849,0.6812851130962372,0.6547170281410217,0.6936441361904144,3.2307723958365386,0.19497069629426694,3.0140831563039683,3.286221812450094,3.3920122187555535
victim,cicids2017_distrinet,cnn,prim_hybrid_p50_targeted,Hybrid Search p50,targeted,p50,ALL,3200,0,0.091875,0.0,0.091875,0.091875,0.091875,0.091875,0.0,0.091875,0.091875,0.091875,0.0,0.0,0.0,0.0,0.0,1.0,0.0,1.0,1.0,1.0,0.091875,0.0,0.091875,0.091875,0.091875,0.091875,0.0,0.091875,0.091875,0.091875,188.4984375,0.0,188.4984375,188.4984375,188.4984375,2080.165908861182,1.4388102559239857,2078.943989538714,2079.8020045167273,2081.751732528104,2080.1353744833305,1.4387216662437359,2078.913594383034,2079.7714004030436,2081.7211286639135,0.012237637916211472,3.68876472721386e-05,0.012196771268072509,0.012247672378627473,0.012268470101934438,8.164895833333334,0.005343049418013649,8.15875,8.1675,8.1684375,0.5939867993195852,0.0110269532770074,0.5812603831291199,0.6000000834465027,0.6006999313831329,2.8503239791704496,0.012892523437611748,2.8647759062732803,2.846192124998197,2.840003906239872
victim,cicids2017_distrinet,ft_transformer,prim_hybrid_p50_targeted,Hybrid Search p50,targeted,p50,ALL,3200,0,0.00125,0.0,0.00125,0.00125,0.00125,0.00125,0.0,0.00125,0.00125,0.00125,0.0,0.0,0.0,0.0,0.0,1.0,0.0,1.0,1.0,1.0,0.00125,0.0,0.00125,0.00125,0.00125,0.00125,0.0,0.00125,0.00125,0.00125,188.57781250000002,3.4809342861069267e-14,188.5778125,188.5778125,188.5778125,2271.590649419938,0.2150723350062956,2271.761117407554,2271.6618174983146,2271.3490133539453,2271.5652988788493,0.21508763293595726,2271.73578068169,2271.636469792894,2271.3236461619636,0.012859578682823482,8.870726733852988e-07,0.012860211685719996,0.012859959589740259,0.01285856477301019,8.096145833333333,0.00018042195912159397,8.09625,8.0959375,8.09625,0.3561568707227707,0.028510061744644946,0.34499312937259674,0.3885594755411148,0.3349180072546005,13.622454760382729,0.11485795600810973,13.522769031260395,13.748056562471902,13.596538687415887
victim,cicids2018_distrinet,mlp-s42,prim_hybrid_p50_targeted,Hybrid Search p50,targeted,p50,ALL,3200,0,0.006875,0.0,0.006875,0.006875,0.006875,0.006875,0.0,0.006875,0.006875,0.006875,0.0,0.0,0.0,0.0,0.0,0.9997916666666667,0.0003608439182435084,1.0,1.0,0.999375,0.006875,0.0,0.006875,0.006875,0.006875,0.006875,0.0,0.006875,0.006875,0.006875,190.788125,0.0,190.788125,190.788125,190.788125,276.9182491313783,0.6088968745727492,277.1563529065255,277.37211551726074,276.2262789703485,276.8146177417785,0.6086939330714429,277.0526999900389,277.2682859125401,276.1228673227565,0.006348959769227706,7.455793814748704e-06,0.006347988946818637,0.006356853418366837,0.006342036942497646,6.6113541666666675,0.01102347164387576,6.6240625,6.605625,6.604375,0.45831722021102905,0.046108744511447884,0.4758222699165344,0.4931100308895111,0.4060193598270416,3.4181947812855165,0.08066892077404042,3.37834943755297,3.511033406248316,3.3652015000552638
victim,cicids2018_distrinet,cnn-s42,prim_hybrid_p50_targeted,Hybrid Search p50,targeted,p50,ALL,3200,0,0.0,0.0,0.0,0.0,0.0,0.0,0.0,0.0,0.0,0.0,0.0,0.0,0.0,0.0,0.0,0.9992708333333334,0.00018042195912178625,0.999375,0.999375,0.9990625,0.0,0.0,0.0,0.0,0.0,0.0,0.0,0.0,0.0,0.0,190.70875,0.0,190.70875,190.70875,190.70875,232.27218640416697,1.926210540040557,230.22291049922157,234.0455821570137,232.5480665562657,232.11175103344917,1.9306462167751428,230.0646516187457,233.89978279035387,232.37081869124796,0.004190385902305819,2.6643181948073448e-05,0.00416200148272404,0.004194301795243271,0.004214854428950148,6.408020833333334,0.0034422315920537737,6.4046875,6.4115625,6.4078125,,,,,,2.926391572934032,0.06750892577343873,2.8766363125032512,2.899300312419655,3.0032380938791903
victim,cicids2018_distrinet,ft_transformer-s42,prim_hybrid_p50_targeted,Hybrid Search p50,targeted,p50,ALL,3200,0,0.0,0.0,0.0,0.0,0.0,0.0,0.0,0.0,0.0,0.0,0.0,0.0,0.0,0.0,0.0,0.999375,0.0,0.999375,0.999375,0.999375,0.0,0.0,0.0,0.0,0.0,0.0,0.0,0.0,0.0,0.0,190.788125,0.0,190.788125,190.788125,190.788125,225.61718481875627,0.943156377372629,224.5281219973336,226.1624780856552,226.16095437328,225.09223284167828,0.9251203627774349,224.02399715163864,225.62491245179746,225.6277889215987,0.005080088507527859,6.08863547197034e-05,0.005009984256306572,0.005119744290551962,0.005110536975725045,7.769270833333334,0.016542834236711976,7.750625,7.7821875,7.775,,,,,,13.378891062554127,0.04758885707478686,13.416477593782474,13.394812906335574,13.325382687544334
victim,cicids2017_distrinet,mlp,prim_hybrid_p75_targeted,Hybrid Search p75,targeted,p75,ALL,3200,0,0.0409375,0.0,0.0409375,0.0409375,0.0409375,0.0409375,0.0,0.0409375,0.0409375,0.0409375,0.0,0.0,0.0,0.0,0.0,1.0,0.0,1.0,1.0,1.0,0.0409375,0.0,0.0409375,0.0409375,0.0409375,0.0409375,0.0,0.0409375,0.0409375,0.0409375,188.500625,0.0,188.500625,188.500625,188.500625,3427.879588204078,0.7168907806143582,3427.2789620984177,3427.686577223206,3428.6732252906118,3427.81261546297,0.7168903396808092,3427.2119915636395,3427.619602005027,3428.606252820244,0.020908962811910417,1.7817493206704558e-05,0.020922916942772037,0.020888892819454163,0.020915078673505044,8.128958333333333,0.0031302040002750167,8.1259375,8.12875,8.1321875,0.6346929868062338,0.034521635044572334,0.6293227672576904,0.603171169757843,0.6715850234031677,3.090259427044657,0.017065926475152423,3.1084683437075,3.087679718664731,3.0746302187617403
victim,cicids2017_distrinet,cnn,prim_hybrid_p75_targeted,Hybrid Search p75,targeted,p75,ALL,3200,0,0.1325,0.0,0.1325,0.1325,0.1325,0.1325,0.0,0.1325,0.1325,0.1325,0.0,0.0,0.0,0.0,0.0,1.0,0.0,1.0,1.0,1.0,0.1325,0.0,0.1325,0.1325,0.1325,0.1325,0.0,0.1325,0.1325,0.1325,188.500625,0.0,188.500625,188.500625,188.500625,3122.677303447308,7.034310232802144,3115.2130685138213,3123.6353592538503,3129.1834825742517,3122.6106423202014,7.034044217732305,3115.146745428095,3123.5685214727764,3129.1166600597326,0.01941813446602343,5.9469050599527656e-05,0.019351233800116833,0.019438176083335413,0.019464993514618043,8.19,0.004062499999999858,8.1859375,8.1940625,8.19,0.5958064099152883,0.014493131071470905,0.5796788930892944,0.5999999940395355,0.6077403426170349,3.3210847812733846,0.0746081812564261,3.38090312499844,3.344866437546443,3.2374847812752705
victim,cicids2017_distrinet,ft_transformer,prim_hybrid_p75_targeted,Hybrid Search p75,targeted,p75,ALL,3200,0,0.00125,0.0,0.00125,0.00125,0.00125,0.00125,0.0,0.00125,0.00125,0.00125,0.0,0.0,0.0,0.0,0.0,1.0,0.0,1.0,1.0,1.0,0.00125,0.0,0.00125,0.00125,0.00125,0.00125,0.0,0.00125,0.00125,0.00125,188.58,0.0,188.58,188.58,188.58,3275.315909953238,3.2263504116412536,3278.9944637812955,3273.9870429521834,3272.966223126236,3275.255310885321,3.225804823926798,3278.9333653745507,3273.92594347114,3272.9066238102705,0.01969462073045328,1.5777562828046476e-05,0.01971248402756008,0.019688788832075074,0.01968258933172469,8.105208333333332,0.0020807275370245187,8.1065625,8.10625,8.1028125,0.2853483234842618,0.012911467727650153,0.2726019248366356,0.2984187602996826,0.2850242853164673,13.578443958370675,0.10959515694415543,13.4927861874894,13.701946000073804,13.54059968754882
victim,cicids2018_distrinet,mlp-s42,prim_hybrid_p75_targeted,Hybrid Search p75,targeted,p75,ALL,3200,0,0.0078125,0.0,0.0078125,0.0078125,0.0078125,0.0078125,0.0,0.0078125,0.0078125,0.0078125,0.0,0.0,0.0,0.0,0.0,0.9997916666666667,0.0003608439182435084,1.0,1.0,0.999375,0.0078125,0.0,0.0078125,0.0078125,0.0078125,0.0078125,0.0,0.0078125,0.0078125,0.0078125,190.788125,0.0,190.788125,190.788125,190.788125,353.83725978029634,0.5866543578256506,354.0650706441645,354.2758396362057,353.17086906051867,353.69832374472315,0.5870383879728611,353.9256965304858,354.1376656342784,353.03160906940536,0.008286583868101922,7.513425138232829e-06,0.008277992676142739,0.008291925945255822,0.008289832982907204,6.644270833333334,0.015329497368907496,6.6434375,6.629375,6.66,0.4753141800562541,0.025122033110322517,0.47616487741470337,0.5000000596046448,0.44977760314941406,3.1764471145288553,0.07261304693572129,3.2600035936775384,3.1407013437274145,3.128636406181613
victim,cicids2018_distrinet,cnn-s42,prim_hybrid_p75_targeted,Hybrid Search p75,targeted,p75,ALL,3200,0,0.0,0.0,0.0,0.0,0.0,0.0,0.0,0.0,0.0,0.0,0.0,0.0,0.0,0.0,0.0,0.9992708333333334,0.00018042195912178625,0.999375,0.999375,0.9990625,0.0,0.0,0.0,0.0,0.0,0.0,0.0,0.0,0.0,0.0,190.70875,0.0,190.70875,190.70875,190.70875,299.4015157741183,5.4151891364411044,305.3338804827264,294.7237376420455,298.1469291975832,299.19485980261624,5.409926251643925,305.1268599152315,294.53303161640406,297.9246878762131,0.005885985118466663,0.00015147997205388356,0.006046316523604308,0.005745267270367012,0.0058663715614286705,6.492708333333333,0.016657549589700518,6.499375,6.47375,6.505,,,,,,3.022818895842647,0.031052000885523744,3.0525141562975477,3.025374437420396,2.9905680938099977
victim,cicids2018_distrinet,ft_transformer-s42,prim_hybrid_p75_targeted,Hybrid Search p75,targeted,p75,ALL,3200,0,0.0,0.0,0.0,0.0,0.0,0.0,0.0,0.0,0.0,0.0,0.0,0.0,0.0,0.0,0.0,0.999375,0.0,0.999375,0.999375,0.999375,0.0,0.0,0.0,0.0,0.0,0.0,0.0,0.0,0.0,0.0,190.788125,0.0,190.788125,190.788125,190.788125,247.08723256956873,0.8989377694593123,246.05189719560255,247.66931773027787,247.5404827828257,246.49279075221023,0.8951569266865622,245.46047374532674,247.05419438101683,246.96370413028708,0.005866365702169318,5.552980264728903e-05,0.0058502225813854255,0.005928178389462031,0.005820696135660497,7.9028125000000005,0.009206824914160305,7.9009375,7.9128125,7.8946875,,,,,,13.539609874981883,0.10074906922336592,13.456914406342548,13.510095281162648,13.65181993744045
victim,cicids2017_distrinet,mlp,prim_hybrid_unbounded_targeted,Hybrid Search unbounded,targeted,unbounded,ALL,3200,0,0.229375,0.0,0.229375,0.229375,0.229375,0.229375,0.0,0.229375,0.229375,0.229375,0.0,0.0,0.0,0.0,0.0,1.0,0.0,1.0,1.0,1.0,0.229375,0.0,0.229375,0.229375,0.229375,0.229375,0.0,0.229375,0.229375,0.229375,188.505625,0.0,188.505625,188.505625,188.505625,25652.902238058814,565.1918842751517,25309.204731096186,25344.286753712535,26305.215229367725,25652.89814832954,565.1919178689807,25309.200677767945,25344.28258673534,26305.211180485338,0.18203435043752467,0.004654656615149933,0.1790046038915795,0.17970457741916449,0.18739387000183005,8.398541666666667,0.004018187817079783,8.396875,8.395625,8.403125,0.30000001192092896,0.0,0.30000001192092896,0.30000001192092896,0.30000001192092896,3.380304583333782,0.04374305939411891,3.4303619687852915,3.361119593755575,3.3494321874604793
victim,cicids2017_distrinet,cnn,prim_hybrid_unbounded_targeted,Hybrid Search unbounded,targeted,unbounded,ALL,3200,0,0.596875,0.0,0.596875,0.596875,0.596875,0.596875,0.0,0.596875,0.596875,0.596875,0.0,0.0,0.0,0.0,0.0,1.0,0.0,1.0,1.0,1.0,0.596875,0.0,0.596875,0.596875,0.596875,0.596875,0.0,0.596875,0.596875,0.596875,188.505625,0.0,188.505625,188.505625,188.505625,22182.64871889134,96.06492258189361,22128.38929357119,22125.99057190809,22293.566291194747,22182.633404427874,96.06500206702962,22128.373848268457,22125.975295279324,22293.551069735844,0.22904295855023826,0.001483116371508279,0.22890892384245912,0.2276314089647339,0.23058854284352182,8.617291666666667,0.004904690569580883,8.6134375,8.615625,8.6228125,0.38529278834660846,0.006939325264023079,0.3800669312477112,0.38264529407024384,0.3931661397218704,2.836590718725347,0.005100825980961519,2.8342824061837746,2.842437656217953,2.833052093774313
victim,cicids2017_distrinet,ft_transformer,prim_hybrid_unbounded_targeted,Hybrid Search unbounded,targeted,unbounded,ALL,3200,0,0.005520833333333333,0.0001804219591217577,0.005625,0.0053125,0.005625,0.005520833333333333,0.0001804219591217577,0.005625,0.0053125,0.005625,0.0,0.0,0.0,0.0,0.0,1.0,0.0,1.0,1.0,1.0,0.005520833333333333,0.0001804219591217577,0.005625,0.0053125,0.005625,0.005520833333333333,0.0001804219591217577,0.005625,0.0053125,0.005625,188.585,0.0,188.585,188.585,188.585,41658.88883702453,153.97954810613572,41569.685409109465,41836.68875881957,41570.29234314458,41658.88312676937,153.97996091028983,41569.67945042995,41836.68352520752,41570.28640467066,0.4458811693599553,0.00032840960396923155,0.44600747800029417,0.4461276720492512,0.44550835803032046,8.501145833333334,0.002386758174455934,8.50375,8.4990625,8.500625,0.0491647453357776,0.0014467144847597963,0.04749422334134579,0.05000000819563866,0.05000000447034836,13.569270000007236,0.07686356804686703,13.485856624974986,13.637238156297826,13.584715218748897
victim,cicids2018_distrinet,mlp-s42,prim_hybrid_unbounded_targeted,Hybrid Search unbounded,targeted,unbounded,ALL,3200,0,0.24802083333333336,0.00018042195912177023,0.2478125,0.248125,0.248125,0.24802083333333336,0.00018042195912177023,0.2478125,0.248125,0.248125,0.0,0.0,0.0,0.0,0.0,0.9994791666666666,0.0003608439182435084,0.9996875,0.9996875,0.9990625,0.24802083333333336,0.00018042195912177023,0.2478125,0.248125,0.248125,0.24802083333333336,0.00018042195912177023,0.2478125,0.248125,0.248125,190.788125,0.0,190.788125,190.788125,190.788125,1125.3664879048995,12.826115632434822,1139.798231756188,1115.269154670355,1121.0320772881562,1081.420379662353,13.077279391451416,1096.1295200240563,1071.1084240404637,1077.0231949225388,0.353632258653842,0.00019679403489615573,0.35363192097332075,0.3534356336764924,0.35382922131171285,7.975625,0.01625901192416059,7.97625,7.9590625,7.9915625,0.6000000238418579,0.0,0.6000000238418579,0.6000000238418579,0.6000000238418579,3.387793249930837,0.02530001822853831,3.3585833748657024,3.4028204686183017,3.4019759063085075
victim,cicids2018_distrinet,cnn-s42,prim_hybrid_unbounded_targeted,Hybrid Search unbounded,targeted,unbounded,ALL,3200,0,0.2609375,0.0,0.2609375,0.2609375,0.2609375,0.2609375,0.0,0.2609375,0.2609375,0.2609375,0.0,0.0,0.0,0.0,0.0,0.9992708333333334,0.00018042195912178625,0.999375,0.999375,0.9990625,0.2609375,0.0,0.2609375,0.2609375,0.2609375,0.2609375,0.0,0.2609375,0.2609375,0.2609375,190.70875,0.0,190.70875,190.70875,190.70875,5821.041819779529,8.8546548119904,5831.246436708577,5816.491106128288,5815.387916501721,5811.5613797210835,8.935066625750093,5821.857029434839,5806.992444607875,5805.834665120537,0.19453705309382974,0.0002738966143125568,0.19422928657179603,0.19475401710681056,0.1946278556028826,8.689791666666666,0.003130204000274484,8.68625,8.6921875,8.6909375,0.16300022105375925,0.005446668706626212,0.15759271383285522,0.16848522424697876,0.1629227250814438,2.9445178333844524,0.04013657878100622,2.916387718869373,2.990480656226282,2.926685125057702
victim,cicids2018_distrinet,ft_transformer-s42,prim_hybrid_unbounded_targeted,Hybrid Search unbounded,targeted,unbounded,ALL,3200,0,0.00125,0.0,0.00125,0.00125,0.00125,0.00125,0.0,0.00125,0.00125,0.00125,0.0,0.0,0.0,0.0,0.0,0.999375,0.0,0.999375,0.999375,0.999375,0.00125,0.0,0.00125,0.00125,0.00125,0.00125,0.0,0.00125,0.00125,0.00125,190.788125,0.0,190.788125,190.788125,190.788125,3301.2007306090504,29.91441158905564,3307.108805178432,3327.7202918810576,3268.7730947676614,3249.576239998029,29.90508292028137,3255.44706825591,3276.1105394093274,3217.171112328849,0.5126386416751743,0.0005991111958186437,0.5130479462396417,0.5129169868619659,0.5119509919239152,8.505208333333334,0.01170241917653442,8.518125,8.4953125,8.5021875,0.10000000149011612,0.0,0.10000000149011612,0.10000000149011612,0.10000000149011612,13.660283968711155,0.39470481090840576,13.255253125025774,13.681817624892574,14.043781156215118
class,cicids2017_distrinet,mlp,prim_pgd_p50_targeted,Prim-PGD p50,targeted,p50,DoS,800,0,0.012500000000000002,2.1245936804851847e-18,0.0125,0.0125,0.0125,0.012500000000000002,2.1245936804851847e-18,0.0125,0.0125,0.0125,0.0,0.0,0.0,0.0,0.0,1.0,0.0,1.0,1.0,1.0,0.012500000000000002,2.1245936804851847e-18,0.0125,0.0125,0.0125,0.012500000000000002,2.1245936804851847e-18,0.0125,0.0125,0.0125,248.59,0.0,248.59,248.59,248.59,1302.365009192251,0.7436846750873464,1303.084453672293,1302.4113246673037,1301.5992492371558,1302.2426789928159,0.7435190143696776,1302.9618567996067,1302.289178732938,1301.477001445903,0.007642529246988844,2.2070322976118563e-06,0.007639985917528712,0.007643940904595955,0.007643660918841863,10.840416666666668,0.0014433756729748028,10.84125,10.84125,10.83875,0.6580420533816019,0.03659489272260527,0.6414055526256561,0.6999996602535248,0.632720947265625,3.0704099583090283,0.15227422087357437,3.194461500097532,2.9004682498634793,3.116300124966074
class,cicids2017_distrinet,mlp,prim_pgd_p50_targeted,Prim-PGD p50,targeted,p50,DDoS,800,0,0.07625,0.0,0.07625,0.07625,0.07625,0.07625,0.0,0.07625,0.07625,0.07625,0.0,0.0,0.0,0.0,0.0,1.0,0.0,1.0,1.0,1.0,0.07625,0.0,0.07625,0.07625,0.07625,0.07625,0.0,0.07625,0.07625,0.07625,242.92,0.0,242.92,242.92,242.92,5929.6426569275645,3.2296609139052066,5926.835193379182,5933.1722581561635,5928.920519247347,5929.6425724637675,3.2296611301003844,5926.835108695652,5933.1721739130435,5928.920434782609,0.027938871326536798,1.845011901059662e-05,0.02795652964648039,0.027919720117636496,0.02794036421549351,10.61,0.003750000000000142,10.61,10.60625,10.61375,0.6953558127085367,0.010622003680830387,0.6832025647163391,0.7000003457069397,0.7028645277023315,3.581946083383324,0.4260872370410044,3.1044423748971894,3.718018875224516,3.9233770000282675
class,cicids2017_distrinet,mlp,prim_pgd_p50_targeted,Prim-PGD p50,targeted,p50,Recon,800,0,0.0,0.0,0.0,0.0,0.0,0.0,0.0,0.0,0.0,0.0,0.0,0.0,0.0,0.0,0.0,1.0,0.0,1.0,1.0,1.0,0.0,0.0,0.0,0.0,0.0,0.0,0.0,0.0,0.0,0.0,3.8349999999999995,5.438959822042073e-16,3.835,3.835,3.835,5.048679331566302,0.0,5.048679331566302,5.048679331566302,5.048679331566302,5.048051401968027,0.0,5.048051401968027,5.048051401968027,5.048051401968027,3.560747858190612e-05,0.0,3.560747858190612e-05,3.560747858190612e-05,3.560747858190612e-05,0.1175,0.0,0.1175,0.1175,0.1175,,,,,,2.8629811248780848,0.0921888964633462,2.831346374878194,2.7907744998810813,2.9668224998749793
class,cicids2017_distrinet,mlp,prim_pgd_p50_targeted,Prim-PGD p50,targeted,p50,BruteForce,800,0,0.00375,0.0,0.00375,0.00375,0.00375,0.00375,0.0,0.00375,0.00375,0.00375,0.0,0.0,0.0,0.0,0.0,1.0,0.0,1.0,1.0,1.0,0.00375,0.0,0.00375,0.00375,0.00375,0.00375,0.0,0.00375,0.00375,0.00375,253.0,0.0,253.0,253.0,253.0,1948.173767904973,0.052149300452712134,1948.1618294777197,1948.2308512556242,1948.1286229815755,1948.173704710145,0.052149290310158636,1948.1617663043478,1948.2307880434785,1948.1285597826086,0.017438357161923466,1.9395898357004832e-06,0.017436270084920193,0.017440104327398405,0.0174386970734518,10.893750000000002,2.175583928816829e-15,10.89375,10.89375,10.89375,0.4286871055761973,0.07199541969498632,0.35602837800979614,0.5000003576278687,0.4300325810909271,3.180547333419478,0.17717394702279426,3.376818875258323,3.1323987498763017,3.03242437512381
class,cicids2017_distrinet,cnn,prim_pgd_p50_targeted,Prim-PGD p50,targeted,p50,DoS,800,0,0.09500000000000001,1.6996749443881478e-17,0.095,0.095,0.095,0.09500000000000001,1.6996749443881478e-17,0.095,0.095,0.095,0.0,0.0,0.0,0.0,0.0,1.0,0.0,1.0,1.0,1.0,0.09500000000000001,1.6996749443881478e-17,0.095,0.095,0.095,0.09500000000000001,1.6996749443881478e-17,0.095,0.095,0.095,248.905,0.0,248.905,248.905,248.905,1311.2668454011448,15.12246830438801,1294.449850538362,1315.6034193980806,1323.747266266992,1311.1475421284513,15.12307069189054,1294.3290030754736,1315.4874351370306,1323.6261881728499,0.006830132351302829,1.630561678154408e-05,0.006847516600349715,0.0068277023392371294,0.0068151781143216406,10.86,0.013050383136138143,10.86875,10.845,10.86625,0.6309416790803274,0.03395698002423111,0.5990181267261505,0.6271869242191315,0.6666199862957001,3.0355044998577796,0.0922825936056803,3.123366374929901,3.043787499773316,2.9393596248701215
class,cicids2017_distrinet,cnn,prim_pgd_p50_targeted,Prim-PGD p50,targeted,p50,DDoS,800,0,0.26625,0.0,0.26625,0.26625,0.26625,0.26625,0.0,0.26625,0.26625,0.26625,0.0,0.0,0.0,0.0,0.0,1.0,0.0,1.0,1.0,1.0,0.26625,0.0,0.26625,0.26625,0.26625,0.26625,0.0,0.26625,0.26625,0.26625,242.92,0.0,242.92,242.92,242.92,5051.285675862399,16.2310416004008,5032.546228081648,5060.387941179687,5060.922858325863,5051.285588768115,16.231041336898073,5032.546141304348,5060.38785326087,5060.92277173913,0.024903360639695404,0.00011145286312486866,0.024784957387460747,0.02500623426020185,0.024918890271423612,10.734583333333333,0.005907269532816089,10.74125,10.7325,10.73,0.6339407761891683,0.0034053780417315363,0.6304336786270142,0.6372343897819519,0.6341542601585388,2.9827735000678026,0.021427015334654947,2.968654124997556,2.9722377500729635,3.0074286251328886
class,cicids2017_distrinet,cnn,prim_pgd_p50_targeted,Prim-PGD p50,targeted,p50,Recon,800,0,0.0,0.0,0.0,0.0,0.0,0.0,0.0,0.0,0.0,0.0,0.0,0.0,0.0,0.0,0.0,1.0,0.0,1.0,1.0,1.0,0.0,0.0,0.0,0.0,0.0,0.0,0.0,0.0,0.0,0.0,3.52,0.0,3.52,3.52,3.52,0.043490397625115446,0.009931862547528567,0.03202207059646052,0.049224750527561124,0.049224371751324686,0.0429289460199098,0.009813685922306277,0.03159707760193786,0.04859488022889577,0.04859488022889577,1.0602949902739953e-05,2.608176295902718e-06,7.591288055361729e-06,1.2110591432296362e-05,1.210697022056177e-05,0.10041666666666665,0.007938566201357354,0.09125,0.105,0.105,,,,,,2.6569716250135875,0.05564039283446346,2.5954785000067204,2.7038365000043996,2.671599875029642
class,cicids2017_distrinet,cnn,prim_pgd_p50_targeted,Prim-PGD p50,targeted,p50,BruteForce,800,0,0.006250000000000001,1.0622968402425924e-18,0.00625,0.00625,0.00625,0.006250000000000001,1.0622968402425924e-18,0.00625,0.00625,0.00625,0.0,0.0,0.0,0.0,0.0,1.0,0.0,1.0,1.0,1.0,0.006250000000000001,1.0622968402425924e-18,0.00625,0.00625,0.00625,0.006250000000000001,1.0622968402425924e-18,0.00625,0.00625,0.00625,253.0,0.0,253.0,253.0,253.0,1952.548384859302,2.4188056675452647,1955.2317635325367,1951.8776873477989,1950.53570369757,1952.5483061594205,2.4188056322051548,1955.2316847826087,1951.8776086956523,1950.535625,0.017508293993149526,1.5282837636453208e-05,0.017525877299980973,0.017500800652822227,0.017498204026645377,10.956249999999999,0.007806247497998293,10.965,10.95,10.95375,0.36068270603815716,0.06279086099790725,0.4068071246147156,0.2891736626625061,0.38606733083724976,3.0616964999353513,0.0379319574615276,3.0814729997655377,3.085653499874752,3.0179630001657642
class,cicids2017_distrinet,ft_transformer,prim_pgd_p50_targeted,Prim-PGD p50,targeted,p50,DoS,800,0,0.00125,0.0,0.00125,0.00125,0.00125,0.00125,0.0,0.00125,0.00125,0.00125,0.0,0.0,0.0,0.0,0.0,1.0,0.0,1.0,1.0,1.0,0.00125,0.0,0.00125,0.00125,0.00125,0.00125,0.0,0.00125,0.00125,0.00125,248.905,0.0,248.905,248.905,248.905,1449.234266165291,0.20579861346758657,1449.40714861728,1449.2890227177882,1449.0066271608052,1449.1336503487448,0.2057762452040614,1449.306455941156,1449.1884832899214,1448.9060118151572,0.00734016468614736,1.2159184129822215e-06,0.007341559755349789,0.0073396042428564255,0.007339330060235865,10.7425,0.0,10.7425,10.7425,10.7425,0.14959525068600973,0.0007074832824887167,0.15000371634960175,0.14877831935882568,0.15000371634960175,16.972562666633166,0.21382025360480858,16.815790999971796,16.885763499885798,17.216133500041906
class,cicids2017_distrinet,ft_transformer,prim_pgd_p50_targeted,Prim-PGD p50,targeted,p50,DDoS,800,0,0.0,0.0,0.0,0.0,0.0,0.0,0.0,0.0,0.0,0.0,0.0,0.0,0.0,0.0,0.0,1.0,0.0,1.0,1.0,1.0,0.0,0.0,0.0,0.0,0.0,0.0,0.0,0.0,0.0,0.0,242.92,0.0,242.92,242.92,242.92,5693.975850273226,0.5397417637992458,5694.582064046038,5693.798042300739,5693.547444472902,5693.975769927536,0.5397417596403602,5694.581983695652,5693.797961956522,5693.547364130434,0.02672135106161754,2.1817622619591393e-06,0.02672383964696618,0.026720446318335204,0.02671976721955123,10.56,0.0,10.56,10.56,10.56,,,,,,16.766601125030622,0.21240475429308342,16.86304612492677,16.523085125081707,16.913672125083394
class,cicids2017_distrinet,ft_transformer,prim_pgd_p50_targeted,Prim-PGD p50,targeted,p50,Recon,800,0,0.0,0.0,0.0,0.0,0.0,0.0,0.0,0.0,0.0,0.0,0.0,0.0,0.0,0.0,0.0,1.0,0.0,1.0,1.0,1.0,0.0,0.0,0.0,0.0,0.0,0.0,0.0,0.0,0.0,0.0,3.8349999999999995,5.438959822042073e-16,3.835,3.835,3.835,0.1563459202983276,0.0,0.1563459202983276,0.1563459202983276,0.1563459202983276,0.15576428430958403,0.0,0.15576428430958403,0.15576428430958403,0.15576428430958403,1.2575709532214613e-05,0.0,1.2575709532214613e-05,1.2575709532214613e-05,1.2575709532214613e-05,0.1175,0.0,0.1175,0.1175,0.1175,,,,,,3.1608980832000575,0.005520210666531748,3.1670192498131655,3.159377374977339,3.1562976248096675
class,cicids2017_distrinet,ft_transformer,prim_pgd_p50_targeted,Prim-PGD p50,targeted,p50,BruteForce,800,0,0.00375,0.0,0.00375,0.00375,0.00375,0.00375,0.0,0.00375,0.00375,0.00375,0.0,0.0,0.0,0.0,0.0,1.0,0.0,1.0,1.0,1.0,0.00375,0.0,0.00375,0.00375,0.00375,0.00375,0.0,0.00375,0.00375,0.00375,253.0,0.0,253.0,253.0,253.0,1942.489717933496,0.007004597418024582,1942.4907964266436,1942.4822366393576,1942.4961207344863,1942.489519927536,0.007005408079346618,1942.490597826087,1942.4820380434785,1942.4959239130435,0.017361487301087972,1.1495312895600163e-07,0.017361495675440472,0.017361368389788183,0.017361597838035262,10.963333333333333,0.0007216878364863759,10.96375,10.9625,10.96375,0.440693477789561,0.012047940811510826,0.44486111402511597,0.4271150529384613,0.4501042664051056,17.23191858327482,0.23782256954558023,17.056056750006974,17.137191249930765,17.502507749886718
class,cicids2018_distrinet,mlp-s42,prim_pgd_p50_targeted,Prim-PGD p50,targeted,p50,DoS,800,0,0.0,0.0,0.0,0.0,0.0,0.0,0.0,0.0,0.0,0.0,0.0,0.0,0.0,0.0,0.0,1.0,0.0,1.0,1.0,1.0,0.0,0.0,0.0,0.0,0.0,0.0,0.0,0.0,0.0,0.0,235.045,0.0,235.045,235.045,235.045,0.48021682082526773,0.03631412076513598,0.508726016276526,0.43933263996384114,0.49259180623543586,0.4401233509027029,0.03673036535477635,0.46852129683615973,0.3986427497007371,0.4532060061712119,0.00016548657770024401,1.06238154295044e-06,0.00016671328407250017,0.00016486628549391521,0.00016488016353431663,2.8479166666666664,0.06459408512652942,2.9225,2.81125,2.81,,,,,,3.7532803333791285,0.1896948842535501,3.9135975000681356,3.5438625002279878,3.8023809998412617
class,cicids2018_distrinet,mlp-s42,prim_pgd_p50_targeted,Prim-PGD p50,targeted,p50,DDoS,800,0,0.00125,0.0,0.00125,0.00125,0.00125,0.00125,0.0,0.00125,0.00125,0.00125,0.0,0.0,0.0,0.0,0.0,1.0,0.0,1.0,1.0,1.0,0.00125,0.0,0.00125,0.00125,0.00125,0.00125,0.0,0.00125,0.00125,0.00125,240.085,0.0,240.085,240.085,240.085,840.3390593648096,0.19498113479782597,840.1170899433004,840.4174124212515,840.482675729877,840.0412861421702,0.19805474947643592,839.8158178941953,840.1208730844291,840.187167447886,0.019859579247850364,1.649899691912625e-05,0.01987847814220603,0.019848046355583904,0.01985221324576115,10.630416666666667,0.025809801109914054,10.66,10.61875,10.6125,0.6527678569157919,0.08431913006312071,0.6085256338119507,0.7500001192092896,0.5997778177261353,3.4273707499960437,0.11726751314272307,3.328811874962412,3.5570633751922287,3.3962369998334907
class,cicids2018_distrinet,mlp-s42,prim_pgd_p50_targeted,Prim-PGD p50,targeted,p50,Recon,800,0,0.02625,0.0,0.02625,0.02625,0.02625,0.02625,0.0,0.02625,0.02625,0.02625,0.0,0.0,0.0,0.0,0.0,1.0,0.0,1.0,1.0,1.0,0.02625,0.0,0.02625,0.02625,0.02625,0.02625,0.0,0.02625,0.02625,0.02625,31.554999999999996,4.351167857633658e-15,31.555,31.555,31.555,252.31414511761287,17.338268344894967,263.7856639963287,232.36857427341792,260.788197083092,252.2565513933848,17.337786518776504,263.7283177051077,232.31159456477525,260.7297419102714,0.0050016192876551355,0.000150716246723791,0.005059910628646889,0.004830463136206112,0.005114484098112404,1.0191666666666668,0.01312995938049055,1.01875,1.00625,1.0325,0.42157208919525146,0.0310091450238147,0.4262116849422455,0.3885045647621155,0.45000001788139343,3.0649628750203797,0.033004270335357064,3.0269613751443103,3.0864528749953024,3.0814743749215268
class,cicids2018_distrinet,mlp-s42,prim_pgd_p50_targeted,Prim-PGD p50,targeted,p50,BruteForce,800,0,0.0,0.0,0.0,0.0,0.0,0.0,0.0,0.0,0.0,0.0,0.0,0.0,0.0,0.0,0.0,1.0,0.0,1.0,1.0,1.0,0.0,0.0,0.0,0.0,0.0,0.0,0.0,0.0,0.0,0.0,253.0,0.0,253.0,253.0,253.0,0.1199111768190384,6.017059697200806e-06,0.11991708653665967,0.11991138604550272,0.11990505787495279,0.09534767594045741,3.0116474749130665e-06,0.09535089968866148,0.09534719349371061,0.09534493463900015,0.00020950105123245357,6.5936860221728304e-09,0.00020950808455911024,0.00020950005963000853,0.00020949500950824193,11.99125,0.0,11.99125,11.99125,11.99125,,,,,,3.2800762083691857,0.18117923509204778,3.468123250058852,3.2654544999240898,3.1066508751246147
class,cicids2018_distrinet,cnn-s42,prim_pgd_p50_targeted,Prim-PGD p50,targeted,p50,DoS,800,0,0.0,0.0,0.0,0.0,0.0,0.0,0.0,0.0,0.0,0.0,0.0,0.0,0.0,0.0,0.0,1.0,0.0,1.0,1.0,1.0,0.0,0.0,0.0,0.0,0.0,0.0,0.0,0.0,0.0,0.0,234.73,0.0,234.73,234.73,234.73,0.313727397083442,0.007825906283796664,0.31720766145227774,0.3047650333114172,0.31920949648663105,0.29455252681631183,0.006816441111270153,0.297632668178973,0.2867396245325124,0.29928528773745006,0.00010759531105494274,3.6012388781975973e-06,0.0001090152993107944,0.0001035005501000738,0.00011027008375395998,3.5741666666666667,0.06780409894197649,3.6475,3.51375,3.56125,,,,,,2.960890666678703,0.228166634012381,3.221221750136465,2.7956422499846667,2.8658079999149777
class,cicids2018_distrinet,cnn-s42,prim_pgd_p50_targeted,Prim-PGD p50,targeted,p50,DDoS,800,0,0.0,0.0,0.0,0.0,0.0,0.0,0.0,0.0,0.0,0.0,0.0,0.0,0.0,0.0,0.0,1.0,0.0,1.0,1.0,1.0,0.0,0.0,0.0,0.0,0.0,0.0,0.0,0.0,0.0,0.0,240.085,0.0,240.085,240.085,240.085,278.86484677710695,13.090434794693614,271.68568058944106,293.9741591538497,270.9347005880299,278.59066592546395,13.12229742370871,271.3272802904461,293.7387432239649,270.70597426198077,0.007523416963831814,0.0002688854434183509,0.007621715496460791,0.007729321477227655,0.007219213917806995,9.298333333333332,0.015017351075784002,9.28375,9.2975,9.31375,,,,,,2.9468691666261293,0.03633326009801213,2.9072857499704696,2.978701250103768,2.9546204998041503
class,cicids2018_distrinet,cnn-s42,prim_pgd_p50_targeted,Prim-PGD p50,targeted,p50,Recon,800,0,0.0,0.0,0.0,0.0,0.0,0.0,0.0,0.0,0.0,0.0,0.0,0.0,0.0,0.0,0.0,0.9958333333333332,0.0007216878364870169,0.995,0.99625,0.99625,0.0,0.0,0.0,0.0,0.0,0.0,0.0,0.0,0.0,0.0,31.554999999999996,4.351167857633658e-15,31.555,31.555,31.555,590.408701968858,6.9362016211136694,598.3748976077216,585.7074898052899,587.1437184935628,590.0949816051184,6.935050422811767,598.0598785308961,585.3947329693088,586.8303333151504,0.007672518422885085,0.00016243878852812077,0.007856561694917438,0.007549153278239486,0.0076118402954983315,1.2479166666666666,0.0019094065395648925,1.25,1.24625,1.2475,,,,,,2.609407708417469,0.04953952276149831,2.555067375069484,2.6211017501191236,2.6520540000637993
class,cicids2018_distrinet,cnn-s42,prim_pgd_p50_targeted,Prim-PGD p50,targeted,p50,BruteForce,800,0,0.0,0.0,0.0,0.0,0.0,0.0,0.0,0.0,0.0,0.0,0.0,0.0,0.0,0.0,0.0,1.0,0.0,1.0,1.0,1.0,0.0,0.0,0.0,0.0,0.0,0.0,0.0,0.0,0.0,0.0,253.0,0.0,253.0,253.0,253.0,0.8678868680235129,0.0028634363822438395,0.8711917591036525,0.8663212506267339,0.866147594340152,0.8584122988782695,0.002868754035930601,0.8617227803657002,0.8568584679945386,0.8566556482745696,0.00018964610964274285,4.86195481608406e-07,0.000190183936684776,0.00018951663284924022,0.00018923775939421226,11.332500000000001,0.006495190528383536,11.33625,11.33625,11.325,,,,,,2.976256583351642,0.15496454883159977,3.0922681250376627,2.800267749989871,3.036233875027392
class,cicids2018_distrinet,ft_transformer-s42,prim_pgd_p50_targeted,Prim-PGD p50,targeted,p50,DoS,800,0,0.0,0.0,0.0,0.0,0.0,0.0,0.0,0.0,0.0,0.0,0.0,0.0,0.0,0.0,0.0,1.0,0.0,1.0,1.0,1.0,0.0,0.0,0.0,0.0,0.0,0.0,0.0,0.0,0.0,0.0,235.045,0.0,235.045,235.045,235.045,3.619250841128313,0.008337686347426859,3.61167423688077,3.617894892608389,3.628183393895779,3.552115167678679,0.008781123353992705,3.544261987625254,3.550487138038448,3.561596377372336,0.0005593916489631196,7.018509972199893e-07,0.0005588902762993359,0.0005590909153903049,0.0005601937551997179,10.043333333333335,0.028759056544561935,10.0425,10.0725,10.015,,,,,,16.116418791546796,0.06589305790313774,16.105134624813218,16.056896499940194,16.18722524988698
class,cicids2018_distrinet,ft_transformer-s42,prim_pgd_p50_targeted,Prim-PGD p50,targeted,p50,DDoS,800,0,0.0,0.0,0.0,0.0,0.0,0.0,0.0,0.0,0.0,0.0,0.0,0.0,0.0,0.0,0.0,1.0,0.0,1.0,1.0,1.0,0.0,0.0,0.0,0.0,0.0,0.0,0.0,0.0,0.0,0.0,240.085,0.0,240.085,240.085,240.085,161.5799485626858,8.355679001782478,152.39932704805528,168.740184033812,163.60033460619005,160.21394470457128,8.281142768610998,151.19820991172602,167.48129034206195,161.9623338599258,0.007932345766095333,0.0007250139543956622,0.007364605458039947,0.007683394710874263,0.008749037129371792,8.572916666666666,0.031283315574493306,8.5425,8.57125,8.605,,,,,,16.170197500032373,0.12791228716852668,16.092995124927256,16.09975100000156,16.3178463751683
class,cicids2018_distrinet,ft_transformer-s42,prim_pgd_p50_targeted,Prim-PGD p50,targeted,p50,Recon,800,0,0.0,0.0,0.0,0.0,0.0,0.0,0.0,0.0,0.0,0.0,0.0,0.0,0.0,0.0,0.0,0.9975,0.0,0.9975,0.9975,0.9975,0.0,0.0,0.0,0.0,0.0,0.0,0.0,0.0,0.0,0.0,31.554999999999996,4.351167857633658e-15,31.555,31.555,31.555,729.5941852907639,0.013087032952416805,729.5992663358494,729.6039698510656,729.5793196853764,729.5250112016661,0.013240669810766324,729.5302100905551,729.5348634238883,729.509960090555,0.009831701470705894,7.15744356485357e-08,0.009831663897598894,0.009831784007522618,0.009831656506996168,1.1575,0.0,1.1575,1.1575,1.1575,,,,,,3.6031168749711164,0.006399225290134199,3.5987265000585467,3.600164874806069,3.6104592500487342
class,cicids2018_distrinet,ft_transformer-s42,prim_pgd_p50_targeted,Prim-PGD p50,targeted,p50,BruteForce,800,0,0.0,0.0,0.0,0.0,0.0,0.0,0.0,0.0,0.0,0.0,0.0,0.0,0.0,0.0,0.0,1.0,0.0,1.0,1.0,1.0,0.0,0.0,0.0,0.0,0.0,0.0,0.0,0.0,0.0,0.0,253.0,0.0,253.0,253.0,253.0,0.6917084761845281,0.0024738799300460944,0.6905987762243535,0.6945429108651863,0.6899837414640448,0.6781558103766766,0.0023796093943389985,0.6772247643428908,0.6808601736808287,0.6763824931063102,0.00018488906246077346,1.2170956657656695e-06,0.00018358728985530317,0.00018599860214282778,0.00018508129538418946,11.10375,0.02439902661992898,11.07875,11.105,11.1275,,,,,,17.206264458266862,0.0330522132212775,17.2338476247387,17.215316375077236,17.169629374984652
class,cicids2017_distrinet,mlp,prim_pgd_p75_targeted,Prim-PGD p75,targeted,p75,DoS,800,0,0.05125,0.0,0.05125,0.05125,0.05125,0.05125,0.0,0.05125,0.05125,0.05125,0.0,0.0,0.0,0.0,0.0,1.0,0.0,1.0,1.0,1.0,0.05125,0.0,0.05125,0.05125,0.05125,0.05125,0.0,0.05125,0.05125,0.05125,248.59,0.0,248.59,248.59,248.59,2035.2131752624946,1.8299781090476706,2034.096883682291,2034.2175386641748,2037.3251034410177,2034.9469333403997,1.830060929470994,2033.8303611936828,2033.9514906773122,2037.0589481502043,0.0123754581979268,1.656872351671189e-05,0.012390935319579266,0.012357979686998574,0.012377459587202561,10.869166666666667,0.0019094065395649411,10.8675,10.86875,10.87125,0.7296095887819926,0.025771306151180236,0.7469953298568726,0.7418323159217834,0.7000011205673218,3.0609899166544587,0.18161110550862,2.8513475001091138,3.1702984997536987,3.161323750100564
class,cicids2017_distrinet,mlp,prim_pgd_p75_targeted,Prim-PGD p75,targeted,p75,DDoS,800,0,0.1075,0.0,0.1075,0.1075,0.1075,0.1075,0.0,0.1075,0.1075,0.1075,0.0,0.0,0.0,0.0,0.0,1.0,0.0,1.0,1.0,1.0,0.1075,0.0,0.1075,0.1075,0.1075,0.1075,0.0,0.1075,0.1075,0.1075,242.92,0.0,242.92,242.92,242.92,7840.467992330442,0.9232257683671414,7839.814976344796,7840.064758306354,7841.524242340176,7840.467880434782,0.9232258037864781,7839.814864130434,7840.064646739131,7841.524130434783,0.03722011142760762,3.6293888462026503e-05,0.0372450905607917,0.03717847947746991,0.03723676424456126,10.63625,0.003750000000000142,10.6325,10.63625,10.64,0.609736313422521,0.026290995736573747,0.593822181224823,0.5953042805194855,0.6400824785232544,3.0575413333523707,0.01233495444375599,3.0544481248944066,3.07112850015983,3.047047375002876
class,cicids2017_distrinet,mlp,prim_pgd_p75_targeted,Prim-PGD p75,targeted,p75,Recon,800,0,0.0,0.0,0.0,0.0,0.0,0.0,0.0,0.0,0.0,0.0,0.0,0.0,0.0,0.0,0.0,1.0,0.0,1.0,1.0,1.0,0.0,0.0,0.0,0.0,0.0,0.0,0.0,0.0,0.0,0.0,3.8349999999999995,5.438959822042073e-16,3.835,3.835,3.835,12.607417100758541,0.0027731106897710732,12.609018156961774,12.604214988352078,12.609018156961774,12.605809647259205,0.0028394428235803144,12.607449000337747,12.602530941102119,12.607449000337747,8.270735310528185e-05,5.9143446781071984e-12,8.270734969063336e-05,8.270735993457884e-05,8.270734969063336e-05,0.11791666666666667,0.0007216878364870329,0.1175,0.11875,0.1175,,,,,,2.658793083295071,0.07551418140060019,2.743849625112489,2.6328909999574535,2.5996386248152703
class,cicids2017_distrinet,mlp,prim_pgd_p75_targeted,Prim-PGD p75,targeted,p75,BruteForce,800,0,0.005,0.0,0.005,0.005,0.005,0.005,0.0,0.005,0.005,0.005,0.0,0.0,0.0,0.0,0.0,1.0,0.0,1.0,1.0,1.0,0.005,0.0,0.005,0.005,0.005,0.005,0.0,0.005,0.005,0.005,253.0,0.0,253.0,253.0,253.0,3795.764587228017,0.44690819222503025,3796.279253390851,3795.5399036167796,3795.47460467642,3795.7644474637686,0.44692270864277883,3796.279130434783,3795.539755434783,3795.474456521739,0.033980164562471285,2.2980741387035986e-06,0.03397761126245556,0.033982067023168784,0.0339808154017895,10.904583333333335,0.008322910148099409,10.895,10.90875,10.91,0.35442593693733215,0.03563496120871094,0.3132782280445099,0.3749997913837433,0.3749997913837433,3.125435041729361,0.03469837947370381,3.100364500132855,3.110904125205707,3.1650364998495206
class,cicids2017_distrinet,cnn,prim_pgd_p75_targeted,Prim-PGD p75,targeted,p75,DoS,800,0,0.205,0.0,0.205,0.205,0.205,0.205,0.0,0.205,0.205,0.205,0.0,0.0,0.0,0.0,0.0,1.0,0.0,1.0,1.0,1.0,0.205,0.0,0.205,0.205,0.205,0.205,0.0,0.205,0.205,0.205,248.905,0.0,248.905,248.905,248.905,2100.3775984501067,14.943733958261024,2083.9826561035998,2103.9146422066606,2113.2354970400593,2100.113022460659,14.942354137327138,2083.7197720692534,2103.6491805801143,2112.970114732611,0.011149548367441975,7.653706880560655e-06,0.011143430670934436,0.011158130762662574,0.011147083668728915,10.942083333333334,0.001909406539565135,10.94,10.94375,10.9425,0.7049060463905334,0.031187311728554757,0.6713293790817261,0.7329684197902679,0.7104203402996063,2.9577172499072426,0.045335764214973075,3.002324499830138,2.9116865000105463,2.959140749881044
class,cicids2017_distrinet,cnn,prim_pgd_p75_targeted,Prim-PGD p75,targeted,p75,DDoS,800,0,0.315,0.0,0.315,0.315,0.315,0.315,0.0,0.315,0.315,0.315,0.0,0.0,0.0,0.0,0.0,1.0,0.0,1.0,1.0,1.0,0.315,0.0,0.315,0.315,0.315,0.315,0.0,0.315,0.315,0.315,242.92,0.0,242.92,242.92,242.92,6571.389075506907,35.448915187537594,6530.840986850978,6586.81389641906,6596.512343250682,6571.388958333333,35.44891557483525,6530.840869565217,6586.813777173914,6596.512228260869,0.03283244157728769,0.00020758754578659345,0.03261366549806015,0.0330266550820288,0.0328570041517741,10.774166666666668,0.005051814855409099,10.775,10.77875,10.76875,0.6020070910453796,0.02744075353709141,0.5802285671234131,0.6328279078006744,0.5929647982120514,3.5248189998674206,0.12307367057297552,3.6618698749225587,3.42373712483095,3.488849999848753
class,cicids2017_distrinet,cnn,prim_pgd_p75_targeted,Prim-PGD p75,targeted,p75,Recon,800,0,0.00125,0.0,0.00125,0.00125,0.00125,0.00125,0.0,0.00125,0.00125,0.00125,0.0,0.0,0.0,0.0,0.0,1.0,0.0,1.0,1.0,1.0,0.00125,0.0,0.00125,0.00125,0.00125,0.00125,0.0,0.00125,0.00125,0.00125,3.52,0.0,3.52,3.52,3.52,0.1490065147330982,0.002192564875870328,0.14883439855554648,0.14690508047880885,0.1512800651649393,0.14732260776878484,0.00219257164800423,0.1471505063195095,0.14522115849342251,0.1495961584934225,2.409527784997903e-05,1.7451359159325776e-08,2.4075600044126988e-05,2.410887679334962e-05,2.4101356712460485e-05,0.10583333333333333,0.0007216878364870328,0.105,0.10625,0.10625,0.9125932653745016,0.09463459405971947,0.8054807782173157,0.9848816394805908,0.9474173784255981,3.0473010831822953,0.08048451382270998,2.963331374921836,3.054795749776531,3.1237761248485185
class,cicids2017_distrinet,cnn,prim_pgd_p75_targeted,Prim-PGD p75,targeted,p75,BruteForce,800,0,0.00875,0.0,0.00875,0.00875,0.00875,0.00875,0.0,0.00875,0.00875,0.00875,0.0,0.0,0.0,0.0,0.0,1.0,0.0,1.0,1.0,1.0,0.00875,0.0,0.00875,0.00875,0.00875,0.00875,0.0,0.00875,0.00875,0.00875,253.0,0.0,253.0,253.0,253.0,3807.6244242694124,0.9377122682876508,3808.706998236511,3807.0649850844,3807.101289487327,3807.624266304347,0.9376952801501013,3808.706820652174,3807.0648369565215,3807.101141304348,0.034138632453268265,7.725257692674614e-06,0.03414752475973257,0.03413357411482965,0.0341347984852426,10.97125,0.00866025403784369,10.98125,10.96625,10.96625,0.4469573199748993,0.06865215867083142,0.4068068861961365,0.40783730149269104,0.5262277722358704,3.3455778332427144,0.03286086507132528,3.322715624817647,3.383235374931246,3.33078249997925
class,cicids2017_distrinet,ft_transformer,prim_pgd_p75_targeted,Prim-PGD p75,targeted,p75,DoS,800,0,0.00125,0.0,0.00125,0.00125,0.00125,0.00125,0.0,0.00125,0.00125,0.00125,0.0,0.0,0.0,0.0,0.0,1.0,0.0,1.0,1.0,1.0,0.00125,0.0,0.00125,0.00125,0.00125,0.00125,0.0,0.00125,0.00125,0.00125,248.905,0.0,248.905,248.905,248.905,2250.811591898151,3.3260478566178127,2253.1679712131217,2252.2598450322557,2247.0069594490756,2250.5714831874407,3.323311911459978,2252.9256591592384,2252.018855847315,2246.7699345557694,0.011683838591097508,1.9073272078135936e-05,0.01167863834559641,0.011667904750623405,0.011704972677072713,10.779583333333333,0.0072168783648699115,10.78375,10.78375,10.77125,0.14959525068600973,0.0007074832824887167,0.15000371634960175,0.14877831935882568,0.15000371634960175,16.989388666697778,0.32075604106876077,16.777305750001688,17.358394124894403,16.832466125197243
class,cicids2017_distrinet,ft_transformer,prim_pgd_p75_targeted,Prim-PGD p75,targeted,p75,DDoS,800,0,0.0,0.0,0.0,0.0,0.0,0.0,0.0,0.0,0.0,0.0,0.0,0.0,0.0,0.0,0.0,1.0,0.0,1.0,1.0,1.0,0.0,0.0,0.0,0.0,0.0,0.0,0.0,0.0,0.0,0.0,242.92,0.0,242.92,242.92,242.92,7059.669618723631,4.636527188143931,7065.007354297191,7057.359663985462,7056.641837888241,7059.669519927537,4.636527130489632,7065.007255434783,7057.359565217392,7056.641739130435,0.033253864803656184,2.2031188782968827e-05,0.0332792544141564,0.03324254805434703,0.033239791942465124,10.56,0.0,10.56,10.56,10.56,,,,,,16.590321166731883,0.21987295759899114,16.40489962504944,16.83322600001702,16.53283787512919
class,cicids2017_distrinet,ft_transformer,prim_pgd_p75_targeted,Prim-PGD p75,targeted,p75,Recon,800,0,0.0,0.0,0.0,0.0,0.0,0.0,0.0,0.0,0.0,0.0,0.0,0.0,0.0,0.0,0.0,1.0,0.0,1.0,1.0,1.0,0.0,0.0,0.0,0.0,0.0,0.0,0.0,0.0,0.0,0.0,3.8349999999999995,5.438959822042073e-16,3.835,3.835,3.835,0.3735845628008181,0.0,0.3735845628008181,0.3735845628008181,0.3735845628008181,0.3720142177290519,6.798699777552591e-17,0.37201421772905185,0.37201421772905185,0.37201421772905185,2.511615571098513e-05,0.0,2.511615571098513e-05,2.511615571098513e-05,2.511615571098513e-05,0.1175,0.0,0.1175,0.1175,0.1175,,,,,,3.15591129163901,0.0007911624996143897,3.155248374969233,3.155698374903295,3.1567871250445023
class,cicids2017_distrinet,ft_transformer,prim_pgd_p75_targeted,Prim-PGD p75,targeted,p75,BruteForce,800,0,0.00375,0.0,0.00375,0.00375,0.00375,0.00375,0.0,0.00375,0.00375,0.00375,0.0,0.0,0.0,0.0,0.0,1.0,0.0,1.0,1.0,1.0,0.00375,0.0,0.00375,0.00375,0.00375,0.00375,0.0,0.00375,0.00375,0.00375,253.0,0.0,253.0,253.0,253.0,3781.5006424033613,0.040520647030704904,3781.5427704865597,3781.4972090534766,3781.461947670048,3781.5002264492755,0.04053038397850079,3781.5423641304346,3781.496793478261,3781.46152173913,0.03379700644078449,2.636033347982028e-07,0.033797281995239035,0.03379698064134544,0.03379675668576901,10.964166666666666,0.0007216878364874014,10.965,10.96375,10.96375,0.28165678183237713,0.027529765316264214,0.2948939800262451,0.25000879168510437,0.30006757378578186,17.270770749892108,0.15551155022681037,17.449775874847546,17.168950875056908,17.19358549977187
class,cicids2018_distrinet,mlp-s42,prim_pgd_p75_targeted,Prim-PGD p75,targeted,p75,DoS,800,0,0.0,0.0,0.0,0.0,0.0,0.0,0.0,0.0,0.0,0.0,0.0,0.0,0.0,0.0,0.0,1.0,0.0,1.0,1.0,1.0,0.0,0.0,0.0,0.0,0.0,0.0,0.0,0.0,0.0,0.0,235.045,0.0,235.045,235.045,235.045,1.2333614252048861,0.012282932302054425,1.2318058912814447,1.221930356775931,1.2463480275572827,1.1633567464606946,0.01205454486367813,1.162082472585211,1.1519899581471646,1.1759978086497085,0.0003194839644864803,5.0679695075564905e-06,0.00031697081280525065,0.0003161637110316251,0.000325317369622565,2.825833333333333,0.06638351326446455,2.8,2.77625,2.90125,,,,,,3.2400928749120794,0.16223955814965005,3.3758071248303168,3.0603969999356195,3.284074499970302
class,cicids2018_distrinet,mlp-s42,prim_pgd_p75_targeted,Prim-PGD p75,targeted,p75,DDoS,800,0,0.005,0.0,0.005,0.005,0.005,0.005,0.0,0.005,0.005,0.005,0.0,0.0,0.0,0.0,0.0,1.0,0.0,1.0,1.0,1.0,0.005,0.0,0.005,0.005,0.005,0.005,0.0,0.005,0.005,0.005,240.085,0.0,240.085,240.085,240.085,1147.3674519428653,0.21560025969743637,1147.245638356799,1147.2403306537701,1147.6163868180267,1146.9853774554963,0.21727349185571,1146.8592760016147,1146.8605942457807,1147.2362621190937,0.02723171281527741,1.5768354898459804e-05,0.02724184796532642,0.027239744861099206,0.027213545619406605,10.724583333333333,0.050579969684978576,10.75625,10.66625,10.75125,0.8851977984110514,0.023433766364921928,0.8859379589557648,0.8614027202129364,0.9082527160644531,3.2072556667844765,0.042023472012323614,3.2417045001056977,3.2196273750741966,3.160435125173535
class,cicids2018_distrinet,mlp-s42,prim_pgd_p75_targeted,Prim-PGD p75,targeted,p75,Recon,800,0,0.02625,0.0,0.02625,0.02625,0.02625,0.02625,0.0,0.02625,0.02625,0.02625,0.0,0.0,0.0,0.0,0.0,1.0,0.0,1.0,1.0,1.0,0.02625,0.0,0.02625,0.02625,0.02625,0.02625,0.0,0.02625,0.02625,0.02625,31.554999999999996,4.351167857633658e-15,31.555,31.555,31.555,252.31414511761287,17.338268344894967,263.7856639963287,232.36857427341792,260.788197083092,252.2565513933848,17.337786518776504,263.7283177051077,232.31159456477525,260.7297419102714,0.0050016192876551355,0.000150716246723791,0.005059910628646889,0.004830463136206112,0.005114484098112404,1.0191666666666668,0.01312995938049055,1.01875,1.00625,1.0325,0.42157208919525146,0.0310091450238147,0.4262116849422455,0.3885045647621155,0.45000001788139343,2.7639439581738166,0.1710122313553009,2.880444624752272,2.843772874912247,2.5676143748569302
class,cicids2018_distrinet,mlp-s42,prim_pgd_p75_targeted,Prim-PGD p75,targeted,p75,BruteForce,800,0,0.0,0.0,0.0,0.0,0.0,0.0,0.0,0.0,0.0,0.0,0.0,0.0,0.0,0.0,0.0,1.0,0.0,1.0,1.0,1.0,0.0,0.0,0.0,0.0,0.0,0.0,0.0,0.0,0.0,0.0,253.0,0.0,253.0,253.0,253.0,0.2434044057292205,4.382309152896461e-06,0.2433995808527965,0.24340813917429524,0.24340549716056978,0.1936367908011115,2.533436311812702e-06,0.1936339435286925,0.19363879588325575,0.19363763299138625,0.0004253902237202495,5.511831346024907e-09,0.0004253840331913491,0.0004253945989451432,0.0004253920390242562,11.99375,0.0,11.99375,11.99375,11.99375,,,,,,3.060694333301702,0.019723687868812234,3.0411497500608675,3.0603408749448135,3.0805923748994246
class,cicids2018_distrinet,cnn-s42,prim_pgd_p75_targeted,Prim-PGD p75,targeted,p75,DoS,800,0,0.0,0.0,0.0,0.0,0.0,0.0,0.0,0.0,0.0,0.0,0.0,0.0,0.0,0.0,0.0,1.0,0.0,1.0,1.0,1.0,0.0,0.0,0.0,0.0,0.0,0.0,0.0,0.0,0.0,0.0,234.73,0.0,234.73,234.73,234.73,0.43687351064939023,0.013481261054395236,0.4437532115882498,0.42134041058108734,0.4455269097788336,0.40161769519295,0.01179865483263335,0.4076795632071339,0.3880203723517491,0.40915315001996705,0.00017738688586704237,6.980114230398356e-06,0.000181409188151291,0.0001693269490682754,0.0001814245203815607,3.2887500000000003,0.048039697126438956,3.23375,3.3225,3.31,,,,,,2.9576458749943413,0.07962060829792132,2.9394441249314696,2.8887021250557154,3.044791374995839
class,cicids2018_distrinet,cnn-s42,prim_pgd_p75_targeted,Prim-PGD p75,targeted,p75,DDoS,800,0,0.0,0.0,0.0,0.0,0.0,0.0,0.0,0.0,0.0,0.0,0.0,0.0,0.0,0.0,0.0,1.0,0.0,1.0,1.0,1.0,0.0,0.0,0.0,0.0,0.0,0.0,0.0,0.0,0.0,0.0,240.085,0.0,240.085,240.085,240.085,546.0707669752636,9.191691274260553,546.8186576170165,536.5279785882037,554.8656647205707,545.6461948909918,9.188068456551827,546.3064817281086,536.1457942278502,554.4863087170165,0.013965106895636431,0.0003422975931851662,0.014292820417576527,0.013609885226823876,0.013992615042508896,9.9925,0.009437293044087854,9.99125,10.0025,9.98375,,,,,,2.963937958314394,0.06331082541672288,2.9017034999560565,2.9618375000427477,3.0282728749443777
class,cicids2018_distrinet,cnn-s42,prim_pgd_p75_targeted,Prim-PGD p75,targeted,p75,Recon,800,0,0.0,0.0,0.0,0.0,0.0,0.0,0.0,0.0,0.0,0.0,0.0,0.0,0.0,0.0,0.0,0.9958333333333332,0.0007216878364870169,0.995,0.99625,0.99625,0.0,0.0,0.0,0.0,0.0,0.0,0.0,0.0,0.0,0.0,31.554999999999996,4.351167857633658e-15,31.555,31.555,31.555,590.408701968858,6.9362016211136694,598.3748976077216,585.7074898052899,587.1437184935628,590.0949816051184,6.935050422811767,598.0598785308961,585.3947329693088,586.8303333151504,0.007672518422885085,0.00016243878852812077,0.007856561694917438,0.007549153278239486,0.0076118402954983315,1.2479166666666666,0.0019094065395648925,1.25,1.24625,1.2475,,,,,,2.7610478750042,0.08246449389945765,2.834623124799691,2.7766091251396574,2.6719113750732504
class,cicids2018_distrinet,cnn-s42,prim_pgd_p75_targeted,Prim-PGD p75,targeted,p75,BruteForce,800,0,0.0,0.0,0.0,0.0,0.0,0.0,0.0,0.0,0.0,0.0,0.0,0.0,0.0,0.0,0.0,1.0,0.0,1.0,1.0,1.0,0.0,0.0,0.0,0.0,0.0,0.0,0.0,0.0,0.0,0.0,253.0,0.0,253.0,253.0,253.0,1.7830594641034265,0.04075229957615034,1.7430840189988672,1.7815478201007684,1.824546553210644,1.7621114784399292,0.041120284027280234,1.7217413932615855,1.7606500449763072,1.8039429970818943,0.00039362732765189554,1.2887990646096882e-06,0.0003931998334917714,0.00039260659525208215,0.0003950755542118331,11.316666666666665,0.01880547349399444,11.33625,11.315,11.29875,,,,,,3.0216116248629987,0.12111205689548926,3.0767696248949505,2.8827387499040924,3.1053264997899532
class,cicids2018_distrinet,ft_transformer-s42,prim_pgd_p75_targeted,Prim-PGD p75,targeted,p75,DoS,800,0,0.0,0.0,0.0,0.0,0.0,0.0,0.0,0.0,0.0,0.0,0.0,0.0,0.0,0.0,0.0,1.0,0.0,1.0,1.0,1.0,0.0,0.0,0.0,0.0,0.0,0.0,0.0,0.0,0.0,0.0,235.045,0.0,235.045,235.045,235.045,6.1998526961179055,0.009936906671116552,6.209605520196693,6.2002111604912535,6.189741407665773,6.036473958317084,0.010233529126043698,6.047419935661573,6.034856394829441,6.02714554446024,0.0011127709321802313,5.532020462278834e-06,0.001111925179265459,0.0011186771266933604,0.0011077104905818744,10.465416666666668,0.04375595197608288,10.46625,10.50875,10.42125,,,,,,16.077600875093292,0.18323099521739672,15.982265875209123,15.961692625132855,16.288844124937896
class,cicids2018_distrinet,ft_transformer-s42,prim_pgd_p75_targeted,Prim-PGD p75,targeted,p75,DDoS,800,0,0.0,0.0,0.0,0.0,0.0,0.0,0.0,0.0,0.0,0.0,0.0,0.0,0.0,0.0,0.0,1.0,0.0,1.0,1.0,1.0,0.0,0.0,0.0,0.0,0.0,0.0,0.0,0.0,0.0,0.0,240.085,0.0,240.085,240.085,240.085,247.0299686597414,3.3580284399524083,244.65003487273796,250.8710280413768,245.56884306510946,245.45252301893905,3.4607683780421707,243.20743387856427,249.4380378701956,243.71209730805734,0.010440977832063374,0.000695702871536882,0.010022977337609184,0.010055874405306118,0.011244081753274819,8.664583333333335,0.03571443452349998,8.6675,8.6275,8.69875,,,,,,16.50982441661957,0.14161236818087586,16.656302249757573,16.3736391250859,16.499531875015236
class,cicids2018_distrinet,ft_transformer-s42,prim_pgd_p75_targeted,Prim-PGD p75,targeted,p75,Recon,800,0,0.0,0.0,0.0,0.0,0.0,0.0,0.0,0.0,0.0,0.0,0.0,0.0,0.0,0.0,0.0,0.9975,0.0,0.9975,0.9975,0.9975,0.0,0.0,0.0,0.0,0.0,0.0,0.0,0.0,0.0,0.0,31.554999999999996,4.351167857633658e-15,31.555,31.555,31.555,729.5941852907639,0.013087032952416805,729.5992663358494,729.6039698510656,729.5793196853764,729.5250112016661,0.013240669810766324,729.5302100905551,729.5348634238883,729.509960090555,0.009831701470705894,7.15744356485357e-08,0.009831663897598894,0.009831784007522618,0.009831656506996168,1.1575,0.0,1.1575,1.1575,1.1575,,,,,,3.7648996668091663,0.02375569798853576,3.7750413751928136,3.7819012501859106,3.7377563750487752
class,cicids2018_distrinet,ft_transformer-s42,prim_pgd_p75_targeted,Prim-PGD p75,targeted,p75,BruteForce,800,0,0.0,0.0,0.0,0.0,0.0,0.0,0.0,0.0,0.0,0.0,0.0,0.0,0.0,0.0,0.0,1.0,0.0,1.0,1.0,1.0,0.0,0.0,0.0,0.0,0.0,0.0,0.0,0.0,0.0,0.0,253.0,0.0,253.0,253.0,253.0,2.027044220238917,0.02026305909267695,2.042786355423554,2.0341641649094435,2.004182140383753,2.004732706944556,0.020327554639809436,2.0207018621663586,2.0116460835140417,1.9818501751532673,0.00039669721575758254,2.2902513870370626e-06,0.0003960841020394567,0.0003992316236198119,0.00039477592161347904,11.190833333333332,0.035714434523499636,11.21625,11.20625,11.15,,,,,,17.220747041768238,0.22935432000398226,17.062658749928232,17.483800625195727,17.11578175018076
class,cicids2017_distrinet,mlp,prim_pgd_unbounded_targeted,Prim-PGD unbounded,targeted,unbounded,DoS,800,0,0.625,0.0,0.625,0.625,0.625,0.625,0.0,0.625,0.625,0.625,0.0,0.0,0.0,0.0,0.0,1.0,0.0,1.0,1.0,1.0,0.625,0.0,0.625,0.625,0.625,0.625,0.0,0.625,0.625,0.625,248.59,0.0,248.59,248.59,248.59,27753.197084371524,28.662367886014295,27727.100363177917,27748.617280286755,27783.873609649898,27753.180066144258,28.662106349080386,27727.083471941358,27748.60048281092,27783.856243680486,0.16849883951906472,0.0005421537999892596,0.16912347517686688,0.16815041817102294,0.16822262520930434,11.52625,0.007499999999999396,11.53375,11.51875,11.52625,0.2500000149011612,1.4901161193847656e-08,0.25,0.2500000298023224,0.2500000149011612,3.252696291601751,0.06150022355557988,3.2090486251399852,3.3230323749012314,3.2260078747640364
class,cicids2017_distrinet,mlp,prim_pgd_unbounded_targeted,Prim-PGD unbounded,targeted,unbounded,DDoS,800,0,0.265,0.0,0.265,0.265,0.265,0.265,0.0,0.265,0.265,0.265,0.0,0.0,0.0,0.0,0.0,1.0,0.0,1.0,1.0,1.0,0.265,0.0,0.265,0.265,0.265,0.265,0.0,0.265,0.265,0.265,242.92,0.0,242.92,242.92,242.92,14040.607935510865,20.199250680626733,14020.022690722968,14060.39768909405,14041.403426715571,14040.607717391305,20.199251433344717,14020.022472826087,14060.397472826087,14041.403206521738,0.07041432342948131,0.00021899891113764017,0.07034448764549038,0.07023875914756353,0.07065972349539004,10.770000000000001,0.007806247497998293,10.7675,10.76375,10.77875,0.44638670484224957,0.02230076062246545,0.45279666781425476,0.4215829223394394,0.4647805243730545,3.842793916701339,0.21926189044309935,3.6931199999526143,4.094475625024643,3.7407861251267605
class,cicids2017_distrinet,mlp,prim_pgd_unbounded_targeted,Prim-PGD unbounded,targeted,unbounded,Recon,800,0,0.01,0.0,0.01,0.01,0.01,0.01,0.0,0.01,0.01,0.01,0.0,0.0,0.0,0.0,0.0,1.0,0.0,1.0,1.0,1.0,0.01,0.0,0.01,0.01,0.01,0.01,0.0,0.01,0.01,0.01,3.8349999999999995,5.438959822042073e-16,3.835,3.835,3.835,342.7861302743302,10.00214820950062,331.91580297912327,351.600636635558,344.8419512083094,342.7851177536232,10.002160122661916,331.91475543478265,351.5995923913044,344.84100543478263,0.0012193364544044968,0.0001069128445091613,0.0013051176311983691,0.0012533324617309632,0.0010995592702841583,0.12458333333333334,0.0007216878364870328,0.125,0.125,0.12375,0.05000000447034836,0.0,0.05000000447034836,0.05000000447034836,0.05000000447034836,2.97696333330047,0.036036531961979916,3.0179968749871477,2.962431374762673,2.9504617501515895
class,cicids2017_distrinet,mlp,prim_pgd_unbounded_targeted,Prim-PGD unbounded,targeted,unbounded,BruteForce,800,0,0.0175,0.0,0.0175,0.0175,0.0175,0.0175,0.0,0.0175,0.0175,0.0175,0.0,0.0,0.0,0.0,0.0,1.0,0.0,1.0,1.0,1.0,0.0175,0.0,0.0175,0.0175,0.0175,0.0175,0.0,0.0175,0.0175,0.0175,253.0,0.0,253.0,253.0,253.0,66946.92053904913,1759.085324281513,66913.41004605725,65204.829867550194,68722.52170353991,66946.91869565217,1759.0852758032906,66913.40820652174,65204.82807065218,68722.5198097826,0.5509616303551641,0.014738812988900684,0.5502143680752873,0.5366106627693106,0.5660598602208944,11.323333333333332,0.010103629710818199,11.325,11.3125,11.3325,0.050000001365939774,1.0753986783132436e-09,0.05000000260770321,0.05000000074505806,0.05000000074505806,3.248675374973876,0.06713321973511582,3.326191249943804,3.2093377498677,3.2104971251101233
class,cicids2017_distrinet,cnn,prim_pgd_unbounded_targeted,Prim-PGD unbounded,targeted,unbounded,DoS,800,0,0.9162500000000001,1.3597399555105182e-16,0.91625,0.91625,0.91625,0.9162500000000001,1.3597399555105182e-16,0.91625,0.91625,0.91625,0.0,0.0,0.0,0.0,0.0,1.0,0.0,1.0,1.0,1.0,0.9162500000000001,1.3597399555105182e-16,0.91625,0.91625,0.91625,0.9162500000000001,1.3597399555105182e-16,0.91625,0.91625,0.91625,248.905,0.0,248.905,248.905,248.905,9777.820890510537,383.0818390323316,9888.381997225755,10093.46334352733,9351.61733077853,9777.750020433099,383.0826234894709,9888.3109908999,10093.393382204247,9351.545688195147,0.08955625181610057,0.0002520173132373897,0.08930730741913616,0.08981123356054173,0.08955021446862385,11.706666666666665,0.006291528696059471,11.7075,11.7,11.7125,0.19340263803799948,0.011426958371239155,0.19999998807907104,0.20000000298023224,0.18020792305469513,2.9677139583509415,0.13517475024869927,3.1210279997321777,2.916420625115279,2.865693250205368
class,cicids2017_distrinet,cnn,prim_pgd_unbounded_targeted,Prim-PGD unbounded,targeted,unbounded,DDoS,800,0,0.46125,0.0,0.46125,0.46125,0.46125,0.46125,0.0,0.46125,0.46125,0.46125,0.0,0.0,0.0,0.0,0.0,1.0,0.0,1.0,1.0,1.0,0.46125,0.0,0.46125,0.46125,0.46125,0.46125,0.0,0.46125,0.46125,0.46125,242.92,0.0,242.92,242.92,242.92,12499.78948682131,60.41929481429053,12493.045981229892,12443.02485266943,12563.297626564607,12499.789239130434,60.419307251540566,12493.045733695652,12443.024592391304,12563.297391304348,0.06573851806338525,0.0003461988694122262,0.06534203674787921,0.06589253675800615,0.06598098068427037,10.907916666666667,0.004389855730354856,10.9125,10.90375,10.9075,0.5291836063067118,0.010656953225734405,0.517111599445343,0.5372861623764038,0.5331530570983887,3.016630500011767,0.02704580451734516,3.046546124969609,3.0094358749920502,2.9939095000736415
class,cicids2017_distrinet,cnn,prim_pgd_unbounded_targeted,Prim-PGD unbounded,targeted,unbounded,Recon,800,0,0.01,0.0,0.01,0.01,0.01,0.01,0.0,0.01,0.01,0.01,0.0,0.0,0.0,0.0,0.0,1.0,0.0,1.0,1.0,1.0,0.01,0.0,0.01,0.01,0.01,0.01,0.0,0.01,0.01,0.01,3.52,0.0,3.52,3.52,3.52,257.91438671133756,21.725449238933844,260.1656227272751,278.4265619580863,235.15097544865122,257.9126811594203,21.72583675376009,260.165,278.4246195652174,235.14842391304347,0.0004389609660417067,3.7859505374417795e-05,0.00047788555531526875,0.0004367323422155494,0.00040226500059430196,0.10583333333333333,0.0014433756729740656,0.1075,0.105,0.105,0.03267765572915474,0.004773141968000094,0.0352368988096714,0.03562539629638195,0.027170672081410885,2.6575379582936876,0.028949415987822146,2.6278393750544637,2.685674999956973,2.659099499869626
class,cicids2017_distrinet,cnn,prim_pgd_unbounded_targeted,Prim-PGD unbounded,targeted,unbounded,BruteForce,800,0,1.0,0.0,1.0,1.0,1.0,1.0,0.0,1.0,1.0,1.0,0.0,0.0,0.0,0.0,0.0,1.0,0.0,1.0,1.0,1.0,1.0,0.0,1.0,1.0,1.0,1.0,0.0,1.0,1.0,1.0,253.0,0.0,253.0,253.0,253.0,64272.91506167879,339.01093397580087,63883.00057255267,64497.9294473615,64437.81516512218,64272.91092391304,339.0110049300507,63882.99635869565,64497.925407608695,64437.811005434785,0.7942496442162618,0.008369952522342853,0.7956944581120563,0.785251339139994,0.8018031353967345,11.867083333333333,0.00629152869605853,11.86625,11.86125,11.87375,0.524310827255249,0.009203657137072468,0.5333183407783508,0.5149228274822235,0.5246913135051727,2.866644958364001,0.03699062487393621,2.902564750111196,2.868700874969363,2.828669250011444
class,cicids2017_distrinet,ft_transformer,prim_pgd_unbounded_targeted,Prim-PGD unbounded,targeted,unbounded,DoS,800,0,0.00125,0.0,0.00125,0.00125,0.00125,0.00125,0.0,0.00125,0.00125,0.00125,0.0,0.0,0.0,0.0,0.0,1.0,0.0,1.0,1.0,1.0,0.00125,0.0,0.00125,0.00125,0.00125,0.00125,0.0,0.00125,0.00125,0.00125,248.905,0.0,248.905,248.905,248.905,28232.28802659032,208.18926311590485,27998.551632042843,28397.820817509783,28300.49163021833,28232.276023457045,208.19240448509814,27998.536044966684,28397.811134984833,28300.480890419614,0.18404685624426478,0.0013876334318852035,0.18246283738262503,0.18504788654907245,0.1846298448010969,11.294166666666667,0.005907269532816089,11.2875,11.29625,11.29875,0.14959525068600973,0.0007074832824887167,0.15000371634960175,0.14877831935882568,0.15000371634960175,16.85846108322342,0.044388693294568085,16.852042874961626,16.905709499842487,16.817630874866154
class,cicids2017_distrinet,ft_transformer,prim_pgd_unbounded_targeted,Prim-PGD unbounded,targeted,unbounded,DDoS,800,0,0.0,0.0,0.0,0.0,0.0,0.0,0.0,0.0,0.0,0.0,0.0,0.0,0.0,0.0,0.0,1.0,0.0,1.0,1.0,1.0,0.0,0.0,0.0,0.0,0.0,0.0,0.0,0.0,0.0,0.0,242.92,0.0,242.92,242.92,242.92,9929.58200305402,55.330829890315734,9946.307057359134,9974.620835015434,9867.818116787492,9929.581875,55.33082949626677,9946.306929347826,9974.620706521739,9867.817989130435,0.04764587857825231,0.0002757189881122544,0.047709203736700824,0.0478844259241534,0.0473440060739027,10.60875,0.003750000000000142,10.60875,10.6125,10.605,,,,,,16.563582791616984,0.15920960191211073,16.37977962498553,16.652322999725584,16.65864575013984
class,cicids2017_distrinet,ft_transformer,prim_pgd_unbounded_targeted,Prim-PGD unbounded,targeted,unbounded,Recon,800,0,0.0075,0.0,0.0075,0.0075,0.0075,0.0075,0.0,0.0075,0.0075,0.0075,0.0,0.0,0.0,0.0,0.0,1.0,0.0,1.0,1.0,1.0,0.0075,0.0,0.0075,0.0075,0.0075,0.0075,0.0,0.0075,0.0075,0.0075,3.8349999999999995,5.438959822042073e-16,3.835,3.835,3.835,1472.554585704127,66.0077458469533,1515.282855722598,1505.8507078998978,1396.530193489885,1472.5545561594201,66.00774658714383,1515.2828260869564,1505.850679347826,1396.530163043478,0.0046298960388928894,2.8611558280462476e-05,0.004615913192157735,0.0046628100636947785,0.004610964860826155,0.11958333333333333,0.0007216878364870328,0.11875,0.12,0.12,0.04587169239918391,0.003476586128005889,0.04579021595418453,0.049388300627470016,0.04243656061589718,3.163015666747621,0.01192134675707835,3.1575528750545345,3.1766895001055673,3.154804625082761
class,cicids2017_distrinet,ft_transformer,prim_pgd_unbounded_targeted,Prim-PGD unbounded,targeted,unbounded,BruteForce,800,0,0.015,0.0,0.015,0.015,0.015,0.015,0.0,0.015,0.015,0.015,0.0,0.0,0.0,0.0,0.0,1.0,0.0,1.0,1.0,1.0,0.015,0.0,0.015,0.015,0.015,0.015,0.0,0.015,0.015,0.015,253.0,0.0,253.0,253.0,253.0,125339.25527472503,94.40844562891361,125266.25509579238,125445.8708761193,125305.63985226338,125339.24719202898,94.40845017055427,125266.24701086957,125445.86279891305,125305.63176630436,1.5425727088688432,9.250472674382283e-05,1.5424677617505076,1.5426424074457106,1.542607957410311,11.988750000000001,0.002500000000000391,11.99125,11.98625,11.98875,0.05000000260770321,3.226196034939731e-09,0.04999999888241291,0.05000000447034836,0.05000000447034836,17.047698666574433,0.13984701768447858,16.886481374967843,17.120311874896288,17.13630274985917
class,cicids2018_distrinet,mlp-s42,prim_pgd_unbounded_targeted,Prim-PGD unbounded,targeted,unbounded,DoS,800,0,0.0,0.0,0.0,0.0,0.0,0.0,0.0,0.0,0.0,0.0,0.0,0.0,0.0,0.0,0.0,1.0,0.0,1.0,1.0,1.0,0.0,0.0,0.0,0.0,0.0,0.0,0.0,0.0,0.0,0.0,235.045,0.0,235.045,235.045,235.045,57.403806370895644,1.001426472257222,57.703808548301616,56.2866682704403,58.22094229394504,56.66701159945158,1.0005094818864961,56.95571453744969,55.55389432617461,57.49142593473043,0.006752150994261037,7.431780017914763e-05,0.0067896152069695,0.006666557389284139,0.006800280386529475,7.45625,0.10747819546308009,7.51,7.3325,7.52625,,,,,,3.501103999830472,0.10318426665505799,3.5796217498136684,3.3842357498360798,3.5394544998416677
class,cicids2018_distrinet,mlp-s42,prim_pgd_unbounded_targeted,Prim-PGD unbounded,targeted,unbounded,DDoS,800,0,0.020416666666666666,0.0007216878364870329,0.02,0.02,0.02125,0.020416666666666666,0.0007216878364870329,0.02,0.02,0.02125,0.0,0.0,0.0,0.0,0.0,1.0,0.0,1.0,1.0,1.0,0.020416666666666666,0.0007216878364870329,0.02,0.02,0.02125,0.020416666666666666,0.0007216878364870329,0.02,0.02,0.02125,240.085,0.0,240.085,240.085,240.085,2091.0282397223714,20.785452867455785,2069.6821103685625,2111.2035210939775,2092.199087704575,2037.3837547308856,20.374682619456415,2016.2231854059066,2056.869117788631,2039.058960998119,0.20040048260114393,0.002097774535767703,0.20006425569806305,0.20264606364693194,0.19849112845843675,11.231666666666667,0.0014433756729737772,11.2325,11.2325,11.23,0.4465555300315221,0.03903888980334362,0.40672101080417633,0.48474690318107605,0.44819867610931396,3.5861409582624524,0.06278859324553496,3.6400818749098107,3.517215874744579,3.601125125132967
class,cicids2018_distrinet,mlp-s42,prim_pgd_unbounded_targeted,Prim-PGD unbounded,targeted,unbounded,Recon,800,0,0.06375,0.0,0.06375,0.06375,0.06375,0.06375,0.0,0.06375,0.06375,0.06375,0.0,0.0,0.0,0.0,0.0,0.9987499999999999,1.3597399555105182e-16,0.99875,0.99875,0.99875,0.06375,0.0,0.06375,0.06375,0.06375,0.06375,0.0,0.06375,0.06375,0.06375,31.554999999999996,4.351167857633658e-15,31.555,31.555,31.555,1021.2275929368084,7.191005035601546,1025.3425959584386,1012.9242435235042,1025.4159393284824,1020.6231690131984,7.181852847054482,1024.7269223465316,1012.330425679865,1024.8121590131984,0.0285757355142101,0.00012093369381195972,0.02858130618301906,0.028452112751681007,0.02869378760793023,1.0795833333333336,0.006166103577895305,1.0825,1.0725,1.08375,0.15000000596046448,1.4901161193847656e-08,0.15000002086162567,0.15000000596046448,0.14999999105930328,2.8856162917024144,0.18666751068357512,2.788173500157427,2.76783412497025,3.100841249979567
class,cicids2018_distrinet,mlp-s42,prim_pgd_unbounded_targeted,Prim-PGD unbounded,targeted,unbounded,BruteForce,800,0,0.90625,0.0,0.90625,0.90625,0.90625,0.90625,0.0,0.90625,0.90625,0.90625,0.0,0.0,0.0,0.0,0.0,1.0,0.0,1.0,1.0,1.0,0.90625,0.0,0.90625,0.90625,0.90625,0.90625,0.0,0.90625,0.90625,0.90625,253.0,0.0,253.0,253.0,253.0,984.2774524912105,3.0159773640253706,980.8573642927107,986.5561502602588,985.418842920662,862.2212802991281,2.988583350073416,858.8597418283003,864.5778266961823,863.2262723729017,1.1451109325626285,0.00020947668295240833,1.145352275539996,1.144976273359432,1.1450042487884577,12.0,0.0,12.0,12.0,12.0,0.6000000834465027,0.0,0.6000000834465027,0.6000000834465027,0.6000000834465027,3.4184998333027274,0.1806371143751032,3.623996874957811,3.3467027501319535,3.284799874818418
class,cicids2018_distrinet,cnn-s42,prim_pgd_unbounded_targeted,Prim-PGD unbounded,targeted,unbounded,DoS,800,0,0.0,0.0,0.0,0.0,0.0,0.0,0.0,0.0,0.0,0.0,0.0,0.0,0.0,0.0,0.0,1.0,0.0,1.0,1.0,1.0,0.0,0.0,0.0,0.0,0.0,0.0,0.0,0.0,0.0,0.0,234.73,0.0,234.73,234.73,234.73,63.576886911598,0.38111752222564277,63.9522932397683,63.19030405442006,63.58806344060566,61.25244805897511,0.37311306496376684,61.61333650629334,60.86820735425993,61.27580031637206,0.011452494050449272,5.916146287698965e-05,0.011499345431795975,0.011386012701156236,0.011472124018395605,10.716666666666667,0.04867515622299813,10.7525,10.66125,10.73625,,,,,,2.859128458367195,0.09638806471523333,2.960104875091929,2.8491801250493154,2.7681003749603406
class,cicids2018_distrinet,cnn-s42,prim_pgd_unbounded_targeted,Prim-PGD unbounded,targeted,unbounded,DDoS,800,0,0.0025,0.0,0.0025,0.0025,0.0025,0.0025,0.0,0.0025,0.0025,0.0025,0.0,0.0,0.0,0.0,0.0,1.0,0.0,1.0,1.0,1.0,0.0025,0.0,0.0025,0.0025,0.0025,0.0025,0.0,0.0025,0.0025,0.0025,240.085,0.0,240.085,240.085,240.085,20799.393019969943,24.519356350954777,20827.702035220093,20784.853054772444,20785.623969917287,20796.808199671956,24.441962520911208,20825.02781234919,20782.311576666667,20783.08521,0.465830934559482,0.0008070152835201454,0.4667333004599128,0.4651783179870982,0.465581185231435,10.491666666666667,0.005636562191028809,10.4975,10.48625,10.49125,0.5899976678192616,0.24064734150440287,0.6009159237146378,0.8250000476837158,0.3440770320594311,2.848807583213784,0.07786301616395871,2.9289358749520034,2.7734271247754805,2.8440597499138676
class,cicids2018_distrinet,cnn-s42,prim_pgd_unbounded_targeted,Prim-PGD unbounded,targeted,unbounded,Recon,800,0,0.04125,0.0,0.04125,0.04125,0.04125,0.04125,0.0,0.04125,0.04125,0.04125,0.0,0.0,0.0,0.0,0.0,0.99625,0.0,0.99625,0.99625,0.99625,0.04125,0.0,0.04125,0.04125,0.04125,0.04125,0.0,0.04125,0.04125,0.04125,31.554999999999996,4.351167857633658e-15,31.555,31.555,31.555,1680.2915732636345,60.540197717303585,1744.9806685173355,1670.894928723851,1624.9991225497172,1678.1960718329108,60.54611441587963,1742.8834201454154,1668.8195959621119,1622.8851993912053,0.03883504083721744,0.0012572197152440243,0.040284343805721115,0.03803798706354674,0.038182791642384466,1.3079166666666666,0.0019094065395649897,1.30625,1.3075,1.31,0.30000001192092896,0.0,0.30000001192092896,0.30000001192092896,0.30000001192092896,2.7828561249771155,0.015965721731811582,2.7655717500601895,2.797051875095349,2.7859447497758083
class,cicids2018_distrinet,cnn-s42,prim_pgd_unbounded_targeted,Prim-PGD unbounded,targeted,unbounded,BruteForce,800,0,1.0,0.0,1.0,1.0,1.0,1.0,0.0,1.0,1.0,1.0,0.0,0.0,0.0,0.0,0.0,1.0,0.0,1.0,1.0,1.0,1.0,0.0,1.0,1.0,1.0,1.0,0.0,1.0,1.0,1.0,253.0,0.0,253.0,253.0,253.0,270.0199395110415,6.412441206211284,262.7993388340418,275.05030908045933,272.2101706186234,238.76783477730478,6.480121511379001,231.47842502643695,243.87553449729606,240.94954480818143,0.1944283528612617,0.000451363234675374,0.19391052698509476,0.19473846190364583,0.19463606969504454,11.9925,0.0024999999999995026,11.995,11.99,11.9925,0.10000000149011612,0.0,0.10000000149011612,0.10000000149011612,0.10000000149011612,2.9635235417905883,0.03036829658601382,2.954959125199821,2.9972543750773184,2.938357125094626
class,cicids2018_distrinet,ft_transformer-s42,prim_pgd_unbounded_targeted,Prim-PGD unbounded,targeted,unbounded,DoS,800,0,0.0,0.0,0.0,0.0,0.0,0.0,0.0,0.0,0.0,0.0,0.0,0.0,0.0,0.0,0.0,1.0,0.0,1.0,1.0,1.0,0.0,0.0,0.0,0.0,0.0,0.0,0.0,0.0,0.0,0.0,235.045,0.0,235.045,235.045,235.045,65.769114832879,0.02376641218960148,65.77468460391611,65.78960172396457,65.74305817075634,63.307765980769936,0.011632592796921772,63.311082696031775,63.317380012640925,63.294835233637095,0.011825724160412087,3.456861967014253e-05,0.011829463805294767,0.01185827091476177,0.01178943776117972,11.045833333333334,0.03717217821615176,11.05125,11.08,11.00625,,,,,,15.950740750025338,0.07312679921685801,15.92812162503833,16.03250462503638,15.8915960000013
class,cicids2018_distrinet,ft_transformer-s42,prim_pgd_unbounded_targeted,Prim-PGD unbounded,targeted,unbounded,DDoS,800,0,0.0,0.0,0.0,0.0,0.0,0.0,0.0,0.0,0.0,0.0,0.0,0.0,0.0,0.0,0.0,1.0,0.0,1.0,1.0,1.0,0.0,0.0,0.0,0.0,0.0,0.0,0.0,0.0,0.0,0.0,240.085,0.0,240.085,240.085,240.085,5891.894987257137,114.27302144700043,5916.446860660441,5991.896508510844,5767.3415926001235,5885.727887512221,114.87853765045588,5910.698513616403,5986.067346946855,5760.417801973406,0.18073372290710435,0.0006630598927777829,0.18017072957209726,0.18146458279068559,0.18056585635853023,9.678749999999999,0.042646805273079846,9.69125,9.63125,9.71375,,,,,,16.314727458326768,0.2736280722252619,16.38909387489548,16.011603375081904,16.543485125002917
class,cicids2018_distrinet,ft_transformer-s42,prim_pgd_unbounded_targeted,Prim-PGD unbounded,targeted,unbounded,Recon,800,0,0.005,0.0,0.005,0.005,0.005,0.005,0.0,0.005,0.005,0.005,0.0,0.0,0.0,0.0,0.0,0.9975,0.0,0.9975,0.9975,0.9975,0.005,0.0,0.005,0.005,0.005,0.005,0.0,0.005,0.005,0.005,31.554999999999996,4.351167857633658e-15,31.555,31.555,31.555,2658.7289745671283,1.259332173356239,2657.667239713747,2658.39934397018,2660.120340017458,2657.0337158843777,1.2545201830419601,2655.9801069954888,2656.699560328822,2658.4214803288223,0.06178716357840835,1.8735620402449367e-05,0.06176555876623563,0.061796992567779825,0.06179893940120959,1.1983333333333335,0.0007216878364870169,1.19875,1.1975,1.19875,0.07499999739229679,0.0,0.07499999739229679,0.07499999739229679,0.07499999739229679,3.665460750053171,0.014664948722346817,3.654166125052143,3.6601817500195466,3.6820343750878237
class,cicids2018_distrinet,ft_transformer-s42,prim_pgd_unbounded_targeted,Prim-PGD unbounded,targeted,unbounded,BruteForce,800,0,0.0,0.0,0.0,0.0,0.0,0.0,0.0,0.0,0.0,0.0,0.0,0.0,0.0,0.0,0.0,1.0,0.0,1.0,1.0,1.0,0.0,0.0,0.0,0.0,0.0,0.0,0.0,0.0,0.0,0.0,253.0,0.0,253.0,253.0,253.0,976.6064855751252,1.3923737144427707e-13,976.6064855751254,976.6064855751254,976.6064855751254,781.487013484526,0.0,781.487013484526,781.487013484526,781.487013484526,1.7124074237820048,0.0,1.7124074237820048,1.7124074237820048,1.7124074237820048,12.0,0.0,12.0,12.0,12.0,,,,,,17.793017166647285,1.7966075311140013,16.65395099989837,16.86098612495698,19.8641143750865
class,cicids2017_distrinet,mlp,prim_hybrid_p50_targeted,Hybrid Search p50,targeted,p50,DoS,800,0,0.012500000000000002,2.1245936804851847e-18,0.0125,0.0125,0.0125,0.012500000000000002,2.1245936804851847e-18,0.0125,0.0125,0.0125,0.0,0.0,0.0,0.0,0.0,1.0,0.0,1.0,1.0,1.0,0.012500000000000002,2.1245936804851847e-18,0.0125,0.0125,0.0125,0.012500000000000002,2.1245936804851847e-18,0.0125,0.0125,0.0125,250.29625,0.0,250.29625,250.29625,250.29625,1304.747912779242,2.1031288429136277,1302.8372130428193,1304.40515987116,1307.0013654237468,1304.6257536425503,2.1031294400163105,1302.7150590263204,1304.2829915546217,1306.8792103467085,0.0076328176101941635,5.436862325330791e-06,0.007638684883960561,0.007627949859597346,0.007631818087024582,10.840416666666668,0.0026020824993322907,10.8425,10.8375,10.84125,0.6498808066050211,0.01961622720772156,0.6493226587772369,0.6305496096611023,0.6697701513767242,3.084651499909038,0.17577778263264549,2.8827064999495633,3.1679748749593273,3.2032731248182245
class,cicids2017_distrinet,mlp,prim_hybrid_p50_targeted,Hybrid Search p50,targeted,p50,DDoS,800,0,0.07625,0.0,0.07625,0.07625,0.07625,0.07625,0.0,0.07625,0.07625,0.07625,0.0,0.0,0.0,0.0,0.0,1.0,0.0,1.0,1.0,1.0,0.07625,0.0,0.07625,0.07625,0.07625,0.07625,0.0,0.07625,0.07625,0.07625,244.84,0.0,244.84,244.84,244.84,5940.122973670513,2.531953197523425,5941.091606039844,5937.249703636509,5942.027611335183,5940.122889492754,2.531953119797156,5941.091521739131,5937.2496195652175,5942.027527173914,0.02792864280709791,2.0541040661795246e-05,0.027946982732624116,0.027906447112100517,0.0279324985765691,10.602083333333333,0.001909406539564941,10.6,10.60375,10.6025,0.6916505694389343,0.012490066001315447,0.6976600885391235,0.6772916913032532,0.6999999284744263,3.6306776667091376,0.40635845095331896,3.1661716251983307,3.9204006249201484,3.8054607500089332
class,cicids2017_distrinet,mlp,prim_hybrid_p50_targeted,Hybrid Search p50,targeted,p50,Recon,800,0,0.0,0.0,0.0,0.0,0.0,0.0,0.0,0.0,0.0,0.0,0.0,0.0,0.0,0.0,0.0,1.0,0.0,1.0,1.0,1.0,0.0,0.0,0.0,0.0,0.0,0.0,0.0,0.0,0.0,0.0,3.8575,0.0,3.8575,3.8575,3.8575,5.048679331566302,0.0,5.048679331566302,5.048679331566302,5.048679331566302,5.048051401968027,0.0,5.048051401968027,5.048051401968027,5.048051401968027,3.560747858190612e-05,0.0,3.560747858190612e-05,3.560747858190612e-05,3.560747858190612e-05,0.1175,0.0,0.1175,0.1175,0.1175,,,,,,2.8773760000088564,0.12054513595374484,2.8281271251034923,2.789252749935258,3.0147481249878183
class,cicids2017_distrinet,mlp,prim_hybrid_p50_targeted,Hybrid Search p50,targeted,p50,BruteForce,800,0,0.00375,0.0,0.00375,0.00375,0.00375,0.00375,0.0,0.00375,0.00375,0.00375,0.0,0.0,0.0,0.0,0.0,1.0,0.0,1.0,1.0,1.0,0.00375,0.0,0.00375,0.00375,0.00375,0.00375,0.0,0.00375,0.00375,0.00375,255.0,0.0,255.0,255.0,255.0,1948.2025269589892,0.1462304973231815,1948.1469109955024,1948.3684055994602,1948.092264282005,1948.2024637681159,0.14623048501447522,1948.146847826087,1948.3683423913044,1948.0922010869565,0.017438099312221823,2.367316375445901e-06,0.017435697873964817,0.017440430963507794,0.01743816909919286,10.893333333333336,0.0007216878364874014,10.8925,10.89375,10.89375,0.37754469116528827,0.1085487135758571,0.29006263613700867,0.49902239441871643,0.34354904294013977,3.3303844167191223,0.1906268260574184,3.179327374964487,3.2672589999856427,3.544566875207238
class,cicids2017_distrinet,cnn,prim_hybrid_p50_targeted,Hybrid Search p50,targeted,p50,DoS,800,0,0.09500000000000001,1.6996749443881478e-17,0.095,0.095,0.095,0.09500000000000001,1.6996749443881478e-17,0.095,0.095,0.095,0.0,0.0,0.0,0.0,0.0,1.0,0.0,1.0,1.0,1.0,0.09500000000000001,1.6996749443881478e-17,0.095,0.095,0.095,0.09500000000000001,1.6996749443881478e-17,0.095,0.095,0.095,250.61375,0.0,250.61375,250.61375,250.61375,1306.4173117799367,6.452380297945185,1306.0198623281153,1300.172843434144,1313.0592295775507,1306.2958968858518,6.452360769340585,1305.8988674110549,1300.0512186884678,1312.937604558033,0.00675688489149321,0.00010045513789062357,0.006675958764786978,0.00672537951564643,0.006869316394046224,10.875833333333333,0.010631125685144306,10.86375,10.88,10.88375,0.6149498621622721,0.026912722643416535,0.5988304316997528,0.6000005006790161,0.6460186541080475,2.944786500011105,0.011963058082287476,2.9488521249732003,2.9541868751402944,2.9313204999198206
class,cicids2017_distrinet,cnn,prim_hybrid_p50_targeted,Hybrid Search p50,targeted,p50,DDoS,800,0,0.26625,0.0,0.26625,0.26625,0.26625,0.26625,0.0,0.26625,0.26625,0.26625,0.0,0.0,0.0,0.0,0.0,1.0,0.0,1.0,1.0,1.0,0.26625,0.0,0.26625,0.26625,0.26625,0.26625,0.0,0.26625,0.26625,0.26625,244.84,0.0,244.84,244.84,244.84,5059.495789083968,4.7704110993812625,5055.050870193482,5064.53584397566,5058.90065308276,5059.4957065217395,4.770410611817267,5055.050788043478,5064.535760869566,5058.900570652174,0.024659815485146824,7.849810533275648e-05,0.02457708125089056,0.024733248743333006,0.0246691164612169,10.718333333333334,0.001909406539564941,10.71625,10.72,10.71875,0.594015896320343,0.01201239611645602,0.5801868438720703,0.6018608212471008,0.6000000238418579,2.831518708359605,0.019106900076211332,2.852954874979332,2.816279375110753,2.825321874988731
class,cicids2017_distrinet,cnn,prim_hybrid_p50_targeted,Hybrid Search p50,targeted,p50,Recon,800,0,0.0,0.0,0.0,0.0,0.0,0.0,0.0,0.0,0.0,0.0,0.0,0.0,0.0,0.0,0.0,1.0,0.0,1.0,1.0,1.0,0.0,0.0,0.0,0.0,0.0,0.0,0.0,0.0,0.0,0.0,3.5400000000000005,5.438959822042073e-16,3.54,3.54,3.54,0.04347213234676819,0.009939781345993102,0.03199467267893962,0.049224750527561124,0.049196973833803795,0.04291083007788082,0.009821539753302137,0.03156990368889438,0.04859488022889577,0.0485677063158523,1.0597685718990245e-05,2.610461477841064e-06,7.583391779737167e-06,1.2110591432296362e-05,1.209907394493721e-05,0.10041666666666665,0.007938566201357354,0.09125,0.105,0.105,,,,,,2.7121174582862295,0.01893039935971041,2.7320261250133626,2.7099793747765943,2.6943468750687316
class,cicids2017_distrinet,cnn,prim_hybrid_p50_targeted,Hybrid Search p50,targeted,p50,BruteForce,800,0,0.006250000000000001,1.0622968402425924e-18,0.00625,0.00625,0.00625,0.006250000000000001,1.0622968402425924e-18,0.00625,0.00625,0.00625,0.0,0.0,0.0,0.0,0.0,1.0,0.0,1.0,1.0,1.0,0.006250000000000001,1.0622968402425924e-18,0.00625,0.00625,0.00625,0.006250000000000001,1.0622968402425924e-18,0.00625,0.00625,0.00625,255.0,0.0,255.0,255.0,255.0,1954.707062448476,0.27543503069739134,1954.6732309605788,1954.4501059065778,1954.9978504782725,1954.7069836956523,0.275435030594727,1954.673152173913,1954.450027173913,1954.9977717391305,0.017523253602486865,3.2565370778084605e-06,0.01752646166483276,0.01751995066409815,0.01752334847852969,10.965000000000002,0.0012500000000006395,10.96375,10.965,10.96625,0.36650914947191876,0.07825884128329567,0.4568071663379669,0.3183356821537018,0.3243845999240875,2.912873250024859,0.010990886482813843,2.925270500127226,2.904322874965146,2.9090263749822043
class,cicids2017_distrinet,ft_transformer,prim_hybrid_p50_targeted,Hybrid Search p50,targeted,p50,DoS,800,0,0.00125,0.0,0.00125,0.00125,0.00125,0.00125,0.0,0.00125,0.00125,0.00125,0.0,0.0,0.0,0.0,0.0,1.0,0.0,1.0,1.0,1.0,0.00125,0.0,0.00125,0.00125,0.00125,0.00125,0.0,0.00125,0.00125,0.00125,250.61375,0.0,250.61375,250.61375,250.61375,1449.1171676566128,0.03795252302437954,1449.079501864018,1449.1554005543296,1449.1166005514908,1449.0166268832606,0.037931092087922266,1448.9790160511457,1449.0548703220493,1449.0159942765872,0.007339881588754208,5.247468278802997e-07,0.007339337096745299,0.007340384064149805,0.00733992360536752,10.74375,0.0,10.74375,10.74375,10.74375,0.17001856863498688,0.051929367569755504,0.11005569994449615,0.20000000298023224,0.20000000298023224,17.095613208269544,0.3080214748805155,16.875568999967072,17.447632499970496,16.963638124871068
class,cicids2017_distrinet,ft_transformer,prim_hybrid_p50_targeted,Hybrid Search p50,targeted,p50,DDoS,800,0,0.0,0.0,0.0,0.0,0.0,0.0,0.0,0.0,0.0,0.0,0.0,0.0,0.0,0.0,0.0,1.0,0.0,1.0,1.0,1.0,0.0,0.0,0.0,0.0,0.0,0.0,0.0,0.0,0.0,0.0,244.84,0.0,244.84,244.84,244.84,5694.609763324873,0.8635325308371009,5695.326982534231,5694.851058617749,5693.65124882264,5694.609682971014,0.863532522471397,5695.326902173913,5694.850978260869,5693.651168478261,0.026724587272093963,3.744023806346159e-06,0.026727787649347447,0.02672550420550221,0.026720469961432233,10.56,0.0,10.56,10.56,10.56,,,,,,16.89697141671786,0.14847262205131914,16.90693350014044,16.743768625019584,17.04021212499356
class,cicids2017_distrinet,ft_transformer,prim_hybrid_p50_targeted,Hybrid Search p50,targeted,p50,Recon,800,0,0.0,0.0,0.0,0.0,0.0,0.0,0.0,0.0,0.0,0.0,0.0,0.0,0.0,0.0,0.0,1.0,0.0,1.0,1.0,1.0,0.0,0.0,0.0,0.0,0.0,0.0,0.0,0.0,0.0,0.0,3.8575,0.0,3.8575,3.8575,3.8575,0.1563459202983276,0.0,0.1563459202983276,0.1563459202983276,0.1563459202983276,0.15576428430958403,0.0,0.15576428430958403,0.15576428430958403,0.15576428430958403,1.2575709532214613e-05,0.0,1.2575709532214613e-05,1.2575709532214613e-05,1.2575709532214613e-05,0.1175,0.0,0.1175,0.1175,0.1175,,,,,,3.214707000006456,0.019444092223340283,3.214225750125479,3.234387249976862,3.1955079999170266
class,cicids2017_distrinet,ft_transformer,prim_hybrid_p50_targeted,Hybrid Search p50,targeted,p50,BruteForce,800,0,0.00375,0.0,0.00375,0.00375,0.00375,0.00375,0.0,0.00375,0.00375,0.00375,0.0,0.0,0.0,0.0,0.0,1.0,0.0,1.0,1.0,1.0,0.00375,0.0,0.00375,0.00375,0.00375,0.00375,0.0,0.00375,0.00375,0.00375,255.0,0.0,255.0,255.0,255.0,1942.4793207779683,0.006615468344636825,1942.4816393116696,1942.484464900882,1942.4718581213526,1942.4791213768115,0.006616461874516811,1942.4814402173913,1942.4842663043478,1942.4716576086958,0.01736127016091354,1.1530950895739187e-07,0.017361146287255023,0.01736137437977681,0.01736128981570879,10.963333333333333,0.0007216878364863759,10.96375,10.9625,10.96375,0.43061049779256183,0.05504286663309578,0.44486111402511597,0.4771266579627991,0.3698437213897705,17.28252741653705,0.25018103116379997,17.09434787480859,17.566437874920666,17.186796499881893
class,cicids2018_distrinet,mlp-s42,prim_hybrid_p50_targeted,Hybrid Search p50,targeted,p50,DoS,800,0,0.0,0.0,0.0,0.0,0.0,0.0,0.0,0.0,0.0,0.0,0.0,0.0,0.0,0.0,0.0,1.0,0.0,1.0,1.0,1.0,0.0,0.0,0.0,0.0,0.0,0.0,0.0,0.0,0.0,0.0,236.9025,0.0,236.9025,236.9025,236.9025,0.4941569513303216,0.016457306764844817,0.47528077603261965,0.5016949204170755,0.5054951575412697,0.4517239380426143,0.016524344173834003,0.4327998752801351,0.4590731900230096,0.46329874882469824,0.00017292324363748213,1.336151394077171e-06,0.00017141171320218595,0.0001734111332211611,0.00017394688448909936,2.7291666666666665,0.028182810955143047,2.75625,2.7,2.73125,,,,,,3.794567833247129,0.2781748934098612,3.473494999925606,3.9631942499545403,3.9470142498612404
class,cicids2018_distrinet,mlp-s42,prim_hybrid_p50_targeted,Hybrid Search p50,targeted,p50,DDoS,800,0,0.00125,0.0,0.00125,0.00125,0.00125,0.00125,0.0,0.00125,0.00125,0.00125,0.0,0.0,0.0,0.0,0.0,1.0,0.0,1.0,1.0,1.0,0.00125,0.0,0.00125,0.00125,0.00125,0.00125,0.0,0.00125,0.00125,0.00125,241.9825,0.0,241.9825,241.9825,241.9825,841.1134647416435,0.07103693538107958,841.0431501039957,841.1120415330294,841.1852025879059,840.8202425274743,0.0726023227546506,840.7486062225362,840.8183475902995,840.8937737695871,0.01989215482963756,1.5876998869139147e-05,0.019909197278090134,0.019889485554329924,0.01987778165649261,10.71,0.022946949688357594,10.73625,10.7,10.69375,0.626020630200704,0.06877328117339845,0.5485183596611023,0.679765522480011,0.6497780084609985,3.497370500214553,0.01817994004934122,3.502255125204101,3.477247250266373,3.512609125173185
class,cicids2018_distrinet,mlp-s42,prim_hybrid_p50_targeted,Hybrid Search p50,targeted,p50,Recon,800,0,0.02625,0.0,0.02625,0.02625,0.02625,0.02625,0.0,0.02625,0.02625,0.02625,0.0,0.0,0.0,0.0,0.0,0.9991666666666666,0.0014433756729740337,1.0,1.0,0.9975,0.02625,0.0,0.02625,0.02625,0.02625,0.02625,0.0,0.02625,0.02625,0.02625,29.2675,0.0,29.2675,29.2675,29.2675,265.9454575445556,2.4986602398827196,266.98705948316564,267.7548072239177,263.0945059265835,265.89115351266975,2.4995392295485277,266.9340410384411,267.70037179446047,263.03904770510775,0.005121252716298571,2.9343515226713012e-05,0.005101834489566551,0.005155008476807129,0.005106915182522032,1.015,0.015155444566227692,1.0125,1.03125,1.00125,0.44797324140866596,0.0571966940258333,0.4754796624183655,0.486220121383667,0.38221994042396545,3.0587220417025187,0.14873136950751478,3.1163236251450144,3.170037499803584,2.889805000158958
class,cicids2018_distrinet,mlp-s42,prim_hybrid_p50_targeted,Hybrid Search p50,targeted,p50,BruteForce,800,0,0.0,0.0,0.0,0.0,0.0,0.0,0.0,0.0,0.0,0.0,0.0,0.0,0.0,0.0,0.0,1.0,0.0,1.0,1.0,1.0,0.0,0.0,0.0,0.0,0.0,0.0,0.0,0.0,0.0,0.0,255.0,0.0,255.0,255.0,255.0,0.11991728798336336,4.626583491673267e-06,0.11992126290796046,0.11991839167871866,0.11991220936341096,0.09535098892736608,1.879687445814299e-06,0.09535282389822966,0.09535107537736119,0.09534906750650743,0.00020950828733721537,4.134427794479336e-09,0.00020951230641567527,0.00020950850910913304,0.00020950404648683777,11.99125,0.0,11.99125,11.99125,11.99125,,,,,,3.3221187499778657,0.1826112739875951,3.421323999937158,3.433654624968767,3.1113776250276715
class,cicids2018_distrinet,cnn-s42,prim_hybrid_p50_targeted,Hybrid Search p50,targeted,p50,DoS,800,0,0.0,0.0,0.0,0.0,0.0,0.0,0.0,0.0,0.0,0.0,0.0,0.0,0.0,0.0,0.0,1.0,0.0,1.0,1.0,1.0,0.0,0.0,0.0,0.0,0.0,0.0,0.0,0.0,0.0,0.0,236.585,0.0,236.585,236.585,236.585,0.3159582349708223,0.0016674932987899853,0.3169642917477905,0.3140334396455139,0.3168769735191625,0.29689762342731785,0.0012624090962105484,0.2979661991902101,0.2955046818872791,0.2972219892044644,0.00010961343865694525,2.6268079046256286e-06,0.00011093799657100474,0.00010658805167931415,0.00011131426772051687,3.640833333333333,0.023924795366592696,3.63375,3.62125,3.6675,,,,,,2.9841872500643754,0.08221582893211822,2.9044686249108054,2.9794018750544637,3.0686912502278574
class,cicids2018_distrinet,cnn-s42,prim_hybrid_p50_targeted,Hybrid Search p50,targeted,p50,DDoS,800,0,0.0,0.0,0.0,0.0,0.0,0.0,0.0,0.0,0.0,0.0,0.0,0.0,0.0,0.0,0.0,1.0,0.0,1.0,1.0,1.0,0.0,0.0,0.0,0.0,0.0,0.0,0.0,0.0,0.0,0.0,241.9825,0.0,241.9825,241.9825,241.9825,331.8794596294726,2.2527751446311304,333.9841147041643,329.5031924731491,332.15107171110435,331.57961718570294,2.221600293742134,333.6915913752331,329.2626060498411,331.78465413203463,0.008691232478556993,0.00017462220509547712,0.00880998933970493,0.008490731688095854,0.008772976407870196,9.341666666666667,0.023924795366593074,9.315,9.36125,9.34875,,,,,,3.0094694583870782,0.058756174710693596,2.946386999974493,3.019383375067264,3.0626380001194775
class,cicids2018_distrinet,cnn-s42,prim_hybrid_p50_targeted,Hybrid Search p50,targeted,p50,Recon,800,0,0.0,0.0,0.0,0.0,0.0,0.0,0.0,0.0,0.0,0.0,0.0,0.0,0.0,0.0,0.0,0.9970833333333333,0.0007216878364870809,0.9975,0.9975,0.99625,0.0,0.0,0.0,0.0,0.0,0.0,0.0,0.0,0.0,0.0,29.2675,0.0,29.2675,29.2675,29.2675,595.9618009153143,9.921883748043449,585.6513611677565,605.4430930571758,596.7909485210108,595.6477751915312,9.920693829798584,585.3385663026422,605.1279229693089,596.4768363026423,0.007769767048488187,0.00022685169018305153,0.007535942646493364,0.007988935306092187,0.007784423192879008,1.2437500000000001,0.0021650635094611786,1.245,1.24125,1.245,,,,,,2.734216875008618,0.06759842951185507,2.6907422501244582,2.6998113747686148,2.8120970001327805
class,cicids2018_distrinet,cnn-s42,prim_hybrid_p50_targeted,Hybrid Search p50,targeted,p50,BruteForce,800,0,0.0,0.0,0.0,0.0,0.0,0.0,0.0,0.0,0.0,0.0,0.0,0.0,0.0,0.0,0.0,1.0,0.0,1.0,1.0,1.0,0.0,0.0,0.0,0.0,0.0,0.0,0.0,0.0,0.0,0.0,255.0,0.0,255.0,255.0,255.0,0.9315268369101405,0.008742879890342338,0.9392018332177487,0.9220096580843617,0.9333690194283111,0.9227141331352234,0.008838702187181633,0.9304825979171686,0.9130974603780152,0.9245623411104864,0.00019093064352115264,2.1685061823727532e-07,0.00019113594812686025,0.0001909521351057291,0.00019070384733086847,11.405833333333334,0.03105774192264089,11.425,11.4225,11.37,,,,,,2.977692708276057,0.08617060085646674,2.9649473750032485,2.898604624788277,3.0695261250366457
class,cicids2018_distrinet,ft_transformer-s42,prim_hybrid_p50_targeted,Hybrid Search p50,targeted,p50,DoS,800,0,0.0,0.0,0.0,0.0,0.0,0.0,0.0,0.0,0.0,0.0,0.0,0.0,0.0,0.0,0.0,1.0,0.0,1.0,1.0,1.0,0.0,0.0,0.0,0.0,0.0,0.0,0.0,0.0,0.0,0.0,236.9025,0.0,236.9025,236.9025,236.9025,3.6059919085820984,0.010319462943387103,3.6003415723783894,3.5997315612319416,3.6179025921359638,3.5385612152393375,0.010451097386004658,3.533033954456428,3.5320343947402257,3.5506152965213595,0.0005584057032844722,9.71516404619533e-07,0.0005580055842270483,0.0005576981435761913,0.0005595133820501771,10.105833333333335,0.021842237370135593,10.0875,10.13,10.1,,,,,,16.2062349167536,0.18599248748722788,16.15469162527006,16.41256312490441,16.051450000086334
class,cicids2018_distrinet,ft_transformer-s42,prim_hybrid_p50_targeted,Hybrid Search p50,targeted,p50,DDoS,800,0,0.0,0.0,0.0,0.0,0.0,0.0,0.0,0.0,0.0,0.0,0.0,0.0,0.0,0.0,0.0,1.0,0.0,1.0,1.0,1.0,0.0,0.0,0.0,0.0,0.0,0.0,0.0,0.0,0.0,0.0,241.9825,0.0,241.9825,241.9825,241.9825,168.52861981955957,3.761825395948714,164.1848475731528,170.70839980839096,170.6926120771349,166.57821108453132,3.689339831442411,162.318128535655,168.70730397233777,168.70920074560115,0.009742639483226088,0.00024301585879156476,0.009462934537047194,0.00990200002993899,0.009862983882692081,8.72375,0.014197270864501222,8.7075,8.73,8.73375,,,,,,16.30815458338475,0.15610525844580203,16.211156125064008,16.225077499984764,16.488230125105474
class,cicids2018_distrinet,ft_transformer-s42,prim_hybrid_p50_targeted,Hybrid Search p50,targeted,p50,Recon,800,0,0.0,0.0,0.0,0.0,0.0,0.0,0.0,0.0,0.0,0.0,0.0,0.0,0.0,0.0,0.0,0.9975,0.0,0.9975,0.9975,0.9975,0.0,0.0,0.0,0.0,0.0,0.0,0.0,0.0,0.0,0.0,29.2675,0.0,29.2675,29.2675,29.2675,729.5876265331734,0.010847661872882167,729.5751668426888,729.5949694160968,729.5927433407345,729.5188978683327,0.011392403089302585,729.5058300905549,729.526740090555,729.5241234238883,0.009831523893237763,1.0065746565312654e-07,0.009831451485575066,0.009831481358430701,0.009831638835707522,1.1575,0.0,1.1575,1.1575,1.1575,,,,,,3.5928487500253445,0.05528909435927099,3.561555999913253,3.5603032502694987,3.6566869998932816
class,cicids2018_distrinet,ft_transformer-s42,prim_hybrid_p50_targeted,Hybrid Search p50,targeted,p50,BruteForce,800,0,0.0,0.0,0.0,0.0,0.0,0.0,0.0,0.0,0.0,0.0,0.0,0.0,0.0,0.0,0.0,1.0,0.0,1.0,1.0,1.0,0.0,0.0,0.0,0.0,0.0,0.0,0.0,0.0,0.0,0.0,255.0,0.0,255.0,255.0,255.0,0.7465010137101324,0.005792505590739782,0.7521320011144887,0.7468115569011686,0.74055948311474,0.7332611986096609,0.005896024053293793,0.7389960258881482,0.7335713495569298,0.7272162203839049,0.0001877849503631145,2.3345044626202164e-07,0.0001875454183769826,0.00018779763026196316,0.00018801180245039774,11.090000000000002,0.03466356155965488,11.05,11.11125,11.10875,,,,,,17.408326000052813,0.3175347669395414,17.738506624882575,17.381307750183623,17.105163625092246
class,cicids2017_distrinet,mlp,prim_hybrid_p75_targeted,Hybrid Search p75,targeted,p75,DoS,800,0,0.05125,0.0,0.05125,0.05125,0.05125,0.05125,0.0,0.05125,0.05125,0.05125,0.0,0.0,0.0,0.0,0.0,1.0,0.0,1.0,1.0,1.0,0.05125,0.0,0.05125,0.05125,0.05125,0.05125,0.0,0.05125,0.05125,0.05125,250.30499999999998,3.4809342861069267e-14,250.305,250.305,250.305,2039.465089279374,2.6821630392020146,2036.5675742262874,2041.8611078347335,2039.966585777101,2039.1990182863256,2.6821673169468188,2036.3014955150898,2041.595035106726,2039.7005242371608,0.01237410340680616,4.0219610595271266e-05,0.01240853452032542,0.012329897279604186,0.012383878420488874,10.8675,0.003750000000000142,10.8675,10.86375,10.87125,0.7287373741467794,0.06053772155550936,0.7604301571846008,0.6589327454566956,0.7668492197990417,3.2912397916273526,0.09391991120781046,3.3996098750503734,3.2406454998999834,3.2334639999317005
class,cicids2017_distrinet,mlp,prim_hybrid_p75_targeted,Hybrid Search p75,targeted,p75,DDoS,800,0,0.1075,0.0,0.1075,0.1075,0.1075,0.1075,0.0,0.1075,0.1075,0.1075,0.0,0.0,0.0,0.0,0.0,1.0,0.0,1.0,1.0,1.0,0.1075,0.0,0.1075,0.1075,0.1075,0.1075,0.0,0.1075,0.1075,0.1075,244.84,0.0,244.84,244.84,244.84,7863.571152741614,3.082542297645932,7863.7969863233475,7860.3819043022095,7866.534567599286,7863.571041666666,3.082542157454127,7863.796875,7860.38179347826,7866.534456521739,0.03719966511639739,3.533488228059914e-05,0.0372245691591968,0.037159223893598436,0.03721520229639693,10.6275,0.003307189138830416,10.625,10.62625,10.63125,0.6078409949938456,0.014605963608223803,0.5988300144672394,0.5999999940395355,0.624692976474762,3.1404563750644834,0.042181953259284366,3.1437917501898482,3.180871625081636,3.0967057499219663
class,cicids2017_distrinet,mlp,prim_hybrid_p75_targeted,Hybrid Search p75,targeted,p75,Recon,800,0,0.0,0.0,0.0,0.0,0.0,0.0,0.0,0.0,0.0,0.0,0.0,0.0,0.0,0.0,0.0,1.0,0.0,1.0,1.0,1.0,0.0,0.0,0.0,0.0,0.0,0.0,0.0,0.0,0.0,0.0,3.8575,0.0,3.8575,3.8575,3.8575,12.609018156961774,0.0,12.609018156961774,12.609018156961774,12.609018156961774,12.607449000337747,0.0,12.607449000337747,12.607449000337747,12.607449000337747,8.270734969063338e-05,1.6598388128790506e-20,8.270734969063336e-05,8.270734969063336e-05,8.270734969063336e-05,0.1175,0.0,0.1175,0.1175,0.1175,,,,,,2.715950708273643,0.045214349517580535,2.76493474986637,2.707103499851655,2.6758138751029037
class,cicids2017_distrinet,mlp,prim_hybrid_p75_targeted,Hybrid Search p75,targeted,p75,BruteForce,800,0,0.005,0.0,0.005,0.005,0.005,0.005,0.0,0.005,0.005,0.005,0.0,0.0,0.0,0.0,0.0,1.0,0.0,1.0,1.0,1.0,0.005,0.0,0.005,0.005,0.005,0.005,0.0,0.005,0.005,0.005,255.0,0.0,255.0,255.0,255.0,3795.8730926383637,0.28037100922348746,3796.142269687074,3795.894278598918,3795.5827296290995,3795.872952898551,0.28038308465228146,3796.14214673913,3795.8941304347827,3795.582581521739,0.03397937537474747,4.010932489829652e-06,0.03397585674187528,0.0339837427549234,0.03397852662744373,10.903333333333334,0.00832291014809883,10.89375,10.9075,10.90875,0.3421933675805728,0.05031772650496735,0.30529503524303436,0.3995110094547272,0.32177405804395676,3.213390833213149,0.08383993817809267,3.1255369997234084,3.222098249825649,3.2925372500903904
class,cicids2017_distrinet,cnn,prim_hybrid_p75_targeted,Hybrid Search p75,targeted,p75,DoS,800,0,0.205,0.0,0.205,0.205,0.205,0.205,0.0,0.205,0.205,0.205,0.0,0.0,0.0,0.0,0.0,1.0,0.0,1.0,1.0,1.0,0.205,0.0,0.205,0.205,0.205,0.205,0.0,0.205,0.205,0.205,250.62250000000003,3.4809342861069267e-14,250.6225,250.6225,250.6225,2093.8640146251246,7.556370268688594,2091.983804772899,2087.425275480435,2102.18296362204,2093.5993318179635,7.556130573256647,2091.7204833799733,2087.1598973413065,2101.9176147326107,0.01102907161135444,0.00010671742683338775,0.010944584635629764,0.010993629370864573,0.011149000827568986,10.927083333333334,0.017062996024536654,10.90875,10.93,10.9425,0.6748000184694926,0.011452942794311458,0.6783846318721771,0.6619835197925568,0.6840319037437439,3.0990147084230557,0.16856290381489825,3.2710972501081415,3.091739875089843,2.934207000071183
class,cicids2017_distrinet,cnn,prim_hybrid_p75_targeted,Hybrid Search p75,targeted,p75,DDoS,800,0,0.315,0.0,0.315,0.315,0.315,0.315,0.0,0.315,0.315,0.315,0.0,0.0,0.0,0.0,0.0,1.0,0.0,1.0,1.0,1.0,0.315,0.0,0.315,0.315,0.315,0.315,0.0,0.315,0.315,0.315,244.84,0.0,244.84,244.84,244.84,6589.363787164643,24.766874157522942,6561.040462668224,6600.099077769632,6606.951821056075,6589.363677536232,24.766874056379454,6561.040353260869,6600.0989673913045,6606.951711956523,0.032480224463239456,0.00016851158168162286,0.032287727742182214,0.03260106779169851,0.03255187785583766,10.751666666666665,0.006884463184107547,10.75125,10.75875,10.745,0.5468509296576182,0.019542774454251628,0.5259367525577545,0.5499685406684875,0.5646474957466125,3.619720624992624,0.0910682460475117,3.5873691248707473,3.5492450001765974,3.722547749930527
class,cicids2017_distrinet,cnn,prim_hybrid_p75_targeted,Hybrid Search p75,targeted,p75,Recon,800,0,0.00125,0.0,0.00125,0.00125,0.00125,0.00125,0.0,0.00125,0.00125,0.00125,0.0,0.0,0.0,0.0,0.0,1.0,0.0,1.0,1.0,1.0,0.00125,0.0,0.00125,0.00125,0.00125,0.00125,0.0,0.00125,0.00125,0.00125,3.5400000000000005,5.438959822042073e-16,3.54,3.54,3.54,0.15267498484652606,0.006099098110961839,0.14739418013323852,0.15935070924140027,0.15128006516493933,0.15099108602965441,0.006099095846769277,0.14571028892820512,0.15766681066733557,0.1495961584934225,2.4094053903097873e-05,2.058419547098104e-08,2.4070813959979812e-05,2.4109991036466415e-05,2.4101356712847396e-05,0.10541666666666666,0.0007216878364870328,0.105,0.105,0.10625,0.9088636040687561,0.11532040055112108,0.7792055606842041,0.9999678730964661,0.9474173784255981,3.207632708363235,0.1258301604289156,3.324398624827154,3.22413312504068,3.074366375221871
class,cicids2017_distrinet,cnn,prim_hybrid_p75_targeted,Hybrid Search p75,targeted,p75,BruteForce,800,0,0.00875,0.0,0.00875,0.00875,0.00875,0.00875,0.0,0.00875,0.00875,0.00875,0.0,0.0,0.0,0.0,0.0,1.0,0.0,1.0,1.0,1.0,0.00875,0.0,0.00875,0.00875,0.00875,0.00875,0.0,0.00875,0.00875,0.00875,255.0,0.0,255.0,255.0,255.0,3807.328737014616,0.42417723215835845,3807.6806124340287,3806.857733056092,3807.4478655537278,3807.3285688405795,0.4241819601796924,3807.6804347826087,3806.857554347826,3807.447717391304,0.034139147735596724,8.162783111163736e-06,0.03414855200869537,0.03413389717974211,0.034134994018352675,10.975833333333334,0.008508574106942213,10.97875,10.9825,10.96625,0.43278126915295917,0.15684469457811306,0.45680665969848633,0.2653100788593292,0.576227068901062,3.3579710833146237,0.14851581446341938,3.3407475001877174,3.5143477498786524,3.2188179998775013
class,cicids2017_distrinet,ft_transformer,prim_hybrid_p75_targeted,Hybrid Search p75,targeted,p75,DoS,800,0,0.00125,0.0,0.00125,0.00125,0.00125,0.00125,0.0,0.00125,0.00125,0.00125,0.0,0.0,0.0,0.0,0.0,1.0,0.0,1.0,1.0,1.0,0.00125,0.0,0.00125,0.00125,0.00125,0.00125,0.0,0.00125,0.00125,0.00125,250.62250000000003,3.4809342861069267e-14,250.6225,250.6225,250.6225,2251.309467943802,0.8886184538069304,2251.380801289775,2250.3873327593833,2252.1602697822473,2251.0691568597845,0.891496173950918,2251.138485323953,2250.145020536395,2251.9239647190057,0.011666051781773401,3.7312574210731152e-06,0.011669958383850978,0.011665672052181332,0.011662524909287897,10.779583333333335,0.008322910148099409,10.785,10.78375,10.77,0.17001856863498688,0.051929367569755504,0.11005569994449615,0.20000000298023224,0.20000000298023224,17.089895250004094,0.13011881015302956,17.05923787492793,17.232605250028428,16.977842625055928
class,cicids2017_distrinet,ft_transformer,prim_hybrid_p75_targeted,Hybrid Search p75,targeted,p75,DDoS,800,0,0.0,0.0,0.0,0.0,0.0,0.0,0.0,0.0,0.0,0.0,0.0,0.0,0.0,0.0,0.0,1.0,0.0,1.0,1.0,1.0,0.0,0.0,0.0,0.0,0.0,0.0,0.0,0.0,0.0,0.0,244.84,0.0,244.84,244.84,244.84,7068.0852528775295,13.011655332469195,7082.717544720925,7063.722952085197,7057.8152618264685,7068.085153985507,13.01165517872275,7082.717445652174,7063.722853260869,7057.815163043478,0.033290544183901725,5.964611256322386e-05,0.03335821234128324,0.03326781974522977,0.03324560046519216,10.56,0.0,10.56,10.56,10.56,,,,,,16.715996041796945,0.22890012576152186,16.58992175012827,16.98021525022341,16.57785112503916
class,cicids2017_distrinet,ft_transformer,prim_hybrid_p75_targeted,Hybrid Search p75,targeted,p75,Recon,800,0,0.0,0.0,0.0,0.0,0.0,0.0,0.0,0.0,0.0,0.0,0.0,0.0,0.0,0.0,0.0,1.0,0.0,1.0,1.0,1.0,0.0,0.0,0.0,0.0,0.0,0.0,0.0,0.0,0.0,0.0,3.8575,0.0,3.8575,3.8575,3.8575,0.3735845628008181,0.0,0.3735845628008181,0.3735845628008181,0.3735845628008181,0.3720142177290519,6.798699777552591e-17,0.37201421772905185,0.37201421772905185,0.37201421772905185,2.511615571098513e-05,0.0,2.511615571098513e-05,2.511615571098513e-05,2.511615571098513e-05,0.1175,0.0,0.1175,0.1175,0.1175,,,,,,3.2048434165578024,0.026631793225305275,3.1956487498246133,3.184027249808423,3.234854250040371
class,cicids2017_distrinet,ft_transformer,prim_hybrid_p75_targeted,Hybrid Search p75,targeted,p75,BruteForce,800,0,0.00375,0.0,0.00375,0.00375,0.00375,0.00375,0.0,0.00375,0.00375,0.00375,0.0,0.0,0.0,0.0,0.0,1.0,0.0,1.0,1.0,1.0,0.00375,0.0,0.00375,0.00375,0.00375,0.00375,0.0,0.00375,0.00375,0.00375,255.0,0.0,255.0,255.0,255.0,3781.4953344288206,0.02732223357301544,3781.505924551682,3781.464302401354,3781.515776333427,3781.4949184782613,0.0273213932706322,3781.505516304348,3781.4638858695653,3781.5153532608697,0.03379677080042701,3.0308479943866595e-07,0.033796649229395126,0.0337965473751782,0.033797115796707716,10.96375,0.0,10.96375,10.96375,10.96375,0.30001436670621234,4.6078682568365864e-05,0.30006757378578186,0.2999877631664276,0.2999877631664276,17.303041125123855,0.15427360629051867,17.12633637507679,17.410936250234954,17.37185075005982
class,cicids2018_distrinet,mlp-s42,prim_hybrid_p75_targeted,Hybrid Search p75,targeted,p75,DoS,800,0,0.0,0.0,0.0,0.0,0.0,0.0,0.0,0.0,0.0,0.0,0.0,0.0,0.0,0.0,0.0,1.0,0.0,1.0,1.0,1.0,0.0,0.0,0.0,0.0,0.0,0.0,0.0,0.0,0.0,0.0,236.9025,0.0,236.9025,236.9025,236.9025,1.3620185095501258,0.035695638757846884,1.3371685853443822,1.402922228236762,1.3459647150692333,1.2872858843993258,0.036409707705178845,1.2619049003803406,1.3290025896108117,1.270950163206825,0.00034008035286254705,3.988488379863196e-06,0.00034072371638919533,0.0003358092911370342,0.00034370805106141163,2.795833333333333,0.054519682990029766,2.79125,2.74375,2.8525,,,,,,3.420941791652391,0.28463900058553804,3.7471361248753965,3.2927345001371577,3.22295474994462
class,cicids2018_distrinet,mlp-s42,prim_hybrid_p75_targeted,Hybrid Search p75,targeted,p75,DDoS,800,0,0.005,0.0,0.005,0.005,0.005,0.005,0.0,0.005,0.005,0.005,0.0,0.0,0.0,0.0,0.0,1.0,0.0,1.0,1.0,1.0,0.005,0.0,0.005,0.005,0.005,0.005,0.0,0.005,0.005,0.005,241.9825,0.0,241.9825,241.9825,241.9825,1147.7981540658138,0.17451951292629977,1147.692648091452,1147.702218023734,1147.9995960822555,1147.4212161027065,0.17472487523240038,1147.3132022071193,1147.327647541709,1147.6227985592916,0.027259606305573687,2.086636806290676e-05,0.02724401967054306,0.027251487428945724,0.027283311817232273,10.772499999999999,0.022114757516193136,10.77625,10.74875,10.7925,0.8681760827700297,0.0435142473097396,0.8859377503395081,0.8185904324054718,0.9000000655651093,3.239784166604901,0.030564492952148907,3.2067190000088885,3.2670036249328405,3.245629874872975
class,cicids2018_distrinet,mlp-s42,prim_hybrid_p75_targeted,Hybrid Search p75,targeted,p75,Recon,800,0,0.02625,0.0,0.02625,0.02625,0.02625,0.02625,0.0,0.02625,0.02625,0.02625,0.0,0.0,0.0,0.0,0.0,0.9991666666666666,0.0014433756729740337,1.0,1.0,0.9975,0.02625,0.0,0.02625,0.02625,0.02625,0.02625,0.0,0.02625,0.02625,0.02625,29.2675,0.0,29.2675,29.2675,29.2675,265.9454575445556,2.4986602398827196,266.98705948316564,267.7548072239177,263.0945059265835,265.89115351266975,2.4995392295485277,266.9340410384411,267.70037179446047,263.03904770510775,0.005121252716298571,2.9343515226713012e-05,0.005101834489566551,0.005155008476807129,0.005106915182522032,1.015,0.015155444566227692,1.0125,1.03125,1.00125,0.44797324140866596,0.0571966940258333,0.4754796624183655,0.486220121383667,0.38221994042396545,2.8953850415806905,0.03635015535667684,2.9329189998679794,2.8928887500660494,2.8603473748080432
class,cicids2018_distrinet,mlp-s42,prim_hybrid_p75_targeted,Hybrid Search p75,targeted,p75,BruteForce,800,0,0.0,0.0,0.0,0.0,0.0,0.0,0.0,0.0,0.0,0.0,0.0,0.0,0.0,0.0,0.0,1.0,0.0,1.0,1.0,1.0,0.0,0.0,0.0,0.0,0.0,0.0,0.0,0.0,0.0,0.0,255.0,0.0,255.0,255.0,255.0,0.24340900126561502,2.3688012730516003e-06,0.24340641669626512,0.2434110689343418,0.24340951816623818,0.1936394791170879,1.3562506787724859e-06,0.19363797600265711,0.1936406113331527,0.19363985001545395,0.00042539609767288386,2.9568634951398994e-09,0.00042539282807215,0.0004253985841333999,0.0004253968808131018,11.99375,0.0,11.99375,11.99375,11.99375,,,,,,3.149677458277438,0.037843554889854664,3.1532402499578893,3.1101784997736104,3.185613625100814
class,cicids2018_distrinet,cnn-s42,prim_hybrid_p75_targeted,Hybrid Search p75,targeted,p75,DoS,800,0,0.0,0.0,0.0,0.0,0.0,0.0,0.0,0.0,0.0,0.0,0.0,0.0,0.0,0.0,0.0,1.0,0.0,1.0,1.0,1.0,0.0,0.0,0.0,0.0,0.0,0.0,0.0,0.0,0.0,0.0,236.585,0.0,236.585,236.585,236.585,0.46360544376615875,0.0038031152152932105,0.46799018256934416,0.4616233945054816,0.4612027542236504,0.42540609079185726,0.0036875593501006264,0.42966397407934714,0.42324687716271003,0.42330742113351455,0.00019141135696368553,2.3214869813891445e-06,0.00019351259063941562,0.00019180223746703982,0.00018891924278460106,3.4295833333333334,0.05426113556988425,3.41375,3.385,3.49,,,,,,3.0712179583497345,0.07039540612079094,3.1023618750623427,3.120669499912765,2.990622500074096
class,cicids2018_distrinet,cnn-s42,prim_hybrid_p75_targeted,Hybrid Search p75,targeted,p75,DDoS,800,0,0.0,0.0,0.0,0.0,0.0,0.0,0.0,0.0,0.0,0.0,0.0,0.0,0.0,0.0,0.0,1.0,0.0,1.0,1.0,1.0,0.0,0.0,0.0,0.0,0.0,0.0,0.0,0.0,0.0,0.0,241.9825,0.0,241.9825,241.9825,241.9825,599.0675389378238,31.53604462289703,633.1091882802815,570.848647782098,593.2447807510915,598.6113797945695,31.51135017587879,632.6504426589079,570.4575841570264,592.7261125677741,0.015185224247400257,0.0008327304733241869,0.016059284077683436,0.014401128630961739,0.015095260033555593,10.052083333333334,0.023127815143962595,10.075,10.0525,10.02875,,,,,,3.1618455416173674,0.1262837997447319,3.165143374935724,3.0339451247709803,3.286448125145398
class,cicids2018_distrinet,cnn-s42,prim_hybrid_p75_targeted,Hybrid Search p75,targeted,p75,Recon,800,0,0.0,0.0,0.0,0.0,0.0,0.0,0.0,0.0,0.0,0.0,0.0,0.0,0.0,0.0,0.0,0.9970833333333333,0.0007216878364870809,0.9975,0.9975,0.99625,0.0,0.0,0.0,0.0,0.0,0.0,0.0,0.0,0.0,0.0,29.2675,0.0,29.2675,29.2675,29.2675,595.9618009153143,9.921883748043449,585.6513611677565,605.4430930571758,596.7909485210108,595.6477751915312,9.920693829798584,585.3385663026422,605.1279229693089,596.4768363026423,0.007769767048488187,0.00022685169018305153,0.007535942646493364,0.007988935306092187,0.007784423192879008,1.2437500000000001,0.0021650635094611786,1.245,1.24125,1.245,,,,,,2.7757252500547716,0.059544036703132575,2.7819437501602806,2.8319159999955446,2.71331600000849
class,cicids2018_distrinet,cnn-s42,prim_hybrid_p75_targeted,Hybrid Search p75,targeted,p75,BruteForce,800,0,0.0,0.0,0.0,0.0,0.0,0.0,0.0,0.0,0.0,0.0,0.0,0.0,0.0,0.0,0.0,1.0,0.0,1.0,1.0,1.0,0.0,0.0,0.0,0.0,0.0,0.0,0.0,0.0,0.0,0.0,255.0,0.0,255.0,255.0,255.0,2.1131177995691135,0.025950590593455516,2.10698230029822,2.1415863344024983,2.090784764006622,2.094878133572493,0.025983371511254273,2.088766725296496,2.1233724621181698,2.0724952133028136,0.0003975378210145249,1.4530124114261983e-06,0.00039652677960101484,0.00039920290694707975,0.00039688377649548,11.245416666666666,0.025535922410073884,11.26375,11.21625,11.25625,,,,,,3.082486833348715,0.09846427543620559,3.160607625031844,3.114967125002295,2.9718857500120066
class,cicids2018_distrinet,ft_transformer-s42,prim_hybrid_p75_targeted,Hybrid Search p75,targeted,p75,DoS,800,0,0.0,0.0,0.0,0.0,0.0,0.0,0.0,0.0,0.0,0.0,0.0,0.0,0.0,0.0,0.0,1.0,0.0,1.0,1.0,1.0,0.0,0.0,0.0,0.0,0.0,0.0,0.0,0.0,0.0,0.0,236.9025,0.0,236.9025,236.9025,236.9025,6.212036338805315,0.004745044641997331,6.213872249607589,6.215589124092151,6.206647642716201,6.050225970303199,0.003698283402372994,6.052064080778754,6.052645075117606,6.045968755013235,0.0011186421368914667,2.2807759525457817e-06,0.0011195255606646583,0.001120349054980793,0.0011160517950289488,10.485,0.03002603037366036,10.495,10.50875,10.45125,,,,,,16.31304479165313,0.30261193270175146,16.20580262504518,16.078658374899533,16.65467337501468
class,cicids2018_distrinet,ft_transformer-s42,prim_hybrid_p75_targeted,Hybrid Search p75,targeted,p75,DDoS,800,0,0.0,0.0,0.0,0.0,0.0,0.0,0.0,0.0,0.0,0.0,0.0,0.0,0.0,0.0,0.0,1.0,0.0,1.0,1.0,1.0,0.0,0.0,0.0,0.0,0.0,0.0,0.0,0.0,0.0,0.0,241.9825,0.0,241.9825,241.9825,241.9825,250.423592757715,3.5868964780251007,246.2909743638734,252.72849208903065,252.2513118202409,248.29769704578834,3.571699685775778,244.17774086298107,250.5204923174341,250.1948579569498,0.012115802892452251,0.00021916409041943295,0.012050689129194787,0.012360145153428133,0.011936574394733836,8.786666666666667,0.0036084391824349558,8.78875,8.7825,8.78875,,,,,,16.721960041613784,0.19475678460167492,16.61027100024512,16.60876499983715,16.94684412475908
class,cicids2018_distrinet,ft_transformer-s42,prim_hybrid_p75_targeted,Hybrid Search p75,targeted,p75,Recon,800,0,0.0,0.0,0.0,0.0,0.0,0.0,0.0,0.0,0.0,0.0,0.0,0.0,0.0,0.0,0.0,0.9975,0.0,0.9975,0.9975,0.9975,0.0,0.0,0.0,0.0,0.0,0.0,0.0,0.0,0.0,0.0,29.2675,0.0,29.2675,29.2675,29.2675,729.5876265331734,0.010847661872882167,729.5751668426888,729.5949694160968,729.5927433407345,729.5188978683327,0.011392403089302585,729.5058300905549,729.526740090555,729.5241234238883,0.009831523893237763,1.0065746565312654e-07,0.009831451485575066,0.009831481358430701,0.009831638835707522,1.1575,0.0,1.1575,1.1575,1.1575,,,,,,3.716501583403442,0.012162963638481046,3.7290523751289584,3.715684750059154,3.704767625022214
class,cicids2018_distrinet,ft_transformer-s42,prim_hybrid_p75_targeted,Hybrid Search p75,targeted,p75,BruteForce,800,0,0.0,0.0,0.0,0.0,0.0,0.0,0.0,0.0,0.0,0.0,0.0,0.0,0.0,0.0,0.0,1.0,0.0,1.0,1.0,1.0,0.0,0.0,0.0,0.0,0.0,0.0,0.0,0.0,0.0,0.0,255.0,0.0,255.0,255.0,255.0,2.1256746485812346,0.013595990791551124,2.127575326240391,2.138220291891943,2.11122832761137,2.104342124416602,0.013618486230388046,2.106259946992209,2.1169000409605654,2.089866385297031,0.0003994938860957899,1.133567231716134e-06,0.0003992241501071936,0.0004007379910084975,0.00039851951717167854,11.182083333333333,0.020013016597538503,11.1625,11.2025,11.18125,,,,,,17.406933083257172,0.1996937116586916,17.282531624950934,17.63727299985476,17.300994624965824
class,cicids2017_distrinet,mlp,prim_hybrid_unbounded_targeted,Hybrid Search unbounded,targeted,unbounded,DoS,800,0,0.625,0.0,0.625,0.625,0.625,0.625,0.0,0.625,0.625,0.625,0.0,0.0,0.0,0.0,0.0,1.0,0.0,1.0,1.0,1.0,0.625,0.0,0.625,0.625,0.625,0.625,0.0,0.625,0.625,0.625,250.32499999999996,3.4809342861069267e-14,250.325,250.325,250.325,28539.64295982817,157.02956827183309,28676.584294240325,28368.247132876273,28574.0974523679,28539.629350564544,157.0298206906796,28676.570808897875,28368.233200202227,28574.08404259353,0.1686385431255141,0.000535259954433175,0.168943717711465,0.1680204941553975,0.16895141750967987,11.476666666666667,0.003818813079129882,11.4725,11.48,11.4775,0.26283644884824753,0.014897425080478642,0.27299584448337555,0.2697785347700119,0.24573496729135513,3.32033316672702,0.055245583625512615,3.2782595002208836,3.382896250113845,3.2998437498463318
class,cicids2017_distrinet,mlp,prim_hybrid_unbounded_targeted,Hybrid Search unbounded,targeted,unbounded,DDoS,800,0,0.265,0.0,0.265,0.265,0.265,0.265,0.0,0.265,0.265,0.265,0.0,0.0,0.0,0.0,0.0,1.0,0.0,1.0,1.0,1.0,0.265,0.0,0.265,0.265,0.265,0.265,0.0,0.265,0.265,0.265,244.84,0.0,244.84,244.84,244.84,14243.318489637551,20.874442296513866,14219.965861381275,14249.824367968424,14260.165239562954,14243.318278985507,20.874440833046783,14219.965652173914,14249.824157608697,14260.165027173913,0.07047917137129465,0.00021382033930422286,0.07028814392783672,0.07043922098565707,0.07071014920039018,10.744583333333333,0.001909406539564941,10.745,10.7425,10.74625,0.45915429790814716,0.0323166023724397,0.4442509710788727,0.4369785934686661,0.49623332917690277,3.7764270416422128,0.313338000667825,4.055422875098884,3.836432749812957,3.437425500014797
class,cicids2017_distrinet,mlp,prim_hybrid_unbounded_targeted,Hybrid Search unbounded,targeted,unbounded,Recon,800,0,0.01,0.0,0.01,0.01,0.01,0.01,0.0,0.01,0.01,0.01,0.0,0.0,0.0,0.0,0.0,1.0,0.0,1.0,1.0,1.0,0.01,0.0,0.01,0.01,0.01,0.01,0.0,0.01,0.01,0.01,3.8575,0.0,3.8575,3.8575,3.8575,639.4351036083668,8.803116723759254,632.2432926437803,649.2522031351639,636.8098150461564,639.4341938405797,8.803110141858907,632.2423641304348,649.2512771739131,636.8089402173914,0.0016384413509325435,9.764902659643718e-05,0.0017156484380399797,0.0016710040330095292,0.0015286715817481214,0.125,0.0,0.125,0.125,0.125,0.10000000521540642,0.0,0.10000000521540642,0.10000000521540642,0.10000000521540642,3.0661654166760854,0.12009059633901087,3.0715003749355674,2.9434962500818074,3.1834996250108816
class,cicids2017_distrinet,mlp,prim_hybrid_unbounded_targeted,Hybrid Search unbounded,targeted,unbounded,BruteForce,800,0,0.0175,0.0,0.0175,0.0175,0.0175,0.0175,0.0,0.0175,0.0175,0.0175,0.0,0.0,0.0,0.0,0.0,1.0,0.0,1.0,1.0,1.0,0.0175,0.0,0.0175,0.0175,0.0175,0.0175,0.0,0.0175,0.0175,0.0175,255.0,0.0,255.0,255.0,255.0,59189.21239916118,2226.6056021132354,57708.02547611937,58109.82331087027,61749.78841049389,59189.21076992754,2226.6055419483855,57708.02388586957,58109.82171195652,61749.78671195652,0.4873812459023574,0.01827966035545738,0.4750709054889763,0.4786875905025938,0.508385241715502,11.247916666666667,0.014595233240114453,11.245,11.235,11.26375,0.10000000149011612,0.0,0.10000000149011612,0.10000000149011612,0.10000000149011612,3.3582927082898095,0.10421573762968245,3.316265124885831,3.2816531250136904,3.476959874969907
class,cicids2017_distrinet,cnn,prim_hybrid_unbounded_targeted,Hybrid Search unbounded,targeted,unbounded,DoS,800,0,0.9162500000000001,1.3597399555105182e-16,0.91625,0.91625,0.91625,0.9162500000000001,1.3597399555105182e-16,0.91625,0.91625,0.91625,0.0,0.0,0.0,0.0,0.0,1.0,0.0,1.0,1.0,1.0,0.9162500000000001,1.3597399555105182e-16,0.91625,0.91625,0.91625,0.9162500000000001,1.3597399555105182e-16,0.91625,0.91625,0.91625,250.6425,0.0,250.6425,250.6425,250.6425,10133.602823626805,131.81417426417391,9995.981710814585,10258.718784020371,10146.107976045461,10133.54672459555,131.8147088272905,9995.925257204248,10258.663463725985,10146.05145285642,0.089772512726127,0.000923975498054482,0.08880325317337266,0.08987096552163808,0.09064331948337029,11.68875,0.003307189138831423,11.6875,11.68625,11.6925,0.20000001788139343,0.0,0.20000001788139343,0.20000001788139343,0.20000001788139343,2.89886679170498,0.055116529292123496,2.9624991249875166,2.868063749920111,2.8660375002073124
class,cicids2017_distrinet,cnn,prim_hybrid_unbounded_targeted,Hybrid Search unbounded,targeted,unbounded,DDoS,800,0,0.46125,0.0,0.46125,0.46125,0.46125,0.46125,0.0,0.46125,0.46125,0.46125,0.0,0.0,0.0,0.0,0.0,1.0,0.0,1.0,1.0,1.0,0.46125,0.0,0.46125,0.46125,0.46125,0.46125,0.0,0.46125,0.46125,0.46125,244.84,0.0,244.84,244.84,244.84,12497.21984970019,45.380657447976795,12521.785622153957,12444.852101140716,12525.021825805903,12497.219628623187,45.38066168787125,12521.785407608697,12444.851875,12525.02160326087,0.06446576529910884,0.00035364496117689043,0.06411153517279605,0.06446693854865883,0.06481882217587168,10.877083333333333,0.005051814855409099,10.87625,10.8725,10.8825,0.49271316329638165,0.009101844554494731,0.4825107753276825,0.4956287145614624,0.5,2.829357791633811,0.030437094387919025,2.8221474998281337,2.8627526250784285,2.8031732499948703
class,cicids2017_distrinet,cnn,prim_hybrid_unbounded_targeted,Hybrid Search unbounded,targeted,unbounded,Recon,800,0,0.01,0.0,0.01,0.01,0.01,0.01,0.0,0.01,0.01,0.01,0.0,0.0,0.0,0.0,0.0,1.0,0.0,1.0,1.0,1.0,0.01,0.0,0.01,0.01,0.01,0.01,0.0,0.01,0.01,0.01,3.5400000000000005,5.438959822042073e-16,3.54,3.54,3.54,289.9393880234824,53.215690542498756,266.6816940422642,350.8249043383769,252.31156568980612,289.93810688405796,53.215059435514824,266.68027173913043,350.82296195652174,252.31108695652176,0.0004147640476742493,3.684691654905414e-05,0.0003817901577617043,0.0004545369797729962,0.00040796500548804745,0.10583333333333333,0.0007216878364870328,0.10625,0.105,0.10625,0.03383422705034415,0.0017810444679148085,0.03256127517670393,0.03586956486105919,0.03307184111326933,2.716529416599466,0.008075989946328544,2.7137692499672994,2.7256236248649657,2.7101953749661334
class,cicids2017_distrinet,cnn,prim_hybrid_unbounded_targeted,Hybrid Search unbounded,targeted,unbounded,BruteForce,800,0,1.0,0.0,1.0,1.0,1.0,1.0,0.0,1.0,1.0,1.0,0.0,0.0,0.0,0.0,0.0,1.0,0.0,1.0,1.0,1.0,1.0,0.0,1.0,1.0,1.0,1.0,0.0,1.0,1.0,1.0,255.0,0.0,255.0,255.0,255.0,65809.83281421488,406.6825158914319,65729.10814727396,65449.56649813289,66250.82379723784,65809.82915760869,406.68249946475714,65729.10445652175,65449.56288043479,66250.82013586957,0.761518792128043,0.0054221767225889825,0.762339116865906,0.7557331948088658,0.7664840647093573,11.7975,0.013169567191066423,11.78375,11.79875,11.81,0.48881377279758453,0.0047550313101979765,0.48444899916648865,0.4938809275627136,0.48811139166355133,2.901608874963131,0.05793742031129981,2.8387137499521486,2.9133106250083074,2.9528022499289364
class,cicids2017_distrinet,ft_transformer,prim_hybrid_unbounded_targeted,Hybrid Search unbounded,targeted,unbounded,DoS,800,0,0.00125,0.0,0.00125,0.00125,0.00125,0.00125,0.0,0.00125,0.00125,0.00125,0.0,0.0,0.0,0.0,0.0,1.0,0.0,1.0,1.0,1.0,0.00125,0.0,0.00125,0.00125,0.00125,0.00125,0.0,0.00125,0.00125,0.00125,250.6425,0.0,250.6425,250.6425,250.6425,28199.296923982398,304.84746090682,28523.030911815255,27917.725279936112,28157.134580195816,28199.28233497606,304.8461123339534,28523.015328893704,27917.712606264857,28157.119069769615,0.18328834080444364,0.002219963873950897,0.18556721140446122,0.18113239126797345,0.18316541974089623,11.281666666666666,0.005636562191028809,11.2875,11.27625,11.28125,0.17001856863498688,0.051929367569755504,0.11005569994449615,0.20000000298023224,0.20000000298023224,17.14268441661261,0.12969255213006564,17.129894374811556,17.019860750006046,17.27829812502023
class,cicids2017_distrinet,ft_transformer,prim_hybrid_unbounded_targeted,Hybrid Search unbounded,targeted,unbounded,DDoS,800,0,0.0,0.0,0.0,0.0,0.0,0.0,0.0,0.0,0.0,0.0,0.0,0.0,0.0,0.0,0.0,1.0,0.0,1.0,1.0,1.0,0.0,0.0,0.0,0.0,0.0,0.0,0.0,0.0,0.0,0.0,244.84,0.0,244.84,244.84,244.84,9967.197767931533,37.36383851329016,9954.948395597448,10009.148716623613,9937.496191573537,9967.197635869567,37.36384018700543,9954.948260869565,10009.148586956522,9937.496059782608,0.04789874695586152,0.00017855907837141473,0.04785548733334448,0.04809496141210239,0.047745792122137705,10.612916666666667,0.001909406539564941,10.615,10.61125,10.6125,,,,,,16.695993416651618,0.25741278993978073,16.510333500045817,16.989843625051435,16.5878031248576
class,cicids2017_distrinet,ft_transformer,prim_hybrid_unbounded_targeted,Hybrid Search unbounded,targeted,unbounded,Recon,800,0,0.0075,0.0,0.0075,0.0075,0.0075,0.0075,0.0,0.0075,0.0075,0.0075,0.0,0.0,0.0,0.0,0.0,1.0,0.0,1.0,1.0,1.0,0.0075,0.0,0.0075,0.0075,0.0075,0.0075,0.0,0.0075,0.0075,0.0075,3.8575,0.0,3.8575,3.8575,3.8575,1498.8713779710658,20.86353506568206,1520.3628543914567,1478.6983163660366,1497.5529631557035,1498.871349637681,20.86353507657947,1520.3628260869564,1478.6982880434784,1497.5529347826086,0.0046277169582545396,1.0934152060640334e-05,0.004635987331217208,0.004631843513694798,0.004615320029851614,0.11916666666666666,0.0007216878364870328,0.11875,0.11875,0.12,0.047636927415927253,0.004092964681163616,0.042910778895020485,0.05000000260770321,0.05000000074505806,3.2136900000235378,0.005977184258791281,3.2081491249846295,3.212896625045687,3.2200242500402965
class,cicids2017_distrinet,ft_transformer,prim_hybrid_unbounded_targeted,Hybrid Search unbounded,targeted,unbounded,BruteForce,800,0,0.013333333333333334,0.0007216878364870318,0.01375,0.0125,0.01375,0.013333333333333334,0.0007216878364870318,0.01375,0.0125,0.01375,0.0,0.0,0.0,0.0,0.0,1.0,0.0,1.0,1.0,1.0,0.013333333333333334,0.0007216878364870318,0.01375,0.0125,0.01375,0.013333333333333334,0.0007216878364870318,0.01375,0.0125,0.01375,255.0,0.0,255.0,255.0,255.0,126970.18927821318,865.3651625608444,126280.39947463371,127941.18272235252,126688.98563765328,126970.1811865942,865.3651538064997,126280.39138586957,127941.17461956521,126688.97755434783,1.547709872721261,0.0025615580684359798,1.5459712259321536,1.5506514920032342,1.5465069002283962,11.990833333333333,0.0026020824993330015,11.99375,11.99,11.98875,0.12047308186690013,0.12206295061656154,0.05000000074505806,0.26141923666000366,0.05000000819563866,17.22471216674118,0.11816997679176094,17.09504950005794,17.326351625088137,17.252735375077464
class,cicids2018_distrinet,mlp-s42,prim_hybrid_unbounded_targeted,Hybrid Search unbounded,targeted,unbounded,DoS,800,0,0.0,0.0,0.0,0.0,0.0,0.0,0.0,0.0,0.0,0.0,0.0,0.0,0.0,0.0,0.0,1.0,0.0,1.0,1.0,1.0,0.0,0.0,0.0,0.0,0.0,0.0,0.0,0.0,0.0,0.0,236.9025,0.0,236.9025,236.9025,236.9025,58.902727950199136,0.09280935435776781,58.86857999996645,58.83183025727693,59.00777359335403,58.1455651592703,0.0922611521293754,58.10520358357955,58.080362531875586,58.25112936235575,0.0069173476243702655,3.6648505143772506e-05,0.006923161863052891,0.006878139555996191,0.006950741454061716,7.59625,0.06695380870421042,7.6,7.5275,7.66125,,,,,,3.481882375005322,0.022187648465595112,3.4708132498781197,3.507426875003148,3.467407000134699
class,cicids2018_distrinet,mlp-s42,prim_hybrid_unbounded_targeted,Hybrid Search unbounded,targeted,unbounded,DDoS,800,0,0.022083333333333333,0.0007216878364870308,0.02125,0.0225,0.0225,0.022083333333333333,0.0007216878364870308,0.02125,0.0225,0.0225,0.0,0.0,0.0,0.0,0.0,1.0,0.0,1.0,1.0,1.0,0.022083333333333333,0.0007216878364870308,0.02125,0.0225,0.0225,0.022083333333333333,0.0007216878364870308,0.02125,0.0225,0.0225,241.9825,0.0,241.9825,241.9825,241.9825,2101.4074346975335,11.855643262233947,2095.218235193264,2115.0768457616314,2093.9272231377063,2045.8299996004716,11.99883146016656,2039.1352920828806,2059.6824771019897,2038.6722296165442,0.20570155354343347,0.0004298415095998819,0.20611712484692057,0.20525873791027557,0.20572879787310427,11.22375,0.0021650635094611786,11.22125,11.225,11.225,0.4605304350455602,0.03546447957838324,0.5,0.4502478688955307,0.4313434362411499,3.644411499844864,0.011961803992278612,3.657651374815032,3.641199499834329,3.6343836248852313
class,cicids2018_distrinet,mlp-s42,prim_hybrid_unbounded_targeted,Hybrid Search unbounded,targeted,unbounded,Recon,800,0,0.06375,0.0,0.06375,0.06375,0.06375,0.06375,0.0,0.06375,0.06375,0.06375,0.0,0.0,0.0,0.0,0.0,0.9979166666666667,0.0014433756729740977,0.99875,0.99875,0.99625,0.06375,0.0,0.06375,0.06375,0.06375,0.06375,0.0,0.06375,0.06375,0.06375,29.2675,0.0,29.2675,29.2675,29.2675,1051.6717814856236,15.331589990892265,1067.4050935242112,1036.7762691673895,1050.8339817652693,1051.0301034576426,15.342426465991581,1066.7724023465316,1036.1215490131983,1050.1963590131984,0.02943231048040075,5.815633748014005e-05,0.029490592023602644,0.029374280162583078,0.02943205925501653,1.0825,0.0021650635094610507,1.08375,1.08375,1.08,0.19407329459985098,0.010265347131683169,0.20000000298023224,0.19999998807907104,0.18221989274024963,3.0250845833021835,0.1513853595631246,2.8513579998980276,3.0951599997933954,3.128735750215128
class,cicids2018_distrinet,mlp-s42,prim_hybrid_unbounded_targeted,Hybrid Search unbounded,targeted,unbounded,BruteForce,800,0,0.90625,0.0,0.90625,0.90625,0.90625,0.90625,0.0,0.90625,0.90625,0.90625,0.0,0.0,0.0,0.0,0.0,1.0,0.0,1.0,1.0,1.0,0.90625,0.0,0.90625,0.90625,0.90625,0.90625,0.0,0.90625,0.90625,0.90625,255.0,0.0,255.0,255.0,255.0,1289.4840074862423,44.36412084468236,1337.7010183073098,1250.3916734951229,1280.3593306562946,1170.675850432027,45.75612444531717,1220.505182083233,1130.5493075147913,1160.9730616980564,1.1724778229671633,0.0006408264737822353,1.1719968051597067,1.1722313770771149,1.1732052866646687,12.0,0.0,12.0,12.0,12.0,0.6000000238418579,0.0,0.6000000238418579,0.6000000238418579,0.6000000238418579,3.3997945415709787,0.047642628957064566,3.45451087487163,3.3674954998423345,3.377377249998972
class,cicids2018_distrinet,cnn-s42,prim_hybrid_unbounded_targeted,Hybrid Search unbounded,targeted,unbounded,DoS,800,0,0.0,0.0,0.0,0.0,0.0,0.0,0.0,0.0,0.0,0.0,0.0,0.0,0.0,0.0,0.0,1.0,0.0,1.0,1.0,1.0,0.0,0.0,0.0,0.0,0.0,0.0,0.0,0.0,0.0,0.0,236.585,0.0,236.585,236.585,236.585,65.8280007119265,0.40902576352237213,65.63425397706868,66.29790052248514,65.5518476362257,63.42481546102422,0.4050555117790072,63.2357859990643,63.889831021295976,63.14882936271238,0.011805660727235864,4.796888103053492e-06,0.011801588384631674,0.011810948383546196,0.011804445413529725,11.011249999999999,0.008660254037844716,11.00625,11.02125,11.00625,,,,,,2.9485187917210474,0.031789419990674556,2.971990375081077,2.961224374885205,2.9123416251968592
class,cicids2018_distrinet,cnn-s42,prim_hybrid_unbounded_targeted,Hybrid Search unbounded,targeted,unbounded,DDoS,800,0,0.0025,0.0,0.0025,0.0025,0.0025,0.0025,0.0,0.0025,0.0025,0.0025,0.0,0.0,0.0,0.0,0.0,1.0,0.0,1.0,1.0,1.0,0.0025,0.0,0.0025,0.0025,0.0025,0.0025,0.0,0.0025,0.0025,0.0025,241.9825,0.0,241.9825,241.9825,241.9825,20922.472043505073,20.386781145673396,20939.994443087042,20927.324990038735,20900.09669738944,20919.855820367757,20.43204085410408,20937.38297,20924.76951,20897.41498110327,0.46825838187613994,0.00042710904815094255,0.4687439492218284,0.4680903672049828,0.46794082920160884,10.487499999999999,0.00544862367942598,10.48375,10.485,10.49375,0.36592134336630505,0.2646615676985458,0.3091454356908798,0.654363363981247,0.13425523042678833,2.956722333425811,0.1761994879383405,2.895611750136595,3.155341249948833,2.819214000192005
class,cicids2018_distrinet,cnn-s42,prim_hybrid_unbounded_targeted,Hybrid Search unbounded,targeted,unbounded,Recon,800,0,0.04125,0.0,0.04125,0.04125,0.04125,0.04125,0.0,0.04125,0.04125,0.04125,0.0,0.0,0.0,0.0,0.0,0.9970833333333333,0.0007216878364870809,0.9975,0.9975,0.99625,0.04125,0.0,0.04125,0.04125,0.04125,0.04125,0.0,0.04125,0.04125,0.04125,29.2675,0.0,29.2675,29.2675,29.2675,1768.5801845644248,24.738128668592914,1784.9912338055647,1740.126620356588,1780.6226995311215,1766.4816705729334,24.748923556665225,1782.9104612446836,1738.0168346242833,1778.5177158498327,0.03969143414347755,0.0004139673748313255,0.03952426715766216,0.03938718985686863,0.04016284541590186,1.3054166666666667,0.0028867513459481953,1.30375,1.30875,1.30375,0.3026725153128306,0.0046289116581738204,0.30000001192092896,0.3080175220966339,0.30000001192092896,2.8794384999976805,0.024519368742027963,2.8658221251680516,2.907744249969255,2.8647491248557344
class,cicids2018_distrinet,cnn-s42,prim_hybrid_unbounded_targeted,Hybrid Search unbounded,targeted,unbounded,BruteForce,800,0,1.0,0.0,1.0,1.0,1.0,1.0,0.0,1.0,1.0,1.0,0.0,0.0,0.0,0.0,0.0,1.0,0.0,1.0,1.0,1.0,1.0,0.0,1.0,1.0,1.0,1.0,0.0,1.0,1.0,1.0,255.0,0.0,255.0,255.0,255.0,527.2870503366914,10.453513675595117,534.3658159646304,532.2149135953472,515.2804214500968,496.4832124826208,10.667925631820214,503.8989004956095,501.2936027859208,484.25713416633204,0.2583927356284655,0.0014516103749634606,0.25684734152306193,0.2597275629818445,0.2586033023804901,11.955,0.004506939094330568,11.95125,11.95375,11.96,0.15802901983261108,0.0052987753003189576,0.15218760818243027,0.16252625733613968,0.1593731939792633,2.9933917083932706,0.10140022261422114,2.932126625091769,2.9376127501018345,3.110435749986209
class,cicids2018_distrinet,ft_transformer-s42,prim_hybrid_unbounded_targeted,Hybrid Search unbounded,targeted,unbounded,DoS,800,0,0.0,0.0,0.0,0.0,0.0,0.0,0.0,0.0,0.0,0.0,0.0,0.0,0.0,0.0,0.0,1.0,0.0,1.0,1.0,1.0,0.0,0.0,0.0,0.0,0.0,0.0,0.0,0.0,0.0,0.0,236.9025,0.0,236.9025,236.9025,236.9025,65.78168494917658,0.014193793923638095,65.78834239855904,65.79132628854597,65.76538616042473,63.31304523729418,0.008399371214562123,63.31704995988334,63.3186927834852,63.30339296851403,0.011845834992159084,1.8250437290994007e-05,0.011855456825579107,0.01185726118426008,0.011824786966638065,11.05625,0.017320508075688405,11.06625,11.06625,11.03625,,,,,,16.12028658322136,0.23918971846198658,16.300239124975633,16.2117614998715,15.848859124816954
class,cicids2018_distrinet,ft_transformer-s42,prim_hybrid_unbounded_targeted,Hybrid Search unbounded,targeted,unbounded,DDoS,800,0,0.0,0.0,0.0,0.0,0.0,0.0,0.0,0.0,0.0,0.0,0.0,0.0,0.0,0.0,0.0,1.0,0.0,1.0,1.0,1.0,0.0,0.0,0.0,0.0,0.0,0.0,0.0,0.0,0.0,0.0,241.9825,0.0,241.9825,241.9825,241.9825,9501.467915118037,119.52723676411648,9525.71342556839,9607.013663519432,9371.676656266289,9494.257792052582,119.4932631865751,9518.357039250408,9599.864701040475,9364.551635866866,0.26440779376338625,0.0023783754772414476,0.2660354106330846,0.26550966207706445,0.2616783085800097,9.765833333333333,0.0461372499541669,9.8075,9.71625,9.77375,,,,,,16.579855999928743,0.1404986748993733,16.433672000130173,16.592017249786295,16.713878749869764
class,cicids2018_distrinet,ft_transformer-s42,prim_hybrid_unbounded_targeted,Hybrid Search unbounded,targeted,unbounded,Recon,800,0,0.005,0.0,0.005,0.005,0.005,0.005,0.0,0.005,0.005,0.005,0.0,0.0,0.0,0.0,0.0,0.9975,0.0,0.9975,0.9975,0.9975,0.005,0.0,0.005,0.005,0.005,0.005,0.0,0.005,0.005,0.005,29.2675,0.0,29.2675,29.2675,29.2675,2660.946836793863,0.5775066372975182,2660.3269671716525,2661.4696921411273,2661.043851068808,2659.247109217711,0.5782102506332513,2658.627170328822,2659.7717503288227,2659.342406995489,0.06189351416314681,7.805356124186453e-08,0.06189349371789813,0.061893600404533816,0.06189344836700848,1.19875,0.0,1.19875,1.19875,1.19875,0.10000000149011612,0.0,0.10000000149011612,0.10000000149011612,0.10000000149011612,3.6027057082780325,0.010307199873483592,3.6084656248567626,3.6088454999844544,3.590805999992881
class,cicids2018_distrinet,ft_transformer-s42,prim_hybrid_unbounded_targeted,Hybrid Search unbounded,targeted,unbounded,BruteForce,800,0,0.0,0.0,0.0,0.0,0.0,0.0,0.0,0.0,0.0,0.0,0.0,0.0,0.0,0.0,0.0,1.0,0.0,1.0,1.0,1.0,0.0,0.0,0.0,0.0,0.0,0.0,0.0,0.0,0.0,0.0,255.0,0.0,255.0,255.0,255.0,976.6064855751252,1.3923737144427707e-13,976.6064855751254,976.6064855751254,976.6064855751254,781.487013484526,0.0,781.487013484526,781.487013484526,781.487013484526,1.7124074237820048,0.0,1.7124074237820048,1.7124074237820048,1.7124074237820048,12.0,0.0,12.0,12.0,12.0,,,,,,18.338287583416484,1.6715978890901122,16.67863575014053,18.314646249928046,20.021580750180874
