{"params": {"_lambda": 1, "optimizer": "adam", "lr": 0.1, "max_iter": 300, "sample_num": 500, "kappa": 0, "max_features": null, "greedy_steps": 50}, "metrics": {"success_rate": 0.908, "mean_l2_distance": 1.1227848529815674, "mean_linf_distance": 0.6939319968223572, "perturbed_features_latent": 7.927312775330397, "perturbed_features_input": 8.700440528634362, "mean_confidence_successful": 0.6244955546811627, "mean_confidence_unsuccessful": 0.035403650739918587, "min_confidence_unsuccessful": 9.691715240478516e-05, "max_confidence_unsuccessful": 0.5184609293937683, "mean_md_distance": 2.518208614939532, "outlier_rate": 0.05506607929515418, "outliers": "25/454"}}