{"params": {"_lambda": 1, "optimizer": "adam", "lr": 0.1, "max_iter": 300, "sample_num": 500, "kappa": 0}, "metrics": {"success_rate": 0.802, "mean_l2_distance": 0.5009191036224365, "mean_linf_distance": 0.3418301045894623, "perturbed_features_latent": 7.12219451371571, "perturbed_features_input": 7.022443890274314, "mean_confidence_successful": 0.5198255517238988, "mean_confidence_unsuccessful": 0.2774955714591826, "min_confidence_unsuccessful": 1.7881393432617188e-06, "max_confidence_unsuccessful": 0.48613661527633667, "mean_md_distance": 2.464839320606381, "outlier_rate": 0.029925187032418952, "outliers": "12/401"}}