{"params": {"_lambda": 1, "optimizer": "adam", "lr": 0.1, "max_iter": 300, "sample_num": 500, "kappa": 0}, "metrics": {"success_rate": 0.1342281879194631, "mean_l2_distance": 0.002986570820212364, "mean_linf_distance": 0.002481594681739807, "perturbed_features_latent": 1.2, "perturbed_features_input": 9.95, "mean_confidence_successful": 0.6234300687909127, "mean_confidence_unsuccessful": 0.16427035756813463, "min_confidence_unsuccessful": 0.004483044147491455, "max_confidence_unsuccessful": 0.4982600808143616, "mean_md_distance": 2.534350510404841, "outlier_rate": 0.05, "outliers": "1/20"}}