{"params": {"_lambda": 1, "optimizer": "adam", "lr": 0.1, "max_iter": 300, "sample_num": 500, "kappa": 0}, "metrics": {"success_rate": 0.744, "mean_l2_distance": 0.610964298248291, "mean_linf_distance": 0.3215144872665405, "perturbed_features_latent": 15.35483870967742, "perturbed_features_input": 58.854838709677416, "mean_confidence_successful": 0.6093734465539455, "mean_confidence_unsuccessful": 0.05582729261368513, "min_confidence_unsuccessful": 0.050656795501708984, "max_confidence_unsuccessful": 0.09232252836227417, "mean_md_distance": 3.3475455342744356, "outlier_rate": 0.08064516129032258, "outliers": "30/372"}}