{"params": {"_lambda": 1, "lambda_sparsity": 1, "optimizer": "adam", "lr": 0.1, "max_iter": 300, "sample_num": 500, "kappa": 0}, "metrics": {"success_rate": 0.368, "mean_l2_distance": 0.7972670793533325, "mean_linf_distance": 0.5428398847579956, "perturbed_features_latent": 8.0, "perturbed_features_input": 16.0, "mean_confidence_successful": 0.6996305678748405, "mean_confidence_unsuccessful": 0.07650380402426177, "min_confidence_unsuccessful": 0.028566718101501465, "max_confidence_unsuccessful": 0.7273125648498535, "mean_md_distance": 2.704141544165192, "outlier_rate": 0.08152173913043478, "outliers": "15/184"}}