scope,dataset,victim,condition,method,objective,budget,source_class,seed,n,raw_successes,valid_successes,validator_passes,raw_asr,valid_asr,validity_gap_pp,validator_pass_rate,raw_targeted_benign_successes,valid_targeted_benign_successes,raw_targeted_benign_asr,valid_targeted_benign_asr,mean_model_evaluations,mean_l2_robust_scaled,mean_linf_robust_scaled,mean_l2_train_minmax,mean_features_modified,max_modified_outside_mask,median_primitive_cost_valid,median_p_valid,median_delay_valid,runtime_seconds,ms_per_flow
victim,cicids2017_distrinet,mlp,prim_pgd_p75_untargeted,"PrimAttack (Prim-PGD, p75)",untargeted,p75,ALL,42,3200,131,131,3200,0.0409375,0.0409375,0.0,1.0,131,131,0.0409375,0.0409375,187.08625,3417.5888168239476,3417.5217351572005,0.02090943678090476,8.1246875,0,0.6000001430511475,0.0,1234476.0,22.452960799913853,7.016550249973079
victim,cicids2017_distrinet,mlp,prim_pgd_p75_untargeted,"PrimAttack (Prim-PGD, p75)",untargeted,p75,ALL,2024,3200,131,131,3200,0.0409375,0.0409375,0.0,1.0,131,131,0.0409375,0.0409375,187.08625,3417.4953878241377,3417.428389915473,0.020885659044668433,8.1296875,0,0.600000262260437,0.0,1294248.0,22.47217210009694,7.022553781280294
victim,cicids2017_distrinet,mlp,prim_pgd_p75_untargeted,"PrimAttack (Prim-PGD, p75)",untargeted,p75,ALL,2026,3200,131,131,3200,0.0409375,0.0409375,0.0,1.0,131,131,0.0409375,0.0409375,187.08625,3418.6220260838663,3418.5550299941574,0.02090478730358646,8.13125,0,0.6500002145767212,0.0,1258335.0,22.93080210010521,7.1658756562828785
victim,cicids2017_distrinet,cnn,prim_pgd_p75_untargeted,"PrimAttack (Prim-PGD, p75)",untargeted,p75,ALL,42,3200,431,431,3200,0.1346875,0.1346875,0.0,1.0,423,423,0.1321875,0.1321875,187.08625,3102.7157569317183,3102.649871597166,0.01946220592255158,8.2021875,0,0.6242687106132507,0.0,961093.0,23.161022000247613,7.237819375077379
victim,cicids2017_distrinet,cnn,prim_pgd_p75_untargeted,"PrimAttack (Prim-PGD, p75)",untargeted,p75,ALL,2024,3200,431,431,3200,0.1346875,0.1346875,0.0,1.0,423,423,0.1321875,0.1321875,187.08625,3124.191717195859,3124.1275486317004,0.01957587727177863,8.1965625,0,0.6538426876068115,0.0,988819.0,23.212987300008535,7.254058531252667
victim,cicids2017_distrinet,cnn,prim_pgd_p75_untargeted,"PrimAttack (Prim-PGD, p75)",untargeted,p75,ALL,2026,3200,431,431,3200,0.1346875,0.1346875,0.0,1.0,422,422,0.131875,0.131875,187.08625,3126.219855758658,3126.1533744884887,0.019527435164006703,8.1978125,0,0.6418458223342896,0.0,1059962.0,22.96620179992169,7.176938062475529
victim,cicids2017_distrinet,ft_transformer,prim_pgd_p75_untargeted,"PrimAttack (Prim-PGD, p75)",untargeted,p75,ALL,42,3200,4,4,3200,0.00125,0.00125,0.0,1.0,4,4,0.00125,0.00125,187.165,2514.269239460499,2514.2148799845877,0.01727252574640652,7.190625,0,0.27245138585567474,0.0,5271.5,44.434467600192875,13.885771125060273
victim,cicids2017_distrinet,ft_transformer,prim_pgd_p75_untargeted,"PrimAttack (Prim-PGD, p75)",untargeted,p75,ALL,2024,3200,4,4,3200,0.00125,0.00125,0.0,1.0,4,4,0.00125,0.00125,187.165,2518.5735713292434,2518.524222436815,0.017261060616025066,7.1703125,0,0.24843411147594452,0.0,5112.0,44.43448210018687,13.885775656308397
victim,cicids2017_distrinet,ft_transformer,prim_pgd_p75_untargeted,"PrimAttack (Prim-PGD, p75)",untargeted,p75,ALL,2026,3200,4,4,3200,0.00125,0.00125,0.0,1.0,4,4,0.00125,0.00125,187.165,2514.169877747627,2514.11859628746,0.017050460107576805,7.1371875,0,0.2750381827354431,0.0,5697.0,44.05493369977921,13.767166781181004
victim,cicids2018_distrinet,mlp-s42,prim_pgd_p75_untargeted,"PrimAttack (Prim-PGD, p75)",untargeted,p75,ALL,42,3200,81,81,3200,0.0253125,0.0253125,0.0,1.0,25,25,0.0078125,0.0078125,189.92125,355.8516921344472,355.73392374667304,0.008232236102643677,6.601875,0,0.6000003218650818,0.0,508611.0,9.76374869979918,3.0511714686872438
victim,cicids2018_distrinet,mlp-s42,prim_pgd_p75_untargeted,"PrimAttack (Prim-PGD, p75)",untargeted,p75,ALL,2024,3200,81,81,3200,0.0253125,0.0253125,0.0,1.0,25,25,0.0078125,0.0078125,189.92125,347.96326225939106,347.8480347542807,0.008162020246613177,6.570625,0,0.5999994874000549,0.0,490382.0,9.261366100050509,2.894176906265784
victim,cicids2018_distrinet,mlp-s42,prim_pgd_p75_untargeted,"PrimAttack (Prim-PGD, p75)",untargeted,p75,ALL,2026,3200,81,81,3200,0.0253125,0.0253125,0.0,1.0,25,25,0.0078125,0.0078125,189.92125,355.3224005600759,355.20478174371283,0.008246522464222663,6.6309375,0,0.6238124370574951,0.0,507686.0,9.44917679997161,2.952867749991128
victim,cicids2018_distrinet,cnn-s42,prim_pgd_p75_untargeted,"PrimAttack (Prim-PGD, p75)",untargeted,p75,ALL,42,3200,37,37,3196,0.0115625,0.0115625,0.0,0.99875,0,0,0.0,0.0,189.8425,283.14963394827544,282.9148791438788,0.005658984119099977,6.5675,0,0.8690468072891235,0.0,124682.0,9.37341669970192,2.92919271865685
victim,cicids2018_distrinet,cnn-s42,prim_pgd_p75_untargeted,"PrimAttack (Prim-PGD, p75)",untargeted,p75,ALL,2024,3200,37,37,3197,0.0115625,0.0115625,0.0,0.9990625,0,0,0.0,0.0,189.8425,277.60519050909073,277.40492677596745,0.0054095712999121075,6.5846875,0,0.8077241778373718,0.0,124480.0,8.77834610035643,2.7432331563613843
victim,cicids2018_distrinet,cnn-s42,prim_pgd_p75_untargeted,"PrimAttack (Prim-PGD, p75)",untargeted,p75,ALL,2026,3200,37,37,3197,0.0115625,0.0115625,0.0,0.9990625,0,0,0.0,0.0,189.8425,282.5614888600405,282.36062715703014,0.005527560868497533,6.575,0,0.8668748736381531,0.0,124973.0,9.038076699944213,2.8243989687325666
victim,cicids2018_distrinet,ft_transformer-s42,prim_pgd_p75_untargeted,"PrimAttack (Prim-PGD, p75)",untargeted,p75,ALL,42,3200,0,0,3198,0.0,0.0,0.0,0.999375,0,0,0.0,0.0,189.92125,246.78503458059305,246.36498014286187,0.005338883689032396,7.8,0,,,,41.89595770020969,13.092486781315529
victim,cicids2018_distrinet,ft_transformer-s42,prim_pgd_p75_untargeted,"PrimAttack (Prim-PGD, p75)",untargeted,p75,ALL,2024,3200,0,0,3198,0.0,0.0,0.0,0.999375,0,0,0.0,0.0,189.92125,248.34900975882505,247.930541088895,0.0053489299374379125,7.79625,0,,,,41.789605899946764,13.059251843733364
victim,cicids2018_distrinet,ft_transformer-s42,prim_pgd_p75_untargeted,"PrimAttack (Prim-PGD, p75)",untargeted,p75,ALL,2026,3200,0,0,3198,0.0,0.0,0.0,0.999375,0,0,0.0,0.0,189.92125,247.0239404919837,246.50016323576816,0.005643583205477464,7.796875,0,,,,41.49910739995539,12.96847106248606
victim,cicids2017_distrinet,mlp,pgd_untargeted,PGD,untargeted,native,ALL,42,3200,3200,0,0,1.0,0.0,100.0,0.0,2980,0,0.93125,0.0,40.0,4.3789960719030825,0.5000171493541283,1.2131604728408796,78.4196875,56,,,,0.16173070017248392,0.050540843803901225
victim,cicids2017_distrinet,mlp,pgd_untargeted,PGD,untargeted,native,ALL,2024,3200,3200,0,0,1.0,0.0,100.0,0.0,2984,0,0.9325,0.0,40.0,4.380277110871669,0.5000204699860539,1.2139755006991761,78.4375,56,,,,0.12088229996152222,0.037775718737975694
victim,cicids2017_distrinet,mlp,pgd_untargeted,PGD,untargeted,native,ALL,2026,3200,3200,0,0,1.0,0.0,100.0,0.0,2960,0,0.925,0.0,40.0,4.378529716078305,0.5000171510625263,1.2128801219648677,78.4221875,56,,,,0.12336190021596849,0.03855059381749015
victim,cicids2017_distrinet,cnn,pgd_untargeted,PGD,untargeted,native,ALL,42,3200,3079,0,0,0.9621875,0.0,96.21875,0.0,2617,0,0.8178125,0.0,40.0,4.009496241111652,0.5000171016811531,1.1192662731100638,78.4090625,56,,,,4.99417440011166,1.5606795000348939
victim,cicids2017_distrinet,cnn,pgd_untargeted,PGD,untargeted,native,ALL,2024,3200,3076,0,0,0.96125,0.0,96.125,0.0,2614,0,0.816875,0.0,40.0,4.00858692049666,0.5000204171229374,1.1198957032902654,78.4271875,56,,,,4.908621999900788,1.5339443749689963
victim,cicids2017_distrinet,cnn,pgd_untargeted,PGD,untargeted,native,ALL,2026,3200,3073,0,0,0.9603125,0.0,96.03125,0.0,2627,0,0.8209375,0.0,40.0,4.011412803397517,0.5000171020246462,1.121228016822642,78.4165625,56,,,,4.9193951999768615,1.5373109999927692
victim,cicids2017_distrinet,ft_transformer,pgd_untargeted,PGD,untargeted,native,ALL,42,3200,3115,0,0,0.9734375,0.0,97.34375,0.0,2788,0,0.87125,0.0,40.0,4.141026071437472,0.5000171294405481,1.14432699489706,78.41375,56,,,,12.53788910037838,3.9180903438682435
victim,cicids2017_distrinet,ft_transformer,pgd_untargeted,PGD,untargeted,native,ALL,2024,3200,3125,0,0,0.9765625,0.0,97.65625,0.0,2826,0,0.883125,0.0,40.0,4.1466543566225855,0.5000204469994268,1.1446317902375538,78.43,56,,,,12.34706489997916,3.8584577812434873
victim,cicids2017_distrinet,ft_transformer,pgd_untargeted,PGD,untargeted,native,ALL,2026,3200,3107,0,0,0.9709375,0.0,97.09375,0.0,2815,0,0.8796875,0.0,40.0,4.144240541945883,0.5000171242881829,1.1435328922081707,78.4125,56,,,,12.381042199674994,3.8690756873984355
victim,cicids2018_distrinet,mlp-s42,pgd_untargeted,PGD,untargeted,native,ALL,42,3200,3019,0,0,0.9434375,0.0,94.34375,0.0,2208,0,0.69,0.0,40.0,4.3400360841302525,0.5000028455142196,0.879915355514446,78.7459375,56,,,,0.17172119999304414,0.05366287499782629
victim,cicids2018_distrinet,mlp-s42,pgd_untargeted,PGD,untargeted,native,ALL,2024,3200,3011,0,0,0.9409375,0.0,94.09375,0.0,2239,0,0.6996875,0.0,40.0,4.3407266990485684,0.500002863089988,0.881853542313141,78.7503125,56,,,,0.11890659993514419,0.03715831247973256
victim,cicids2018_distrinet,mlp-s42,pgd_untargeted,PGD,untargeted,native,ALL,2026,3200,3027,0,0,0.9459375,0.0,94.59375,0.0,2231,0,0.6971875,0.0,40.0,4.341419540972819,0.5000028617663813,0.8809866764870642,78.764375,56,,,,0.1188376999925822,0.03713678124768194
victim,cicids2018_distrinet,cnn-s42,pgd_untargeted,PGD,untargeted,native,ALL,42,3200,3191,0,0,0.9971875,0.0,99.71875,0.0,3153,0,0.9853125,0.0,40.0,3.9421552696557614,0.5000017815700026,0.8573058836154039,78.7453125,56,,,,5.132697900291532,1.6039680938411038
victim,cicids2018_distrinet,cnn-s42,pgd_untargeted,PGD,untargeted,native,ALL,2024,3200,3190,0,0,0.996875,0.0,99.6875,0.0,3150,0,0.984375,0.0,40.0,3.9445970560225083,0.5000017869027892,0.8571047747322379,78.753125,56,,,,5.359440000262111,1.6748250000819098
victim,cicids2018_distrinet,cnn-s42,pgd_untargeted,PGD,untargeted,native,ALL,2026,3200,3190,0,0,0.996875,0.0,99.6875,0.0,3148,0,0.98375,0.0,40.0,3.9428536763198547,0.5000018796529953,0.8561048237057388,78.7603125,56,,,,5.373255599522963,1.679142374850926
victim,cicids2018_distrinet,ft_transformer-s42,pgd_untargeted,PGD,untargeted,native,ALL,42,3200,2941,0,0,0.9190625,0.0,91.90625,0.0,1626,0,0.508125,0.0,40.0,4.002338429621016,0.5000029037159341,0.7837241466953757,78.750625,56,,,,67.06335669988766,20.957298968714895
victim,cicids2018_distrinet,ft_transformer-s42,pgd_untargeted,PGD,untargeted,native,ALL,2024,3200,2931,0,0,0.9159375,0.0,91.59375,0.0,1677,0,0.5240625,0.0,40.0,4.001660794489149,0.5000028958980404,0.7847284621807101,78.75375,56,,,,67.28792599984445,21.02747687495139
victim,cicids2018_distrinet,ft_transformer-s42,pgd_untargeted,PGD,untargeted,native,ALL,2026,3200,2931,0,0,0.9159375,0.0,91.59375,0.0,1651,0,0.5159375,0.0,40.0,4.004655878790211,0.5000029106630327,0.7857314802981762,78.7596875,56,,,,66.92097870004363,20.912805843763635
victim,cicids2017_distrinet,mlp,cw_untargeted,C&W,untargeted,native,ALL,42,3200,3198,0,0,0.999375,0.0,99.9375,0.0,3103,0,0.9696875,0.0,120.0,1.3227477449985898,0.3246655578979133,0.4891541938779705,77.65375,56,,,,1.3535451998468488,0.42298287495214026
victim,cicids2017_distrinet,mlp,cw_untargeted,C&W,untargeted,native,ALL,2024,3200,3198,0,0,0.999375,0.0,99.9375,0.0,3103,0,0.9696875,0.0,120.0,1.3227477449985898,0.3246655578979133,0.4891541938779705,77.65375,56,,,,0.6786040998995304,0.21206378121860325
victim,cicids2017_distrinet,mlp,cw_untargeted,C&W,untargeted,native,ALL,2026,3200,3198,0,0,0.999375,0.0,99.9375,0.0,3103,0,0.9696875,0.0,120.0,1.3227477449985898,0.3246655578979133,0.4891541938779705,77.65375,56,,,,0.6761186998337507,0.2112870936980471
victim,cicids2017_distrinet,cnn,cw_untargeted,C&W,untargeted,native,ALL,42,3200,3057,0,0,0.9553125,0.0,95.53125,0.0,2053,0,0.6415625,0.0,120.0,1.4068174940243463,0.37869858936357753,0.36030562826540175,77.658125,56,,,,15.578813700005412,4.868379281251691
victim,cicids2017_distrinet,cnn,cw_untargeted,C&W,untargeted,native,ALL,2024,3200,3057,0,0,0.9553125,0.0,95.53125,0.0,2053,0,0.6415625,0.0,120.0,1.4068174940243463,0.37869858936357753,0.36030562826540175,77.658125,56,,,,15.808570600114763,4.940178312535863
victim,cicids2017_distrinet,cnn,cw_untargeted,C&W,untargeted,native,ALL,2026,3200,3057,0,0,0.9553125,0.0,95.53125,0.0,2053,0,0.6415625,0.0,120.0,1.4068174940243463,0.37869858936357753,0.36030562826540175,77.658125,56,,,,15.089163700351492,4.715363656359841
victim,cicids2017_distrinet,ft_transformer,cw_untargeted,C&W,untargeted,native,ALL,42,3200,2469,0,0,0.7715625,0.0,77.15625,0.0,1660,0,0.51875,0.0,120.0,0.8451463526765979,0.36857997784840796,0.17732425882789463,77.6528125,56,,,,23.660465700086206,7.393895531276939
victim,cicids2017_distrinet,ft_transformer,cw_untargeted,C&W,untargeted,native,ALL,2024,3200,2469,0,0,0.7715625,0.0,77.15625,0.0,1660,0,0.51875,0.0,120.0,0.8451463526765979,0.36857997784840796,0.17732425882789463,77.6528125,56,,,,24.450466099893674,7.640770656216773
victim,cicids2017_distrinet,ft_transformer,cw_untargeted,C&W,untargeted,native,ALL,2026,3200,2469,0,0,0.7715625,0.0,77.15625,0.0,1660,0,0.51875,0.0,120.0,0.8451463526765979,0.36857997784840796,0.17732425882789463,77.6528125,56,,,,24.436734199989587,7.636479437496746
victim,cicids2018_distrinet,mlp-s42,cw_untargeted,C&W,untargeted,native,ALL,42,3200,2804,0,0,0.87625,0.0,87.625,0.0,2159,0,0.6746875,0.0,120.0,1.56497160045469,0.383128537729795,0.34757609132711154,78.4990625,56,,,,1.3281702995300293,0.41505321860313416
victim,cicids2018_distrinet,mlp-s42,cw_untargeted,C&W,untargeted,native,ALL,2024,3200,2804,0,0,0.87625,0.0,87.625,0.0,2159,0,0.6746875,0.0,120.0,1.56497160045469,0.383128537729795,0.34757609132711154,78.4990625,56,,,,0.6596543998457491,0.2061419999517966
victim,cicids2018_distrinet,mlp-s42,cw_untargeted,C&W,untargeted,native,ALL,2026,3200,2804,0,0,0.87625,0.0,87.625,0.0,2159,0,0.6746875,0.0,120.0,1.56497160045469,0.383128537729795,0.34757609132711154,78.4990625,56,,,,0.6768805000465363,0.2115251562645426
victim,cicids2018_distrinet,cnn-s42,cw_untargeted,C&W,untargeted,native,ALL,42,3200,3173,0,0,0.9915625,0.0,99.15625,0.0,2722,0,0.850625,0.0,120.0,1.1360672864750017,0.327535625844226,0.28293444240071175,78.466875,56,,,,16.189421000424773,5.059194062632741
victim,cicids2018_distrinet,cnn-s42,cw_untargeted,C&W,untargeted,native,ALL,2024,3200,3173,0,0,0.9915625,0.0,99.15625,0.0,2722,0,0.850625,0.0,120.0,1.1360672864750017,0.327535625844226,0.28293444240071175,78.466875,56,,,,16.050943200243637,5.0159197500761366
victim,cicids2018_distrinet,cnn-s42,cw_untargeted,C&W,untargeted,native,ALL,2026,3200,3173,0,0,0.9915625,0.0,99.15625,0.0,2722,0,0.850625,0.0,120.0,1.1360672864750017,0.327535625844226,0.28293444240071175,78.466875,56,,,,16.39820730034262,5.124439781357069
victim,cicids2018_distrinet,ft_transformer-s42,cw_untargeted,C&W,untargeted,native,ALL,42,3200,1715,0,0,0.5359375,0.0,53.59374999999999,0.0,1293,0,0.4040625,0.0,120.0,0.5646281501785794,0.2523557222686761,0.08834109089350951,78.4425,56,,,,184.97629390028305,57.805091843838454
victim,cicids2018_distrinet,ft_transformer-s42,cw_untargeted,C&W,untargeted,native,ALL,2024,3200,1715,0,0,0.5359375,0.0,53.59374999999999,0.0,1293,0,0.4040625,0.0,120.0,0.5646281501785794,0.2523557222686761,0.08834109089350951,78.4425,56,,,,185.90858869999647,58.0964339687489
victim,cicids2018_distrinet,ft_transformer-s42,cw_untargeted,C&W,untargeted,native,ALL,2026,3200,1715,0,0,0.5359375,0.0,53.59374999999999,0.0,1293,0,0.4040625,0.0,120.0,0.5646281501785794,0.2523557222686761,0.08834109089350951,78.4425,56,,,,185.12521360022947,57.85162925007171
victim,cicids2017_distrinet,mlp,capgd_prim_support,CAPGD-PrimSupport,untargeted,native,ALL,42,3200,3027,65,70,0.9459375,0.0203125,92.5625,0.021875,2342,11,0.731875,0.0034375,24.7675,97811.35322510535,97682.52591812573,5.199760854052346,18.9284375,0,,,,43.28896880033426,13.527802750104456
victim,cicids2017_distrinet,mlp,capgd_prim_support,CAPGD-PrimSupport,untargeted,native,ALL,2024,3200,3040,61,61,0.95,0.0190625,93.09375,0.0190625,2309,13,0.7215625,0.0040625,24.7675,88520.96419017923,88468.04459088398,1.834812934627026,19.0228125,0,,,,43.626721299719065,13.633350406162208
victim,cicids2017_distrinet,mlp,capgd_prim_support,CAPGD-PrimSupport,untargeted,native,ALL,2026,3200,2996,67,67,0.93625,0.0209375,91.53125,0.0209375,2262,16,0.706875,0.005,24.7675,82470.82377552307,82356.34639789996,1.251684138875865,18.9309375,0,,,,42.737056399928406,13.355330124977627
victim,cicids2017_distrinet,cnn,capgd_prim_support,CAPGD-PrimSupport,untargeted,native,ALL,42,3200,3121,166,166,0.9753125,0.051875,92.34375,0.051875,2690,79,0.840625,0.0246875,23.51125,75272.31443373038,75230.85367264086,5.739357629042684,19.52625,0,,,,43.46853629965335,13.583917593641672
victim,cicids2017_distrinet,cnn,capgd_prim_support,CAPGD-PrimSupport,untargeted,native,ALL,2024,3200,3093,166,166,0.9665625,0.051875,91.46875,0.051875,2666,79,0.833125,0.0246875,23.51125,67736.14301036549,67700.5420404115,3.8810903780385098,19.673125,0,,,,43.85149019979872,13.7035906874371
victim,cicids2017_distrinet,cnn,capgd_prim_support,CAPGD-PrimSupport,untargeted,native,ALL,2026,3200,3053,162,162,0.9540625,0.050625,90.34375,0.050625,2599,77,0.8121875,0.0240625,23.51125,66730.28172143012,66603.22480101301,3.7608029470815647,19.5840625,0,,,,43.687121600145474,13.65222550004546
victim,cicids2017_distrinet,ft_transformer,capgd_prim_support,CAPGD-PrimSupport,untargeted,native,ALL,42,3200,1658,5,12,0.518125,0.0015625,51.65624999999999,0.00375,1427,0,0.4459375,0.0,24.89125,272238.5498793359,270666.6201461022,53.6134693054181,20.4371875,0,,,,50.27953450009227,15.712354531278834
victim,cicids2017_distrinet,ft_transformer,capgd_prim_support,CAPGD-PrimSupport,untargeted,native,ALL,2024,3200,1815,6,6,0.5671875,0.001875,56.53125,0.001875,1496,1,0.4675,0.0003125,24.89125,251421.41666547683,250150.97680675436,46.0741599426165,20.5234375,0,,,,50.22609769972041,15.695655531162629
victim,cicids2017_distrinet,ft_transformer,capgd_prim_support,CAPGD-PrimSupport,untargeted,native,ALL,2026,3200,1539,6,6,0.4809375,0.001875,47.90625,0.001875,1303,0,0.4071875,0.0,24.89125,191121.65701156884,189949.89265352173,28.86312624706032,20.536875,0,,,,51.3417090002913,16.044284062591032
victim,cicids2018_distrinet,mlp-s42,capgd_prim_support,CAPGD-PrimSupport,untargeted,native,ALL,42,3200,2961,4,4,0.9253125,0.00125,92.40625,0.00125,2747,4,0.8584375,0.00125,22.66375,925243.8435665618,923170.6932564358,1145.5938577268762,18.6734375,0,,,,42.68740380043164,13.339813687634887
victim,cicids2018_distrinet,mlp-s42,capgd_prim_support,CAPGD-PrimSupport,untargeted,native,ALL,2024,3200,2911,4,4,0.9096875,0.00125,90.84375,0.00125,2632,4,0.8225,0.00125,22.66375,1170893.470318556,1168857.0210181407,1450.0787795350261,18.7615625,0,,,,43.19017150020227,13.496928593813209
victim,cicids2018_distrinet,mlp-s42,capgd_prim_support,CAPGD-PrimSupport,untargeted,native,ALL,2026,3200,2919,5,5,0.9121875,0.0015625,91.0625,0.0015625,2709,5,0.8465625,0.0015625,22.66375,581606.4986753479,579549.7861788402,717.2161651514054,18.6540625,0,,,,42.784171499777585,13.370053593680495
victim,cicids2018_distrinet,cnn-s42,capgd_prim_support,CAPGD-PrimSupport,untargeted,native,ALL,42,3200,2455,7,8,0.7671875,0.0021875,76.5,0.0025,1690,2,0.528125,0.000625,24.02125,1401800.7792097526,1400320.386814624,1739.4403895618036,19.7609375,0,,,,46.4618309000507,14.519322156265844
victim,cicids2018_distrinet,cnn-s42,capgd_prim_support,CAPGD-PrimSupport,untargeted,native,ALL,2024,3200,2371,10,10,0.7409375,0.003125,73.78125,0.003125,1566,5,0.489375,0.0015625,24.02125,1612639.8076906842,1611487.731552436,2002.8470079163578,19.82375,0,,,,45.070974299917,14.084679468724062
victim,cicids2018_distrinet,cnn-s42,capgd_prim_support,CAPGD-PrimSupport,untargeted,native,ALL,2026,3200,2471,11,12,0.7721875,0.0034375,76.875,0.00375,1779,5,0.5559375,0.0015625,24.02125,797992.7503878262,796281.6186784899,989.7351826408843,19.663125,0,,,,45.097506899852306,14.092970906203846
victim,cicids2018_distrinet,ft_transformer-s42,capgd_prim_support,CAPGD-PrimSupport,untargeted,native,ALL,42,3200,335,0,1,0.1046875,0.0,10.46875,0.0003125,329,0,0.1028125,0.0,24.93625,2356783.037040721,2354251.875268157,2924.559585240196,20.2265625,0,,,,85.03947630012408,26.574836343788775
victim,cicids2018_distrinet,ft_transformer-s42,capgd_prim_support,CAPGD-PrimSupport,untargeted,native,ALL,2024,3200,310,0,0,0.096875,0.0,9.6875,0.0,295,0,0.0921875,0.0,24.93625,2922617.8743406003,2920033.83768282,3626.139185008761,20.2009375,0,,,,85.48250069981441,26.713281468692003
victim,cicids2018_distrinet,ft_transformer-s42,capgd_prim_support,CAPGD-PrimSupport,untargeted,native,ALL,2026,3200,290,0,1,0.090625,0.0,9.0625,0.0003125,286,0,0.089375,0.0,24.93625,1399012.8312669648,1396578.7558317261,1731.852933035677,20.1446875,0,,,,84.25337420008145,26.329179437525454
victim,cicids2017_distrinet,mlp,cpgd_prim_support,C-PGD-PrimSupport,untargeted,native,ALL,42,3200,1645,0,0,0.5140625,0.0,51.40625,0.0,1285,0,0.4015625,0.0,40.0,1260.1194248564927,1241.0212510777299,0.19930613146220555,20.7328125,0,,,,34.55000919988379,10.796877874963684
victim,cicids2017_distrinet,mlp,cpgd_prim_support,C-PGD-PrimSupport,untargeted,native,ALL,2024,3200,1679,0,0,0.5246875,0.0,52.46875,0.0,1276,0,0.39875,0.0,40.0,1862.3585364962344,1840.4592087355993,0.16938370565098496,20.61875,0,,,,33.97706770035438,10.617833656360744
victim,cicids2017_distrinet,mlp,cpgd_prim_support,C-PGD-PrimSupport,untargeted,native,ALL,2026,3200,1553,0,0,0.4853125,0.0,48.53125,0.0,1167,0,0.3646875,0.0,40.0,599.4533267371762,580.0272709372217,0.19893788007271934,20.609375,0,,,,33.316159499809146,10.411299843690358
victim,cicids2017_distrinet,cnn,cpgd_prim_support,C-PGD-PrimSupport,untargeted,native,ALL,42,3200,2032,0,0,0.635,0.0,63.5,0.0,1504,0,0.47,0.0,40.0,1173.06291621895,1151.5521482525278,0.1986008301163514,21.0853125,0,,,,33.63090460002422,10.50965768750757
victim,cicids2017_distrinet,cnn,cpgd_prim_support,C-PGD-PrimSupport,untargeted,native,ALL,2024,3200,1926,0,0,0.601875,0.0,60.18750000000001,0.0,1387,0,0.4334375,0.0,40.0,1826.2782615801386,1801.6062292014424,0.1680910268046353,20.9384375,0,,,,33.463214699644595,10.457254593638936
victim,cicids2017_distrinet,cnn,cpgd_prim_support,C-PGD-PrimSupport,untargeted,native,ALL,2026,3200,1842,0,0,0.575625,0.0,57.56250000000001,0.0,1205,0,0.3765625,0.0,40.0,636.9824379056633,612.9601385498913,0.19847077599122953,20.94375,0,,,,32.8980682999827,10.280646343744593
victim,cicids2017_distrinet,ft_transformer,cpgd_prim_support,C-PGD-PrimSupport,untargeted,native,ALL,42,3200,686,0,0,0.214375,0.0,21.4375,0.0,650,0,0.203125,0.0,40.0,1162.2313506300984,1146.7291326286056,0.19936725881199835,21.339375,0,,,,42.78996609989554,13.371864406217355
victim,cicids2017_distrinet,ft_transformer,cpgd_prim_support,C-PGD-PrimSupport,untargeted,native,ALL,2024,3200,703,0,0,0.2196875,0.0,21.96875,0.0,641,0,0.2003125,0.0,40.0,1865.4655098313722,1850.438592561481,0.16855197529322102,21.21875,0,,,,41.07240550057031,12.835126718928223
victim,cicids2017_distrinet,ft_transformer,cpgd_prim_support,C-PGD-PrimSupport,untargeted,native,ALL,2026,3200,686,0,0,0.214375,0.0,21.4375,0.0,612,0,0.19125,0.0,40.0,618.7551573658264,605.6856075846028,0.1985822824016207,21.1475,0,,,,42.29649230022915,13.217653843821608
victim,cicids2018_distrinet,mlp-s42,cpgd_prim_support,C-PGD-PrimSupport,untargeted,native,ALL,42,3200,885,0,0,0.2765625,0.0,27.65625,0.0,713,0,0.2228125,0.0,40.0,650.8530306995742,600.2142049706381,0.20096353220360352,20.8940625,0,,,,33.35972289997153,10.424913406241103
victim,cicids2018_distrinet,mlp-s42,cpgd_prim_support,C-PGD-PrimSupport,untargeted,native,ALL,2024,3200,913,0,0,0.2853125,0.0,28.531250000000004,0.0,757,0,0.2365625,0.0,40.0,709.0439689468642,665.3692868733586,0.17608187878295278,20.705625,0,,,,32.85042150015943,10.265756718799821
victim,cicids2018_distrinet,mlp-s42,cpgd_prim_support,C-PGD-PrimSupport,untargeted,native,ALL,2026,3200,914,0,0,0.285625,0.0,28.5625,0.0,764,0,0.23875,0.0,40.0,658.4559376396268,601.0439754767609,0.19889067241421857,20.7578125,0,,,,32.51953390031122,10.162354343847255
victim,cicids2018_distrinet,cnn-s42,cpgd_prim_support,C-PGD-PrimSupport,untargeted,native,ALL,42,3200,1531,0,0,0.4784375,0.0,47.84375,0.0,1395,0,0.4359375,0.0,40.0,664.145045363956,606.0316136349558,0.20418512390104002,20.9909375,0,,,,33.922091600252315,10.600653625078849
victim,cicids2018_distrinet,cnn-s42,cpgd_prim_support,C-PGD-PrimSupport,untargeted,native,ALL,2024,3200,1586,0,0,0.495625,0.0,49.5625,0.0,1441,0,0.4503125,0.0,40.0,735.8441898147615,679.4964038662905,0.18096182982615955,20.79625,0,,,,32.74243569956161,10.232011156113003
victim,cicids2018_distrinet,cnn-s42,cpgd_prim_support,C-PGD-PrimSupport,untargeted,native,ALL,2026,3200,1735,0,0,0.5421875,0.0,54.21875000000001,0.0,1590,0,0.496875,0.0,40.0,671.1108419413583,606.9303606393194,0.2022041356729517,20.82625,0,,,,33.274571399902925,10.398303562469664
victim,cicids2018_distrinet,ft_transformer-s42,cpgd_prim_support,C-PGD-PrimSupport,untargeted,native,ALL,42,3200,39,0,0,0.0121875,0.0,1.21875,0.0,39,0,0.0121875,0.0,40.0,693.9519644622773,624.9033980227971,0.20844795302133912,21.211875,0,,,,99.05019550025463,30.953186093829572
victim,cicids2018_distrinet,ft_transformer-s42,cpgd_prim_support,C-PGD-PrimSupport,untargeted,native,ALL,2024,3200,53,0,0,0.0165625,0.0,1.65625,0.0,53,0,0.0165625,0.0,40.0,746.5300410053137,682.1391234658298,0.18424006818012387,21.0259375,0,,,,98.22491430025548,30.695285718829837
victim,cicids2018_distrinet,ft_transformer-s42,cpgd_prim_support,C-PGD-PrimSupport,untargeted,native,ALL,2026,3200,66,0,0,0.020625,0.0,2.0625,0.0,66,0,0.020625,0.0,40.0,698.5408378952249,622.7199681577829,0.20643842227146095,21.0259375,0,,,,96.70427910005674,30.22008721876773
victim,cicids2017_distrinet,mlp,capgd_native,CAPGD (native),untargeted,native,ALL,42,3200,3030,309,311,0.946875,0.0965625,85.03125,0.0971875,2348,48,0.73375,0.015,24.76,92459.68212809684,92294.82359130289,4.950343913803691,14.1040625,1,,,,41.83244899986312,13.072640312457224
victim,cicids2017_distrinet,mlp,capgd_native,CAPGD (native),untargeted,native,ALL,2024,3200,3056,330,334,0.955,0.103125,85.1875,0.104375,2328,58,0.7275,0.018125,24.76,90086.57109797305,89984.11251667967,1.94729669678535,14.1021875,1,,,,42.215028499951586,13.19219640623487
victim,cicids2017_distrinet,mlp,capgd_native,CAPGD (native),untargeted,native,ALL,2026,3200,3000,276,297,0.9375,0.08625,85.125,0.0928125,2262,53,0.706875,0.0165625,24.76,85169.55518774713,85049.89553054946,1.500403270109166,14.0925,1,,,,43.07249209983274,13.460153781197732
victim,cicids2017_distrinet,cnn,capgd_native,CAPGD (native),untargeted,native,ALL,42,3200,3121,612,615,0.9753125,0.19125,78.40625,0.1921875,2715,397,0.8484375,0.1240625,23.51875,81855.3265755904,81707.1296449595,7.60588915157038,14.3309375,1,,,,44.07720930012874,13.774127906290232
victim,cicids2017_distrinet,cnn,capgd_native,CAPGD (native),untargeted,native,ALL,2024,3200,3073,615,624,0.9603125,0.1921875,76.8125,0.195,2617,372,0.8178125,0.11625,23.51875,64190.35655869018,64132.803679749224,3.2664483399444886,14.323125,1,,,,44.20541980001144,13.814193687503575
victim,cicids2017_distrinet,cnn,capgd_native,CAPGD (native),untargeted,native,ALL,2026,3200,3046,620,631,0.951875,0.19375,75.8125,0.1971875,2565,381,0.8015625,0.1190625,23.51875,71456.67619600477,71330.82925503024,5.1506823168315625,14.3371875,1,,,,43.2025730998721,13.50080409371003
victim,cicids2017_distrinet,ft_transformer,capgd_native,CAPGD (native),untargeted,native,ALL,42,3200,1582,146,168,0.494375,0.045625,44.875,0.0525,1298,54,0.405625,0.016875,24.91,277174.4211824564,275606.0130459554,53.8563964040614,14.6778125,1,,,,50.11397740012035,15.660617937537609
victim,cicids2017_distrinet,ft_transformer,capgd_native,CAPGD (native),untargeted,native,ALL,2024,3200,1742,188,274,0.544375,0.05875,48.56250000000001,0.085625,1374,37,0.429375,0.0115625,24.91,243330.58248576886,242048.71755000367,44.67422040261292,14.716875,1,,,,50.29324240004644,15.716638250014512
victim,cicids2017_distrinet,ft_transformer,capgd_native,CAPGD (native),untargeted,native,ALL,2026,3200,1535,214,333,0.4796875,0.066875,41.28125,0.1040625,1253,79,0.3915625,0.0246875,24.91,186768.37931263525,185642.46802859585,28.11649907120583,14.7015625,1,,,,50.23476759972982,15.698364874915569
victim,cicids2018_distrinet,mlp-s42,capgd_native,CAPGD (native),untargeted,native,ALL,42,3200,2592,901,914,0.81,0.2815625,52.843750000000014,0.285625,2323,898,0.7259375,0.280625,23.32,1542208.2370627334,1540178.9064133244,1909.8951273007262,13.510625,1,,,,43.506511399988085,13.595784812496277
victim,cicids2018_distrinet,mlp-s42,capgd_native,CAPGD (native),untargeted,native,ALL,2024,3200,2549,878,913,0.7965625,0.274375,52.21875,0.2853125,2225,874,0.6953125,0.273125,23.32,1813540.1072632188,1811407.772715398,2246.2476408583448,13.571875,1,,,,43.81230770004913,13.691346156265354
victim,cicids2018_distrinet,mlp-s42,capgd_native,CAPGD (native),untargeted,native,ALL,2026,3200,2579,949,1015,0.8059375,0.2965625,50.93749999999999,0.3171875,2304,941,0.72,0.2940625,23.32,912788.2942313786,910710.6659628163,1125.5991838993866,13.5796875,1,,,,43.82322179991752,13.694756812474225
victim,cicids2018_distrinet,cnn-s42,capgd_native,CAPGD (native),untargeted,native,ALL,42,3200,2133,485,508,0.6665625,0.1515625,51.49999999999999,0.15875,1141,377,0.3565625,0.1178125,24.49,1454005.0575415967,1452021.4095261893,1802.5297407000858,14.1865625,1,,,,44.53367370017804,13.916773031305638
victim,cicids2018_distrinet,cnn-s42,capgd_native,CAPGD (native),untargeted,native,ALL,2024,3200,2082,442,495,0.650625,0.138125,51.24999999999999,0.1546875,1075,366,0.3359375,0.114375,24.49,1693160.2249394301,1691567.2565039308,2099.438642390649,14.2096875,1,,,,45.76527859992348,14.301649562476086
victim,cicids2018_distrinet,cnn-s42,capgd_native,CAPGD (native),untargeted,native,ALL,2026,3200,2163,638,731,0.6759375,0.199375,47.65625,0.2284375,1239,523,0.3871875,0.1634375,24.49,848996.3088005203,846837.1785701577,1052.0589986979817,14.1865625,1,,,,46.30123499990441,14.469135937470128
victim,cicids2018_distrinet,ft_transformer-s42,capgd_native,CAPGD (native),untargeted,native,ALL,42,3200,210,7,37,0.065625,0.0021875,6.343750000000001,0.0115625,206,7,0.064375,0.0021875,24.985,2319736.0705302316,2317211.7385584386,2878.4912462811426,14.30125,1,,,,83.64839609991759,26.140123781224247
victim,cicids2018_distrinet,ft_transformer-s42,capgd_native,CAPGD (native),untargeted,native,ALL,2024,3200,184,5,160,0.0575,0.0015625,5.59375,0.05,183,5,0.0571875,0.0015625,24.985,2937517.3371078456,2934931.502487008,3644.5456107335294,14.280625,1,,,,84.0673432003241,26.271044750101282
victim,cicids2018_distrinet,ft_transformer-s42,capgd_native,CAPGD (native),untargeted,native,ALL,2026,3200,178,31,290,0.055625,0.0096875,4.59375,0.090625,178,31,0.055625,0.0096875,24.985,1368872.2897836335,1366446.215950699,1694.309001264655,14.3196875,1,,,,84.5753875002265,26.42980859382078
victim,cicids2017_distrinet,mlp,prim_pgd_unbounded_untargeted,"PrimAttack (Prim-PGD, unbounded)",untargeted,unbounded,ALL,42,3200,735,735,3200,0.2296875,0.2296875,0.0,1.0,732,732,0.22875,0.22875,187.08625,27252.867329801684,27252.859952839062,0.1976588324087434,8.4378125,0,0.30000001192092896,0.0,5186835.0,22.72827130043879,7.102584781387122
victim,cicids2017_distrinet,mlp,prim_pgd_unbounded_untargeted,"PrimAttack (Prim-PGD, unbounded)",untargeted,unbounded,ALL,2024,3200,735,735,3200,0.2296875,0.2296875,0.0,1.0,732,732,0.22875,0.22875,187.08625,26847.70891552867,26847.699060920124,0.1941051397819891,8.4303125,0,0.30000001192092896,0.0,5084921.0,22.730488499859348,7.103277656206046
victim,cicids2017_distrinet,mlp,prim_pgd_unbounded_untargeted,"PrimAttack (Prim-PGD, unbounded)",untargeted,unbounded,ALL,2026,3200,735,735,3200,0.2296875,0.2296875,0.0,1.0,732,732,0.22875,0.22875,187.08625,27724.866584062704,27724.8565677136,0.20149665684630388,8.440625,0,0.30000001192092896,0.0,5177291.0,22.806908999802545,7.127159062438295
victim,cicids2017_distrinet,cnn,prim_pgd_unbounded_untargeted,"PrimAttack (Prim-PGD, unbounded)",untargeted,unbounded,ALL,42,3200,1918,1918,3200,0.599375,0.599375,0.0,1.0,1904,1904,0.595,0.595,187.08625,21552.860594629692,21552.84070288802,0.23758819177895352,8.65125,0,0.39879798889160156,0.0,8037159.0,22.742149300174788,7.106921656304621
victim,cicids2017_distrinet,cnn,prim_pgd_unbounded_untargeted,"PrimAttack (Prim-PGD, unbounded)",untargeted,unbounded,ALL,2024,3200,1918,1918,3200,0.599375,0.599375,0.0,1.0,1905,1905,0.5953125,0.5953125,187.08625,21657.73241826515,21657.71293114889,0.23461005230891252,8.6465625,0,0.3916400671005249,0.0,7830397.0,22.769784200238064,7.115557562574395
victim,cicids2017_distrinet,cnn,prim_pgd_unbounded_untargeted,"PrimAttack (Prim-PGD, unbounded)",untargeted,unbounded,ALL,2026,3200,1918,1918,3200,0.599375,0.599375,0.0,1.0,1903,1903,0.5946875,0.5946875,187.08625,21457.41739168149,21457.397427483567,0.2390462615475647,8.651875,0,0.4000000059604645,0.0,8151590.0,22.682110199937597,7.088159437480499
victim,cicids2017_distrinet,ft_transformer,prim_pgd_unbounded_untargeted,"PrimAttack (Prim-PGD, unbounded)",untargeted,unbounded,ALL,42,3200,19,19,3200,0.0059375,0.0059375,0.0,1.0,19,19,0.0059375,0.0059375,187.165,39727.41220217681,39727.3688702714,0.44155122710264066,7.7690625,0,0.05000000074505806,0.0,2702697.0,44.07470910064876,13.773346593952738
victim,cicids2017_distrinet,ft_transformer,prim_pgd_unbounded_untargeted,"PrimAttack (Prim-PGD, unbounded)",untargeted,unbounded,ALL,2024,3200,19,19,3200,0.0059375,0.0059375,0.0,1.0,19,19,0.0059375,0.0059375,187.165,39903.06158475348,39903.01036403622,0.44259688287399707,7.7534375,0,0.05000000447034836,0.0,3110872.0,44.61501830001362,13.942193218754255
victim,cicids2017_distrinet,ft_transformer,prim_pgd_unbounded_untargeted,"PrimAttack (Prim-PGD, unbounded)",untargeted,unbounded,ALL,2026,3200,19,19,3200,0.0059375,0.0059375,0.0,1.0,19,19,0.0059375,0.0059375,187.165,39662.853715241,39662.807708700115,0.44169457236647736,7.7328125,0,0.05000000447034836,0.0,2809509.0,42.7249261001125,13.351539406285156
victim,cicids2018_distrinet,mlp-s42,prim_pgd_unbounded_untargeted,"PrimAttack (Prim-PGD, unbounded)",untargeted,unbounded,ALL,42,3200,1418,1418,3199,0.443125,0.443125,0.0,0.9996875,792,792,0.2475,0.2475,189.92125,1065.8333551466092,1033.8289327452705,0.3170259863880695,7.9559375,0,0.40000003576278687,0.0,44452772.0,9.766318800160661,3.0519746250502067
victim,cicids2018_distrinet,mlp-s42,prim_pgd_unbounded_untargeted,"PrimAttack (Prim-PGD, unbounded)",untargeted,unbounded,ALL,2024,3200,1418,1418,3199,0.443125,0.443125,0.0,0.9996875,792,792,0.2475,0.2475,189.92125,1081.159434360807,1049.1740064094224,0.31738074126170945,7.91,0,0.40000003576278687,0.0,43137078.0,9.672105700010434,3.0225330312532606
victim,cicids2018_distrinet,mlp-s42,prim_pgd_unbounded_untargeted,"PrimAttack (Prim-PGD, unbounded)",untargeted,unbounded,ALL,2026,3200,1419,1419,3199,0.4434375,0.4434375,0.0,0.9996875,793,793,0.2478125,0.2478125,189.92125,1081.0690051965064,1049.0215890640745,0.31745421035283317,7.9603125,0,0.40000003576278687,0.0,44054300.0,9.636518300278112,3.01141196883691
victim,cicids2018_distrinet,cnn-s42,prim_pgd_unbounded_untargeted,"PrimAttack (Prim-PGD, unbounded)",untargeted,unbounded,ALL,42,3200,841,841,3197,0.2628125,0.2628125,0.0,0.9990625,835,835,0.2609375,0.2609375,189.8425,5368.982915787373,5359.416999340168,0.1700830997191897,8.640625,0,0.10000000149011612,0.0,11684383.0,8.93367960001342,2.7917748750041937
victim,cicids2018_distrinet,cnn-s42,prim_pgd_unbounded_untargeted,"PrimAttack (Prim-PGD, unbounded)",untargeted,unbounded,ALL,2024,3200,841,841,3197,0.2628125,0.2628125,0.0,0.9990625,835,835,0.2609375,0.2609375,189.8425,5327.493869942599,5318.009169453418,0.1689718428906094,8.61375,0,0.10000000149011612,0.0,11684430.0,8.941249300027266,2.7941404062585207
victim,cicids2018_distrinet,cnn-s42,prim_pgd_unbounded_untargeted,"PrimAttack (Prim-PGD, unbounded)",untargeted,unbounded,ALL,2026,3200,841,841,3197,0.2628125,0.2628125,0.0,0.9990625,835,835,0.2609375,0.2609375,189.8425,5354.225211815138,5344.70804862894,0.1699679746451948,8.6340625,0,0.10000000149011612,0.0,11684530.0,8.949323800159618,2.7966636875498807
victim,cicids2018_distrinet,ft_transformer-s42,prim_pgd_unbounded_untargeted,"PrimAttack (Prim-PGD, unbounded)",untargeted,unbounded,ALL,42,3200,4,4,3198,0.00125,0.00125,0.0,0.999375,4,4,0.00125,0.00125,189.92125,3225.6223502454955,3174.3630041981123,0.5078097261822545,8.4446875,0,0.07499999739229679,0.0,3599891.5,41.368600899819285,12.927687781193526
victim,cicids2018_distrinet,ft_transformer-s42,prim_pgd_unbounded_untargeted,"PrimAttack (Prim-PGD, unbounded)",untargeted,unbounded,ALL,2024,3200,4,4,3198,0.00125,0.00125,0.0,0.999375,4,4,0.00125,0.00125,189.92125,3117.75992100314,3066.4947510265442,0.5053699974451817,8.445,0,0.07499999739229679,0.0,3599891.5,41.45297909970395,12.954055968657485
victim,cicids2018_distrinet,ft_transformer-s42,prim_pgd_unbounded_untargeted,"PrimAttack (Prim-PGD, unbounded)",untargeted,unbounded,ALL,2026,3200,4,4,3198,0.00125,0.00125,0.0,0.999375,4,4,0.00125,0.00125,189.92125,3242.987777045346,3191.4128085884313,0.5086113815683534,8.45,0,0.07499999739229679,0.0,3599891.5,42.18296639993787,13.182176999980584
victim,cicids2017_distrinet,mlp,prim_pgd_p75_untargeted_timing-only,"PrimAttack timing-only (Prim-PGD, p75)",untargeted,p75,ALL,42,3200,131,131,3200,0.0409375,0.0409375,0.0,1.0,131,131,0.0409375,0.0409375,187.0075,3417.4901095094883,3417.4235453821752,0.020895696693357346,8.1234375,0,0.6291901469230652,0.0,1234476.0,9.964229900157079,3.113821843799087
victim,cicids2017_distrinet,mlp,prim_pgd_p75_untargeted_timing-only,"PrimAttack timing-only (Prim-PGD, p75)",untargeted,p75,ALL,2024,3200,131,131,3200,0.0409375,0.0409375,0.0,1.0,131,131,0.0409375,0.0409375,187.0075,3418.602066607911,3418.5354680412797,0.02087103525593415,8.1259375,0,0.600000262260437,0.0,1317031.0,9.286177400033921,2.9019304375106003
victim,cicids2017_distrinet,mlp,prim_pgd_p75_untargeted_timing-only,"PrimAttack timing-only (Prim-PGD, p75)",untargeted,p75,ALL,2026,3200,131,131,3200,0.0409375,0.0409375,0.0,1.0,131,131,0.0409375,0.0409375,187.0075,3417.330603270114,3417.2640345126106,0.02088762727189031,8.12875,0,0.6500002145767212,0.0,1258335.0,9.399244600208476,2.937263937565149
victim,cicids2017_distrinet,cnn,prim_pgd_p75_untargeted_timing-only,"PrimAttack timing-only (Prim-PGD, p75)",untargeted,p75,ALL,42,3200,431,431,3200,0.1346875,0.1346875,0.0,1.0,423,423,0.1321875,0.1321875,187.0075,3102.8746137825906,3102.8088574063936,0.01940756153342264,8.19625,0,0.6235100030899048,0.0,992629.0,8.982062200084329,2.8068944375263527
victim,cicids2017_distrinet,cnn,prim_pgd_p75_untargeted_timing-only,"PrimAttack timing-only (Prim-PGD, p75)",untargeted,p75,ALL,2024,3200,431,431,3200,0.1346875,0.1346875,0.0,1.0,423,423,0.1321875,0.1321875,187.0075,3119.016576678052,3118.9503305547773,0.01953901827087905,8.1975,0,0.6662549376487732,0.0,1003961.0,8.509137300075963,2.6591054062737385
victim,cicids2017_distrinet,cnn,prim_pgd_p75_untargeted_timing-only,"PrimAttack timing-only (Prim-PGD, p75)",untargeted,p75,ALL,2026,3200,431,431,3200,0.1346875,0.1346875,0.0,1.0,422,422,0.131875,0.131875,187.0075,3124.955296892056,3124.889048770785,0.01954307582944072,8.1953125,0,0.6418458223342896,0.0,1003891.0,8.775421699741855,2.7423192811693298
victim,cicids2017_distrinet,ft_transformer,prim_pgd_p75_untargeted_timing-only,"PrimAttack timing-only (Prim-PGD, p75)",untargeted,p75,ALL,42,3200,4,4,3200,0.00125,0.00125,0.0,1.0,4,4,0.00125,0.00125,187.08625,2514.7061220704277,2514.651665138521,0.01725681057685545,7.1865625,0,0.27245138585567474,0.0,4928.0,42.06974880001508,13.146796500004712
victim,cicids2017_distrinet,ft_transformer,prim_pgd_p75_untargeted_timing-only,"PrimAttack timing-only (Prim-PGD, p75)",untargeted,p75,ALL,2024,3200,4,4,3200,0.00125,0.00125,0.0,1.0,4,4,0.00125,0.00125,187.08625,2518.20996089952,2518.155267944852,0.01725074788195442,7.1678125,0,0.24843411147594452,0.0,5112.0,41.65912049985491,13.018475156204659
victim,cicids2017_distrinet,ft_transformer,prim_pgd_p75_untargeted_timing-only,"PrimAttack timing-only (Prim-PGD, p75)",untargeted,p75,ALL,2026,3200,4,4,3200,0.00125,0.00125,0.0,1.0,4,4,0.00125,0.00125,187.08625,2512.620476264654,2512.5729728971605,0.017028837776805878,7.1315625,0,0.2750381827354431,0.0,5697.0,41.66958420001902,13.021745062505943
victim,cicids2018_distrinet,mlp-s42,prim_pgd_p75_untargeted_timing-only,"PrimAttack timing-only (Prim-PGD, p75)",untargeted,p75,ALL,42,3200,81,81,3200,0.0253125,0.0253125,0.0,1.0,25,25,0.0078125,0.0078125,189.29125,354.8581037011596,354.74053124667296,0.008217895934659951,6.6021875,0,0.5999994874000549,0.0,508611.0,9.959601599955931,3.1123754999862285
victim,cicids2018_distrinet,mlp-s42,prim_pgd_p75_untargeted_timing-only,"PrimAttack timing-only (Prim-PGD, p75)",untargeted,p75,ALL,2024,3200,81,81,3200,0.0253125,0.0253125,0.0,1.0,25,25,0.0078125,0.0078125,189.29125,355.69872551033615,355.58325642094735,0.008229943114943277,6.5775,0,0.6000000834465027,0.0,490382.0,9.877538099884987,3.0867306562140584
victim,cicids2018_distrinet,mlp-s42,prim_pgd_p75_untargeted_timing-only,"PrimAttack timing-only (Prim-PGD, p75)",untargeted,p75,ALL,2026,3200,81,81,3198,0.0253125,0.0253125,0.0,0.999375,25,25,0.0078125,0.0078125,189.29125,355.73455565774464,355.6177042437128,0.00824193657101521,6.6234375,0,0.6227019429206848,0.0,507686.0,9.910451500210911,3.0970160938159097
victim,cicids2018_distrinet,cnn-s42,prim_pgd_p75_untargeted_timing-only,"PrimAttack timing-only (Prim-PGD, p75)",untargeted,p75,ALL,42,3200,37,37,3198,0.0115625,0.0115625,0.0,0.999375,0,0,0.0,0.0,189.2125,282.7181917454005,282.48464275348204,0.005640461259282859,6.5403125,0,0.8690468072891235,0.0,124682.0,9.34895860007964,2.9215495625248877
victim,cicids2018_distrinet,cnn-s42,prim_pgd_p75_untargeted_timing-only,"PrimAttack timing-only (Prim-PGD, p75)",untargeted,p75,ALL,2024,3200,37,37,3197,0.0115625,0.0115625,0.0,0.9990625,0,0,0.0,0.0,189.2125,282.2936953599255,282.0894435013149,0.0055238760287979445,6.556875,0,0.8077241778373718,0.0,124480.0,8.707698500249535,2.7211557813279796
victim,cicids2018_distrinet,cnn-s42,prim_pgd_p75_untargeted_timing-only,"PrimAttack timing-only (Prim-PGD, p75)",untargeted,p75,ALL,2026,3200,37,37,3197,0.0115625,0.0115625,0.0,0.9990625,0,0,0.0,0.0,189.2125,284.9709059768448,284.7708995705697,0.005567229505415588,6.5471875,0,0.8668748736381531,0.0,124973.0,8.811094499891624,2.7534670312161325
victim,cicids2018_distrinet,ft_transformer-s42,prim_pgd_p75_untargeted_timing-only,"PrimAttack timing-only (Prim-PGD, p75)",untargeted,p75,ALL,42,3200,0,0,3197,0.0,0.0,0.0,0.9990625,0,0,0.0,0.0,189.29125,246.78055446268235,246.36048514286188,0.005338896761843107,7.8,0,,,,41.59647260000929,12.998897687502904
victim,cicids2018_distrinet,ft_transformer-s42,prim_pgd_p75_untargeted_timing-only,"PrimAttack timing-only (Prim-PGD, p75)",untargeted,p75,ALL,2024,3200,0,0,3197,0.0,0.0,0.0,0.9990625,0,0,0.0,0.0,189.29125,248.34816557317538,247.92964775556166,0.005348894087932364,7.79625,0,,,,41.1851011000108,12.870344093753374
victim,cicids2018_distrinet,ft_transformer-s42,prim_pgd_p75_untargeted_timing-only,"PrimAttack timing-only (Prim-PGD, p75)",untargeted,p75,ALL,2026,3200,0,0,3197,0.0,0.0,0.0,0.9990625,0,0,0.0,0.0,189.29125,247.0287158556714,246.5051265691015,0.005643604429607025,7.796875,0,,,,41.58561440021731,12.99550450006791
victim,cicids2017_distrinet,mlp,prim_pgd_p75_untargeted_padding-only,"PrimAttack padding-only (Prim-PGD, p75)",untargeted,p75,ALL,42,3200,0,0,3200,0.0,0.0,0.0,1.0,0,0,0.0,0.0,1.07875,0.0011890913629517624,0.0007848837209302326,1.3981987624444409e-05,0.0034375,0,,,,2.242017899872735,0.7006305937102297
victim,cicids2017_distrinet,mlp,prim_pgd_p75_untargeted_padding-only,"PrimAttack padding-only (Prim-PGD, p75)",untargeted,p75,ALL,2024,3200,0,0,3200,0.0,0.0,0.0,1.0,0,0,0.0,0.0,1.07875,0.0011890913629517624,0.0007848837209302326,1.3981987624444409e-05,0.0034375,0,,,,2.055370199959725,0.6423031874874141
victim,cicids2017_distrinet,mlp,prim_pgd_p75_untargeted_padding-only,"PrimAttack padding-only (Prim-PGD, p75)",untargeted,p75,ALL,2026,3200,0,0,3200,0.0,0.0,0.0,1.0,0,0,0.0,0.0,1.07875,0.0011890913629517624,0.0007848837209302326,1.3981987624444409e-05,0.0034375,0,,,,2.605962200090289,0.8143631875282153
victim,cicids2017_distrinet,cnn,prim_pgd_p75_untargeted_padding-only,"PrimAttack padding-only (Prim-PGD, p75)",untargeted,p75,ALL,42,3200,0,0,3200,0.0,0.0,0.0,1.0,0,0,0.0,0.0,1.07875,0.0007046463145924268,0.0004651162790697674,8.28561767581385e-06,0.0034375,0,,,,1.9692604998126626,0.6153939061914571
victim,cicids2017_distrinet,cnn,prim_pgd_p75_untargeted_padding-only,"PrimAttack padding-only (Prim-PGD, p75)",untargeted,p75,ALL,2024,3200,0,0,3200,0.0,0.0,0.0,1.0,0,0,0.0,0.0,1.07875,0.0007046463145924268,0.0004651162790697674,8.28561767581385e-06,0.0034375,0,,,,2.0190166998654604,0.6309427187079564
victim,cicids2017_distrinet,cnn,prim_pgd_p75_untargeted_padding-only,"PrimAttack padding-only (Prim-PGD, p75)",untargeted,p75,ALL,2026,3200,0,0,3200,0.0,0.0,0.0,1.0,0,0,0.0,0.0,1.07875,0.0007046463145924268,0.0004651162790697674,8.28561767581385e-06,0.0034375,0,,,,2.0610689998138696,0.6440840624418342
victim,cicids2017_distrinet,ft_transformer,prim_pgd_p75_untargeted_padding-only,"PrimAttack padding-only (Prim-PGD, p75)",untargeted,p75,ALL,42,3200,0,0,3200,0.0,0.0,0.0,1.0,0,0,0.0,0.0,1.07875,0.0011890913629517624,0.0007848837209302326,1.3981987624444409e-05,0.0034375,0,,,,3.0862277997657657,0.9644461874268018
victim,cicids2017_distrinet,ft_transformer,prim_pgd_p75_untargeted_padding-only,"PrimAttack padding-only (Prim-PGD, p75)",untargeted,p75,ALL,2024,3200,0,0,3200,0.0,0.0,0.0,1.0,0,0,0.0,0.0,1.07875,0.0011890913629517624,0.0007848837209302326,1.3981987624444409e-05,0.0034375,0,,,,2.9623682000674307,0.9257400625210721
victim,cicids2017_distrinet,ft_transformer,prim_pgd_p75_untargeted_padding-only,"PrimAttack padding-only (Prim-PGD, p75)",untargeted,p75,ALL,2026,3200,0,0,3200,0.0,0.0,0.0,1.0,0,0,0.0,0.0,1.07875,0.0011890913629517624,0.0007848837209302326,1.3981987624444409e-05,0.0034375,0,,,,2.926099999807775,0.9144062499399297
victim,cicids2018_distrinet,mlp-s42,prim_pgd_p75_untargeted_padding-only,"PrimAttack padding-only (Prim-PGD, p75)",untargeted,p75,ALL,42,3200,0,0,3200,0.0,0.0,0.0,1.0,0,0,0.0,0.0,1.63,0.0,0.0,0.0,0.0,0,,,,2.0722978999838233,0.6475930937449448
victim,cicids2018_distrinet,mlp-s42,prim_pgd_p75_untargeted_padding-only,"PrimAttack padding-only (Prim-PGD, p75)",untargeted,p75,ALL,2024,3200,0,0,3200,0.0,0.0,0.0,1.0,0,0,0.0,0.0,1.63,0.0,0.0,0.0,0.0,0,,,,2.120336800115183,0.6626052500359947
victim,cicids2018_distrinet,mlp-s42,prim_pgd_p75_untargeted_padding-only,"PrimAttack padding-only (Prim-PGD, p75)",untargeted,p75,ALL,2026,3200,0,0,3200,0.0,0.0,0.0,1.0,0,0,0.0,0.0,1.63,0.0,0.0,0.0,0.0,0,,,,2.2391564999707043,0.6997364062408451
victim,cicids2018_distrinet,cnn-s42,prim_pgd_p75_untargeted_padding-only,"PrimAttack padding-only (Prim-PGD, p75)",untargeted,p75,ALL,42,3200,0,0,3200,0.0,0.0,0.0,1.0,0,0,0.0,0.0,1.63,0.003565167839641396,0.0025,5.532859777286258e-06,0.0275,0,,,,1.9168084000702947,0.5990026250219671
victim,cicids2018_distrinet,cnn-s42,prim_pgd_p75_untargeted_padding-only,"PrimAttack padding-only (Prim-PGD, p75)",untargeted,p75,ALL,2024,3200,0,0,3200,0.0,0.0,0.0,1.0,0,0,0.0,0.0,1.63,0.003565167839641396,0.0025,5.532859777286258e-06,0.0275,0,,,,1.98514339979738,0.6203573124366812
victim,cicids2018_distrinet,cnn-s42,prim_pgd_p75_untargeted_padding-only,"PrimAttack padding-only (Prim-PGD, p75)",untargeted,p75,ALL,2026,3200,0,0,3200,0.0,0.0,0.0,1.0,0,0,0.0,0.0,1.63,0.003565167839641396,0.0025,5.532859777286258e-06,0.0275,0,,,,2.007111599901691,0.6272223749692785
victim,cicids2018_distrinet,ft_transformer-s42,prim_pgd_p75_untargeted_padding-only,"PrimAttack padding-only (Prim-PGD, p75)",untargeted,p75,ALL,42,3200,0,0,3200,0.0,0.0,0.0,1.0,0,0,0.0,0.0,1.63,0.0,0.0,0.0,0.0,0,,,,2.429174499819055,0.7591170311934547
victim,cicids2018_distrinet,ft_transformer-s42,prim_pgd_p75_untargeted_padding-only,"PrimAttack padding-only (Prim-PGD, p75)",untargeted,p75,ALL,2024,3200,0,0,3200,0.0,0.0,0.0,1.0,0,0,0.0,0.0,1.63,0.0,0.0,0.0,0.0,0,,,,2.4016684000380337,0.7505213750118855
victim,cicids2018_distrinet,ft_transformer-s42,prim_pgd_p75_untargeted_padding-only,"PrimAttack padding-only (Prim-PGD, p75)",untargeted,p75,ALL,2026,3200,0,0,3200,0.0,0.0,0.0,1.0,0,0,0.0,0.0,1.63,0.0,0.0,0.0,0.0,0,,,,2.4571483999025077,0.7678588749695336
class,cicids2017_distrinet,mlp,prim_pgd_p75_untargeted,"PrimAttack (Prim-PGD, p75)",untargeted,p75,DoS,42,800,41,41,800,0.05125,0.05125,0.0,1.0,41,41,0.05125,0.05125,248.59,2034.096883682291,2033.8303611936828,0.012390935319579266,10.8675,0,0.7469953298568726,0.0,267451.0,5.663239999907091,7.079049999883864
class,cicids2017_distrinet,mlp,prim_pgd_p75_untargeted,"PrimAttack (Prim-PGD, p75)",untargeted,p75,DoS,2024,800,41,41,800,0.05125,0.05125,0.0,1.0,41,41,0.05125,0.05125,248.59,2034.2175386641748,2033.9514906773122,0.012357979686998574,10.86875,0,0.7418323159217834,0.0,280868.0,5.745488099986687,7.181860124983359
class,cicids2017_distrinet,mlp,prim_pgd_p75_untargeted,"PrimAttack (Prim-PGD, p75)",untargeted,p75,DoS,2026,800,41,41,800,0.05125,0.05125,0.0,1.0,41,41,0.05125,0.05125,248.59,2037.3251034410177,2037.0589481502043,0.012377459587202561,10.87125,0,0.7000011205673218,0.0,290251.0,5.935263500083238,7.419079375104047
class,cicids2017_distrinet,mlp,prim_pgd_p75_untargeted,"PrimAttack (Prim-PGD, p75)",untargeted,p75,DDoS,42,800,86,86,800,0.1075,0.1075,0.0,1.0,86,86,0.1075,0.1075,242.92,7839.814976344796,7839.814864130434,0.0372450905607917,10.6325,0,0.593822181224823,0.0,1496765.5,5.8078141999430954,7.259767749928869
class,cicids2017_distrinet,mlp,prim_pgd_p75_untargeted,"PrimAttack (Prim-PGD, p75)",untargeted,p75,DDoS,2024,800,86,86,800,0.1075,0.1075,0.0,1.0,86,86,0.1075,0.1075,242.92,7840.064758306354,7840.064646739131,0.03717847947746991,10.63625,0,0.5953042805194855,0.0,1472446.5,5.740350699983537,7.1754383749794215
class,cicids2017_distrinet,mlp,prim_pgd_p75_untargeted,"PrimAttack (Prim-PGD, p75)",untargeted,p75,DDoS,2026,800,86,86,800,0.1075,0.1075,0.0,1.0,86,86,0.1075,0.1075,242.92,7841.524242340176,7841.524130434783,0.03723676424456126,10.64,0,0.6400824785232544,0.0,1509087.0,5.856815000064671,7.321018750080839
class,cicids2017_distrinet,mlp,prim_pgd_p75_untargeted,"PrimAttack (Prim-PGD, p75)",untargeted,p75,Recon,42,800,0,0,800,0.0,0.0,0.0,1.0,0,0,0.0,0.0,3.835,0.16415387785109864,0.1625848699029649,2.410998079252095e-05,0.10375,0,,,,5.197326000081375,6.496657500101719
class,cicids2017_distrinet,mlp,prim_pgd_p75_untargeted,"PrimAttack (Prim-PGD, p75)",untargeted,p75,Recon,2024,800,0,0,800,0.0,0.0,0.0,1.0,0,0,0.0,0.0,3.835,0.15935070924140027,0.15766681066733557,2.4109991036466415e-05,0.105,0,,,,5.1480628999415785,6.435078624926973
class,cicids2017_distrinet,mlp,prim_pgd_p75_untargeted,"PrimAttack (Prim-PGD, p75)",untargeted,p75,Recon,2026,800,0,0,800,0.0,0.0,0.0,1.0,0,0,0.0,0.0,3.835,0.16415387785109864,0.1625848699029649,2.410998079252095e-05,0.10375,0,,,,5.321408299962059,6.651760374952573
class,cicids2017_distrinet,mlp,prim_pgd_p75_untargeted,"PrimAttack (Prim-PGD, p75)",untargeted,p75,BruteForce,42,800,4,4,800,0.005,0.005,0.0,1.0,4,4,0.005,0.005,253.0,3796.279253390851,3796.279130434783,0.03397761126245556,10.895,0,0.3132782280445099,0.0,347691.5,5.7845805999822915,7.230725749977864
class,cicids2017_distrinet,mlp,prim_pgd_p75_untargeted,"PrimAttack (Prim-PGD, p75)",untargeted,p75,BruteForce,2024,800,4,4,800,0.005,0.005,0.0,1.0,4,4,0.005,0.005,253.0,3795.5399036167796,3795.539755434783,0.033982067023168784,10.90875,0,0.3749997913837433,0.0,416152.0,5.838270400185138,7.2978380002314225
class,cicids2017_distrinet,mlp,prim_pgd_p75_untargeted,"PrimAttack (Prim-PGD, p75)",untargeted,p75,BruteForce,2026,800,4,4,800,0.005,0.005,0.0,1.0,4,4,0.005,0.005,253.0,3795.47460467642,3795.474456521739,0.0339808154017895,10.91,0,0.3749997913837433,0.0,416152.0,5.8173152999952435,7.271644124994054
class,cicids2017_distrinet,cnn,prim_pgd_p75_untargeted,"PrimAttack (Prim-PGD, p75)",untargeted,p75,DoS,42,800,164,164,800,0.205,0.205,0.0,1.0,164,164,0.205,0.205,248.905,2079.436976693477,2079.1740927214273,0.011123509965931023,10.9425,0,0.6656838357448578,0.0,274861.5,6.019512200029567,7.524390250036959
class,cicids2017_distrinet,cnn,prim_pgd_p75_untargeted,"PrimAttack (Prim-PGD, p75)",untargeted,p75,DoS,2024,800,164,164,800,0.205,0.205,0.0,1.0,164,164,0.205,0.205,248.905,2099.1353865045317,2098.8793434390095,0.011120936898502071,10.93,0,0.7067530751228333,0.0,255542.5,6.157751500140876,7.6971893751760945
class,cicids2017_distrinet,cnn,prim_pgd_p75_untargeted,"PrimAttack (Prim-PGD, p75)",untargeted,p75,DoS,2026,800,164,164,800,0.205,0.205,0.0,1.0,164,164,0.205,0.205,248.905,2104.9012294921326,2104.635930373673,0.011110908417588711,10.94375,0,0.69999960064888,0.0,293862.5,5.967882799915969,7.459853499894962
class,cicids2017_distrinet,cnn,prim_pgd_p75_untargeted,"PrimAttack (Prim-PGD, p75)",untargeted,p75,DDoS,42,800,257,257,800,0.32125,0.32125,0.0,1.0,251,251,0.31375,0.31375,242.92,6522.615497174206,6522.615380434782,0.032565391369666505,10.7775,0,0.5941922068595886,0.0,1630713.0,5.900474700145423,7.375593375181779
class,cicids2017_distrinet,cnn,prim_pgd_p75_untargeted,"PrimAttack (Prim-PGD, p75)",untargeted,p75,DDoS,2024,800,257,257,800,0.32125,0.32125,0.0,1.0,251,251,0.31375,0.31375,242.92,6590.46490153883,6590.464782608695,0.03303657562631925,10.78125,0,0.637082040309906,0.0,1751383.0,5.981770099839196,7.4772126247989945
class,cicids2017_distrinet,cnn,prim_pgd_p75_untargeted,"PrimAttack (Prim-PGD, p75)",untargeted,p75,DDoS,2026,800,257,257,800,0.32125,0.32125,0.0,1.0,250,250,0.3125,0.3125,242.92,6592.770902765883,6592.770788043478,0.032851610401650945,10.7725,0,0.5986625552177429,0.0,1658053.0,5.987594899954274,7.484493624942843
class,cicids2017_distrinet,cnn,prim_pgd_p75_untargeted,"PrimAttack (Prim-PGD, p75)",untargeted,p75,Recon,42,800,3,3,800,0.00375,0.00375,0.0,1.0,1,1,0.00125,0.00125,3.52,0.10355562267806075,0.10319258028148116,1.239759487621642e-05,0.1075,0,0.24988923966884613,0.0,308.0,5.111751799937338,6.389689749921672
class,cicids2017_distrinet,cnn,prim_pgd_p75_untargeted,"PrimAttack (Prim-PGD, p75)",untargeted,p75,Recon,2024,800,3,3,800,0.00375,0.00375,0.0,1.0,1,1,0.00125,0.00125,3.52,0.10159565567297033,0.10123152257430731,1.2422447463543792e-05,0.10875,0,0.24988923966884613,0.0,307.0,5.057057899888605,6.321322374860756
class,cicids2017_distrinet,cnn,prim_pgd_p75_untargeted,"PrimAttack (Prim-PGD, p75)",untargeted,p75,Recon,2026,800,3,3,800,0.00375,0.00375,0.0,1.0,1,1,0.00125,0.00125,3.52,0.10600128928745357,0.1056382324553942,1.2423351544549916e-05,0.10875,0,0.24988923966884613,0.0,308.0,4.940973300021142,6.176216625026427
class,cicids2017_distrinet,cnn,prim_pgd_p75_untargeted,"PrimAttack (Prim-PGD, p75)",untargeted,p75,BruteForce,42,800,7,7,800,0.00875,0.00875,0.0,1.0,7,7,0.00875,0.00875,253.0,3808.706998236511,3808.706820652174,0.03414752475973257,10.98125,0,0.4068068861961365,0.0,452046.0,6.129283300135285,7.661604125169106
class,cicids2017_distrinet,cnn,prim_pgd_p75_untargeted,"PrimAttack (Prim-PGD, p75)",untargeted,p75,BruteForce,2024,800,7,7,800,0.00875,0.00875,0.0,1.0,7,7,0.00875,0.00875,253.0,3807.0649850844,3807.0648369565215,0.03413357411482965,10.96625,0,0.40783730149269104,0.0,323823.0,6.016407800139859,7.520509750174824
class,cicids2017_distrinet,cnn,prim_pgd_p75_untargeted,"PrimAttack (Prim-PGD, p75)",untargeted,p75,BruteForce,2026,800,7,7,800,0.00875,0.00875,0.0,1.0,7,7,0.00875,0.00875,253.0,3807.101289487327,3807.101141304348,0.0341347984852426,10.96625,0,0.5262277722358704,0.0,429000.0,6.069750800030306,7.5871885000378825
class,cicids2017_distrinet,ft_transformer,prim_pgd_p75_untargeted,"PrimAttack (Prim-PGD, p75)",untargeted,p75,DoS,42,800,1,1,800,0.00125,0.00125,0.0,1.0,1,1,0.00125,0.00125,248.905,2157.919138726859,2157.7751691637245,0.011137021922866374,10.66875,0,0.15000371634960175,0.0,20198.0,15.455115900142118,19.318894875177648
class,cicids2017_distrinet,ft_transformer,prim_pgd_p75_untargeted,"PrimAttack (Prim-PGD, p75)",untargeted,p75,DoS,2024,800,1,1,800,0.00125,0.00125,0.0,1.0,1,1,0.00125,0.00125,248.905,2160.966686342196,2160.8408283640365,0.011125351153347049,10.645,0,0.14877831935882568,0.0,20033.0,15.314537500031292,19.143171875039116
class,cicids2017_distrinet,ft_transformer,prim_pgd_p75_untargeted,"PrimAttack (Prim-PGD, p75)",untargeted,p75,DoS,2026,800,1,1,800,0.00125,0.00125,0.0,1.0,1,1,0.00125,0.00125,248.905,2160.3831690647985,2160.2379433883434,0.011138788180284652,10.67375,0,0.15000371634960175,0.0,20198.0,15.321214199997485,19.151517749996856
class,cicids2017_distrinet,ft_transformer,prim_pgd_p75_untargeted,"PrimAttack (Prim-PGD, p75)",untargeted,p75,DDoS,42,800,0,0,800,0.0,0.0,0.0,1.0,0,0,0.0,0.0,242.92,4117.242769567462,4117.169972426463,0.024130682908654087,7.00875,0,,,,13.114259500056505,16.39282437507063
class,cicids2017_distrinet,ft_transformer,prim_pgd_p75_untargeted,"PrimAttack (Prim-PGD, p75)",untargeted,p75,DDoS,2024,800,0,0,800,0.0,0.0,0.0,1.0,0,0,0.0,0.0,242.92,4131.458110860182,4131.387253687233,0.024096794510541187,6.9525,0,,,,13.22007800010033,16.525097500125412
class,cicids2017_distrinet,ft_transformer,prim_pgd_p75_untargeted,"PrimAttack (Prim-PGD, p75)",untargeted,p75,DDoS,2026,800,0,0,800,0.0,0.0,0.0,1.0,0,0,0.0,0.0,242.92,4114.462115194545,4114.402905804637,0.023241179405386975,6.79125,0,,,,12.764953299891204,15.956191624864005
class,cicids2017_distrinet,ft_transformer,prim_pgd_p75_untargeted,"PrimAttack (Prim-PGD, p75)",untargeted,p75,Recon,42,800,0,0,800,0.0,0.0,0.0,1.0,0,0,0.0,0.0,3.835,0.37227906111680426,0.37201421772905185,2.5116158866588844e-05,0.12,0,,,,2.587921899976209,3.234902374970261
class,cicids2017_distrinet,ft_transformer,prim_pgd_p75_untargeted,"PrimAttack (Prim-PGD, p75)",untargeted,p75,Recon,2024,800,0,0,800,0.0,0.0,0.0,1.0,0,0,0.0,0.0,3.835,0.37227906111680426,0.37201421772905185,2.5116158866588844e-05,0.12,0,,,,2.5044457998592407,3.130557249824051
class,cicids2017_distrinet,ft_transformer,prim_pgd_p75_untargeted,"PrimAttack (Prim-PGD, p75)",untargeted,p75,Recon,2026,800,0,0,800,0.0,0.0,0.0,1.0,0,0,0.0,0.0,3.835,0.37227906111680426,0.37201421772905185,2.5116158866588844e-05,0.12,0,,,,2.486918899929151,3.1086486249114387
class,cicids2017_distrinet,ft_transformer,prim_pgd_p75_untargeted,"PrimAttack (Prim-PGD, p75)",untargeted,p75,BruteForce,42,800,3,3,800,0.00375,0.00375,0.0,1.0,3,3,0.00375,0.00375,253.0,3781.5427704865597,3781.5423641304346,0.033797281995239035,10.965,0,0.2948939800262451,0.0,1769.0,13.277170300018042,16.596462875022553
class,cicids2017_distrinet,ft_transformer,prim_pgd_p75_untargeted,"PrimAttack (Prim-PGD, p75)",untargeted,p75,BruteForce,2024,800,3,3,800,0.00375,0.00375,0.0,1.0,3,3,0.00375,0.00375,253.0,3781.4972090534766,3781.496793478261,0.03379698064134544,10.96375,0,0.25000879168510437,0.0,1450.0,13.395420800196007,16.74427600024501
class,cicids2017_distrinet,ft_transformer,prim_pgd_p75_untargeted,"PrimAttack (Prim-PGD, p75)",untargeted,p75,BruteForce,2026,800,3,3,800,0.00375,0.00375,0.0,1.0,3,3,0.00375,0.00375,253.0,3781.461947670048,3781.46152173913,0.03379675668576901,10.96375,0,0.30006757378578186,0.0,2620.0,13.481847299961373,16.852309124951717
class,cicids2018_distrinet,mlp-s42,prim_pgd_p75_untargeted,"PrimAttack (Prim-PGD, p75)",untargeted,p75,DoS,42,800,0,0,800,0.0,0.0,0.0,1.0,0,0,0.0,0.0,235.045,1.2318058912814447,1.162082472585211,0.00031697081280525065,2.8,0,,,,2.560879800003022,3.2010997500037774
class,cicids2018_distrinet,mlp-s42,prim_pgd_p75_untargeted,"PrimAttack (Prim-PGD, p75)",untargeted,p75,DoS,2024,800,0,0,800,0.0,0.0,0.0,1.0,0,0,0.0,0.0,235.045,1.221930356775931,1.1519899581471646,0.0003161637110316251,2.77625,0,,,,2.1030262999702245,2.6287828749627806
class,cicids2018_distrinet,mlp-s42,prim_pgd_p75_untargeted,"PrimAttack (Prim-PGD, p75)",untargeted,p75,DoS,2026,800,0,0,800,0.0,0.0,0.0,1.0,0,0,0.0,0.0,235.045,1.2463480275572827,1.1759978086497085,0.000325317369622565,2.90125,0,,,,2.215503100072965,2.7693788750912063
class,cicids2018_distrinet,mlp-s42,prim_pgd_p75_untargeted,"PrimAttack (Prim-PGD, p75)",untargeted,p75,DDoS,42,800,60,60,800,0.075,0.075,0.0,1.0,4,4,0.005,0.005,240.085,1158.1458990693259,1157.8516608654704,0.02712667893593122,10.595,0,0.6569755375385284,0.0,362019.5,2.5876378999091685,3.2345473748864606
class,cicids2018_distrinet,mlp-s42,prim_pgd_p75_untargeted,"PrimAttack (Prim-PGD, p75)",untargeted,p75,DDoS,2024,800,60,60,800,0.075,0.075,0.0,1.0,4,4,0.005,0.005,240.085,1158.0191362681962,1157.7349156983173,0.02707605954026983,10.50625,0,0.6906244456768036,0.0,339619.5,2.481453600106761,3.101817000133451
class,cicids2018_distrinet,mlp-s42,prim_pgd_p75_untargeted,"PrimAttack (Prim-PGD, p75)",untargeted,p75,DDoS,2026,800,60,60,800,0.075,0.075,0.0,1.0,4,4,0.005,0.005,240.085,1159.0116516324938,1158.7197496229387,0.027120896350131426,10.59625,0,0.6655027568340302,0.0,375915.0,2.6372322998940945,3.296540374867618
class,cicids2018_distrinet,mlp-s42,prim_pgd_p75_untargeted,"PrimAttack (Prim-PGD, p75)",untargeted,p75,Recon,42,800,21,21,800,0.02625,0.02625,0.0,1.0,21,21,0.02625,0.02625,31.555,263.7856639963287,263.7283177051077,0.005059910628646889,1.01875,0,0.4262116849422455,0.0,3086851.0,2.229712599888444,2.787140749860555
class,cicids2018_distrinet,mlp-s42,prim_pgd_p75_untargeted,"PrimAttack (Prim-PGD, p75)",untargeted,p75,Recon,2024,800,21,21,800,0.02625,0.02625,0.0,1.0,21,21,0.02625,0.02625,31.555,232.36857427341792,232.31159456477525,0.004830463136206112,1.00625,0,0.3885045647621155,0.0,2764237.0,2.214749400038272,2.76843675004784
class,cicids2018_distrinet,mlp-s42,prim_pgd_p75_untargeted,"PrimAttack (Prim-PGD, p75)",untargeted,p75,Recon,2026,800,21,21,800,0.02625,0.02625,0.0,1.0,21,21,0.02625,0.02625,31.555,260.788197083092,260.7297419102714,0.005114484098112404,1.0325,0,0.45000001788139343,0.0,3084656.0,2.233251200057566,2.7915640000719577
class,cicids2018_distrinet,mlp-s42,prim_pgd_p75_untargeted,"PrimAttack (Prim-PGD, p75)",untargeted,p75,BruteForce,42,800,0,0,800,0.0,0.0,0.0,1.0,0,0,0.0,0.0,253.0,0.2433995808527965,0.1936339435286925,0.0004253840331913491,11.99375,0,,,,2.3855183999985456,2.981897999998182
class,cicids2018_distrinet,mlp-s42,prim_pgd_p75_untargeted,"PrimAttack (Prim-PGD, p75)",untargeted,p75,BruteForce,2024,800,0,0,800,0.0,0.0,0.0,1.0,0,0,0.0,0.0,253.0,0.24340813917429524,0.19363879588325575,0.0004253945989451432,11.99375,0,,,,2.4621367999352515,3.0776709999190643
class,cicids2018_distrinet,mlp-s42,prim_pgd_p75_untargeted,"PrimAttack (Prim-PGD, p75)",untargeted,p75,BruteForce,2026,800,0,0,800,0.0,0.0,0.0,1.0,0,0,0.0,0.0,253.0,0.24340549716056978,0.19363763299138625,0.0004253920390242562,11.99375,0,,,,2.3631901999469846,2.953987749933731
class,cicids2018_distrinet,cnn-s42,prim_pgd_p75_untargeted,"PrimAttack (Prim-PGD, p75)",untargeted,p75,DoS,42,800,0,0,800,0.0,0.0,0.0,1.0,0,0,0.0,0.0,234.73,0.4437532115882498,0.4076795632071339,0.000181409188151291,3.23375,0,,,,2.537943899864331,3.1724298748304136
class,cicids2018_distrinet,cnn-s42,prim_pgd_p75_untargeted,"PrimAttack (Prim-PGD, p75)",untargeted,p75,DoS,2024,800,0,0,800,0.0,0.0,0.0,1.0,0,0,0.0,0.0,234.73,0.42134041058108734,0.3880203723517491,0.0001693269490682754,3.3225,0,,,,2.159314500167966,2.6991431252099574
class,cicids2018_distrinet,cnn-s42,prim_pgd_p75_untargeted,"PrimAttack (Prim-PGD, p75)",untargeted,p75,DoS,2026,800,0,0,800,0.0,0.0,0.0,1.0,0,0,0.0,0.0,234.73,0.4455269097788336,0.40915315001996705,0.0001814245203815607,3.31,0,,,,2.2799844001419842,2.8499805001774803
class,cicids2018_distrinet,cnn-s42,prim_pgd_p75_untargeted,"PrimAttack (Prim-PGD, p75)",untargeted,p75,DDoS,42,800,37,37,800,0.04625,0.04625,0.0,1.0,0,0,0.0,0.0,240.085,532.0368009547931,531.4702170881505,0.014204765759839408,10.45,0,0.8690468072891235,0.0,124682.0,2.3820421998389065,2.977552749798633
class,cicids2018_distrinet,cnn-s42,prim_pgd_p75_untargeted,"PrimAttack (Prim-PGD, p75)",untargeted,p75,DDoS,2024,800,37,37,800,0.04625,0.04625,0.0,1.0,0,0,0.0,0.0,240.085,522.5103840003912,522.0763037172329,0.013527198377088583,10.455,0,0.8077241778373718,0.0,124480.0,2.247484700055793,2.809355875069741
class,cicids2018_distrinet,cnn-s42,prim_pgd_p75_untargeted,"PrimAttack (Prim-PGD, p75)",untargeted,p75,DDoS,2026,800,37,37,800,0.04625,0.04625,0.0,1.0,0,0,0.0,0.0,240.085,540.8321634836099,540.3990791658682,0.013921903103898405,10.44375,0,0.8668748736381531,0.0,124973.0,2.2285239999182522,2.7856549998978153
class,cicids2018_distrinet,cnn-s42,prim_pgd_p75_untargeted,"PrimAttack (Prim-PGD, p75)",untargeted,p75,Recon,42,800,0,0,796,0.0,0.0,0.0,0.995,0,0,0.0,0.0,31.555,598.3748976077216,598.0598785308961,0.007856561694917438,1.25,0,,,,2.0285269001033157,2.5356586251291446
class,cicids2018_distrinet,cnn-s42,prim_pgd_p75_untargeted,"PrimAttack (Prim-PGD, p75)",untargeted,p75,Recon,2024,800,0,0,797,0.0,0.0,0.0,0.99625,0,0,0.0,0.0,31.555,585.7074898052899,585.3947329693088,0.007549153278239486,1.24625,0,,,,2.107987300027162,2.6349841250339523
class,cicids2018_distrinet,cnn-s42,prim_pgd_p75_untargeted,"PrimAttack (Prim-PGD, p75)",untargeted,p75,Recon,2026,800,0,0,797,0.0,0.0,0.0,0.99625,0,0,0.0,0.0,31.555,587.1437184935628,586.8303333151504,0.0076118402954983315,1.2475,0,,,,2.180156599963084,2.725195749953855
class,cicids2018_distrinet,cnn-s42,prim_pgd_p75_untargeted,"PrimAttack (Prim-PGD, p75)",untargeted,p75,BruteForce,42,800,0,0,800,0.0,0.0,0.0,1.0,0,0,0.0,0.0,253.0,1.7430840189988672,1.7217413932615855,0.0003931998334917714,11.33625,0,,,,2.424903699895367,3.031129624869209
class,cicids2018_distrinet,cnn-s42,prim_pgd_p75_untargeted,"PrimAttack (Prim-PGD, p75)",untargeted,p75,BruteForce,2024,800,0,0,800,0.0,0.0,0.0,1.0,0,0,0.0,0.0,253.0,1.7815478201007684,1.7606500449763072,0.00039260659525208215,11.315,0,,,,2.263559600105509,2.8294495001318865
class,cicids2018_distrinet,cnn-s42,prim_pgd_p75_untargeted,"PrimAttack (Prim-PGD, p75)",untargeted,p75,BruteForce,2026,800,0,0,800,0.0,0.0,0.0,1.0,0,0,0.0,0.0,253.0,1.824546553210644,1.8039429970818943,0.0003950755542118331,11.29875,0,,,,2.3494116999208927,2.936764624901116
class,cicids2018_distrinet,ft_transformer-s42,prim_pgd_p75_untargeted,"PrimAttack (Prim-PGD, p75)",untargeted,p75,DoS,42,800,0,0,800,0.0,0.0,0.0,1.0,0,0,0.0,0.0,235.045,6.209605520196693,6.047419935661573,0.001111925179265459,10.46625,0,,,,12.68940640008077,15.861758000100963
class,cicids2018_distrinet,ft_transformer-s42,prim_pgd_p75_untargeted,"PrimAttack (Prim-PGD, p75)",untargeted,p75,DoS,2024,800,0,0,800,0.0,0.0,0.0,1.0,0,0,0.0,0.0,235.045,6.2002111604912535,6.034856394829441,0.0011186771266933604,10.50875,0,,,,12.744784799870104,15.93098099983763
class,cicids2018_distrinet,ft_transformer-s42,prim_pgd_p75_untargeted,"PrimAttack (Prim-PGD, p75)",untargeted,p75,DoS,2026,800,0,0,800,0.0,0.0,0.0,1.0,0,0,0.0,0.0,235.045,6.189741407665773,6.02714554446024,0.0011077104905818744,10.42125,0,,,,12.617074599955231,15.771343249944039
class,cicids2018_distrinet,ft_transformer-s42,prim_pgd_p75_untargeted,"PrimAttack (Prim-PGD, p75)",untargeted,p75,DDoS,42,800,0,0,800,0.0,0.0,0.0,1.0,0,0,0.0,0.0,240.085,243.92243135352993,242.48004054523096,0.00999950473693903,8.60375,0,,,,12.984185800189152,16.23023225023644
class,cicids2018_distrinet,ft_transformer-s42,prim_pgd_p75_untargeted,"PrimAttack (Prim-PGD, p75)",untargeted,p75,DDoS,2024,800,0,0,800,0.0,0.0,0.0,1.0,0,0,0.0,0.0,240.085,250.1886712216769,248.75588453686225,0.010033517559089551,8.56125,0,,,,12.62293850001879,15.778673125023488
class,cicids2018_distrinet,ft_transformer-s42,prim_pgd_p75_untargeted,"PrimAttack (Prim-PGD, p75)",untargeted,p75,DDoS,2026,800,0,0,800,0.0,0.0,0.0,1.0,0,0,0.0,0.0,240.085,244.9181416803667,243.06159397472402,0.011222602426780305,8.63625,0,,,,12.518993600038812,15.648742000048514
class,cicids2018_distrinet,ft_transformer-s42,prim_pgd_p75_untargeted,"PrimAttack (Prim-PGD, p75)",untargeted,p75,Recon,42,800,0,0,798,0.0,0.0,0.0,0.9975,0,0,0.0,0.0,31.555,733.5867940416949,733.518600090555,0.009826647990500044,1.15625,0,,,,2.902708699926734,3.6283858749084175
class,cicids2018_distrinet,ft_transformer-s42,prim_pgd_p75_untargeted,"PrimAttack (Prim-PGD, p75)",untargeted,p75,Recon,2024,800,0,0,798,0.0,0.0,0.0,0.9975,0,0,0.0,0.0,31.555,733.5907570334005,733.5224567572217,0.009826772899308495,1.15625,0,,,,2.886364500038326,3.6079556250479072
class,cicids2018_distrinet,ft_transformer-s42,prim_pgd_p75_untargeted,"PrimAttack (Prim-PGD, p75)",untargeted,p75,Recon,2026,800,0,0,798,0.0,0.0,0.0,0.9975,0,0,0.0,0.0,31.555,733.5671862496397,733.4986667572216,0.009826641584722793,1.15625,0,,,,2.850103799952194,3.5626297499402426
class,cicids2018_distrinet,ft_transformer-s42,prim_pgd_p75_untargeted,"PrimAttack (Prim-PGD, p75)",untargeted,p75,BruteForce,42,800,0,0,800,0.0,0.0,0.0,1.0,0,0,0.0,0.0,253.0,3.4213074069505485,3.41386,0.00041745684942505175,10.97375,0,,,,13.319656800013036,16.649571000016294
class,cicids2018_distrinet,ft_transformer-s42,prim_pgd_p75_untargeted,"PrimAttack (Prim-PGD, p75)",untargeted,p75,BruteForce,2024,800,0,0,800,0.0,0.0,0.0,1.0,0,0,0.0,0.0,253.0,3.416399619731541,3.4089666666666663,0.00041675216466024334,10.95875,0,,,,13.535518100019544,16.91939762502443
class,cicids2018_distrinet,ft_transformer-s42,prim_pgd_p75_untargeted,"PrimAttack (Prim-PGD, p75)",untargeted,p75,BruteForce,2026,800,0,0,800,0.0,0.0,0.0,1.0,0,0,0.0,0.0,253.0,3.420692630262794,3.4132466666666663,0.00041737831982488217,10.97375,0,,,,13.512935400009155,16.891169250011444
class,cicids2017_distrinet,mlp,pgd_untargeted,PGD,untargeted,native,DoS,42,800,800,0,0,1.0,0.0,100.0,0.0,782,0,0.9775,0.0,40.0,4.368111106773798,0.5000669541690838,1.1998436189977277,78.1925,56,,,,0.07747150002978742,0.09683937503723428
class,cicids2017_distrinet,mlp,pgd_untargeted,PGD,untargeted,native,DoS,2024,800,800,0,0,1.0,0.0,100.0,0.0,779,0,0.97375,0.0,40.0,4.368715487429123,0.5000802372153442,1.200100257090125,78.21,56,,,,0.028659699950367212,0.035824624937959015
class,cicids2017_distrinet,mlp,pgd_untargeted,PGD,untargeted,native,DoS,2026,800,800,0,0,1.0,0.0,100.0,0.0,774,0,0.9675,0.0,40.0,4.366955464989526,0.5000669606492276,1.1994384261004307,78.20875,56,,,,0.030106700025498867,0.037633375031873584
class,cicids2017_distrinet,mlp,pgd_untargeted,PGD,untargeted,native,DDoS,42,800,800,0,0,1.0,0.0,100.0,0.0,615,0,0.76875,0.0,40.0,4.325234531546393,0.5000006323507389,1.2107585993129204,77.49,56,,,,0.028944400139153004,0.036180500173941255
class,cicids2017_distrinet,mlp,pgd_untargeted,PGD,untargeted,native,DDoS,2024,800,800,0,0,1.0,0.0,100.0,0.0,616,0,0.77,0.0,40.0,4.3290073684707036,0.5000006372035554,1.2140394211507035,77.5425,56,,,,0.029545199824497104,0.03693149978062138
class,cicids2017_distrinet,mlp,pgd_untargeted,PGD,untargeted,native,DDoS,2026,800,800,0,0,1.0,0.0,100.0,0.0,602,0,0.7525,0.0,40.0,4.326235162912705,0.5000006281596325,1.2125041975757476,77.48125,56,,,,0.02931619994342327,0.03664524992927909
class,cicids2017_distrinet,mlp,pgd_untargeted,PGD,untargeted,native,Recon,42,800,800,0,0,1.0,0.0,100.0,0.0,787,0,0.98375,0.0,40.0,4.405634450936834,0.5000006705406287,1.2213488383455076,78.99625,56,,,,0.027198299998417497,0.03399787499802187
class,cicids2017_distrinet,mlp,pgd_untargeted,PGD,untargeted,native,Recon,2024,800,800,0,0,1.0,0.0,100.0,0.0,794,0,0.9925,0.0,40.0,4.404918214499577,0.5000006651660542,1.2199995248015938,78.9975,56,,,,0.03556560003198683,0.04445700003998354
class,cicids2017_distrinet,mlp,pgd_untargeted,PGD,untargeted,native,Recon,2026,800,800,0,0,1.0,0.0,100.0,0.0,788,0,0.985,0.0,40.0,4.404079883178495,0.5000006752203262,1.21896555786618,78.99875,56,,,,0.03502430021762848,0.0437803752720356
class,cicids2017_distrinet,mlp,pgd_untargeted,PGD,untargeted,native,BruteForce,42,800,800,0,0,1.0,0.0,100.0,0.0,796,0,0.995,0.0,40.0,4.417004198355304,0.5000003403560621,1.2206908347073628,79.0,56,,,,0.028116500005126,0.0351456250064075
class,cicids2017_distrinet,mlp,pgd_untargeted,PGD,untargeted,native,BruteForce,2024,800,800,0,0,1.0,0.0,100.0,0.0,795,0,0.99375,0.0,40.0,4.418467373087271,0.5000003403592616,1.2217627997542824,79.0,56,,,,0.027111800154671073,0.03388975019333884
class,cicids2017_distrinet,mlp,pgd_untargeted,PGD,untargeted,native,BruteForce,2026,800,800,0,0,1.0,0.0,100.0,0.0,796,0,0.995,0.0,40.0,4.416848353232498,0.5000003402209188,1.220612306317112,79.0,56,,,,0.028914700029417872,0.03614337503677234
class,cicids2017_distrinet,cnn,pgd_untargeted,PGD,untargeted,native,DoS,42,800,789,0,0,0.98625,0.0,98.625,0.0,716,0,0.895,0.0,40.0,4.068598543464659,0.5000669609927502,1.1712154662448202,78.185,56,,,,1.259968699887395,1.5749608748592436
class,cicids2017_distrinet,cnn,pgd_untargeted,PGD,untargeted,native,DoS,2024,800,790,0,0,0.9875,0.0,98.75,0.0,722,0,0.9025,0.0,40.0,4.064150248215375,0.5000802568527469,1.1689005420074858,78.2125,56,,,,1.2373766000382602,1.5467207500478253
class,cicids2017_distrinet,cnn,pgd_untargeted,PGD,untargeted,native,DoS,2026,800,787,0,0,0.98375,0.0,98.375,0.0,717,0,0.89625,0.0,40.0,4.063975297671725,0.5000669735096052,1.1681789642675218,78.21875,56,,,,1.2488712000194937,1.5610890000243671
class,cicids2017_distrinet,cnn,pgd_untargeted,PGD,untargeted,native,DDoS,42,800,690,0,0,0.8625,0.0,86.25,0.0,306,0,0.3825,0.0,40.0,3.995567968678565,0.5000004416812377,1.1149271688144688,77.46625,56,,,,1.2460078001022339,1.5575097501277924
class,cicids2017_distrinet,cnn,pgd_untargeted,PGD,untargeted,native,DDoS,2024,800,686,0,0,0.8575,0.0,85.75,0.0,301,0,0.37625,0.0,40.0,3.9985011538773945,0.5000004491667709,1.1162281750836522,77.5075,56,,,,1.2308273001108319,1.5385341251385398
class,cicids2017_distrinet,cnn,pgd_untargeted,PGD,untargeted,native,DDoS,2026,800,686,0,0,0.8575,0.0,85.75,0.0,314,0,0.3925,0.0,40.0,4.005405524857359,0.5000004460711924,1.1195919608777825,77.4675,56,,,,1.2336023000534624,1.542002875066828
class,cicids2017_distrinet,cnn,pgd_untargeted,PGD,untargeted,native,Recon,42,800,800,0,0,1.0,0.0,100.0,0.0,798,0,0.9975,0.0,40.0,4.00123667202569,0.5000006705533832,1.134374984820439,78.995,56,,,,1.2569331999402493,1.5711664999253117
class,cicids2017_distrinet,cnn,pgd_untargeted,PGD,untargeted,native,Recon,2024,800,800,0,0,1.0,0.0,100.0,0.0,797,0,0.99625,0.0,40.0,4.000138125763703,0.5000006326188555,1.1365995664475699,78.9975,56,,,,1.2285573999397457,1.535696749924682
class,cicids2017_distrinet,cnn,pgd_untargeted,PGD,untargeted,native,Recon,2026,800,800,0,0,1.0,0.0,100.0,0.0,798,0,0.9975,0.0,40.0,4.00121522374969,0.5000006577493696,1.1363502427233783,78.99375,56,,,,1.2243901998735964,1.5304877498419955
class,cicids2017_distrinet,cnn,pgd_untargeted,PGD,untargeted,native,BruteForce,42,800,800,0,0,1.0,0.0,100.0,0.0,797,0,0.99625,0.0,40.0,3.9725817802776953,0.5000003334972416,1.0565474725605266,78.99,56,,,,1.2312647001817822,1.5390808752272278
class,cicids2017_distrinet,cnn,pgd_untargeted,PGD,untargeted,native,BruteForce,2024,800,800,0,0,1.0,0.0,100.0,0.0,794,0,0.9925,0.0,40.0,3.971558154130169,0.5000003298533764,1.057854529622354,78.99125,56,,,,1.2118606998119503,1.514825874764938
class,cicids2017_distrinet,cnn,pgd_untargeted,PGD,untargeted,native,BruteForce,2026,800,800,0,0,1.0,0.0,100.0,0.0,798,0,0.9975,0.0,40.0,3.9750551673112966,0.5000003307684177,1.0607908994218858,78.98625,56,,,,1.212531500030309,1.5156643750378862
class,cicids2017_distrinet,ft_transformer,pgd_untargeted,PGD,untargeted,native,DoS,42,800,788,0,0,0.985,0.0,98.5,0.0,764,0,0.955,0.0,40.0,4.210580797317271,0.5000669566357331,1.1560633655543866,78.19625,56,,,,3.1379633001051843,3.9224541251314804
class,cicids2017_distrinet,ft_transformer,pgd_untargeted,PGD,untargeted,native,DoS,2024,800,791,0,0,0.98875,0.0,98.875,0.0,771,0,0.96375,0.0,40.0,4.215770862192622,0.5000802456090315,1.1588528050211093,78.21,56,,,,2.966422599973157,3.7080282499664463
class,cicids2017_distrinet,ft_transformer,pgd_untargeted,PGD,untargeted,native,DoS,2026,800,787,0,0,0.98375,0.0,98.375,0.0,772,0,0.965,0.0,40.0,4.212422908434589,0.5000669566832336,1.1553505234261352,78.2025,56,,,,2.96398609993048,3.7049826249131
class,cicids2017_distrinet,ft_transformer,pgd_untargeted,PGD,untargeted,native,DDoS,42,800,800,0,0,1.0,0.0,100.0,0.0,510,0,0.6375,0.0,40.0,4.155902287581655,0.5000006276946471,1.1585224792230404,77.49,56,,,,2.966866800095886,3.7085835001198575
class,cicids2017_distrinet,ft_transformer,pgd_untargeted,PGD,untargeted,native,DDoS,2024,800,798,0,0,0.9975,0.0,99.75,0.0,530,0,0.6625,0.0,40.0,4.172828097632217,0.5000006261620825,1.1574031100429942,77.54375,56,,,,2.9711207000073045,3.7139008750091307
class,cicids2017_distrinet,ft_transformer,pgd_untargeted,PGD,untargeted,native,DDoS,2026,800,795,0,0,0.99375,0.0,99.375,0.0,528,0,0.66,0.0,40.0,4.16682661490055,0.5000006249091489,1.1608517911110012,77.48875,56,,,,2.9682600998785347,3.7103251248481683
class,cicids2017_distrinet,ft_transformer,pgd_untargeted,PGD,untargeted,native,Recon,42,800,800,0,0,1.0,0.0,100.0,0.0,788,0,0.985,0.0,40.0,3.96921196122929,0.5000005896402521,1.1008922693040168,78.97125,56,,,,2.977336100069806,3.7216701250872575
class,cicids2017_distrinet,ft_transformer,pgd_untargeted,PGD,untargeted,native,Recon,2024,800,798,0,0,0.9975,0.0,99.75,0.0,789,0,0.98625,0.0,40.0,3.970156287149669,0.5000005758414552,1.1000668717445443,78.96625,56,,,,2.9718911999370903,3.714863999921363
class,cicids2017_distrinet,ft_transformer,pgd_untargeted,PGD,untargeted,native,Recon,2026,800,800,0,0,1.0,0.0,100.0,0.0,792,0,0.99,0.0,40.0,3.971002089914464,0.5000005728779314,1.0989352576182758,78.95875,56,,,,2.968433699803427,3.7105421247542836
class,cicids2017_distrinet,ft_transformer,pgd_untargeted,PGD,untargeted,native,BruteForce,42,800,727,0,0,0.90875,0.0,90.875,0.0,726,0,0.9075,0.0,40.0,4.228409239621672,0.5000003437915601,1.1618298655067965,78.9975,56,,,,3.455722900107503,4.319653625134379
class,cicids2017_distrinet,ft_transformer,pgd_untargeted,PGD,untargeted,native,BruteForce,2024,800,738,0,0,0.9225,0.0,92.25,0.0,736,0,0.92,0.0,40.0,4.2278621795158315,0.5000003403851379,1.1622043741415669,79.0,56,,,,3.4376304000616074,4.297038000077009
class,cicids2017_distrinet,ft_transformer,pgd_untargeted,PGD,untargeted,native,BruteForce,2026,800,725,0,0,0.90625,0.0,90.625,0.0,723,0,0.90375,0.0,40.0,4.226710554533929,0.5000003426824173,1.1589939966772704,79.0,56,,,,3.480362300062552,4.35045287507819
class,cicids2018_distrinet,mlp-s42,pgd_untargeted,PGD,untargeted,native,DoS,42,800,799,0,0,0.99875,0.0,99.875,0.0,518,0,0.6475,0.0,40.0,4.326873633389533,0.5000002956397575,0.8660876671854827,78.86375,56,,,,0.08367670001462102,0.10459587501827627
class,cicids2018_distrinet,mlp-s42,pgd_untargeted,PGD,untargeted,native,DoS,2024,800,799,0,0,0.99875,0.0,99.875,0.0,533,0,0.66625,0.0,40.0,4.32853111261179,0.500000306316964,0.8691687788171707,78.865,56,,,,0.027029999997466803,0.0337874999968335
class,cicids2018_distrinet,mlp-s42,pgd_untargeted,PGD,untargeted,native,DoS,2026,800,799,0,0,0.99875,0.0,99.875,0.0,513,0,0.64125,0.0,40.0,4.325701051448966,0.5000002943564844,0.8667967815150733,78.88875,56,,,,0.02696059993468225,0.03370074991835281
class,cicids2018_distrinet,mlp-s42,pgd_untargeted,PGD,untargeted,native,DDoS,42,800,799,0,0,0.99875,0.0,99.875,0.0,536,0,0.67,0.0,40.0,4.33924418965873,0.5000015976534339,0.8824553811885565,78.38,56,,,,0.030420999974012375,0.03802624996751547
class,cicids2018_distrinet,mlp-s42,pgd_untargeted,PGD,untargeted,native,DDoS,2024,800,799,0,0,0.99875,0.0,99.875,0.0,543,0,0.67875,0.0,40.0,4.337001876753892,0.5000015813876231,0.8824059904438691,78.39375,56,,,,0.029212200082838535,0.03651525010354817
class,cicids2018_distrinet,mlp-s42,pgd_untargeted,PGD,untargeted,native,DDoS,2026,800,799,0,0,0.99875,0.0,99.875,0.0,535,0,0.66875,0.0,40.0,4.339639864132744,0.5000015942683501,0.8826462918294498,78.4125,56,,,,0.031188799999654293,0.038985999999567866
class,cicids2018_distrinet,mlp-s42,pgd_untargeted,PGD,untargeted,native,Recon,42,800,793,0,0,0.99125,0.0,99.125,0.0,788,0,0.985,0.0,40.0,4.337231406012979,0.5000092754612724,0.8947977773270662,78.76875,56,,,,0.02780809998512268,0.03476012498140335
class,cicids2018_distrinet,mlp-s42,pgd_untargeted,PGD,untargeted,native,Recon,2024,800,793,0,0,0.99125,0.0,99.125,0.0,791,0,0.98875,0.0,40.0,4.338710283351802,0.5000093487481692,0.8970603509783251,78.78,56,,,,0.031336599960923195,0.039170749951153994
class,cicids2018_distrinet,mlp-s42,pgd_untargeted,PGD,untargeted,native,Recon,2026,800,793,0,0,0.99125,0.0,99.125,0.0,791,0,0.98875,0.0,40.0,4.33528774325356,0.5000093471341434,0.8964539062703287,78.785,56,,,,0.032089400105178356,0.040111750131472945
class,cicids2018_distrinet,mlp-s42,pgd_untargeted,PGD,untargeted,native,BruteForce,42,800,628,0,0,0.785,0.0,78.5,0.0,366,0,0.4575,0.0,40.0,4.356795107459768,0.5000002133024148,0.8763205963566785,78.97125,56,,,,0.029815400019288063,0.03726925002411008
class,cicids2018_distrinet,mlp-s42,pgd_untargeted,PGD,untargeted,native,BruteForce,2024,800,620,0,0,0.775,0.0,77.5,0.0,372,0,0.465,0.0,40.0,4.35866352347679,0.5000002159071959,0.8787790490131987,78.9625,56,,,,0.03132779989391565,0.03915974986739457
class,cicids2018_distrinet,mlp-s42,pgd_untargeted,PGD,untargeted,native,BruteForce,2026,800,636,0,0,0.795,0.0,79.5,0.0,392,0,0.49,0.0,40.0,4.365049505056006,0.5000002113065473,0.8780497263334052,78.97125,56,,,,0.028598899953067303,0.03574862494133413
class,cicids2018_distrinet,cnn-s42,pgd_untargeted,PGD,untargeted,native,DoS,42,800,800,0,0,1.0,0.0,100.0,0.0,800,0,1.0,0.0,40.0,3.7572949745885453,0.5000003654086642,0.8633645191367632,78.85125,56,,,,1.2879830000456423,1.6099787500570528
class,cicids2018_distrinet,cnn-s42,pgd_untargeted,PGD,untargeted,native,DoS,2024,800,800,0,0,1.0,0.0,100.0,0.0,800,0,1.0,0.0,40.0,3.7612863458359502,0.5000003442125643,0.8634513929295473,78.875,56,,,,1.5444044000469148,1.9305055000586435
class,cicids2018_distrinet,cnn-s42,pgd_untargeted,PGD,untargeted,native,DoS,2026,800,800,0,0,1.0,0.0,100.0,0.0,800,0,1.0,0.0,40.0,3.7665046390547725,0.5000003578458662,0.8660295506653575,78.88875,56,,,,1.5623472998850048,1.952934124856256
class,cicids2018_distrinet,cnn-s42,pgd_untargeted,PGD,untargeted,native,DDoS,42,800,799,0,0,0.99875,0.0,99.875,0.0,765,0,0.95625,0.0,40.0,3.7912192033246965,0.5000018670379582,0.8008176267113675,78.3775,56,,,,1.2742284000851214,1.5927855001064017
class,cicids2018_distrinet,cnn-s42,pgd_untargeted,PGD,untargeted,native,DDoS,2024,800,799,0,0,0.99875,0.0,99.875,0.0,759,0,0.94875,0.0,40.0,3.7900461194174593,0.5000018542690468,0.7958156815401118,78.37875,56,,,,1.268685300135985,1.5858566251699813
class,cicids2018_distrinet,cnn-s42,pgd_untargeted,PGD,untargeted,native,DDoS,2026,800,799,0,0,0.99875,0.0,99.875,0.0,758,0,0.9475,0.0,40.0,3.7873382838275145,0.5000018413661002,0.7953375127758245,78.39375,56,,,,1.2752970999572426,1.5941213749465533
class,cicids2018_distrinet,cnn-s42,pgd_untargeted,PGD,untargeted,native,Recon,42,800,792,0,0,0.99,0.0,99.0,0.0,790,0,0.9875,0.0,40.0,4.08162154659223,0.5000047694118378,0.8680015400615487,78.775,56,,,,1.2748096999712288,1.593512124964036
class,cicids2018_distrinet,cnn-s42,pgd_untargeted,PGD,untargeted,native,Recon,2024,800,791,0,0,0.98875,0.0,98.875,0.0,791,0,0.98875,0.0,40.0,4.087685707560716,0.500004829936892,0.8717599487568279,78.77875,56,,,,1.269211000064388,1.586513750080485
class,cicids2018_distrinet,cnn-s42,pgd_untargeted,PGD,untargeted,native,Recon,2026,800,791,0,0,0.98875,0.0,98.875,0.0,790,0,0.9875,0.0,40.0,4.079989325000176,0.5000051943278886,0.8655755145539635,78.79,56,,,,1.274417899781838,1.5930223747272976
class,cicids2018_distrinet,cnn-s42,pgd_untargeted,PGD,untargeted,native,BruteForce,42,800,800,0,0,1.0,0.0,100.0,0.0,798,0,0.9975,0.0,40.0,4.138485354117575,0.5000001244215503,0.8970398485519366,78.9775,56,,,,1.2956768001895398,1.6195960002369247
class,cicids2018_distrinet,cnn-s42,pgd_untargeted,PGD,untargeted,native,BruteForce,2024,800,800,0,0,1.0,0.0,100.0,0.0,800,0,1.0,0.0,40.0,4.1393700512759075,0.5000001191926539,0.8973920757024645,78.98,56,,,,1.2771393000148237,1.5964241250185296
class,cicids2018_distrinet,cnn-s42,pgd_untargeted,PGD,untargeted,native,BruteForce,2026,800,800,0,0,1.0,0.0,100.0,0.0,800,0,1.0,0.0,40.0,4.137582457396957,0.5000001250721262,0.8974767168278096,78.96875,56,,,,1.2611932998988777,1.5764916248735972
class,cicids2018_distrinet,ft_transformer-s42,pgd_untargeted,PGD,untargeted,native,DoS,42,800,800,0,0,1.0,0.0,100.0,0.0,426,0,0.5325,0.0,40.0,4.033427985845799,0.5000003021246188,0.7970399257503165,78.885,56,,,,16.464269099989906,20.580336374987382
class,cicids2018_distrinet,ft_transformer-s42,pgd_untargeted,PGD,untargeted,native,DoS,2024,800,799,0,0,0.99875,0.0,99.875,0.0,441,0,0.55125,0.0,40.0,4.034695710549854,0.5000003099828245,0.795818884773245,78.87,56,,,,16.561496899928898,20.701871124911122
class,cicids2018_distrinet,ft_transformer-s42,pgd_untargeted,PGD,untargeted,native,DoS,2026,800,799,0,0,0.99875,0.0,99.875,0.0,446,0,0.5575,0.0,40.0,4.042041624035606,0.500000312346516,0.7968495331180309,78.885,56,,,,16.38324259989895,20.479053249873687
class,cicids2018_distrinet,ft_transformer-s42,pgd_untargeted,PGD,untargeted,native,DDoS,42,800,799,0,0,0.99875,0.0,99.875,0.0,346,0,0.4325,0.0,40.0,3.6956375356468505,0.5000018294105317,0.7034616207194978,78.35375,56,,,,16.311241099843755,20.389051374804694
class,cicids2018_distrinet,ft_transformer-s42,pgd_untargeted,PGD,untargeted,native,DDoS,2024,800,799,0,0,0.99875,0.0,99.875,0.0,366,0,0.4575,0.0,40.0,3.6907603661853345,0.500001800403899,0.7061487451865218,78.3625,56,,,,16.350851699942723,20.438564624928404
class,cicids2018_distrinet,ft_transformer-s42,pgd_untargeted,PGD,untargeted,native,DDoS,2026,800,799,0,0,0.99875,0.0,99.875,0.0,333,0,0.41625,0.0,40.0,3.6959329193464727,0.5000018499287618,0.7118911759160573,78.3675,56,,,,16.384558000136167,20.48069750017021
class,cicids2018_distrinet,ft_transformer-s42,pgd_untargeted,PGD,untargeted,native,Recon,42,800,797,0,0,0.99625,0.0,99.625,0.0,795,0,0.99375,0.0,40.0,4.098664158229897,0.5000092629884575,0.8816423089041625,78.775,56,,,,17.049869899870828,21.312337374838535
class,cicids2018_distrinet,ft_transformer-s42,pgd_untargeted,PGD,untargeted,native,Recon,2024,800,798,0,0,0.9975,0.0,99.75,0.0,798,0,0.9975,0.0,40.0,4.10322292587359,0.5000092543780064,0.8828373243370927,78.79,56,,,,17.18255429994315,21.478192874928936
class,cicids2018_distrinet,ft_transformer-s42,pgd_untargeted,PGD,untargeted,native,Recon,2026,800,798,0,0,0.9975,0.0,99.75,0.0,797,0,0.99625,0.0,40.0,4.100194843140572,0.5000092576013287,0.8815784318963883,78.7925,56,,,,17.094427000032738,21.368033750040922
class,cicids2018_distrinet,ft_transformer-s42,pgd_untargeted,PGD,untargeted,native,BruteForce,42,800,545,0,0,0.68125,0.0,68.125,0.0,59,0,0.07375,0.0,40.0,4.18162403876152,0.5000002203401287,0.7527527314075264,78.98875,56,,,,17.237976600183174,21.547470750228968
class,cicids2018_distrinet,ft_transformer-s42,pgd_untargeted,PGD,untargeted,native,BruteForce,2024,800,535,0,0,0.66875,0.0,66.875,0.0,72,0,0.09,0.0,40.0,4.1779641753478165,0.5000002188274315,0.7541088944259811,78.9925,56,,,,17.193023100029677,21.491278875037096
class,cicids2018_distrinet,ft_transformer-s42,pgd_untargeted,PGD,untargeted,native,BruteForce,2026,800,535,0,0,0.66875,0.0,66.875,0.0,75,0,0.09375,0.0,40.0,4.180454128638193,0.500000222775524,0.7526067802622279,78.99375,56,,,,17.05875109997578,21.323438874969725
class,cicids2017_distrinet,mlp,cw_untargeted,C&W,untargeted,native,DoS,42,800,800,0,0,1.0,0.0,100.0,0.0,798,0,0.9975,0.0,120.0,1.095006883625966,0.29558945228239375,0.43364362428824693,77.4575,56,,,,0.8383756999392062,1.0479696249240078
class,cicids2017_distrinet,mlp,cw_untargeted,C&W,untargeted,native,DoS,2024,800,800,0,0,1.0,0.0,100.0,0.0,798,0,0.9975,0.0,120.0,1.095006883625966,0.29558945228239375,0.43364362428824693,77.4575,56,,,,0.16551629989407957,0.20689537486759946
class,cicids2017_distrinet,mlp,cw_untargeted,C&W,untargeted,native,DoS,2026,800,800,0,0,1.0,0.0,100.0,0.0,798,0,0.9975,0.0,120.0,1.095006883625966,0.29558945228239375,0.43364362428824693,77.4575,56,,,,0.17032599984668195,0.21290749980835244
class,cicids2017_distrinet,mlp,cw_untargeted,C&W,untargeted,native,DDoS,42,800,798,0,0,0.9975,0.0,99.75,0.0,708,0,0.885,0.0,120.0,1.8160147815512702,0.41144542897814246,0.6284905635689981,75.165,56,,,,0.16768270009197295,0.20960337511496618
class,cicids2017_distrinet,mlp,cw_untargeted,C&W,untargeted,native,DDoS,2024,800,798,0,0,0.9975,0.0,99.75,0.0,708,0,0.885,0.0,120.0,1.8160147815512702,0.41144542897814246,0.6284905635689981,75.165,56,,,,0.16663689981214702,0.20829612476518378
class,cicids2017_distrinet,mlp,cw_untargeted,C&W,untargeted,native,DDoS,2026,800,798,0,0,0.9975,0.0,99.75,0.0,708,0,0.885,0.0,120.0,1.8160147815512702,0.41144542897814246,0.6284905635689981,75.165,56,,,,0.16868330002762377,0.21085412503452972
class,cicids2017_distrinet,mlp,cw_untargeted,C&W,untargeted,native,Recon,42,800,800,0,0,1.0,0.0,100.0,0.0,797,0,0.99625,0.0,120.0,1.0385762114071375,0.24315232599774997,0.3797061498028703,78.9925,56,,,,0.17696599988266826,0.22120749985333532
class,cicids2017_distrinet,mlp,cw_untargeted,C&W,untargeted,native,Recon,2024,800,800,0,0,1.0,0.0,100.0,0.0,797,0,0.99625,0.0,120.0,1.0385762114071375,0.24315232599774997,0.3797061498028703,78.9925,56,,,,0.17391610005870461,0.21739512507338077
class,cicids2017_distrinet,mlp,cw_untargeted,C&W,untargeted,native,Recon,2026,800,800,0,0,1.0,0.0,100.0,0.0,797,0,0.99625,0.0,120.0,1.0385762114071375,0.24315232599774997,0.3797061498028703,78.9925,56,,,,0.16909629991278052,0.21137037489097565
class,cicids2017_distrinet,mlp,cw_untargeted,C&W,untargeted,native,BruteForce,42,800,800,0,0,1.0,0.0,100.0,0.0,800,0,1.0,0.0,120.0,1.341393103409986,0.348475024333367,0.5147764378517669,79.0,56,,,,0.1705207999330014,0.21315099991625175
class,cicids2017_distrinet,mlp,cw_untargeted,C&W,untargeted,native,BruteForce,2024,800,800,0,0,1.0,0.0,100.0,0.0,800,0,1.0,0.0,120.0,1.341393103409986,0.348475024333367,0.5147764378517669,79.0,56,,,,0.1725348001345992,0.215668500168249
class,cicids2017_distrinet,mlp,cw_untargeted,C&W,untargeted,native,BruteForce,2026,800,800,0,0,1.0,0.0,100.0,0.0,800,0,1.0,0.0,120.0,1.341393103409986,0.348475024333367,0.5147764378517669,79.0,56,,,,0.16801310004666448,0.2100163750583306
class,cicids2017_distrinet,cnn,cw_untargeted,C&W,untargeted,native,DoS,42,800,685,0,0,0.85625,0.0,85.625,0.0,412,0,0.515,0.0,120.0,1.8150067821704021,0.45389744563313356,0.5653912543630356,77.46875,56,,,,3.7884188999887556,4.7355236249859445
class,cicids2017_distrinet,cnn,cw_untargeted,C&W,untargeted,native,DoS,2024,800,685,0,0,0.85625,0.0,85.625,0.0,412,0,0.515,0.0,120.0,1.8150067821704021,0.45389744563313356,0.5653912543630356,77.46875,56,,,,3.9793229000642896,4.974153625080362
class,cicids2017_distrinet,cnn,cw_untargeted,C&W,untargeted,native,DoS,2026,800,685,0,0,0.85625,0.0,85.625,0.0,412,0,0.515,0.0,120.0,1.8150067821704021,0.45389744563313356,0.5653912543630356,77.46875,56,,,,3.782496500061825,4.728120625077281
class,cicids2017_distrinet,cnn,cw_untargeted,C&W,untargeted,native,DDoS,42,800,772,0,0,0.965,0.0,96.5,0.0,45,0,0.05625,0.0,120.0,1.8431427570675638,0.535516422677815,0.48866050296566077,75.16375,56,,,,3.7672679000534117,4.709084875066765
class,cicids2017_distrinet,cnn,cw_untargeted,C&W,untargeted,native,DDoS,2024,800,772,0,0,0.965,0.0,96.5,0.0,45,0,0.05625,0.0,120.0,1.8431427570675638,0.535516422677815,0.48866050296566077,75.16375,56,,,,3.800691399956122,4.7508642499451526
class,cicids2017_distrinet,cnn,cw_untargeted,C&W,untargeted,native,DDoS,2026,800,772,0,0,0.965,0.0,96.5,0.0,45,0,0.05625,0.0,120.0,1.8431427570675638,0.535516422677815,0.48866050296566077,75.16375,56,,,,3.7765352001879364,4.7206690002349205
class,cicids2017_distrinet,cnn,cw_untargeted,C&W,untargeted,native,Recon,42,800,800,0,0,1.0,0.0,100.0,0.0,796,0,0.995,0.0,120.0,0.8390624882496313,0.22710471088102405,0.12155991343359601,79.0,56,,,,3.7678831999655813,4.709853999956977
class,cicids2017_distrinet,cnn,cw_untargeted,C&W,untargeted,native,Recon,2024,800,800,0,0,1.0,0.0,100.0,0.0,796,0,0.995,0.0,120.0,0.8390624882496313,0.22710471088102405,0.12155991343359601,79.0,56,,,,3.740385700017214,4.675482125021517
class,cicids2017_distrinet,cnn,cw_untargeted,C&W,untargeted,native,Recon,2026,800,800,0,0,1.0,0.0,100.0,0.0,796,0,0.995,0.0,120.0,0.8390624882496313,0.22710471088102405,0.12155991343359601,79.0,56,,,,3.7567239000927657,4.695904875115957
class,cicids2017_distrinet,cnn,cw_untargeted,C&W,untargeted,native,BruteForce,42,800,800,0,0,1.0,0.0,100.0,0.0,800,0,1.0,0.0,120.0,1.130057948609788,0.29827577826233737,0.2656108422993147,79.0,56,,,,4.2552436999976635,5.319054624997079
class,cicids2017_distrinet,cnn,cw_untargeted,C&W,untargeted,native,BruteForce,2024,800,800,0,0,1.0,0.0,100.0,0.0,800,0,1.0,0.0,120.0,1.130057948609788,0.29827577826233737,0.2656108422993147,79.0,56,,,,4.288170600077137,5.360213250096422
class,cicids2017_distrinet,cnn,cw_untargeted,C&W,untargeted,native,BruteForce,2026,800,800,0,0,1.0,0.0,100.0,0.0,800,0,1.0,0.0,120.0,1.130057948609788,0.29827577826233737,0.2656108422993147,79.0,56,,,,3.7734081000089645,4.716760125011206
class,cicids2017_distrinet,ft_transformer,cw_untargeted,C&W,untargeted,native,DoS,42,800,642,0,0,0.8025,0.0,80.25,0.0,613,0,0.76625,0.0,120.0,0.6482137730529633,0.29610280223233226,0.17669888745685122,77.45125,56,,,,5.599800799973309,6.999750999966636
class,cicids2017_distrinet,ft_transformer,cw_untargeted,C&W,untargeted,native,DoS,2024,800,642,0,0,0.8025,0.0,80.25,0.0,613,0,0.76625,0.0,120.0,0.6482137730529633,0.29610280223233226,0.17669888745685122,77.45125,56,,,,5.575992600060999,6.969990750076249
class,cicids2017_distrinet,ft_transformer,cw_untargeted,C&W,untargeted,native,DoS,2026,800,642,0,0,0.8025,0.0,80.25,0.0,613,0,0.76625,0.0,120.0,0.6482137730529633,0.29610280223233226,0.17669888745685122,77.45125,56,,,,5.58473140001297,6.9809142500162125
class,cicids2017_distrinet,ft_transformer,cw_untargeted,C&W,untargeted,native,DDoS,42,800,790,0,0,0.9875,0.0,98.75,0.0,21,0,0.02625,0.0,120.0,1.3701943818609714,0.5577854366748043,0.314683844194963,75.16375,56,,,,5.5751559000927955,6.968944875115994
class,cicids2017_distrinet,ft_transformer,cw_untargeted,C&W,untargeted,native,DDoS,2024,800,790,0,0,0.9875,0.0,98.75,0.0,21,0,0.02625,0.0,120.0,1.3701943818609714,0.5577854366748043,0.314683844194963,75.16375,56,,,,5.578012299956754,6.972515374945942
class,cicids2017_distrinet,ft_transformer,cw_untargeted,C&W,untargeted,native,DDoS,2026,800,790,0,0,0.9875,0.0,98.75,0.0,21,0,0.02625,0.0,120.0,1.3701943818609714,0.5577854366748043,0.314683844194963,75.16375,56,,,,5.580897800158709,6.976122250198387
class,cicids2017_distrinet,ft_transformer,cw_untargeted,C&W,untargeted,native,Recon,42,800,253,0,0,0.31625,0.0,31.624999999999996,0.0,244,0,0.305,0.0,120.0,0.44877374073964765,0.209474242665588,0.10851464481474213,78.99625,56,,,,6.002974899951369,7.503718624939211
class,cicids2017_distrinet,ft_transformer,cw_untargeted,C&W,untargeted,native,Recon,2024,800,253,0,0,0.31625,0.0,31.624999999999996,0.0,244,0,0.305,0.0,120.0,0.44877374073964765,0.209474242665588,0.10851464481474213,78.99625,56,,,,6.78074559988454,8.475931999855675
class,cicids2017_distrinet,ft_transformer,cw_untargeted,C&W,untargeted,native,Recon,2026,800,253,0,0,0.31625,0.0,31.624999999999996,0.0,244,0,0.305,0.0,120.0,0.44877374073964765,0.209474242665588,0.10851464481474213,78.99625,56,,,,6.716516699874774,8.395645874843467
class,cicids2017_distrinet,ft_transformer,cw_untargeted,C&W,untargeted,native,BruteForce,42,800,784,0,0,0.98,0.0,98.0,0.0,782,0,0.9775,0.0,120.0,0.9134035150528089,0.4109574298209073,0.1093996588450222,79.0,56,,,,6.482534100068733,8.103167625085916
class,cicids2017_distrinet,ft_transformer,cw_untargeted,C&W,untargeted,native,BruteForce,2024,800,784,0,0,0.98,0.0,98.0,0.0,782,0,0.9775,0.0,120.0,0.9134035150528089,0.4109574298209073,0.1093996588450222,79.0,56,,,,6.515715599991381,8.144644499989226
class,cicids2017_distrinet,ft_transformer,cw_untargeted,C&W,untargeted,native,BruteForce,2026,800,784,0,0,0.98,0.0,98.0,0.0,782,0,0.9775,0.0,120.0,0.9134035150528089,0.4109574298209073,0.1093996588450222,79.0,56,,,,6.554588299943134,8.193235374928918
class,cicids2018_distrinet,mlp-s42,cw_untargeted,C&W,untargeted,native,DoS,42,800,799,0,0,0.99875,0.0,99.875,0.0,652,0,0.815,0.0,120.0,1.0885457277758228,0.2786923410810858,0.1782073193045892,78.87875,56,,,,0.8175990998279303,1.021998874784913
class,cicids2018_distrinet,mlp-s42,cw_untargeted,C&W,untargeted,native,DoS,2024,800,799,0,0,0.99875,0.0,99.875,0.0,652,0,0.815,0.0,120.0,1.0885457277758228,0.2786923410810858,0.1782073193045892,78.87875,56,,,,0.16068769991397858,0.20085962489247322
class,cicids2018_distrinet,mlp-s42,cw_untargeted,C&W,untargeted,native,DoS,2026,800,799,0,0,0.99875,0.0,99.875,0.0,652,0,0.815,0.0,120.0,1.0885457277758228,0.2786923410810858,0.1782073193045892,78.87875,56,,,,0.16288390010595322,0.20360487513244152
class,cicids2018_distrinet,mlp-s42,cw_untargeted,C&W,untargeted,native,DDoS,42,800,799,0,0,0.99875,0.0,99.875,0.0,729,0,0.91125,0.0,120.0,1.4066576498038705,0.3040068358237249,0.34610002544252666,77.93625,56,,,,0.1760134999640286,0.22001687495503575
class,cicids2018_distrinet,mlp-s42,cw_untargeted,C&W,untargeted,native,DDoS,2024,800,799,0,0,0.99875,0.0,99.875,0.0,729,0,0.91125,0.0,120.0,1.4066576498038705,0.3040068358237249,0.34610002544252666,77.93625,56,,,,0.1742610998917371,0.21782637486467138
class,cicids2018_distrinet,mlp-s42,cw_untargeted,C&W,untargeted,native,DDoS,2026,800,799,0,0,0.99875,0.0,99.875,0.0,729,0,0.91125,0.0,120.0,1.4066576498038705,0.3040068358237249,0.34610002544252666,77.93625,56,,,,0.1765968999825418,0.22074612497817725
class,cicids2018_distrinet,mlp-s42,cw_untargeted,C&W,untargeted,native,Recon,42,800,778,0,0,0.9725,0.0,97.25,0.0,778,0,0.9725,0.0,120.0,0.8252442401200152,0.24849927556455909,0.25895623231912124,78.1825,56,,,,0.18019419978372753,0.2252427497296594
class,cicids2018_distrinet,mlp-s42,cw_untargeted,C&W,untargeted,native,Recon,2024,800,778,0,0,0.9725,0.0,97.25,0.0,778,0,0.9725,0.0,120.0,0.8252442401200152,0.24849927556455909,0.25895623231912124,78.1825,56,,,,0.1766259998548776,0.220782499818597
class,cicids2018_distrinet,mlp-s42,cw_untargeted,C&W,untargeted,native,Recon,2026,800,778,0,0,0.9725,0.0,97.25,0.0,778,0,0.9725,0.0,120.0,0.8252442401200152,0.24849927556455909,0.25895623231912124,78.1825,56,,,,0.17780789989046752,0.2222598748630844
class,cicids2018_distrinet,mlp-s42,cw_untargeted,C&W,untargeted,native,BruteForce,42,800,428,0,0,0.535,0.0,53.5,0.0,0,0,0.0,0.0,120.0,2.9394387841190515,0.7013156984498103,0.607040788242209,78.99875,56,,,,0.15436349995434284,0.19295437494292855
class,cicids2018_distrinet,mlp-s42,cw_untargeted,C&W,untargeted,native,BruteForce,2024,800,428,0,0,0.535,0.0,53.5,0.0,0,0,0.0,0.0,120.0,2.9394387841190515,0.7013156984498103,0.607040788242209,78.99875,56,,,,0.14807960018515587,0.18509950023144484
class,cicids2018_distrinet,mlp-s42,cw_untargeted,C&W,untargeted,native,BruteForce,2026,800,428,0,0,0.535,0.0,53.5,0.0,0,0,0.0,0.0,120.0,2.9394387841190515,0.7013156984498103,0.607040788242209,78.99875,56,,,,0.15959180006757379,0.19948975008446723
class,cicids2018_distrinet,cnn-s42,cw_untargeted,C&W,untargeted,native,DoS,42,800,800,0,0,1.0,0.0,100.0,0.0,798,0,0.9975,0.0,120.0,1.0715274388060387,0.2922858966875678,0.2857022465395378,78.87625,56,,,,4.540192699991167,5.675240874988958
class,cicids2018_distrinet,cnn-s42,cw_untargeted,C&W,untargeted,native,DoS,2024,800,800,0,0,1.0,0.0,100.0,0.0,798,0,0.9975,0.0,120.0,1.0715274388060387,0.2922858966875678,0.2857022465395378,78.87625,56,,,,4.432645000051707,5.540806250064634
class,cicids2018_distrinet,cnn-s42,cw_untargeted,C&W,untargeted,native,DoS,2026,800,800,0,0,1.0,0.0,100.0,0.0,798,0,0.9975,0.0,120.0,1.0715274388060387,0.2922858966875678,0.2857022465395378,78.87625,56,,,,4.807230800157413,6.009038500196766
class,cicids2018_distrinet,cnn-s42,cw_untargeted,C&W,untargeted,native,DDoS,42,800,799,0,0,0.99875,0.0,99.875,0.0,350,0,0.4375,0.0,120.0,0.8317328215134203,0.22042844711341708,0.19691746004124713,77.93,56,,,,3.8997415001504123,4.874676875188015
class,cicids2018_distrinet,cnn-s42,cw_untargeted,C&W,untargeted,native,DDoS,2024,800,799,0,0,0.99875,0.0,99.875,0.0,350,0,0.4375,0.0,120.0,0.8317328215134203,0.22042844711341708,0.19691746004124713,77.93,56,,,,3.8846412000712007,4.855801500089001
class,cicids2018_distrinet,cnn-s42,cw_untargeted,C&W,untargeted,native,DDoS,2026,800,799,0,0,0.99875,0.0,99.875,0.0,350,0,0.4375,0.0,120.0,0.8317328215134203,0.22042844711341708,0.19691746004124713,77.93,56,,,,3.881407900014892,4.851759875018615
class,cicids2018_distrinet,cnn-s42,cw_untargeted,C&W,untargeted,native,Recon,42,800,774,0,0,0.9675,0.0,96.75,0.0,774,0,0.9675,0.0,120.0,1.1947074548663272,0.36407999147848286,0.3282931168914434,78.0625,56,,,,3.865560500184074,4.8319506252300926
class,cicids2018_distrinet,cnn-s42,cw_untargeted,C&W,untargeted,native,Recon,2024,800,774,0,0,0.9675,0.0,96.75,0.0,774,0,0.9675,0.0,120.0,1.1947074548663272,0.36407999147848286,0.3282931168914434,78.0625,56,,,,3.879340900108218,4.849176125135273
class,cicids2018_distrinet,cnn-s42,cw_untargeted,C&W,untargeted,native,Recon,2026,800,774,0,0,0.9675,0.0,96.75,0.0,774,0,0.9675,0.0,120.0,1.1947074548663272,0.36407999147848286,0.3282931168914434,78.0625,56,,,,3.8714352000970393,4.839294000121299
class,cicids2018_distrinet,cnn-s42,cw_untargeted,C&W,untargeted,native,BruteForce,42,800,800,0,0,1.0,0.0,100.0,0.0,800,0,1.0,0.0,120.0,1.44630143071422,0.4333481680974364,0.3208249461306186,78.99875,56,,,,3.8839263000991195,4.854907875123899
class,cicids2018_distrinet,cnn-s42,cw_untargeted,C&W,untargeted,native,BruteForce,2024,800,800,0,0,1.0,0.0,100.0,0.0,800,0,1.0,0.0,120.0,1.44630143071422,0.4333481680974364,0.3208249461306186,78.99875,56,,,,3.854316100012511,4.817895125015639
class,cicids2018_distrinet,cnn-s42,cw_untargeted,C&W,untargeted,native,BruteForce,2026,800,800,0,0,1.0,0.0,100.0,0.0,800,0,1.0,0.0,120.0,1.44630143071422,0.4333481680974364,0.3208249461306186,78.99875,56,,,,3.838133400073275,4.797666750091594
class,cicids2018_distrinet,ft_transformer-s42,cw_untargeted,C&W,untargeted,native,DoS,42,800,293,0,0,0.36625,0.0,36.625,0.0,288,0,0.36,0.0,120.0,0.7180951485887178,0.22567479985916347,0.08625986136280538,78.88125,56,,,,45.25792540004477,56.57240675005596
class,cicids2018_distrinet,ft_transformer-s42,cw_untargeted,C&W,untargeted,native,DoS,2024,800,293,0,0,0.36625,0.0,36.625,0.0,288,0,0.36,0.0,120.0,0.7180951485887178,0.22567479985916347,0.08625986136280538,78.88125,56,,,,45.71322820009664,57.141535250120796
class,cicids2018_distrinet,ft_transformer-s42,cw_untargeted,C&W,untargeted,native,DoS,2026,800,293,0,0,0.36625,0.0,36.625,0.0,288,0,0.36,0.0,120.0,0.7180951485887178,0.22567479985916347,0.08625986136280538,78.88125,56,,,,45.52508780010976,56.9063597501372
class,cicids2018_distrinet,ft_transformer-s42,cw_untargeted,C&W,untargeted,native,DDoS,42,800,629,0,0,0.78625,0.0,78.625,0.0,213,0,0.26625,0.0,120.0,0.806523488438112,0.26357400758226374,0.08862118418668166,77.92125,56,,,,45.29030800005421,56.61288500006776
class,cicids2018_distrinet,ft_transformer-s42,cw_untargeted,C&W,untargeted,native,DDoS,2024,800,629,0,0,0.78625,0.0,78.625,0.0,213,0,0.26625,0.0,120.0,0.806523488438112,0.26357400758226374,0.08862118418668166,77.92125,56,,,,46.07049099984579,57.588113749807235
class,cicids2018_distrinet,ft_transformer-s42,cw_untargeted,C&W,untargeted,native,DDoS,2026,800,629,0,0,0.78625,0.0,78.625,0.0,213,0,0.26625,0.0,120.0,0.806523488438112,0.26357400758226374,0.08862118418668166,77.92125,56,,,,45.4803222999908,56.850402874988504
class,cicids2018_distrinet,ft_transformer-s42,cw_untargeted,C&W,untargeted,native,Recon,42,800,793,0,0,0.99125,0.0,99.125,0.0,792,0,0.99,0.0,120.0,0.4797820061874895,0.320062508221532,0.11345430973074629,77.97,56,,,,47.41143480013125,59.26429350016406
class,cicids2018_distrinet,ft_transformer-s42,cw_untargeted,C&W,untargeted,native,Recon,2024,800,793,0,0,0.99125,0.0,99.125,0.0,792,0,0.99,0.0,120.0,0.4797820061874895,0.320062508221532,0.11345430973074629,77.97,56,,,,47.05647630011663,58.820595375145786
class,cicids2018_distrinet,ft_transformer-s42,cw_untargeted,C&W,untargeted,native,Recon,2026,800,793,0,0,0.99125,0.0,99.125,0.0,792,0,0.99,0.0,120.0,0.4797820061874895,0.320062508221532,0.11345430973074629,77.97,56,,,,47.22696810006164,59.03371012507705
class,cicids2018_distrinet,ft_transformer-s42,cw_untargeted,C&W,untargeted,native,BruteForce,42,800,0,0,0,0.0,0.0,0.0,0.0,0,0,0.0,0.0,120.0,0.254111957499998,0.20011157341174496,0.06502900829380474,78.9975,56,,,,47.01662570005283,58.770782125066034
class,cicids2018_distrinet,ft_transformer-s42,cw_untargeted,C&W,untargeted,native,BruteForce,2024,800,0,0,0,0.0,0.0,0.0,0.0,0,0,0.0,0.0,120.0,0.254111957499998,0.20011157341174496,0.06502900829380474,78.9975,56,,,,47.06839319993742,58.83549149992177
class,cicids2018_distrinet,ft_transformer-s42,cw_untargeted,C&W,untargeted,native,BruteForce,2026,800,0,0,0,0.0,0.0,0.0,0.0,0,0,0.0,0.0,120.0,0.254111957499998,0.20011157341174496,0.06502900829380474,78.9975,56,,,,46.89283540006727,58.61604425008409
class,cicids2017_distrinet,mlp,capgd_prim_support,CAPGD-PrimSupport,untargeted,native,DoS,42,800,758,10,10,0.9475,0.0125,93.5,0.0125,732,6,0.915,0.0075,24.835,102827.14736084688,102776.76318046868,4.59472536652816,20.935,0,,,,10.547287400113419,13.184109250141773
class,cicids2017_distrinet,mlp,capgd_prim_support,CAPGD-PrimSupport,untargeted,native,DoS,2024,800,754,9,9,0.9425,0.01125,93.125,0.01125,707,6,0.88375,0.0075,24.835,87968.09951551938,87895.73281837885,2.8367961226141447,21.02375,0,,,,10.413638700032607,13.017048375040758
class,cicids2017_distrinet,mlp,capgd_prim_support,CAPGD-PrimSupport,untargeted,native,DoS,2026,800,751,9,9,0.93875,0.01125,92.75,0.01125,725,6,0.90625,0.0075,24.835,87043.8469835196,87036.3687488544,1.5973986342363877,20.9975,0,,,,10.525879499968141,13.157349374960177
class,cicids2017_distrinet,mlp,capgd_prim_support,CAPGD-PrimSupport,untargeted,native,DDoS,42,800,800,55,55,1.0,0.06875,93.125,0.06875,161,5,0.20125,0.00625,24.265,18402.369269658833,18386.48210078569,0.31266577746935886,20.95125,0,,,,10.604084300110117,13.255105375137646
class,cicids2017_distrinet,mlp,capgd_prim_support,CAPGD-PrimSupport,untargeted,native,DDoS,2024,800,800,50,50,1.0,0.0625,93.75,0.0625,129,5,0.16125,0.00625,24.265,14966.23499085656,14949.34126063644,0.30184081633326154,20.955,0,,,,10.495301599847153,13.119126999808941
class,cicids2017_distrinet,mlp,capgd_prim_support,CAPGD-PrimSupport,untargeted,native,DDoS,2026,800,800,55,55,1.0,0.06875,93.125,0.06875,116,7,0.145,0.00875,24.265,14284.219593439137,14267.076870601168,0.3191437906088197,20.93875,0,,,,10.404551799874753,13.005689749843441
class,cicids2017_distrinet,mlp,capgd_prim_support,CAPGD-PrimSupport,untargeted,native,Recon,42,800,800,0,0,1.0,0.0,100.0,0.0,780,0,0.975,0.0,25.0,20335.3041219763,20056.64683975833,1.8242749952414616,11.97,0,,,,10.266543000005186,12.833178750006482
class,cicids2017_distrinet,mlp,capgd_prim_support,CAPGD-PrimSupport,untargeted,native,Recon,2024,800,800,2,2,1.0,0.0025,99.75,0.0025,788,2,0.985,0.0025,25.0,23892.40155879127,23806.06230459652,2.021537749039226,12.24375,0,,,,10.262746999971569,12.82843374996446
class,cicids2017_distrinet,mlp,capgd_prim_support,CAPGD-PrimSupport,untargeted,native,Recon,2026,800,800,3,3,1.0,0.00375,99.625,0.00375,778,3,0.9725,0.00375,25.0,19945.482057777186,19832.331282639083,1.2687088610906136,11.93,0,,,,10.29173900000751,12.864673750009388
class,cicids2017_distrinet,mlp,capgd_prim_support,CAPGD-PrimSupport,untargeted,native,BruteForce,42,800,669,0,5,0.83625,0.0,83.625,0.00625,669,0,0.83625,0.0,24.97,249680.59214793934,249510.21155149024,14.067377276970403,21.8575,0,,,,11.871054100105539,14.838817625131924
class,cicids2017_distrinet,mlp,capgd_prim_support,CAPGD-PrimSupport,untargeted,native,BruteForce,2024,800,686,0,0,0.8575,0.0,85.75,0.0,685,0,0.85625,0.0,24.97,227257.12069554973,227221.04197992414,2.179077050521472,21.86875,0,,,,12.455033999867737,15.568792499834672
class,cicids2017_distrinet,mlp,capgd_prim_support,CAPGD-PrimSupport,untargeted,native,BruteForce,2026,800,645,0,0,0.80625,0.0,80.625,0.0,643,0,0.80375,0.0,24.97,208609.7464673563,208289.6086895052,1.8214852695676396,21.8575,0,,,,11.514886100078002,14.393607625097502
class,cicids2017_distrinet,cnn,capgd_prim_support,CAPGD-PrimSupport,untargeted,native,DoS,42,800,776,49,49,0.97,0.06125,90.875,0.06125,745,37,0.93125,0.04625,23.935,101502.28861695768,101437.76056736034,5.461184374783718,20.82125,0,,,,10.830124399857596,13.537655499821994
class,cicids2017_distrinet,cnn,capgd_prim_support,CAPGD-PrimSupport,untargeted,native,DoS,2024,800,769,49,49,0.96125,0.06125,90.0,0.06125,737,38,0.92125,0.0475,23.935,90317.3661980938,90307.31964759609,1.8189238321864962,20.94375,0,,,,10.710525099886581,13.388156374858227
class,cicids2017_distrinet,cnn,capgd_prim_support,CAPGD-PrimSupport,untargeted,native,DoS,2026,800,739,46,46,0.92375,0.0575,86.625,0.0575,711,35,0.88875,0.04375,23.935,105507.36329064479,105181.20596352872,7.1197192493537,20.9375,0,,,,10.81094909994863,13.513686374935787
class,cicids2017_distrinet,cnn,capgd_prim_support,CAPGD-PrimSupport,untargeted,native,DDoS,42,800,792,115,115,0.99,0.14375,84.625,0.14375,463,40,0.57875,0.05,23.23,88418.43976289075,88405.60018880288,13.658171511224438,21.1175,0,,,,10.697119599906728,13.37139949988341
class,cicids2017_distrinet,cnn,capgd_prim_support,CAPGD-PrimSupport,untargeted,native,DDoS,2024,800,782,115,115,0.9775,0.14375,83.375,0.14375,442,39,0.5525,0.04875,23.23,73481.3641393383,73471.19156730153,10.362979427067978,21.1925,0,,,,10.686985000036657,13.358731250045821
class,cicids2017_distrinet,cnn,capgd_prim_support,CAPGD-PrimSupport,untargeted,native,DDoS,2026,800,786,112,112,0.9825,0.14,84.25,0.14,416,38,0.52,0.0475,23.23,50379.95615333426,50341.837829897966,3.9479974009894057,21.14875,0,,,,10.922496299957857,13.65312037494732
class,cicids2017_distrinet,cnn,capgd_prim_support,CAPGD-PrimSupport,untargeted,native,Recon,42,800,757,2,2,0.94625,0.0025,94.37500000000001,0.0025,727,2,0.90875,0.0025,22.375,18139.542594243667,18053.031509353816,3.5864897312089403,14.845,0,,,,10.551885699853301,13.189857124816626
class,cicids2017_distrinet,cnn,capgd_prim_support,CAPGD-PrimSupport,untargeted,native,Recon,2024,800,752,2,2,0.94,0.0025,93.75,0.0025,738,2,0.9225,0.0025,22.375,12286.592982547681,12170.486980995045,3.0602889002948825,15.155,0,,,,10.614969399990514,13.268711749988142
class,cicids2017_distrinet,cnn,capgd_prim_support,CAPGD-PrimSupport,untargeted,native,Recon,2026,800,748,4,4,0.935,0.005,93.0,0.005,728,4,0.91,0.005,22.375,19572.251758334914,19433.78642784621,3.7077412885737084,14.91375,0,,,,10.607646300224587,13.259557875280734
class,cicids2017_distrinet,cnn,capgd_prim_support,CAPGD-PrimSupport,untargeted,native,BruteForce,42,800,796,0,0,0.995,0.0,99.5,0.0,755,0,0.94375,0.0,24.505,93028.98676082943,93027.0224250464,0.2515848989536361,21.32125,0,,,,11.389406600035727,14.236758250044659
class,cicids2017_distrinet,cnn,capgd_prim_support,CAPGD-PrimSupport,untargeted,native,BruteForce,2024,800,790,0,0,0.9875,0.0,98.75,0.0,749,0,0.93625,0.0,24.505,94859.24872148219,94853.16996575329,0.28216935260468257,21.40125,0,,,,11.839010699884966,14.798763374856208
class,cicids2017_distrinet,cnn,capgd_prim_support,CAPGD-PrimSupport,untargeted,native,BruteForce,2026,800,780,0,0,0.975,0.0,97.5,0.0,744,0,0.93,0.0,24.505,91461.55568340649,91456.06898277918,0.26775384940944574,21.33625,0,,,,11.3460299000144,14.182537375018
class,cicids2017_distrinet,ft_transformer,capgd_prim_support,CAPGD-PrimSupport,untargeted,native,DoS,42,800,232,5,5,0.29,0.00625,28.375,0.00625,7,0,0.00875,0.0,24.895,495413.7514738264,491750.67804610945,122.81367401270947,21.77375,0,,,,12.459327699849382,15.574159624811728
class,cicids2017_distrinet,ft_transformer,capgd_prim_support,CAPGD-PrimSupport,untargeted,native,DoS,2024,800,320,5,5,0.4,0.00625,39.37500000000001,0.00625,9,0,0.01125,0.0,24.895,508584.8252653636,505525.87944358774,126.7703411952651,21.8325,0,,,,12.439403099939227,15.549253874924034
class,cicids2017_distrinet,ft_transformer,capgd_prim_support,CAPGD-PrimSupport,untargeted,native,DoS,2026,800,239,6,6,0.29875,0.0075,29.125,0.0075,9,0,0.01125,0.0,24.895,294990.46406696714,292603.30735345284,67.57674258201449,21.8825,0,,,,12.357997899875045,15.447497374843806
class,cicids2017_distrinet,ft_transformer,capgd_prim_support,CAPGD-PrimSupport,untargeted,native,DDoS,42,800,402,0,0,0.5025,0.0,50.24999999999999,0.0,400,0,0.5,0.0,25.0,238839.48538795643,237497.9767074753,38.02192230751971,21.715,0,,,,12.46094960020855,15.576187000260688
class,cicids2017_distrinet,ft_transformer,capgd_prim_support,CAPGD-PrimSupport,untargeted,native,DDoS,2024,800,434,1,1,0.5425,0.00125,54.125,0.00125,431,1,0.53875,0.00125,25.0,223232.61213354577,222446.43293392178,29.66467325846245,21.77625,0,,,,12.53634630003944,15.6704328750493
class,cicids2017_distrinet,ft_transformer,capgd_prim_support,CAPGD-PrimSupport,untargeted,native,DDoS,2026,800,383,0,0,0.47875,0.0,47.875,0.0,381,0,0.47625,0.0,25.0,196582.2744920379,195995.90603057598,21.780304960347145,21.81625,0,,,,13.859122400172055,17.32390300021507
class,cicids2017_distrinet,ft_transformer,capgd_prim_support,CAPGD-PrimSupport,untargeted,native,Recon,42,800,794,0,0,0.9925,0.0,99.25,0.0,792,0,0.99,0.0,24.685,147522.91755880116,146781.59420894197,12.545344679513272,16.3125,0,,,,12.555456800153479,15.694321000191849
class,cicids2017_distrinet,ft_transformer,capgd_prim_support,CAPGD-PrimSupport,untargeted,native,Recon,2024,800,796,0,0,0.995,0.0,99.5,0.0,793,0,0.99125,0.0,24.685,175924.5147369688,175136.32124606764,22.110119522490994,16.4875,0,,,,12.514037599787116,15.642546999733895
class,cicids2017_distrinet,ft_transformer,capgd_prim_support,CAPGD-PrimSupport,untargeted,native,Recon,2026,800,794,0,0,0.9925,0.0,99.25,0.0,792,0,0.99,0.0,24.685,158857.44995790967,157718.2857320239,15.795254681190627,16.42125,0,,,,12.595416400115937,15.744270500144921
class,cicids2017_distrinet,ft_transformer,capgd_prim_support,CAPGD-PrimSupport,untargeted,native,BruteForce,42,800,230,0,7,0.2875,0.0,28.749999999999996,0.00875,228,0,0.285,0.0,24.985,207178.0450967597,206636.23162188203,41.072936221929986,21.9475,0,,,,12.803800399880856,16.00475049985107
class,cicids2017_distrinet,ft_transformer,capgd_prim_support,CAPGD-PrimSupport,untargeted,native,BruteForce,2024,800,265,0,0,0.33125,0.0,33.125,0.0,263,0,0.32875,0.0,24.985,97943.71452602909,97495.27360344026,5.751505794247446,21.9975,0,,,,12.736310699954629,15.920388374943286
class,cicids2017_distrinet,ft_transformer,capgd_prim_support,CAPGD-PrimSupport,untargeted,native,BruteForce,2026,800,123,0,0,0.15375,0.0,15.375,0.0,121,0,0.15125,0.0,24.985,114056.4395293606,113482.07149803425,10.300202764688999,22.0275,0,,,,12.529172300128266,15.661465375160333
class,cicids2018_distrinet,mlp-s42,capgd_prim_support,CAPGD-PrimSupport,untargeted,native,DoS,42,800,766,0,0,0.9575,0.0,95.75,0.0,766,0,0.9575,0.0,18.58,186860.70392663416,186675.184970307,232.8767431366075,21.17375,0,,,,11.584483300102875,14.480604125128593
class,cicids2018_distrinet,mlp-s42,capgd_prim_support,CAPGD-PrimSupport,untargeted,native,DoS,2024,800,759,0,0,0.94875,0.0,94.875,0.0,759,0,0.94875,0.0,18.58,216841.9899246521,216619.82049251217,270.391913724655,21.205,0,,,,11.584518400020897,14.480648000026122
class,cicids2018_distrinet,mlp-s42,capgd_prim_support,CAPGD-PrimSupport,untargeted,native,DoS,2026,800,755,0,0,0.94375,0.0,94.375,0.0,755,0,0.94375,0.0,18.58,79361.94888630295,79178.01326155294,99.02681218011801,21.2175,0,,,,10.86234479979612,13.57793099974515
class,cicids2018_distrinet,mlp-s42,capgd_prim_support,CAPGD-PrimSupport,untargeted,native,DDoS,42,800,787,0,0,0.98375,0.0,98.375,0.0,694,0,0.8675,0.0,22.765,44667.25263018563,44277.35948132327,51.89700447777903,21.045,0,,,,10.421651000156999,13.027063750196248
class,cicids2018_distrinet,mlp-s42,capgd_prim_support,CAPGD-PrimSupport,untargeted,native,DDoS,2024,800,774,0,0,0.9675,0.0,96.75,0.0,647,0,0.80875,0.0,22.765,107150.00257403225,106858.6851832576,127.80035122419977,21.12,0,,,,10.627824200084433,13.284780250105541
class,cicids2018_distrinet,mlp-s42,capgd_prim_support,CAPGD-PrimSupport,untargeted,native,DDoS,2026,800,787,0,0,0.98375,0.0,98.375,0.0,665,0,0.83125,0.0,22.765,30251.504302315683,30019.056716772782,31.703876796896918,21.08625,0,,,,10.551299100043252,13.189123875054065
class,cicids2018_distrinet,mlp-s42,capgd_prim_support,CAPGD-PrimSupport,untargeted,native,Recon,42,800,774,4,4,0.9675,0.005,96.25,0.005,774,4,0.9675,0.005,24.31,596373.8398145294,596178.4005815916,736.6091038311839,10.57375,0,,,,10.486695399973541,13.108369249966927
class,cicids2018_distrinet,mlp-s42,capgd_prim_support,CAPGD-PrimSupport,untargeted,native,Recon,2024,800,781,4,4,0.97625,0.005,97.125,0.005,781,4,0.97625,0.005,24.31,631358.7361644058,631136.7831476016,780.0892602030531,10.6625,0,,,,10.532982900040224,13.16622862505028
class,cicids2018_distrinet,mlp-s42,capgd_prim_support,CAPGD-PrimSupport,untargeted,native,Recon,2026,800,782,5,5,0.9775,0.00625,97.125,0.00625,782,5,0.9775,0.00625,24.31,400114.245796998,399917.36628460174,493.0882602462225,10.30375,0,,,,10.92283309996128,13.653541374951601
class,cicids2018_distrinet,mlp-s42,capgd_prim_support,CAPGD-PrimSupport,untargeted,native,BruteForce,42,800,634,0,0,0.7925,0.0,79.25,0.0,513,0,0.64125,0.0,25.0,2873073.577894898,2865551.8279925217,3560.9925794619353,21.90125,0,,,,10.194574100198224,12.74321762524778
class,cicids2018_distrinet,mlp-s42,capgd_prim_support,CAPGD-PrimSupport,untargeted,native,BruteForce,2024,800,597,0,0,0.74625,0.0,74.625,0.0,445,0,0.55625,0.0,25.0,3728223.1526111346,3720812.795249191,4622.033592988196,22.05875,0,,,,10.444846000056714,13.056057500070892
class,cicids2018_distrinet,mlp-s42,capgd_prim_support,CAPGD-PrimSupport,untargeted,native,BruteForce,2026,800,595,0,0,0.74375,0.0,74.375,0.0,507,0,0.63375,0.0,25.0,1816698.2957157749,1809084.7084524333,2245.0457113823845,22.00875,0,,,,10.447694499976933,13.059618124971166
class,cicids2018_distrinet,cnn-s42,capgd_prim_support,CAPGD-PrimSupport,untargeted,native,DoS,42,800,443,0,0,0.55375,0.0,55.375,0.0,262,0,0.3275,0.0,24.34,1689851.6377157292,1688712.1770337718,2098.6975345974433,21.65,0,,,,11.479803000111133,14.349753750138916
class,cicids2018_distrinet,cnn-s42,capgd_prim_support,CAPGD-PrimSupport,untargeted,native,DoS,2024,800,370,0,0,0.4625,0.0,46.25,0.0,167,0,0.20875,0.0,24.34,1807465.5434557565,1806243.6931582277,2244.171034083926,21.82,0,,,,11.621944699902087,14.52743087487761
class,cicids2018_distrinet,cnn-s42,capgd_prim_support,CAPGD-PrimSupport,untargeted,native,DoS,2026,800,409,0,0,0.51125,0.0,51.125,0.0,246,0,0.3075,0.0,24.34,865927.4765069891,864883.7480595243,1072.675245397859,21.7475,0,,,,11.563546699937433,14.454433374921791
class,cicids2018_distrinet,cnn-s42,capgd_prim_support,CAPGD-PrimSupport,untargeted,native,DDoS,42,800,725,6,6,0.90625,0.0075,89.875,0.0075,286,1,0.3575,0.00125,24.4,851608.7731343235,850896.6016954439,1053.941845233539,20.98375,0,,,,10.714770699851215,13.393463374814019
class,cicids2018_distrinet,cnn-s42,capgd_prim_support,CAPGD-PrimSupport,untargeted,native,DDoS,2024,800,724,6,6,0.905,0.0075,89.75000000000001,0.0075,276,1,0.345,0.00125,24.4,891305.1345698857,890690.8768172913,1101.2241605924949,20.96875,0,,,,10.745095300022513,13.43136912502814
class,cicids2018_distrinet,cnn-s42,capgd_prim_support,CAPGD-PrimSupport,untargeted,native,DDoS,2026,800,747,7,7,0.93375,0.00875,92.5,0.00875,309,1,0.38625,0.00125,24.4,365529.3632944258,364775.1837408655,449.7868174899135,20.92375,0,,,,10.73123489995487,13.414043624943588
class,cicids2018_distrinet,cnn-s42,capgd_prim_support,CAPGD-PrimSupport,untargeted,native,Recon,42,800,494,1,2,0.6175,0.00125,61.62500000000001,0.0025,479,1,0.59875,0.00125,24.67,1783427.905647942,1782708.7170793237,2218.3710331489724,15.0525,0,,,,10.764477099990472,13.45559637498809
class,cicids2018_distrinet,cnn-s42,capgd_prim_support,CAPGD-PrimSupport,untargeted,native,Recon,2024,800,490,4,4,0.6125,0.005,60.75000000000001,0.005,474,4,0.5925,0.005,24.67,2097056.470678848,2095704.0480697602,2614.4509170246088,15.03875,0,,,,10.520677800057456,13.15084725007182
class,cicids2018_distrinet,cnn-s42,capgd_prim_support,CAPGD-PrimSupport,untargeted,native,Recon,2026,800,517,4,5,0.64625,0.005,64.125,0.00625,492,4,0.615,0.005,24.67,983302.8202544558,981899.0699279961,1229.187108488396,14.42,0,,,,10.52502810000442,13.156285125005525
class,cicids2018_distrinet,cnn-s42,capgd_prim_support,CAPGD-PrimSupport,untargeted,native,BruteForce,42,800,793,0,0,0.99125,0.0,99.125,0.0,663,0,0.82875,0.0,22.675,1282314.8003410166,1278964.0514499568,1586.7511452672597,21.3575,0,,,,13.50278010009788,16.87847512512235
class,cicids2018_distrinet,cnn-s42,capgd_prim_support,CAPGD-PrimSupport,untargeted,native,BruteForce,2024,800,787,0,0,0.98375,0.0,98.375,0.0,649,0,0.81125,0.0,22.675,1654732.0820582465,1653312.3081644652,2051.5419199644016,21.4675,0,,,,12.183256499934942,15.229070624918677
class,cicids2018_distrinet,cnn-s42,capgd_prim_support,CAPGD-PrimSupport,untargeted,native,BruteForce,2026,800,798,0,0,0.9975,0.0,99.75,0.0,732,0,0.915,0.0,22.675,977211.3414954342,973568.4729855736,1207.2915591873686,21.56125,0,,,,12.277697199955583,15.347121499944478
class,cicids2018_distrinet,ft_transformer-s42,capgd_prim_support,CAPGD-PrimSupport,untargeted,native,DoS,42,800,1,0,0,0.00125,0.0,0.125,0.0,1,0,0.00125,0.0,24.985,2434937.9745268025,2433447.8069783757,3021.5315992220208,21.98375,0,,,,20.29714470007457,25.37143087509321
class,cicids2018_distrinet,ft_transformer-s42,capgd_prim_support,CAPGD-PrimSupport,untargeted,native,DoS,2024,800,1,0,0,0.00125,0.0,0.125,0.0,1,0,0.00125,0.0,24.985,2880942.832807849,2879504.100253032,3574.814139158012,22.0625,0,,,,22.03296700003557,27.54120875004446
class,cicids2018_distrinet,ft_transformer-s42,capgd_prim_support,CAPGD-PrimSupport,untargeted,native,DoS,2026,800,2,0,0,0.0025,0.0,0.25,0.0,2,0,0.0025,0.0,24.985,1360390.9822260074,1359049.9516621197,1683.3148740928511,22.06125,0,,,,21.966234599938616,27.45779324992327
class,cicids2018_distrinet,ft_transformer-s42,capgd_prim_support,CAPGD-PrimSupport,untargeted,native,DDoS,42,800,6,0,0,0.0075,0.0,0.75,0.0,6,0,0.0075,0.0,24.985,1982555.8493432885,1981314.869120698,2459.5594080833,21.98375,0,,,,22.048175199888647,27.56021899986081
class,cicids2018_distrinet,ft_transformer-s42,capgd_prim_support,CAPGD-PrimSupport,untargeted,native,DDoS,2024,800,5,0,0,0.00625,0.0,0.625,0.0,5,0,0.00625,0.0,24.985,2427512.717891419,2426335.445357498,3011.6819035418807,22.05875,0,,,,21.74117619986646,27.176470249833073
class,cicids2018_distrinet,ft_transformer-s42,capgd_prim_support,CAPGD-PrimSupport,untargeted,native,DDoS,2026,800,11,0,1,0.01375,0.0,1.375,0.00125,11,0,0.01375,0.0,24.985,1116985.3589510664,1115844.5104798726,1381.30348074695,22.05625,0,,,,21.65969830006361,27.074622875079513
class,cicids2018_distrinet,ft_transformer-s42,capgd_prim_support,CAPGD-PrimSupport,untargeted,native,Recon,42,800,43,0,1,0.05375,0.0,5.375,0.00125,43,0,0.05375,0.0,24.775,2184807.2365720607,2183750.082204387,2717.984787729254,14.95375,0,,,,21.39185560005717,26.739819500071462
class,cicids2018_distrinet,ft_transformer-s42,capgd_prim_support,CAPGD-PrimSupport,untargeted,native,Recon,2024,800,35,0,0,0.04375,0.0,4.375,0.0,35,0,0.04375,0.0,24.775,2566054.475581231,2565296.5259267497,3188.0169057506764,14.62,0,,,,20.677937099942937,25.847421374928672
class,cicids2018_distrinet,ft_transformer-s42,capgd_prim_support,CAPGD-PrimSupport,untargeted,native,Recon,2026,800,36,0,0,0.045,0.0,4.5,0.0,36,0,0.045,0.0,24.775,1243791.6832671666,1242714.687910283,1547.5378375362538,14.39875,0,,,,20.2069296000991,25.258662000123877
class,cicids2018_distrinet,ft_transformer-s42,capgd_prim_support,CAPGD-PrimSupport,untargeted,native,BruteForce,42,800,285,0,0,0.35625,0.0,35.625,0.0,279,0,0.34875,0.0,25.0,2824831.0877207327,2818494.742769167,3499.162545926212,21.985,0,,,,21.302300800103694,26.627876000129618
class,cicids2018_distrinet,ft_transformer-s42,capgd_prim_support,CAPGD-PrimSupport,untargeted,native,BruteForce,2024,800,269,0,0,0.33625,0.0,33.625,0.0,254,0,0.3175,0.0,25.0,3815961.4710819023,3808999.279194,4730.043791584476,22.0625,0,,,,21.030420399969444,26.288025499961805
class,cicids2018_distrinet,ft_transformer-s42,capgd_prim_support,CAPGD-PrimSupport,untargeted,native,BruteForce,2026,800,241,0,0,0.30125,0.0,30.125,0.0,237,0,0.29625,0.0,25.0,1874883.300623618,1868705.8732746295,2315.2555397666533,22.0625,0,,,,20.420511699980125,25.525639624975156
class,cicids2017_distrinet,mlp,cpgd_prim_support,C-PGD-PrimSupport,untargeted,native,DoS,42,800,187,0,0,0.23375,0.0,23.375,0.0,187,0,0.23375,0.0,40.0,1566.5498599907776,1543.875211703225,0.2145942841364672,21.95,0,,,,8.263178599998355,10.328973249997944
class,cicids2017_distrinet,mlp,cpgd_prim_support,C-PGD-PrimSupport,untargeted,native,DoS,2024,800,169,0,0,0.21125,0.0,21.125,0.0,167,0,0.20875,0.0,40.0,2416.892285254108,2389.7975628726163,0.1834115140721911,21.79,0,,,,8.323071600170806,10.403839500213508
class,cicids2017_distrinet,mlp,cpgd_prim_support,C-PGD-PrimSupport,untargeted,native,DoS,2026,800,171,0,0,0.21375,0.0,21.375,0.0,165,0,0.20625,0.0,40.0,724.0691235065692,702.7252212801869,0.21546506170441923,21.76375,0,,,,8.393601499963552,10.49200187495444
class,cicids2017_distrinet,mlp,cpgd_prim_support,C-PGD-PrimSupport,untargeted,native,DDoS,42,800,668,0,0,0.835,0.0,83.5,0.0,317,0,0.39625,0.0,40.0,2411.679739714851,2387.2558532815588,0.20708124779356155,22.06375,0,,,,8.441581399878487,10.551976749848109
class,cicids2017_distrinet,mlp,cpgd_prim_support,C-PGD-PrimSupport,untargeted,native,DDoS,2024,800,707,0,0,0.88375,0.0,88.375,0.0,312,0,0.39,0.0,40.0,3573.1057944631743,3543.217323157992,0.1735422822342872,21.93125,0,,,,8.35979439993389,10.449742999917362
class,cicids2017_distrinet,mlp,cpgd_prim_support,C-PGD-PrimSupport,untargeted,native,DDoS,2026,800,615,0,0,0.76875,0.0,76.875,0.0,245,0,0.30625,0.0,40.0,785.4593639640611,760.3462619427315,0.20801511366751899,21.90625,0,,,,8.250309699913487,10.312887124891859
class,cicids2017_distrinet,mlp,cpgd_prim_support,C-PGD-PrimSupport,untargeted,native,Recon,42,800,769,0,0,0.96125,0.0,96.125,0.0,760,0,0.95,0.0,40.0,482.4101474827801,464.129584610076,0.18686661138106964,16.80875,0,,,,8.038162200013176,10.04770275001647
class,cicids2017_distrinet,mlp,cpgd_prim_support,C-PGD-PrimSupport,untargeted,native,Recon,2024,800,765,0,0,0.95625,0.0,95.625,0.0,759,0,0.94875,0.0,40.0,299.8041136955111,280.29280285170165,0.15972733776156958,16.79125,0,,,,8.28298810007982,10.353735125099774
class,cicids2017_distrinet,mlp,cpgd_prim_support,C-PGD-PrimSupport,untargeted,native,Recon,2026,800,746,0,0,0.9325,0.0,93.25,0.0,737,0,0.92125,0.0,40.0,562.1213198365709,541.8352765256064,0.1844184105022995,16.81625,0,,,,8.204950999934226,10.256188749917783
class,cicids2017_distrinet,mlp,cpgd_prim_support,C-PGD-PrimSupport,untargeted,native,BruteForce,42,800,21,0,0,0.02625,0.0,2.625,0.0,21,0,0.02625,0.0,40.0,579.8379522375628,568.8243547160596,0.18868238253772385,22.10875,0,,,,9.807086999993771,12.258858749992214
class,cicids2017_distrinet,mlp,cpgd_prim_support,C-PGD-PrimSupport,untargeted,native,BruteForce,2024,800,38,0,0,0.0475,0.0,4.75,0.0,38,0,0.0475,0.0,40.0,1159.6319525721433,1148.5291460600874,0.16085368853589188,21.9625,0,,,,9.011213600169867,11.264017000212334
class,cicids2017_distrinet,mlp,cpgd_prim_support,C-PGD-PrimSupport,untargeted,native,BruteForce,2026,800,21,0,0,0.02625,0.0,2.625,0.0,20,0,0.025,0.0,40.0,326.1634996415034,315.2023240003619,0.18785293441663956,21.95125,0,,,,8.467297299997881,10.584121624997351
class,cicids2017_distrinet,cnn,cpgd_prim_support,C-PGD-PrimSupport,untargeted,native,DoS,42,800,387,0,0,0.48375,0.0,48.375,0.0,327,0,0.40875,0.0,40.0,1351.8071412838678,1329.7590717993712,0.2124932577446773,22.0375,0,,,,8.463160699931905,10.57895087491488
class,cicids2017_distrinet,cnn,cpgd_prim_support,C-PGD-PrimSupport,untargeted,native,DoS,2024,800,377,0,0,0.47125,0.0,47.125,0.0,327,0,0.40875,0.0,40.0,2340.81423762696,2313.786055698335,0.1805786882899277,21.87,0,,,,8.44084919989109,10.551061499863863
class,cicids2017_distrinet,cnn,cpgd_prim_support,C-PGD-PrimSupport,untargeted,native,DoS,2026,800,404,0,0,0.505,0.0,50.5,0.0,310,0,0.3875,0.0,40.0,906.1767843158617,883.1764215686266,0.2139541938388046,21.8825,0,,,,8.167050400050357,10.208813000062946
class,cicids2017_distrinet,cnn,cpgd_prim_support,C-PGD-PrimSupport,untargeted,native,DDoS,42,800,600,0,0,0.75,0.0,75.0,0.0,413,0,0.51625,0.0,40.0,2259.7662031515288,2244.357587584927,0.2064898866668033,22.05375,0,,,,8.373603399842978,10.467004249803722
class,cicids2017_distrinet,cnn,cpgd_prim_support,C-PGD-PrimSupport,untargeted,native,DDoS,2024,800,608,0,0,0.76,0.0,76.0,0.0,398,0,0.4975,0.0,40.0,3455.473607143953,3434.695802007217,0.1735046119826741,21.90875,0,,,,8.274692599894479,10.343365749868099
class,cicids2017_distrinet,cnn,cpgd_prim_support,C-PGD-PrimSupport,untargeted,native,DDoS,2026,800,542,0,0,0.6775,0.0,67.75,0.0,312,0,0.39,0.0,40.0,653.6777152091662,637.5367810868619,0.20829394593938144,21.88375,0,,,,8.51912959991023,10.648911999887787
class,cicids2017_distrinet,cnn,cpgd_prim_support,C-PGD-PrimSupport,untargeted,native,Recon,42,800,467,0,0,0.58375,0.0,58.375,0.0,466,0,0.5825,0.0,40.0,212.98672853499255,199.06609557934019,0.18638762869114853,18.14,0,,,,8.341446600155905,10.426808250194881
class,cicids2017_distrinet,cnn,cpgd_prim_support,C-PGD-PrimSupport,untargeted,native,Recon,2024,800,384,0,0,0.48,0.0,48.0,0.0,379,0,0.47375,0.0,40.0,214.46555390601753,197.39194798111893,0.15800835851165496,18.01,0,,,,8.221893499838188,10.277366874797735
class,cicids2017_distrinet,cnn,cpgd_prim_support,C-PGD-PrimSupport,untargeted,native,Recon,2026,800,368,0,0,0.46,0.0,46.0,0.0,364,0,0.455,0.0,40.0,428.45953687799476,409.7890407623747,0.18403812918132967,18.05375,0,,,,8.153899000026286,10.192373750032857
class,cicids2017_distrinet,cnn,cpgd_prim_support,C-PGD-PrimSupport,untargeted,native,BruteForce,42,800,578,0,0,0.7225,0.0,72.25,0.0,298,0,0.3725,0.0,40.0,867.6915919054103,833.0258380464734,0.1890325473627765,22.11,0,,,,8.452693900093436,10.565867375116795
class,cicids2017_distrinet,cnn,cpgd_prim_support,C-PGD-PrimSupport,untargeted,native,BruteForce,2024,800,557,0,0,0.69625,0.0,69.625,0.0,283,0,0.35375,0.0,40.0,1294.359647643624,1260.551111119099,0.16027244843428456,21.965,0,,,,8.525779400020838,10.657224250026047
class,cicids2017_distrinet,cnn,cpgd_prim_support,C-PGD-PrimSupport,untargeted,native,BruteForce,2026,800,528,0,0,0.66,0.0,66.0,0.0,219,0,0.27375,0.0,40.0,559.6157152196309,521.3383107817018,0.18759683500540253,21.955,0,,,,8.057989299995825,10.07248662499478
class,cicids2017_distrinet,ft_transformer,cpgd_prim_support,C-PGD-PrimSupport,untargeted,native,DoS,42,800,36,0,0,0.045,0.0,4.5,0.0,1,0,0.00125,0.0,40.0,1298.0572460140936,1286.5210493082009,0.2104537547534284,21.925,0,,,,10.12512300000526,12.656403750006575
class,cicids2017_distrinet,ft_transformer,cpgd_prim_support,C-PGD-PrimSupport,untargeted,native,DoS,2024,800,62,0,0,0.0775,0.0,7.75,0.0,1,0,0.00125,0.0,40.0,2321.832015468073,2308.780869680508,0.17800036930632082,21.76125,0,,,,10.110795000102371,12.638493750127964
class,cicids2017_distrinet,ft_transformer,cpgd_prim_support,C-PGD-PrimSupport,untargeted,native,DoS,2026,800,73,0,0,0.09125,0.0,9.125,0.0,3,0,0.00375,0.0,40.0,805.2554570759524,796.6124453416508,0.2107060986203698,21.75875,0,,,,10.107830900000408,12.63478862500051
class,cicids2017_distrinet,ft_transformer,cpgd_prim_support,C-PGD-PrimSupport,untargeted,native,DDoS,42,800,8,0,0,0.01,0.0,1.0,0.0,8,0,0.01,0.0,40.0,2232.789265074088,2221.947971341236,0.20724881435612988,21.89625,0,,,,11.992480699904263,14.990600874880329
class,cicids2017_distrinet,ft_transformer,cpgd_prim_support,C-PGD-PrimSupport,untargeted,native,DDoS,2024,800,4,0,0,0.005,0.0,0.5,0.0,4,0,0.005,0.0,40.0,3417.9839324831187,3405.233066233729,0.17402106079059934,21.82,0,,,,10.308785000117496,12.88598125014687
class,cicids2017_distrinet,ft_transformer,cpgd_prim_support,C-PGD-PrimSupport,untargeted,native,DDoS,2026,800,4,0,0,0.005,0.0,0.5,0.0,3,0,0.00375,0.0,40.0,614.4165447240171,604.1546982312337,0.20776129282387049,21.71875,0,,,,11.466893000062555,14.333616250078194
class,cicids2017_distrinet,ft_transformer,cpgd_prim_support,C-PGD-PrimSupport,untargeted,native,Recon,42,800,633,0,0,0.79125,0.0,79.125,0.0,632,0,0.79,0.0,40.0,546.9183283972857,519.7371516562359,0.19151449439072532,19.46625,0,,,,10.278157300082967,12.847696625103708
class,cicids2017_distrinet,ft_transformer,cpgd_prim_support,C-PGD-PrimSupport,untargeted,native,Recon,2024,800,608,0,0,0.76,0.0,76.0,0.0,607,0,0.75875,0.0,40.0,655.3280949484201,633.1035614368062,0.16191366223709214,19.3625,0,,,,10.263297200202942,12.829121500253677
class,cicids2017_distrinet,ft_transformer,cpgd_prim_support,C-PGD-PrimSupport,untargeted,native,Recon,2026,800,594,0,0,0.7425,0.0,74.25,0.0,592,0,0.74,0.0,40.0,727.1556396161313,704.1415659330265,0.1879893012009529,19.18875,0,,,,10.340343900024891,12.925429875031114
class,cicids2017_distrinet,ft_transformer,cpgd_prim_support,C-PGD-PrimSupport,untargeted,native,BruteForce,42,800,9,0,0,0.01125,0.0,1.125,0.0,9,0,0.01125,0.0,40.0,571.1605630349266,558.7103582087497,0.18825197174770966,22.07,0,,,,10.394205099903047,12.992756374878809
class,cicids2017_distrinet,ft_transformer,cpgd_prim_support,C-PGD-PrimSupport,untargeted,native,BruteForce,2024,800,29,0,0,0.03625,0.0,3.6249999999999996,0.0,29,0,0.03625,0.0,40.0,1066.7179964258767,1054.6368728948808,0.16027280883887177,21.93125,0,,,,10.389528300147504,12.98691037518438
class,cicids2017_distrinet,ft_transformer,cpgd_prim_support,C-PGD-PrimSupport,untargeted,native,BruteForce,2026,800,15,0,0,0.01875,0.0,1.875,0.0,14,0,0.0175,0.0,40.0,328.19298804720495,317.8337208325004,0.1878724369612897,21.92375,0,,,,10.381424500141293,12.976780625176616
class,cicids2018_distrinet,mlp-s42,cpgd_prim_support,C-PGD-PrimSupport,untargeted,native,DoS,42,800,190,0,0,0.2375,0.0,23.75,0.0,144,0,0.18,0.0,40.0,563.7009904325422,520.5622939606935,0.19566069277152967,22.095,0,,,,8.774561099940911,10.968201374926139
class,cicids2018_distrinet,mlp-s42,cpgd_prim_support,C-PGD-PrimSupport,untargeted,native,DoS,2024,800,159,0,0,0.19875,0.0,19.875,0.0,132,0,0.165,0.0,40.0,594.8445469369649,559.0882602277475,0.17061773945464281,21.92,0,,,,8.26789449993521,10.334868124919012
class,cicids2018_distrinet,mlp-s42,cpgd_prim_support,C-PGD-PrimSupport,untargeted,native,DoS,2026,800,177,0,0,0.22125,0.0,22.125,0.0,161,0,0.20125,0.0,40.0,563.8636065104168,518.2263277171057,0.19243393389077076,21.95375,0,,,,8.148069299990311,10.185086624987889
class,cicids2018_distrinet,mlp-s42,cpgd_prim_support,C-PGD-PrimSupport,untargeted,native,DDoS,42,800,228,0,0,0.285,0.0,28.499999999999996,0.0,125,0,0.15625,0.0,40.0,898.0699795100252,851.0750357836873,0.21570665963309246,22.065,0,,,,8.044576999964193,10.05572124995524
class,cicids2018_distrinet,mlp-s42,cpgd_prim_support,C-PGD-PrimSupport,untargeted,native,DDoS,2024,800,241,0,0,0.30125,0.0,30.125,0.0,183,0,0.22875,0.0,40.0,1163.379331572712,1124.7286707440066,0.19025094159804679,21.87375,0,,,,8.181479800026864,10.22684975003358
class,cicids2018_distrinet,mlp-s42,cpgd_prim_support,C-PGD-PrimSupport,untargeted,native,DDoS,2026,800,239,0,0,0.29875,0.0,29.875,0.0,147,0,0.18375,0.0,40.0,795.6575466077292,742.1700833086869,0.21029985538546778,21.89625,0,,,,7.9766462000552565,9.97080775006907
class,cicids2018_distrinet,mlp-s42,cpgd_prim_support,C-PGD-PrimSupport,untargeted,native,Recon,42,800,218,0,0,0.2725,0.0,27.250000000000004,0.0,217,0,0.27125,0.0,40.0,592.5160784959586,522.092026849639,0.1995442364486095,17.32125,0,,,,7.943073499947786,9.928841874934733
class,cicids2018_distrinet,mlp-s42,cpgd_prim_support,C-PGD-PrimSupport,untargeted,native,Recon,2024,800,259,0,0,0.32375,0.0,32.375,0.0,258,0,0.3225,0.0,40.0,557.6302706812565,492.82796199940253,0.17494854492070588,17.10875,0,,,,8.149842400103807,10.18730300012976
class,cicids2018_distrinet,mlp-s42,cpgd_prim_support,C-PGD-PrimSupport,untargeted,native,Recon,2026,800,238,0,0,0.2975,0.0,29.75,0.0,237,0,0.29625,0.0,40.0,615.8789848524792,533.4714759284982,0.19967842414608752,17.2275,0,,,,8.1113861000631,10.139232625078876
class,cicids2018_distrinet,mlp-s42,cpgd_prim_support,C-PGD-PrimSupport,untargeted,native,BruteForce,42,800,249,0,0,0.31125,0.0,31.125000000000004,0.0,227,0,0.28375,0.0,40.0,549.125074359771,507.12746328853274,0.1929425399611825,22.095,0,,,,8.59751130011864,10.7468891251483
class,cicids2018_distrinet,mlp-s42,cpgd_prim_support,C-PGD-PrimSupport,untargeted,native,BruteForce,2024,800,254,0,0,0.3175,0.0,31.75,0.0,184,0,0.23,0.0,40.0,520.3217265965235,484.832254522278,0.16851028915841573,21.92,0,,,,8.251204800093547,10.314006000116933
class,cicids2018_distrinet,mlp-s42,cpgd_prim_support,C-PGD-PrimSupport,untargeted,native,BruteForce,2026,800,260,0,0,0.325,0.0,32.5,0.0,219,0,0.27375,0.0,40.0,658.423612587882,610.3080149527532,0.19315047623454812,21.95375,0,,,,8.283432300202549,10.354290375253186
class,cicids2018_distrinet,cnn-s42,cpgd_prim_support,C-PGD-PrimSupport,untargeted,native,DoS,42,800,163,0,0,0.20375,0.0,20.375,0.0,163,0,0.20375,0.0,40.0,546.0243347839936,503.2498384894789,0.19922571433579478,22.09125,0,,,,8.319193799979985,10.398992249974981
class,cicids2018_distrinet,cnn-s42,cpgd_prim_support,C-PGD-PrimSupport,untargeted,native,DoS,2024,800,158,0,0,0.1975,0.0,19.75,0.0,131,0,0.16375,0.0,40.0,623.3936115592463,586.3557049559288,0.1727112257929672,21.92,0,,,,8.335183899849653,10.418979874812067
class,cicids2018_distrinet,cnn-s42,cpgd_prim_support,C-PGD-PrimSupport,untargeted,native,DoS,2026,800,190,0,0,0.2375,0.0,23.75,0.0,183,0,0.22875,0.0,40.0,558.4315284765241,511.3308685528482,0.19618687817264974,21.9525,0,,,,8.450048399856314,10.562560499820393
class,cicids2018_distrinet,cnn-s42,cpgd_prim_support,C-PGD-PrimSupport,untargeted,native,DDoS,42,800,585,0,0,0.73125,0.0,73.125,0.0,455,0,0.56875,0.0,40.0,862.0493289258269,820.475906202623,0.19837002369865128,22.0675,0,,,,8.164436100050807,10.205545125063509
class,cicids2018_distrinet,cnn-s42,cpgd_prim_support,C-PGD-PrimSupport,untargeted,native,DDoS,2024,800,627,0,0,0.78375,0.0,78.375,0.0,527,0,0.65875,0.0,40.0,1113.226362637114,1075.3148647330775,0.17325880561961376,21.88,0,,,,8.13614369998686,10.170179624983575
class,cicids2018_distrinet,cnn-s42,cpgd_prim_support,C-PGD-PrimSupport,untargeted,native,DDoS,2026,800,638,0,0,0.7975,0.0,79.75,0.0,518,0,0.6475,0.0,40.0,766.0887712298191,717.3969976173764,0.19530886015830834,21.9075,0,,,,8.324888600036502,10.406110750045627
class,cicids2018_distrinet,cnn-s42,cpgd_prim_support,C-PGD-PrimSupport,untargeted,native,Recon,42,800,142,0,0,0.1775,0.0,17.75,0.0,142,0,0.1775,0.0,40.0,717.2916445961963,610.9409701343062,0.22694559712170082,17.71,0,,,,8.050102600129321,10.062628250161652
class,cicids2018_distrinet,cnn-s42,cpgd_prim_support,C-PGD-PrimSupport,untargeted,native,Recon,2024,800,136,0,0,0.17,0.0,17.0,0.0,136,0,0.17,0.0,40.0,709.337999688121,594.1182801890478,0.21044935722226502,17.465,0,,,,8.07246629986912,10.0905828748364
class,cicids2018_distrinet,cnn-s42,cpgd_prim_support,C-PGD-PrimSupport,untargeted,native,Recon,2026,800,175,0,0,0.21875,0.0,21.875,0.0,174,0,0.2175,0.0,40.0,712.2823642291637,594.4068016306486,0.2251972354685408,17.49125,0,,,,8.176656699972227,10.220820874965284
class,cicids2018_distrinet,cnn-s42,cpgd_prim_support,C-PGD-PrimSupport,untargeted,native,BruteForce,42,800,641,0,0,0.80125,0.0,80.125,0.0,635,0,0.79375,0.0,40.0,531.2148731498072,489.4597397134151,0.19219916044801322,22.095,0,,,,9.388359100092202,11.735448875115253
class,cicids2018_distrinet,cnn-s42,cpgd_prim_support,C-PGD-PrimSupport,untargeted,native,BruteForce,2024,800,665,0,0,0.83125,0.0,83.125,0.0,647,0,0.80875,0.0,40.0,497.41878537456415,462.19676558710773,0.16742793066979225,21.92,0,,,,8.198641799855977,10.248302249819972
class,cicids2018_distrinet,cnn-s42,cpgd_prim_support,C-PGD-PrimSupport,untargeted,native,BruteForce,2026,800,732,0,0,0.915,0.0,91.5,0.0,715,0,0.89375,0.0,40.0,647.6407038299265,604.586774756404,0.19212356889230806,21.95375,0,,,,8.322977700037882,10.403722125047352
class,cicids2018_distrinet,ft_transformer-s42,cpgd_prim_support,C-PGD-PrimSupport,untargeted,native,DoS,42,800,1,0,0,0.00125,0.0,0.125,0.0,1,0,0.00125,0.0,40.0,520.2868290908866,478.9967988043859,0.19311348302302034,22.095,0,,,,24.9423222001642,31.17790275020525
class,cicids2018_distrinet,ft_transformer-s42,cpgd_prim_support,C-PGD-PrimSupport,untargeted,native,DoS,2024,800,0,0,0,0.0,0.0,0.0,0.0,0,0,0.0,0.0,40.0,550.6085165696838,515.0752947438705,0.1685535668804209,21.92,0,,,,24.8102111001499,31.012763875187375
class,cicids2018_distrinet,ft_transformer-s42,cpgd_prim_support,C-PGD-PrimSupport,untargeted,native,DoS,2026,800,0,0,0,0.0,0.0,0.0,0.0,0,0,0.0,0.0,40.0,552.6663393180808,507.45785145756304,0.19236268366158243,21.95375,0,,,,23.70764230005443,29.63455287506804
class,cicids2018_distrinet,ft_transformer-s42,cpgd_prim_support,C-PGD-PrimSupport,untargeted,native,DDoS,42,800,2,0,0,0.0025,0.0,0.25,0.0,2,0,0.0025,0.0,40.0,859.1731994762232,817.5067580490119,0.19435021163325084,22.065,0,,,,25.43930870015174,31.799135875189677
class,cicids2018_distrinet,ft_transformer-s42,cpgd_prim_support,C-PGD-PrimSupport,untargeted,native,DDoS,2024,800,1,0,0,0.00125,0.0,0.125,0.0,1,0,0.00125,0.0,40.0,1106.4431784934973,1070.0579296318592,0.16864185296398812,21.88,0,,,,25.213115999940783,31.51639499992598
class,cicids2018_distrinet,ft_transformer-s42,cpgd_prim_support,C-PGD-PrimSupport,untargeted,native,DDoS,2026,800,2,0,0,0.0025,0.0,0.25,0.0,2,0,0.0025,0.0,40.0,760.7138917671624,711.9447138315729,0.19205988478035813,21.89375,0,,,,24.621451100101694,30.776813875127118
class,cicids2018_distrinet,ft_transformer-s42,cpgd_prim_support,C-PGD-PrimSupport,untargeted,native,Recon,42,800,12,0,0,0.015,0.0,1.5,0.0,12,0,0.015,0.0,40.0,860.2309268969466,708.0655395674605,0.2540173496798898,18.5925,0,,,,24.519467999925837,30.649334999907296
class,cicids2018_distrinet,ft_transformer-s42,cpgd_prim_support,C-PGD-PrimSupport,untargeted,native,Recon,2024,800,11,0,0,0.01375,0.0,1.375,0.0,11,0,0.01375,0.0,40.0,831.8465970805546,681.7024830725994,0.231995588570229,18.38375,0,,,,24.017673900118098,30.022092375147622
class,cicids2018_distrinet,ft_transformer-s42,cpgd_prim_support,C-PGD-PrimSupport,untargeted,native,Recon,2026,800,11,0,0,0.01375,0.0,1.375,0.0,11,0,0.01375,0.0,40.0,836.8983623642406,673.2698114263677,0.24927248853372772,18.3025,0,,,,24.039839499862865,30.04979937482858
class,cicids2018_distrinet,ft_transformer-s42,cpgd_prim_support,C-PGD-PrimSupport,untargeted,native,BruteForce,42,800,24,0,0,0.03,0.0,3.0,0.0,24,0,0.03,0.0,40.0,536.1169023850525,495.0444956703299,0.19231076774919542,22.095,0,,,,24.149096600012854,30.186370750016067
class,cicids2018_distrinet,ft_transformer-s42,cpgd_prim_support,C-PGD-PrimSupport,untargeted,native,BruteForce,2024,800,41,0,0,0.05125,0.0,5.125,0.0,41,0,0.05125,0.0,40.0,497.2218718775189,461.72078641498956,0.16776926430585745,21.92,0,,,,24.183913300046697,30.22989162505837
class,cicids2018_distrinet,ft_transformer-s42,cpgd_prim_support,C-PGD-PrimSupport,untargeted,native,BruteForce,2026,800,53,0,0,0.06625,0.0,6.625,0.0,53,0,0.06625,0.0,40.0,643.8847581314153,598.2074959156282,0.19205863211017554,21.95375,0,,,,24.335346200037748,30.419182750047185
class,cicids2017_distrinet,mlp,capgd_native,CAPGD (native),untargeted,native,DoS,42,800,752,28,28,0.94,0.035,90.49999999999999,0.035,741,18,0.92625,0.0225,24.835,95676.83632351446,95583.80434035722,2.4844743295470018,14.99625,1,,,,10.352620400022715,12.940775500028394
class,cicids2017_distrinet,mlp,capgd_native,CAPGD (native),untargeted,native,DoS,2024,800,749,35,39,0.93625,0.04375,89.25,0.04875,715,15,0.89375,0.01875,24.835,90154.91524222514,90014.43851996191,3.1745659276957268,15.03125,1,,,,10.96056029992178,13.700700374902226
class,cicids2017_distrinet,mlp,capgd_native,CAPGD (native),untargeted,native,DoS,2026,800,744,34,44,0.93,0.0425,88.75,0.055,713,17,0.89125,0.02125,24.835,85630.87851454606,85621.59540965792,2.4043093135344886,15.09125,1,,,,10.618895699968562,13.273619624960702
class,cicids2017_distrinet,mlp,capgd_native,CAPGD (native),untargeted,native,DDoS,42,800,800,257,257,1.0,0.32125,67.875,0.32125,147,7,0.18375,0.00875,24.235,15954.57400409208,15936.945865886079,0.4714893180238308,15.04125,1,,,,10.355032799998298,12.943790999997873
class,cicids2017_distrinet,mlp,capgd_native,CAPGD (native),untargeted,native,DDoS,2024,800,800,260,260,1.0,0.325,67.5,0.325,121,9,0.15125,0.01125,24.235,15649.150842204097,15557.558990545063,0.41052702150805515,15.01125,1,,,,10.391150899929926,12.988938624912407
class,cicids2017_distrinet,mlp,capgd_native,CAPGD (native),untargeted,native,DDoS,2026,800,800,210,210,1.0,0.2625,73.75,0.2625,114,6,0.1425,0.0075,24.235,13992.290201926795,13974.95765964171,0.3119809664339284,15.02375,1,,,,10.482075900072232,13.10259487509029
class,cicids2017_distrinet,mlp,capgd_native,CAPGD (native),untargeted,native,Recon,42,800,800,23,23,1.0,0.02875,97.125,0.02875,782,22,0.9775,0.0275,25.0,23453.654112780667,23121.669790666714,1.8516759710486879,10.9425,1,,,,10.740330199943855,13.42541274992982
class,cicids2017_distrinet,mlp,capgd_native,CAPGD (native),untargeted,native,Recon,2024,800,800,33,33,1.0,0.04125,95.875,0.04125,786,33,0.9825,0.04125,25.0,23506.921022651997,23364.099117264483,2.0739453675591046,11.0125,1,,,,10.45675710006617,13.070946375082713
class,cicids2017_distrinet,mlp,capgd_native,CAPGD (native),untargeted,native,Recon,2026,800,800,23,23,1.0,0.02875,97.125,0.02875,780,22,0.975,0.0275,25.0,23136.36132672088,23005.802141513614,1.434485267432093,10.86125,1,,,,10.384030499961227,12.980038124951534
class,cicids2017_distrinet,mlp,capgd_native,CAPGD (native),untargeted,native,BruteForce,42,800,678,1,3,0.8475,0.00125,84.625,0.00375,678,1,0.8475,0.00125,24.97,234753.66407200007,234536.8743683015,14.993736036595243,15.43625,1,,,,10.384465599898249,12.980581999872811
class,cicids2017_distrinet,mlp,capgd_native,CAPGD (native),untargeted,native,BruteForce,2024,800,707,2,2,0.88375,0.0025,88.12500000000001,0.0025,706,1,0.8825,0.00125,24.97,231035.29728481098,231000.3534389472,2.130148470378513,15.35375,1,,,,10.40656020003371,13.008200250042137
class,cicids2017_distrinet,mlp,capgd_native,CAPGD (native),untargeted,native,BruteForce,2026,800,656,9,20,0.82,0.01125,80.875,0.025,655,8,0.81875,0.01,24.97,217918.6907077948,217597.2269113846,1.850837533036153,15.39375,1,,,,11.587489999830723,14.484362499788404
class,cicids2017_distrinet,cnn,capgd_native,CAPGD (native),untargeted,native,DoS,42,800,773,158,159,0.96625,0.1975,76.875,0.19875,748,134,0.935,0.1675,23.995,107929.11224651984,107500.42455034205,6.741169331177798,14.99,1,,,,11.096909600077197,13.871137000096496
class,cicids2017_distrinet,cnn,capgd_native,CAPGD (native),untargeted,native,DoS,2024,800,772,146,148,0.965,0.1825,78.25,0.185,740,119,0.925,0.14875,23.995,91022.22923907303,90920.73621151019,2.425313179744599,15.03,1,,,,10.863184500019997,13.578980625024997
class,cicids2017_distrinet,cnn,capgd_native,CAPGD (native),untargeted,native,DoS,2026,800,749,135,137,0.93625,0.16875,76.75,0.17125,719,110,0.89875,0.1375,23.995,112507.35108662478,112180.76121335718,8.037769421044684,15.03875,1,,,,10.879455900052562,13.599319875065703
class,cicids2017_distrinet,cnn,capgd_native,CAPGD (native),untargeted,native,DDoS,42,800,794,282,284,0.9925,0.3525,64.00000000000001,0.355,459,100,0.57375,0.125,23.29,111154.0141834741,111076.43808255339,19.64593404567466,15.0925,1,,,,10.578220200026408,13.22277525003301
class,cicids2017_distrinet,cnn,capgd_native,CAPGD (native),untargeted,native,DDoS,2024,800,776,310,313,0.97,0.3875,58.25,0.39125,401,103,0.50125,0.12875,23.29,56634.356301789914,56628.040381147104,6.877262228253469,15.1175,1,,,,10.787734600016847,13.484668250021059
class,cicids2017_distrinet,cnn,capgd_native,CAPGD (native),untargeted,native,DDoS,2026,800,781,287,294,0.97625,0.35875,61.74999999999999,0.3675,393,90,0.49125,0.1125,23.29,57808.812284329215,57790.66867080091,6.495356297335054,15.0725,1,,,,10.656451599905267,13.320564499881584
class,cicids2017_distrinet,cnn,capgd_native,CAPGD (native),untargeted,native,Recon,42,800,758,84,84,0.9475,0.105,84.25,0.105,733,79,0.91625,0.09875,22.315,17539.775595386458,17454.9154471435,3.7557233503492453,12.09375,1,,,,10.44752879999578,13.059410999994725
class,cicids2017_distrinet,cnn,capgd_native,CAPGD (native),untargeted,native,Recon,2024,800,742,82,86,0.9275,0.1025,82.5,0.1075,722,78,0.9025,0.0975,22.315,13157.38567624271,13039.13690012576,3.492701602107807,12.02375,1,,,,10.640265899943188,13.300332374928985
class,cicids2017_distrinet,cnn,capgd_native,CAPGD (native),untargeted,native,Recon,2026,800,749,103,105,0.93625,0.12875,80.75,0.13125,728,98,0.91,0.1225,22.315,28515.884034887105,28362.01942652328,5.767595029477958,12.0875,1,,,,10.516743799904361,13.145929749880452
class,cicids2017_distrinet,cnn,capgd_native,CAPGD (native),untargeted,native,BruteForce,42,800,796,88,88,0.995,0.11,88.5,0.11,775,84,0.96875,0.105,24.475,90798.40427698121,90796.74049979902,0.28072987907981395,15.1475,1,,,,11.954550700029358,14.943188375036698
class,cicids2017_distrinet,cnn,capgd_native,CAPGD (native),untargeted,native,BruteForce,2024,800,783,77,77,0.97875,0.09625,88.25,0.09625,754,72,0.9425,0.09,24.475,95947.45501765507,95943.30122621384,0.27051634967208005,15.12125,1,,,,11.914234800031409,14.89279350003926
class,cicids2017_distrinet,cnn,capgd_native,CAPGD (native),untargeted,native,BruteForce,2026,800,767,95,95,0.95875,0.11875,84.0,0.11875,725,83,0.90625,0.10375,24.475,86994.65737817802,86989.86770943958,0.3020085194685496,15.15,1,,,,11.149921800009906,13.937402250012383
class,cicids2017_distrinet,ft_transformer,capgd_native,CAPGD (native),untargeted,native,DoS,42,800,281,92,92,0.35125,0.115,23.625,0.115,7,2,0.00875,0.0025,24.895,487603.65508636256,483935.9630705941,120.48159335410213,15.35375,1,,,,12.439260700019076,15.549075875023846
class,cicids2017_distrinet,ft_transformer,capgd_native,CAPGD (native),untargeted,native,DoS,2024,800,365,153,169,0.45625,0.19125,26.5,0.21125,7,3,0.00875,0.00375,24.895,483458.98996219924,480485.28520180134,121.43350677467755,15.3925,1,,,,12.496547299902886,15.620684124878608
class,cicids2017_distrinet,ft_transformer,capgd_native,CAPGD (native),untargeted,native,DoS,2026,800,282,136,154,0.3525,0.17,18.249999999999996,0.1925,7,2,0.00875,0.0025,24.895,290248.281414138,287930.4887153262,66.83652614309239,15.425,1,,,,12.434742599958554,15.543428249948192
class,cicids2017_distrinet,ft_transformer,capgd_native,CAPGD (native),untargeted,native,DDoS,42,800,427,7,17,0.53375,0.00875,52.49999999999999,0.02125,422,7,0.5275,0.00875,25.0,251762.9145740231,250483.40946775666,38.38402546218546,15.295,1,,,,12.43918600003235,15.548982500040438
class,cicids2017_distrinet,ft_transformer,capgd_native,CAPGD (native),untargeted,native,DDoS,2024,800,457,10,31,0.57125,0.0125,55.87500000000001,0.03875,451,10,0.56375,0.0125,25.0,225373.87775141283,224600.51557359882,31.896554406947565,15.3275,1,,,,12.445694900117815,15.557118625147268
class,cicids2017_distrinet,ft_transformer,capgd_native,CAPGD (native),untargeted,native,DDoS,2026,800,417,19,59,0.52125,0.02375,49.75,0.07375,414,19,0.5175,0.02375,25.0,196330.8112427531,195780.22411314558,20.978768006561914,15.34125,1,,,,12.442931899800897,15.55366487475112
class,cicids2017_distrinet,ft_transformer,capgd_native,CAPGD (native),untargeted,native,Recon,42,800,793,45,45,0.99125,0.05625,93.5,0.05625,790,45,0.9875,0.05625,24.76,158444.07571105103,157687.10147019394,14.067935932270709,12.60375,1,,,,12.653915300033987,15.817394125042483
class,cicids2017_distrinet,ft_transformer,capgd_native,CAPGD (native),untargeted,native,Recon,2024,800,793,23,23,0.99125,0.02875,96.24999999999999,0.02875,791,23,0.98875,0.02875,24.76,175700.05288934716,174763.30991831544,20.189528327316204,12.63125,1,,,,12.778116200119257,15.972645250149071
class,cicids2017_distrinet,ft_transformer,capgd_native,CAPGD (native),untargeted,native,Recon,2026,800,788,58,59,0.985,0.0725,91.25,0.07375,786,58,0.9825,0.0725,24.76,158749.87328599166,157697.9331215835,14.632909354328923,12.5075,1,,,,12.543797200080007,15.67974650010001
class,cicids2017_distrinet,ft_transformer,capgd_native,CAPGD (native),untargeted,native,BruteForce,42,800,81,2,14,0.10125,0.0025,9.875,0.0175,79,0,0.09875,0.0,24.985,210887.039358389,210317.5781752768,42.49203086768729,15.45875,1,,,,12.581615400034934,15.727019250043668
class,cicids2017_distrinet,ft_transformer,capgd_native,CAPGD (native),untargeted,native,BruteForce,2024,800,127,2,51,0.15875,0.0025,15.625,0.06375,125,1,0.15625,0.00125,24.985,88789.40934011621,88345.75950629904,5.177292101510368,15.51625,1,,,,12.57288399990648,15.7161049998831
class,cicids2017_distrinet,ft_transformer,capgd_native,CAPGD (native),untargeted,native,BruteForce,2026,800,48,1,61,0.06,0.00125,5.875,0.07625,46,0,0.0575,0.0,24.985,101744.5513076582,101161.22616432815,10.017792780840088,15.5325,1,,,,12.813295899890363,16.016619874862954
class,cicids2018_distrinet,mlp-s42,capgd_native,CAPGD (native),untargeted,native,DoS,42,800,718,508,508,0.8975,0.635,26.249999999999996,0.635,718,508,0.8975,0.635,20.41,888120.2186674419,887836.9739471204,1104.4815433961426,15.0525,1,,,,12.240328900050372,15.300411125062965
class,cicids2018_distrinet,mlp-s42,capgd_native,CAPGD (native),untargeted,native,DoS,2024,800,697,521,527,0.87125,0.65125,21.999999999999996,0.65875,697,521,0.87125,0.65125,20.41,1072718.7235059508,1072412.142903206,1333.7427688366606,15.1,1,,,,12.524826900102198,15.656033625127748
class,cicids2018_distrinet,mlp-s42,capgd_native,CAPGD (native),untargeted,native,DoS,2026,800,714,508,510,0.8925,0.635,25.749999999999996,0.6375,714,508,0.8925,0.635,20.41,386910.60221666587,386602.7027596451,480.9625102428639,15.08,1,,,,12.477894299896434,15.597367874870542
class,cicids2018_distrinet,mlp-s42,capgd_native,CAPGD (native),untargeted,native,DDoS,42,800,747,237,237,0.93375,0.29625,63.74999999999999,0.29625,605,234,0.75625,0.2925,23.425,1560993.7083275772,1560594.7375086027,1935.440178168737,15.1825,1,,,,10.549430399900302,13.186787999875378
class,cicids2018_distrinet,mlp-s42,capgd_native,CAPGD (native),untargeted,native,DDoS,2024,800,725,209,210,0.90625,0.26125,64.5,0.2625,546,205,0.6825,0.25625,23.425,1600524.3594595653,1600158.9927365335,1981.981905630407,15.19,1,,,,10.657644300023094,13.322055375028867
class,cicids2018_distrinet,mlp-s42,capgd_native,CAPGD (native),untargeted,native,DDoS,2026,800,753,242,255,0.94125,0.3025,63.87500000000001,0.31875,605,234,0.75625,0.2925,23.425,883602.2249809046,883220.1802164167,1090.8687537905164,15.15375,1,,,,10.539722900139168,13.17465362517396
class,cicids2018_distrinet,mlp-s42,capgd_native,CAPGD (native),untargeted,native,Recon,42,800,767,138,139,0.95875,0.1725,78.625,0.17375,767,138,0.95875,0.1725,24.445,755917.0293542024,755671.1313248142,928.309221841934,8.34625,1,,,,10.416969200130552,13.02121150016319
class,cicids2018_distrinet,mlp-s42,capgd_native,CAPGD (native),untargeted,native,Recon,2024,800,765,139,141,0.95625,0.17375,78.25000000000001,0.17625,765,139,0.95625,0.17375,24.445,818773.1574907372,818464.5991674636,1007.0136461269551,8.46,1,,,,10.37077369983308,12.96346712479135
class,cicids2018_distrinet,mlp-s42,capgd_native,CAPGD (native),untargeted,native,Recon,2026,800,775,143,145,0.96875,0.17875,79.0,0.18125,775,143,0.96875,0.17875,24.445,476148.98830428143,475982.0733540457,578.6124841277325,8.56,1,,,,10.512713999953121,13.140892499941401
class,cicids2018_distrinet,mlp-s42,capgd_native,CAPGD (native),untargeted,native,BruteForce,42,800,360,18,30,0.45,0.0225,42.75,0.0375,233,18,0.29125,0.0225,25.0,2963801.9919017125,2956612.78287276,3671.349565796091,15.46125,1,,,,10.299782899906859,12.874728624883574
class,cicids2018_distrinet,mlp-s42,capgd_native,CAPGD (native),untargeted,native,BruteForce,2024,800,362,9,35,0.4525,0.01125,44.125,0.04375,217,9,0.27125,0.01125,25.0,3762144.1885966216,3754595.3560543894,4662.252242839358,15.5375,1,,,,10.25906280009076,12.82382850011345
class,cicids2018_distrinet,mlp-s42,capgd_native,CAPGD (native),untargeted,native,BruteForce,2026,800,337,56,105,0.42125,0.07,35.125,0.13125,210,56,0.2625,0.07,25.0,1904491.361423662,1897037.7075211578,2351.952987436434,15.525,1,,,,10.292890599928796,12.866113249910995
class,cicids2018_distrinet,cnn-s42,capgd_native,CAPGD (native),untargeted,native,DoS,42,800,297,21,21,0.37125,0.02625,34.5,0.02625,61,20,0.07625,0.025,24.805,1782196.2783344814,1780932.3402894472,2213.122023387363,15.3425,1,,,,12.181051300140098,15.226314125175122
class,cicids2018_distrinet,cnn-s42,capgd_native,CAPGD (native),untargeted,native,DoS,2024,800,263,23,40,0.32875,0.02875,30.0,0.05,39,23,0.04875,0.02875,24.805,1887317.3334764277,1886004.51575674,2342.5517989236705,15.455,1,,,,12.367449900135398,15.459312375169247
class,cicids2018_distrinet,cnn-s42,capgd_native,CAPGD (native),untargeted,native,DoS,2026,800,274,23,67,0.3425,0.02875,31.375000000000004,0.08375,46,23,0.0575,0.02875,24.805,900819.415645786,899619.0315377585,1115.4489748868662,15.4475,1,,,,12.395191599847749,15.493989499809686
class,cicids2018_distrinet,cnn-s42,capgd_native,CAPGD (native),untargeted,native,DDoS,42,800,605,118,133,0.75625,0.1475,60.875,0.16625,88,16,0.11,0.02,24.415,737998.5307021661,737365.137567603,911.8120856525261,15.17375,1,,,,10.924914800096303,13.656143500120379
class,cicids2018_distrinet,cnn-s42,capgd_native,CAPGD (native),untargeted,native,DDoS,2024,800,612,102,118,0.765,0.1275,63.74999999999999,0.1475,114,26,0.1425,0.0325,24.415,811463.8959120986,810811.4160992163,1002.0523134696136,15.2225,1,,,,10.823431999888271,13.529289999860339
class,cicids2018_distrinet,cnn-s42,capgd_native,CAPGD (native),untargeted,native,DDoS,2026,800,627,126,146,0.78375,0.1575,62.625,0.1825,112,21,0.14,0.02625,24.415,329359.426051342,328531.5818631381,403.378020880959,15.17875,1,,,,10.748577899998054,13.435722374997567
class,cicids2018_distrinet,cnn-s42,capgd_native,CAPGD (native),untargeted,native,Recon,42,800,476,105,105,0.595,0.13125,46.375,0.13125,457,104,0.57125,0.13,24.925,1768471.6359821633,1767864.0880321853,2197.521205429316,10.96375,1,,,,10.86378310015425,13.579728875192814
class,cicids2018_distrinet,cnn-s42,capgd_native,CAPGD (native),untargeted,native,Recon,2024,800,444,79,99,0.555,0.09875,45.62500000000001,0.12375,421,79,0.52625,0.09875,24.925,2161015.37408959,2160237.444572948,2686.096586628384,10.81875,1,,,,11.0623521998059,13.827940249757376
class,cicids2018_distrinet,cnn-s42,capgd_native,CAPGD (native),untargeted,native,Recon,2026,800,501,114,138,0.62625,0.1425,48.375,0.1725,481,109,0.60125,0.13625,24.925,1039617.4072366266,1038139.6260136216,1298.8514320403708,10.84625,1,,,,10.970781199866906,13.713476499833632
class,cicids2018_distrinet,cnn-s42,capgd_native,CAPGD (native),untargeted,native,BruteForce,42,800,755,241,249,0.94375,0.30125,64.25,0.31125,535,237,0.66875,0.29625,23.815,1527353.7851475752,1521924.072215522,1887.663648331138,15.26625,1,,,,10.56392449978739,13.204905624734238
class,cicids2018_distrinet,cnn-s42,capgd_native,CAPGD (native),untargeted,native,BruteForce,2024,800,763,238,238,0.95375,0.2975,65.625,0.2975,501,238,0.62625,0.2975,23.815,1912844.296279604,1909215.6495868182,2367.0538705409276,15.3425,1,,,,11.512044500093907,14.390055625117384
class,cicids2018_distrinet,cnn-s42,capgd_native,CAPGD (native),untargeted,native,BruteForce,2026,800,761,375,380,0.95125,0.46875,48.25000000000001,0.475,600,370,0.75,0.4625,23.815,1126188.9862683269,1121058.474866113,1390.5575669837306,15.27375,1,,,,12.1866843001917,15.233355375239626
class,cicids2018_distrinet,ft_transformer-s42,capgd_native,CAPGD (native),untargeted,native,DoS,42,800,0,0,0,0.0,0.0,0.0,0.0,0,0,0.0,0.0,25.0,2434898.1355239116,2433408.70388278,3021.4911852557475,15.46875,1,,,,20.198373400140554,25.247966750175692
class,cicids2018_distrinet,ft_transformer-s42,capgd_native,CAPGD (native),untargeted,native,DoS,2024,800,0,0,30,0.0,0.0,0.0,0.0375,0,0,0.0,0.0,25.0,2894345.8998217867,2892910.9480837854,3591.467622840089,15.54875,1,,,,20.220994000090286,25.276242500112858
class,cicids2018_distrinet,ft_transformer-s42,capgd_native,CAPGD (native),untargeted,native,DoS,2026,800,1,0,75,0.00125,0.0,0.125,0.09375,1,0,0.00125,0.0,25.0,1361414.2153403363,1360075.421120818,1684.5951122595247,15.53375,1,,,,20.228873500134796,25.286091875168495
class,cicids2018_distrinet,ft_transformer-s42,capgd_native,CAPGD (native),untargeted,native,DDoS,42,800,1,1,19,0.00125,0.00125,0.0,0.02375,1,1,0.00125,0.00125,24.985,1993323.3741425073,1992084.3281629188,2472.9448782210134,15.4675,1,,,,20.06195529992692,25.077444124908652
class,cicids2018_distrinet,ft_transformer-s42,capgd_native,CAPGD (native),untargeted,native,DDoS,2024,800,1,1,51,0.00125,0.00125,0.0,0.06375,1,1,0.00125,0.00125,24.985,2419267.502742786,2418093.080655047,3001.4685361671213,15.545,1,,,,20.212223400129005,25.265279250161257
class,cicids2018_distrinet,ft_transformer-s42,capgd_native,CAPGD (native),untargeted,native,DDoS,2026,800,1,1,92,0.00125,0.00125,0.0,0.115,1,1,0.00125,0.00125,24.985,1117560.2011012086,1116417.2289080024,1381.9168103821864,15.53125,1,,,,21.277119300095364,26.596399125119206
class,cicids2018_distrinet,ft_transformer-s42,capgd_native,CAPGD (native),untargeted,native,Recon,42,800,17,5,5,0.02125,0.00625,1.5000000000000002,0.00625,17,5,0.02125,0.00625,24.955,2249714.0362053555,2248665.929302488,2798.460252147006,10.8,1,,,,21.724429399939254,27.155536749924067
class,cicids2018_distrinet,ft_transformer-s42,capgd_native,CAPGD (native),untargeted,native,Recon,2024,800,12,4,53,0.015,0.005,0.9999999999999999,0.06625,12,4,0.015,0.005,24.955,2705893.7980776266,2705097.3058885084,3361.578425274488,10.48,1,,,,21.879012000048533,27.348765000060666
class,cicids2018_distrinet,ft_transformer-s42,capgd_native,CAPGD (native),untargeted,native,Recon,2026,800,13,6,48,0.01625,0.0075,0.8750000000000001,0.06,13,6,0.01625,0.0075,24.955,1293459.045887195,1292376.1257275434,1609.0075471866937,10.68,1,,,,21.55870860000141,26.948385750001762
class,cicids2018_distrinet,ft_transformer-s42,capgd_native,CAPGD (native),untargeted,native,BruteForce,42,800,192,1,13,0.24,0.00125,23.875,0.01625,188,1,0.235,0.00125,25.0,2601008.7362491516,2594687.9928855663,3221.0686695008044,15.46875,1,,,,21.66363799991086,27.079547499888577
class,cicids2018_distrinet,ft_transformer-s42,capgd_native,CAPGD (native),untargeted,native,BruteForce,2024,800,171,0,26,0.21375,0.0,21.375,0.0325,170,0,0.2125,0.0,25.0,3730562.1477891826,3723624.675320692,4623.6678586524185,15.54875,1,,,,21.75511380005628,27.19389225007035
class,cicids2018_distrinet,ft_transformer-s42,capgd_native,CAPGD (native),untargeted,native,BruteForce,2026,800,163,24,75,0.20375,0.03,17.375,0.09375,163,24,0.20375,0.03,25.0,1703055.6968057945,1696916.0880464327,2101.716535230216,15.53375,1,,,,21.510686099994928,26.88835762499366
class,cicids2017_distrinet,mlp,prim_pgd_unbounded_untargeted,"PrimAttack (Prim-PGD, unbounded)",untargeted,unbounded,DoS,42,800,500,500,800,0.625,0.625,0.0,1.0,500,500,0.625,0.625,248.59,27727.100363177917,27727.083471941358,0.16912347517686688,11.53375,0,0.25,0.0,5710282.0,5.856347100110725,7.320433875138406
class,cicids2017_distrinet,mlp,prim_pgd_unbounded_untargeted,"PrimAttack (Prim-PGD, unbounded)",untargeted,unbounded,DoS,2024,800,500,500,800,0.625,0.625,0.0,1.0,500,500,0.625,0.625,248.59,27743.974012174247,27743.95719476744,0.1681543150688887,11.52,0,0.2500000298023224,0.0,5837762.5,5.905397799797356,7.381747249746695
class,cicids2017_distrinet,mlp,prim_pgd_unbounded_untargeted,"PrimAttack (Prim-PGD, unbounded)",untargeted,unbounded,DoS,2026,800,500,500,800,0.625,0.625,0.0,1.0,500,500,0.625,0.625,248.59,27783.873609649898,27783.856243680486,0.16822262520930434,11.52625,0,0.2500000149011612,0.0,5697993.5,5.960419999901205,7.450524999876507
class,cicids2017_distrinet,mlp,prim_pgd_unbounded_untargeted,"PrimAttack (Prim-PGD, unbounded)",untargeted,unbounded,DDoS,42,800,212,212,800,0.265,0.265,0.0,1.0,212,212,0.265,0.265,242.92,14020.022690722968,14020.022472826087,0.07034448764549038,10.7675,0,0.45279666781425476,0.0,4394003.5,5.806338200112805,7.257922750141006
class,cicids2017_distrinet,mlp,prim_pgd_unbounded_untargeted,"PrimAttack (Prim-PGD, unbounded)",untargeted,unbounded,DDoS,2024,800,212,212,800,0.265,0.265,0.0,1.0,212,212,0.265,0.265,242.92,14060.39768909405,14060.397472826087,0.07023875914756353,10.76375,0,0.4215829223394394,0.0,4266340.5,5.816968600032851,7.271210750041064
class,cicids2017_distrinet,mlp,prim_pgd_unbounded_untargeted,"PrimAttack (Prim-PGD, unbounded)",untargeted,unbounded,DDoS,2026,800,212,212,800,0.265,0.265,0.0,1.0,212,212,0.265,0.265,242.92,14041.403426715571,14041.403206521738,0.07065972349539004,10.77875,0,0.4647805243730545,0.0,4535024.0,5.89358859998174,7.366985749977175
class,cicids2017_distrinet,mlp,prim_pgd_unbounded_untargeted,"PrimAttack (Prim-PGD, unbounded)",untargeted,unbounded,Recon,42,800,9,9,800,0.01125,0.01125,0.0,1.0,6,6,0.0075,0.0075,3.835,350.93621924860213,350.92566006707233,0.0009529987373290494,0.125,0,0.05000000447034836,0.0,3249963.0,5.028196400031447,6.285245500039309
class,cicids2017_distrinet,mlp,prim_pgd_unbounded_untargeted,"PrimAttack (Prim-PGD, unbounded)",untargeted,unbounded,Recon,2024,800,9,9,800,0.01125,0.01125,0.0,1.0,6,6,0.0075,0.0075,3.835,381.6340932961742,381.6135054347826,0.0014168221421935912,0.125,0,0.05000000447034836,0.0,3249967.0,5.017979199998081,6.272473999997601
class,cicids2017_distrinet,mlp,prim_pgd_unbounded_untargeted,"PrimAttack (Prim-PGD, unbounded)",untargeted,unbounded,Recon,2026,800,9,9,800,0.01125,0.01125,0.0,1.0,6,6,0.0075,0.0075,3.835,351.6675963454279,351.6470108695653,0.0010444184596267822,0.125,0,0.05000000447034836,0.0,3249967.0,4.967513100011274,6.209391375014093
class,cicids2017_distrinet,mlp,prim_pgd_unbounded_untargeted,"PrimAttack (Prim-PGD, unbounded)",untargeted,unbounded,BruteForce,42,800,14,14,800,0.0175,0.0175,0.0,1.0,14,14,0.0175,0.0175,253.0,66913.41004605725,66913.40820652174,0.5502143680752873,11.325,0,0.05000000260770321,0.0,5296633.0,6.037389600183815,7.5467370002297685
class,cicids2017_distrinet,mlp,prim_pgd_unbounded_untargeted,"PrimAttack (Prim-PGD, unbounded)",untargeted,unbounded,BruteForce,2024,800,14,14,800,0.0175,0.0175,0.0,1.0,14,14,0.0175,0.0175,253.0,65204.829867550194,65204.82807065218,0.5366106627693106,11.3125,0,0.05000000074505806,0.0,3977961.5,5.99014290003106,7.487678625038825
class,cicids2017_distrinet,mlp,prim_pgd_unbounded_untargeted,"PrimAttack (Prim-PGD, unbounded)",untargeted,unbounded,BruteForce,2026,800,14,14,800,0.0175,0.0175,0.0,1.0,14,14,0.0175,0.0175,253.0,68722.52170353991,68722.5198097826,0.5660598602208944,11.3325,0,0.05000000074505806,0.0,4347467.0,5.985387299908325,7.481734124885406
class,cicids2017_distrinet,cnn,prim_pgd_unbounded_untargeted,"PrimAttack (Prim-PGD, unbounded)",untargeted,unbounded,DoS,42,800,733,733,800,0.91625,0.91625,0.0,1.0,733,733,0.91625,0.91625,248.905,9632.5929617559,9632.519278943377,0.08856150102456875,11.70875,0,0.19999997317790985,0.0,3838499.0,5.9266817001625896,7.408352125203237
class,cicids2017_distrinet,cnn,prim_pgd_unbounded_untargeted,"PrimAttack (Prim-PGD, unbounded)",untargeted,unbounded,DoS,2024,800,733,733,800,0.91625,0.91625,0.0,1.0,733,733,0.91625,0.91625,248.905,9775.128454502403,9775.056751769465,0.08736653230172273,11.7025,0,0.19999998807907104,0.0,4128662.0,5.961462800158188,7.451828500197735
class,cicids2017_distrinet,cnn,prim_pgd_unbounded_untargeted,"PrimAttack (Prim-PGD, unbounded)",untargeted,unbounded,DoS,2026,800,733,733,800,0.91625,0.91625,0.0,1.0,733,733,0.91625,0.91625,248.905,9190.171460648453,9190.098568629928,0.08837144238305768,11.71,0,0.18101927638053894,0.0,3885071.0,5.928126699989662,7.410158374987077
class,cicids2017_distrinet,cnn,prim_pgd_unbounded_untargeted,"PrimAttack (Prim-PGD, unbounded)",untargeted,unbounded,DDoS,42,800,377,377,800,0.47125,0.47125,0.0,1.0,363,363,0.45375,0.45375,242.92,12235.166383756025,12235.166141304348,0.0639937278428045,10.9175,0,0.5088892579078674,0.0,3366913.0,5.953264500014484,7.441580625018105
class,cicids2017_distrinet,cnn,prim_pgd_unbounded_untargeted,"PrimAttack (Prim-PGD, unbounded)",untargeted,unbounded,DDoS,2024,800,377,377,800,0.47125,0.47125,0.0,1.0,364,364,0.455,0.455,242.92,12182.344496481544,12182.344239130434,0.06489402513153956,10.91,0,0.5372340679168701,0.0,3613031.0,5.911203100113198,7.389003875141498
class,cicids2017_distrinet,cnn,prim_pgd_unbounded_untargeted,"PrimAttack (Prim-PGD, unbounded)",untargeted,unbounded,DDoS,2026,800,377,377,800,0.47125,0.47125,0.0,1.0,362,362,0.4525,0.4525,242.92,12205.305528032286,12205.305298913045,0.06441695090626093,10.9125,0,0.5278920531272888,0.0,3402645.0,5.923752999864519,7.404691249830648
class,cicids2017_distrinet,cnn,prim_pgd_unbounded_untargeted,"PrimAttack (Prim-PGD, unbounded)",untargeted,unbounded,Recon,42,800,8,8,800,0.01,0.01,0.0,1.0,8,8,0.01,0.01,3.52,246.51267269060892,246.51125,0.00044094367743187905,0.1075,0,0.03256124444305897,0.0,2674162.5,5.026501700049266,6.283127125061583
class,cicids2017_distrinet,cnn,prim_pgd_unbounded_untargeted,"PrimAttack (Prim-PGD, unbounded)",untargeted,unbounded,Recon,2024,800,8,8,800,0.01,0.01,0.0,1.0,8,8,0.01,0.01,3.52,278.4265619580863,278.4246195652174,0.0004367323422155494,0.105,0,0.03562539629638195,0.0,2583289.5,5.0456618999596685,6.307077374949586
class,cicids2017_distrinet,cnn,prim_pgd_unbounded_untargeted,"PrimAttack (Prim-PGD, unbounded)",untargeted,unbounded,Recon,2026,800,8,8,800,0.01,0.01,0.0,1.0,8,8,0.01,0.01,3.52,235.15097544865122,235.14842391304347,0.00040226500059430196,0.105,0,0.027170672081410885,0.0,2115486.0,5.015654300106689,6.269567875133362
class,cicids2017_distrinet,cnn,prim_pgd_unbounded_untargeted,"PrimAttack (Prim-PGD, unbounded)",untargeted,unbounded,BruteForce,42,800,800,800,800,1.0,1.0,0.0,1.0,800,800,1.0,1.0,253.0,64097.170360316246,64097.16614130435,0.7973565945710089,11.87125,0,0.5346798002719879,0.0,57435866.0,5.835701399948448,7.29462674993556
class,cicids2017_distrinet,cnn,prim_pgd_unbounded_untargeted,"PrimAttack (Prim-PGD, unbounded)",untargeted,unbounded,BruteForce,2024,800,800,800,800,1.0,1.0,0.0,1.0,800,800,1.0,1.0,253.0,64395.030160118564,64395.026114130436,0.7857429194601723,11.86875,0,0.5149228274822235,0.0,55483468.0,5.8514564000070095,7.314320500008762
class,cicids2017_distrinet,cnn,prim_pgd_unbounded_untargeted,"PrimAttack (Prim-PGD, unbounded)",untargeted,unbounded,BruteForce,2026,800,800,800,800,1.0,1.0,0.0,1.0,800,800,1.0,1.0,253.0,64199.04160259657,64199.03741847826,0.802994387900346,11.88,0,0.5250586271286011,0.0,56529780.0,5.814576199976727,7.268220249970909
class,cicids2017_distrinet,ft_transformer,prim_pgd_unbounded_untargeted,"PrimAttack (Prim-PGD, unbounded)",untargeted,unbounded,DoS,42,800,1,1,800,0.00125,0.00125,0.0,1.0,1,1,0.00125,0.00125,248.905,24385.207891336457,24385.17422330985,0.16515879335497555,11.2775,0,0.15000371634960175,0.0,20198.0,15.449570400174707,19.311963000218384
class,cicids2017_distrinet,ft_transformer,prim_pgd_unbounded_untargeted,"PrimAttack (Prim-PGD, unbounded)",untargeted,unbounded,DoS,2024,800,1,1,800,0.00125,0.00125,0.0,1.0,1,1,0.00125,0.00125,248.905,24722.108999067863,24722.06796486261,0.1675258993983902,11.2875,0,0.14877831935882568,0.0,20033.0,15.51707570021972,19.39634462527465
class,cicids2017_distrinet,ft_transformer,prim_pgd_unbounded_untargeted,"PrimAttack (Prim-PGD, unbounded)",untargeted,unbounded,DoS,2026,800,1,1,800,0.00125,0.00125,0.0,1.0,1,1,0.00125,0.00125,248.905,24813.637612834424,24813.598936445793,0.16823502387054504,11.28875,0,0.15000371634960175,0.0,20198.0,13.508080699946731,16.885100874933414
class,cicids2017_distrinet,ft_transformer,prim_pgd_unbounded_untargeted,"PrimAttack (Prim-PGD, unbounded)",untargeted,unbounded,DDoS,42,800,0,0,800,0.0,0.0,0.0,1.0,0,0,0.0,0.0,242.92,8436.708730813654,8436.577616471395,0.056068785906614134,7.715,0,,,,12.69624280021526,15.870303500269074
class,cicids2017_distrinet,ft_transformer,prim_pgd_unbounded_untargeted,"PrimAttack (Prim-PGD, unbounded)",untargeted,unbounded,DDoS,2024,800,0,0,800,0.0,0.0,0.0,1.0,0,0,0.0,0.0,242.92,8599.209888224248,8599.054877151832,0.05764628879213535,7.6475,0,,,,13.091786500066519,16.36473312508315
class,cicids2017_distrinet,ft_transformer,prim_pgd_unbounded_untargeted,"PrimAttack (Prim-PGD, unbounded)",untargeted,unbounded,DDoS,2026,800,0,0,800,0.0,0.0,0.0,1.0,0,0,0.0,0.0,242.92,8328.9670210047,8328.830566832929,0.055361534886690274,7.56,0,,,,13.224601000081748,16.530751250102185
class,cicids2017_distrinet,ft_transformer,prim_pgd_unbounded_untargeted,"PrimAttack (Prim-PGD, unbounded)",untargeted,unbounded,Recon,42,800,6,6,800,0.0075,0.0075,0.0,1.0,6,6,0.0075,0.0075,3.835,905.6464663854488,905.6460054347828,0.0026368627167008755,0.12,0,0.04579021595418453,0.0,2565126.5,2.430677000200376,3.03834625025047
class,cicids2017_distrinet,ft_transformer,prim_pgd_unbounded_untargeted,"PrimAttack (Prim-PGD, unbounded)",untargeted,unbounded,Recon,2024,800,6,6,800,0.0075,0.0075,0.0,1.0,6,6,0.0075,0.0075,3.835,888.2904660648078,888.2897010869565,0.0026421201664023246,0.12125,0,0.049388300627470016,0.0,2744680.0,2.4146826998330653,3.0183533747913316
class,cicids2017_distrinet,ft_transformer,prim_pgd_unbounded_untargeted,"PrimAttack (Prim-PGD, unbounded)",untargeted,unbounded,Recon,2026,800,6,6,800,0.0075,0.0075,0.0,1.0,6,6,0.0075,0.0075,3.835,278.9388537312979,278.93804347826085,0.0006884360873183715,0.12125,0,0.04243656061589718,0.0,1904410.5,2.405502999899909,3.006878749874886
class,cicids2017_distrinet,ft_transformer,prim_pgd_unbounded_untargeted,"PrimAttack (Prim-PGD, unbounded)",untargeted,unbounded,BruteForce,42,800,12,12,800,0.015,0.015,0.0,1.0,12,12,0.015,0.015,253.0,125182.0857201717,125182.07763586957,1.5423404664322724,11.96375,0,0.04999999888241291,0.0,5533165.0,13.498218900058419,16.872773625073023
class,cicids2017_distrinet,ft_transformer,prim_pgd_unbounded_untargeted,"PrimAttack (Prim-PGD, unbounded)",untargeted,unbounded,BruteForce,2024,800,12,12,800,0.015,0.015,0.0,1.0,12,12,0.015,0.015,253.0,125402.63698565701,125402.62891304347,1.5425732231390603,11.9575,0,0.05000000447034836,0.0,5719719.5,13.591473399894312,16.98934174986789
class,cicids2017_distrinet,ft_transformer,prim_pgd_unbounded_untargeted,"PrimAttack (Prim-PGD, unbounded)",untargeted,unbounded,BruteForce,2026,800,12,12,800,0.015,0.015,0.0,1.0,12,12,0.015,0.015,253.0,125229.87137339357,125229.86328804347,1.5424932946213556,11.96125,0,0.05000000447034836,0.0,4108860.5,13.58674140018411,16.983426750230137
class,cicids2018_distrinet,mlp-s42,prim_pgd_unbounded_untargeted,"PrimAttack (Prim-PGD, unbounded)",untargeted,unbounded,DoS,42,800,0,0,800,0.0,0.0,0.0,1.0,0,0,0.0,0.0,235.045,57.703808548301616,56.95571453744969,0.0067896152069695,7.51,0,,,,2.4518049999605864,3.064756249950733
class,cicids2018_distrinet,mlp-s42,prim_pgd_unbounded_untargeted,"PrimAttack (Prim-PGD, unbounded)",untargeted,unbounded,DoS,2024,800,0,0,800,0.0,0.0,0.0,1.0,0,0,0.0,0.0,235.045,56.2866682704403,55.55389432617461,0.006666557389284139,7.3325,0,,,,2.4181196000427008,3.022649500053376
class,cicids2018_distrinet,mlp-s42,prim_pgd_unbounded_untargeted,"PrimAttack (Prim-PGD, unbounded)",untargeted,unbounded,DoS,2026,800,0,0,800,0.0,0.0,0.0,1.0,0,0,0.0,0.0,235.045,58.22094229394504,57.49142593473043,0.006800280386529475,7.52625,0,,,,2.4648393001407385,3.081049125175923
class,cicids2018_distrinet,mlp-s42,prim_pgd_unbounded_untargeted,"PrimAttack (Prim-PGD, unbounded)",untargeted,unbounded,DDoS,42,800,642,642,800,0.8025,0.8025,0.0,1.0,16,16,0.02,0.02,240.085,2199.4296517869852,2194.773352268801,0.08738074862229346,11.23125,0,0.09999998658895493,0.0,3751060.5,2.470739800017327,3.088424750021659
class,cicids2018_distrinet,mlp-s42,prim_pgd_unbounded_untargeted,"PrimAttack (Prim-PGD, unbounded)",untargeted,unbounded,DDoS,2024,800,642,642,800,0.8025,0.8025,0.0,1.0,16,16,0.02,0.02,240.085,2268.8706753890247,2264.2338789354676,0.0894280215464406,11.235,0,0.09999998658895493,0.0,3753047.0,2.417107400018722,3.0213842500234023
class,cicids2018_distrinet,mlp-s42,prim_pgd_unbounded_untargeted,"PrimAttack (Prim-PGD, unbounded)",untargeted,unbounded,DDoS,2026,800,643,643,800,0.80375,0.80375,0.0,1.0,17,17,0.02125,0.02125,240.085,2255.220296242936,2250.5564989354675,0.08931852462841511,11.23125,0,0.09999998658895493,0.0,3752318.0,2.4065781000535935,3.008222625066992
class,cicids2018_distrinet,mlp-s42,prim_pgd_unbounded_untargeted,"PrimAttack (Prim-PGD, unbounded)",untargeted,unbounded,Recon,42,800,51,51,799,0.06375,0.06375,0.0,0.99875,51,51,0.06375,0.06375,31.555,1025.3425959584386,1024.7269223465316,0.02858130618301906,1.0825,0,0.15000002086162567,0.0,6895264.0,2.239286000141874,2.7991075001773424
class,cicids2018_distrinet,mlp-s42,prim_pgd_unbounded_untargeted,"PrimAttack (Prim-PGD, unbounded)",untargeted,unbounded,Recon,2024,800,51,51,799,0.06375,0.06375,0.0,0.99875,51,51,0.06375,0.06375,31.555,1012.9242435235042,1012.330425679865,0.028452112751681007,1.0725,0,0.15000000596046448,0.0,6108374.0,2.2271813999395818,2.783976749924477
class,cicids2018_distrinet,mlp-s42,prim_pgd_unbounded_untargeted,"PrimAttack (Prim-PGD, unbounded)",untargeted,unbounded,Recon,2026,800,51,51,799,0.06375,0.06375,0.0,0.99875,51,51,0.06375,0.06375,31.555,1025.4159393284824,1024.8121590131984,0.02869378760793023,1.08375,0,0.14999999105930328,0.0,5970784.0,2.2297305001411587,2.7871631251764484
class,cicids2018_distrinet,mlp-s42,prim_pgd_unbounded_untargeted,"PrimAttack (Prim-PGD, unbounded)",untargeted,unbounded,BruteForce,42,800,725,725,800,0.90625,0.90625,0.0,1.0,725,725,0.90625,0.90625,253.0,980.8573642927107,858.8597418283003,1.145352275539996,12.0,0,0.6000000834465027,0.0,70094696.0,2.604488000040874,3.2556100000510924
class,cicids2018_distrinet,mlp-s42,prim_pgd_unbounded_untargeted,"PrimAttack (Prim-PGD, unbounded)",untargeted,unbounded,BruteForce,2024,800,725,725,800,0.90625,0.90625,0.0,1.0,725,725,0.90625,0.90625,253.0,986.5561502602588,864.5778266961823,1.144976273359432,12.0,0,0.6000000834465027,0.0,70094216.0,2.6096973000094295,3.262121625011787
class,cicids2018_distrinet,mlp-s42,prim_pgd_unbounded_untargeted,"PrimAttack (Prim-PGD, unbounded)",untargeted,unbounded,BruteForce,2026,800,725,725,800,0.90625,0.90625,0.0,1.0,725,725,0.90625,0.90625,253.0,985.418842920662,863.2262723729017,1.1450042487884577,12.0,0,0.6000000834465027,0.0,70093960.0,2.5353703999426216,3.169212999928277
class,cicids2018_distrinet,cnn-s42,prim_pgd_unbounded_untargeted,"PrimAttack (Prim-PGD, unbounded)",untargeted,unbounded,DoS,42,800,0,0,800,0.0,0.0,0.0,1.0,0,0,0.0,0.0,234.73,63.9522932397683,61.61333650629334,0.011499345431795975,10.7525,0,,,,2.1725366001483053,2.7156707501853816
class,cicids2018_distrinet,cnn-s42,prim_pgd_unbounded_untargeted,"PrimAttack (Prim-PGD, unbounded)",untargeted,unbounded,DoS,2024,800,0,0,800,0.0,0.0,0.0,1.0,0,0,0.0,0.0,234.73,63.19030405442006,60.86820735425993,0.011386012701156236,10.66125,0,,,,2.19672690005973,2.7459086250746623
class,cicids2018_distrinet,cnn-s42,prim_pgd_unbounded_untargeted,"PrimAttack (Prim-PGD, unbounded)",untargeted,unbounded,DoS,2026,800,0,0,800,0.0,0.0,0.0,1.0,0,0,0.0,0.0,234.73,63.58806344060566,61.27580031637206,0.011472124018395605,10.73625,0,,,,2.1934077001642436,2.7417596252053045
class,cicids2018_distrinet,cnn-s42,prim_pgd_unbounded_untargeted,"PrimAttack (Prim-PGD, unbounded)",untargeted,unbounded,DDoS,42,800,8,8,800,0.01,0.01,0.0,1.0,2,2,0.0025,0.0025,240.085,19404.19936255835,19401.692815682523,0.43463818265414694,10.50875,0,0.04999999329447746,0.0,1881929.0,2.311337099876255,2.8891713748453185
class,cicids2018_distrinet,cnn-s42,prim_pgd_unbounded_untargeted,"PrimAttack (Prim-PGD, unbounded)",untargeted,unbounded,DDoS,2024,800,8,8,800,0.01,0.01,0.0,1.0,2,2,0.0025,0.0025,240.085,19300.839937911667,19298.47334,0.4317249098940888,10.49625,0,0.03605958353728056,0.0,1388789.0,2.235540100140497,2.7944251251756214
class,cicids2018_distrinet,cnn-s42,prim_pgd_unbounded_untargeted,"PrimAttack (Prim-PGD, unbounded)",untargeted,unbounded,DDoS,2026,800,8,8,800,0.01,0.01,0.0,1.0,2,2,0.0025,0.0025,240.085,19456.103490651607,19453.72165,0.4355809132249546,10.4975,0,0.04999999329447746,0.0,1881929.0,2.2456821999512613,2.8071027499390766
class,cicids2018_distrinet,cnn-s42,prim_pgd_unbounded_untargeted,"PrimAttack (Prim-PGD, unbounded)",untargeted,unbounded,Recon,42,800,33,33,797,0.04125,0.04125,0.0,0.99625,33,33,0.04125,0.04125,31.555,1744.9806685173355,1742.8834201454154,0.040284343805721115,1.30625,0,0.30000001192092896,0.0,16734046.0,2.200844299979508,2.751055374974385
class,cicids2018_distrinet,cnn-s42,prim_pgd_unbounded_untargeted,"PrimAttack (Prim-PGD, unbounded)",untargeted,unbounded,Recon,2024,800,33,33,797,0.04125,0.04125,0.0,0.99625,33,33,0.04125,0.04125,31.555,1670.894928723851,1668.8195959621119,0.03803798706354674,1.3075,0,0.30000001192092896,0.0,15729678.0,2.2288670998532325,2.7860838748165406
class,cicids2018_distrinet,cnn-s42,prim_pgd_unbounded_untargeted,"PrimAttack (Prim-PGD, unbounded)",untargeted,unbounded,Recon,2026,800,33,33,797,0.04125,0.04125,0.0,0.99625,33,33,0.04125,0.04125,31.555,1624.9991225497172,1622.8851993912053,0.038182791642384466,1.31,0,0.30000001192092896,0.0,16734046.0,2.2537669001612812,2.8172086252016015
class,cicids2018_distrinet,cnn-s42,prim_pgd_unbounded_untargeted,"PrimAttack (Prim-PGD, unbounded)",untargeted,unbounded,BruteForce,42,800,800,800,800,1.0,1.0,0.0,1.0,800,800,1.0,1.0,253.0,262.7993388340418,231.47842502643695,0.19391052698509476,11.995,0,0.10000000149011612,0.0,11684350.0,2.248961600009352,2.81120200001169
class,cicids2018_distrinet,cnn-s42,prim_pgd_unbounded_untargeted,"PrimAttack (Prim-PGD, unbounded)",untargeted,unbounded,BruteForce,2024,800,800,800,800,1.0,1.0,0.0,1.0,800,800,1.0,1.0,253.0,275.05030908045933,243.87553449729606,0.19473846190364583,11.99,0,0.10000000149011612,0.0,11684398.5,2.2801151999738067,2.8501439999672584
class,cicids2018_distrinet,cnn-s42,prim_pgd_unbounded_untargeted,"PrimAttack (Prim-PGD, unbounded)",untargeted,unbounded,BruteForce,2026,800,800,800,800,1.0,1.0,0.0,1.0,800,800,1.0,1.0,253.0,272.2101706186234,240.94954480818143,0.19463606969504454,11.9925,0,0.10000000149011612,0.0,11684451.5,2.256466999882832,2.82058374985354
class,cicids2018_distrinet,ft_transformer-s42,prim_pgd_unbounded_untargeted,"PrimAttack (Prim-PGD, unbounded)",untargeted,unbounded,DoS,42,800,0,0,800,0.0,0.0,0.0,1.0,0,0,0.0,0.0,235.045,65.77468460391611,63.311082696031775,0.011829463805294767,11.05125,0,,,,12.412012099986896,15.51501512498362
class,cicids2018_distrinet,ft_transformer-s42,prim_pgd_unbounded_untargeted,"PrimAttack (Prim-PGD, unbounded)",untargeted,unbounded,DoS,2024,800,0,0,800,0.0,0.0,0.0,1.0,0,0,0.0,0.0,235.045,65.78960172396457,63.317380012640925,0.01185827091476177,11.08,0,,,,12.346995099913329,15.433743874891661
class,cicids2018_distrinet,ft_transformer-s42,prim_pgd_unbounded_untargeted,"PrimAttack (Prim-PGD, unbounded)",untargeted,unbounded,DoS,2026,800,0,0,800,0.0,0.0,0.0,1.0,0,0,0.0,0.0,235.045,65.74305817075634,63.294835233637095,0.01178943776117972,11.00625,0,,,,12.704300599871203,15.880375749839004
class,cicids2018_distrinet,ft_transformer-s42,prim_pgd_unbounded_untargeted,"PrimAttack (Prim-PGD, unbounded)",untargeted,unbounded,DDoS,42,800,0,0,800,0.0,0.0,0.0,1.0,0,0,0.0,0.0,240.085,9197.677310014424,9191.909320283068,0.24524239916949778,9.53,0,,,,12.758408899884671,15.948011124855839
class,cicids2018_distrinet,ft_transformer-s42,prim_pgd_unbounded_untargeted,"PrimAttack (Prim-PGD, unbounded)",untargeted,unbounded,DDoS,2024,800,0,0,800,0.0,0.0,0.0,1.0,0,0,0.0,0.0,240.085,8765.48057166852,8759.710556946855,0.23542324331019568,9.50375,0,,,,13.023797799833119,16.2797472497914
class,cicids2018_distrinet,ft_transformer-s42,prim_pgd_unbounded_untargeted,"PrimAttack (Prim-PGD, unbounded)",untargeted,unbounded,DDoS,2026,800,0,0,800,0.0,0.0,0.0,1.0,0,0,0.0,0.0,240.085,9264.717543343277,9257.683411973407,0.24845566612303455,9.59625,0,,,,13.055809199810028,16.319761499762535
class,cicids2018_distrinet,ft_transformer-s42,prim_pgd_unbounded_untargeted,"PrimAttack (Prim-PGD, unbounded)",untargeted,unbounded,Recon,42,800,4,4,798,0.005,0.005,0.0,0.9975,4,4,0.005,0.005,31.555,2662.430920788516,2660.7446003288223,0.06175961797222047,1.1975,0,0.07499999739229679,0.0,3599891.5,2.87084240000695,3.5885530000086874
class,cicids2018_distrinet,ft_transformer-s42,prim_pgd_unbounded_untargeted,"PrimAttack (Prim-PGD, unbounded)",untargeted,unbounded,Recon,2024,800,4,4,798,0.005,0.005,0.0,0.9975,4,4,0.005,0.005,31.555,2663.1630250449484,2661.4640536621555,0.06179105177376466,1.19625,0,0.07499999739229679,0.0,3599891.5,2.849974500015378,3.5624681250192225
class,cicids2018_distrinet,ft_transformer-s42,prim_pgd_unbounded_untargeted,"PrimAttack (Prim-PGD, unbounded)",untargeted,unbounded,Recon,2026,800,4,4,798,0.005,0.005,0.0,0.9975,4,4,0.005,0.005,31.555,2664.8840210922267,2663.1859736621554,0.061792998607194435,1.1975,0,0.07499999739229679,0.0,3599891.5,2.8585164002142847,3.573145500267856
class,cicids2018_distrinet,ft_transformer-s42,prim_pgd_unbounded_untargeted,"PrimAttack (Prim-PGD, unbounded)",untargeted,unbounded,BruteForce,42,800,0,0,800,0.0,0.0,0.0,1.0,0,0,0.0,0.0,253.0,976.6064855751254,781.487013484526,1.7124074237820048,12.0,0,,,,13.327337499940768,16.65917187492596
class,cicids2018_distrinet,ft_transformer-s42,prim_pgd_unbounded_untargeted,"PrimAttack (Prim-PGD, unbounded)",untargeted,unbounded,BruteForce,2024,800,0,0,800,0.0,0.0,0.0,1.0,0,0,0.0,0.0,253.0,976.6064855751254,781.487013484526,1.7124074237820048,12.0,0,,,,13.232211699942127,16.54026462492766
class,cicids2018_distrinet,ft_transformer-s42,prim_pgd_unbounded_untargeted,"PrimAttack (Prim-PGD, unbounded)",untargeted,unbounded,BruteForce,2026,800,0,0,800,0.0,0.0,0.0,1.0,0,0,0.0,0.0,253.0,976.6064855751254,781.487013484526,1.7124074237820048,12.0,0,,,,13.564340200042352,16.95542525005294
class,cicids2017_distrinet,mlp,prim_pgd_p75_untargeted_timing-only,"PrimAttack timing-only (Prim-PGD, p75)",untargeted,p75,DoS,42,800,41,41,800,0.05125,0.05125,0.0,1.0,41,41,0.05125,0.05125,248.275,2033.7020544244529,2033.4376020935815,0.012335974969389589,10.8625,0,0.7500002980232239,0.0,307219.0,2.914926700061187,3.643658375076484
class,cicids2017_distrinet,mlp,prim_pgd_p75_untargeted_timing-only,"PrimAttack timing-only (Prim-PGD, p75)",untargeted,p75,DoS,2024,800,41,41,800,0.05125,0.05125,0.0,1.0,41,41,0.05125,0.05125,248.275,2038.6442537992696,2038.379803180538,0.012299484532061429,10.85375,0,0.6779367923736572,0.0,280517.0,2.3166511999443173,2.8958139999303967
class,cicids2017_distrinet,mlp,prim_pgd_p75_untargeted_timing-only,"PrimAttack timing-only (Prim-PGD, p75)",untargeted,p75,DoS,2026,800,41,41,800,0.05125,0.05125,0.0,1.0,41,41,0.05125,0.05125,248.275,2032.1594121860076,2031.8949662240163,0.012308819460417975,10.86125,0,0.7500002980232239,0.0,320348.0,2.454737599939108,3.068421999923885
class,cicids2017_distrinet,mlp,prim_pgd_p75_untargeted_timing-only,"PrimAttack timing-only (Prim-PGD, p75)",untargeted,p75,DDoS,42,800,86,86,800,0.1075,0.1075,0.0,1.0,86,86,0.1075,0.1075,242.92,7839.814976344796,7839.814864130434,0.0372450905607917,10.6325,0,0.593822181224823,0.0,1496765.5,2.4988733001518995,3.1235916251898743
class,cicids2017_distrinet,mlp,prim_pgd_p75_untargeted_timing-only,"PrimAttack timing-only (Prim-PGD, p75)",untargeted,p75,DDoS,2024,800,86,86,800,0.1075,0.1075,0.0,1.0,86,86,0.1075,0.1075,242.92,7840.064758306354,7840.064646739131,0.03717847947746991,10.63625,0,0.5953042805194855,0.0,1472446.5,2.4337796999607235,3.0422246249509044
class,cicids2017_distrinet,mlp,prim_pgd_p75_untargeted_timing-only,"PrimAttack timing-only (Prim-PGD, p75)",untargeted,p75,DDoS,2026,800,86,86,800,0.1075,0.1075,0.0,1.0,86,86,0.1075,0.1075,242.92,7841.524242340176,7841.524130434783,0.03723676424456126,10.64,0,0.6400824785232544,0.0,1509087.0,2.399174500023946,2.9989681250299327
class,cicids2017_distrinet,mlp,prim_pgd_p75_untargeted_timing-only,"PrimAttack timing-only (Prim-PGD, p75)",untargeted,p75,Recon,42,800,0,0,800,0.0,0.0,0.0,1.0,0,0,0.0,0.0,3.835,0.16415387785109864,0.1625848699029649,2.410998079252095e-05,0.10375,0,,,,2.169507100014016,2.71188387501752
class,cicids2017_distrinet,mlp,prim_pgd_p75_untargeted_timing-only,"PrimAttack timing-only (Prim-PGD, p75)",untargeted,p75,Recon,2024,800,0,0,800,0.0,0.0,0.0,1.0,0,0,0.0,0.0,3.835,0.15935070924140027,0.15766681066733557,2.4109991036466415e-05,0.105,0,,,,2.1435247999615967,2.679405999951996
class,cicids2017_distrinet,mlp,prim_pgd_p75_untargeted_timing-only,"PrimAttack timing-only (Prim-PGD, p75)",untargeted,p75,Recon,2026,800,0,0,800,0.0,0.0,0.0,1.0,0,0,0.0,0.0,3.835,0.16415387785109864,0.1625848699029649,2.410998079252095e-05,0.10375,0,,,,2.155964400153607,2.694955500192009
class,cicids2017_distrinet,mlp,prim_pgd_p75_untargeted_timing-only,"PrimAttack timing-only (Prim-PGD, p75)",untargeted,p75,BruteForce,42,800,4,4,800,0.005,0.005,0.0,1.0,4,4,0.005,0.005,253.0,3796.279253390851,3796.279130434783,0.03397761126245556,10.895,0,0.3132782280445099,0.0,347691.5,2.3809227999299765,2.9761534999124706
class,cicids2017_distrinet,mlp,prim_pgd_p75_untargeted_timing-only,"PrimAttack timing-only (Prim-PGD, p75)",untargeted,p75,BruteForce,2024,800,4,4,800,0.005,0.005,0.0,1.0,4,4,0.005,0.005,253.0,3795.5399036167796,3795.539755434783,0.033982067023168784,10.90875,0,0.3749997913837433,0.0,416152.0,2.3922217001672834,2.9902771252091043
class,cicids2017_distrinet,mlp,prim_pgd_p75_untargeted_timing-only,"PrimAttack timing-only (Prim-PGD, p75)",untargeted,p75,BruteForce,2026,800,4,4,800,0.005,0.005,0.0,1.0,4,4,0.005,0.005,253.0,3795.47460467642,3795.474456521739,0.0339808154017895,10.91,0,0.3749997913837433,0.0,416152.0,2.389368100091815,2.9867101251147687
class,cicids2017_distrinet,cnn,prim_pgd_p75_untargeted_timing-only,"PrimAttack timing-only (Prim-PGD, p75)",untargeted,p75,DoS,42,800,164,164,800,0.205,0.205,0.0,1.0,164,164,0.205,0.205,248.59,2080.072404096967,2079.8100359583354,0.010904932409415263,10.91875,0,0.667709231376648,0.0,252863.5,2.3822296001017094,2.9777870001271367
class,cicids2017_distrinet,cnn,prim_pgd_p75_untargeted_timing-only,"PrimAttack timing-only (Prim-PGD, p75)",untargeted,p75,DoS,2024,800,164,164,800,0.205,0.205,0.0,1.0,164,164,0.205,0.205,248.59,2078.4348244333037,2078.170471131317,0.010973500894903763,10.93375,0,0.7119905054569244,0.0,282928.0,2.182087700115517,2.727609625144396
class,cicids2017_distrinet,cnn,prim_pgd_p75_untargeted_timing-only,"PrimAttack timing-only (Prim-PGD, p75)",untargeted,p75,DoS,2026,800,164,164,800,0.205,0.205,0.0,1.0,164,164,0.205,0.205,248.59,2099.8429940257283,2099.578627502859,0.011173471079324784,10.93375,0,0.706500232219696,0.0,269850.0,2.313841499853879,2.892301874817349
class,cicids2017_distrinet,cnn,prim_pgd_p75_untargeted_timing-only,"PrimAttack timing-only (Prim-PGD, p75)",untargeted,p75,DDoS,42,800,257,257,800,0.32125,0.32125,0.0,1.0,251,251,0.31375,0.31375,242.92,6522.615497174206,6522.615380434782,0.032565391369666505,10.7775,0,0.5941922068595886,0.0,1630713.0,2.26873129978776,2.8359141247346997
class,cicids2017_distrinet,cnn,prim_pgd_p75_untargeted_timing-only,"PrimAttack timing-only (Prim-PGD, p75)",untargeted,p75,DDoS,2024,800,257,257,800,0.32125,0.32125,0.0,1.0,251,251,0.31375,0.31375,242.92,6590.46490153883,6590.464782608695,0.03303657562631925,10.78125,0,0.637082040309906,0.0,1751383.0,2.157925199950114,2.6974064999376424
class,cicids2017_distrinet,cnn,prim_pgd_p75_untargeted_timing-only,"PrimAttack timing-only (Prim-PGD, p75)",untargeted,p75,DDoS,2026,800,257,257,800,0.32125,0.32125,0.0,1.0,250,250,0.3125,0.3125,242.92,6592.770902765883,6592.770788043478,0.032851610401650945,10.7725,0,0.5986625552177429,0.0,1658053.0,2.1897984000388533,2.7372480000485666
class,cicids2017_distrinet,cnn,prim_pgd_p75_untargeted_timing-only,"PrimAttack timing-only (Prim-PGD, p75)",untargeted,p75,Recon,42,800,3,3,800,0.00375,0.00375,0.0,1.0,1,1,0.00125,0.00125,3.52,0.10355562267806075,0.10319258028148116,1.239759487621642e-05,0.1075,0,0.24988923966884613,0.0,308.0,1.8965783000458032,2.370722875057254
class,cicids2017_distrinet,cnn,prim_pgd_p75_untargeted_timing-only,"PrimAttack timing-only (Prim-PGD, p75)",untargeted,p75,Recon,2024,800,3,3,800,0.00375,0.00375,0.0,1.0,1,1,0.00125,0.00125,3.52,0.10159565567297033,0.10123152257430731,1.2422447463543792e-05,0.10875,0,0.24988923966884613,0.0,307.0,1.987094199983403,2.483867749979254
class,cicids2017_distrinet,cnn,prim_pgd_p75_untargeted_timing-only,"PrimAttack timing-only (Prim-PGD, p75)",untargeted,p75,Recon,2026,800,3,3,800,0.00375,0.00375,0.0,1.0,1,1,0.00125,0.00125,3.52,0.10600128928745357,0.1056382324553942,1.2423351544549916e-05,0.10875,0,0.24988923966884613,0.0,308.0,1.9827817999757826,2.4784772499697283
class,cicids2017_distrinet,cnn,prim_pgd_p75_untargeted_timing-only,"PrimAttack timing-only (Prim-PGD, p75)",untargeted,p75,BruteForce,42,800,7,7,800,0.00875,0.00875,0.0,1.0,7,7,0.00875,0.00875,253.0,3808.706998236511,3808.706820652174,0.03414752475973257,10.98125,0,0.4068068861961365,0.0,452046.0,2.4345230001490563,3.0431537501863204
class,cicids2017_distrinet,cnn,prim_pgd_p75_untargeted_timing-only,"PrimAttack timing-only (Prim-PGD, p75)",untargeted,p75,BruteForce,2024,800,7,7,800,0.00875,0.00875,0.0,1.0,7,7,0.00875,0.00875,253.0,3807.0649850844,3807.0648369565215,0.03413357411482965,10.96625,0,0.40783730149269104,0.0,323823.0,2.1820302000269294,2.7275377500336617
class,cicids2017_distrinet,cnn,prim_pgd_p75_untargeted_timing-only,"PrimAttack timing-only (Prim-PGD, p75)",untargeted,p75,BruteForce,2026,800,7,7,800,0.00875,0.00875,0.0,1.0,7,7,0.00875,0.00875,253.0,3807.101289487327,3807.101141304348,0.0341347984852426,10.96625,0,0.5262277722358704,0.0,429000.0,2.28899999987334,2.861249999841675
class,cicids2017_distrinet,ft_transformer,prim_pgd_p75_untargeted_timing-only,"PrimAttack timing-only (Prim-PGD, p75)",untargeted,p75,DoS,42,800,1,1,800,0.00125,0.00125,0.0,1.0,1,1,0.00125,0.00125,248.59,2159.6666691665705,2159.522309779456,0.011074161244662085,10.6525,0,0.06005941331386566,0.0,8087.0,13.2302385000512,16.537798125064
class,cicids2017_distrinet,ft_transformer,prim_pgd_p75_untargeted_timing-only,"PrimAttack timing-only (Prim-PGD, p75)",untargeted,p75,DoS,2024,800,1,1,800,0.00125,0.00125,0.0,1.0,1,1,0.00125,0.00125,248.59,2159.5122446233026,2159.365010396185,0.011084100217064465,10.635,0,0.15000371634960175,0.0,20198.0,12.945996399968863,16.182495499961078
class,cicids2017_distrinet,ft_transformer,prim_pgd_p75_untargeted_timing-only,"PrimAttack timing-only (Prim-PGD, p75)",untargeted,p75,DoS,2026,800,1,1,800,0.00125,0.00125,0.0,1.0,1,1,0.00125,0.00125,248.59,2154.185563132907,2154.0554498271454,0.011052298857200946,10.65125,0,0.15000371634960175,0.0,20198.0,13.018411699915305,16.27301462489413
class,cicids2017_distrinet,ft_transformer,prim_pgd_p75_untargeted_timing-only,"PrimAttack timing-only (Prim-PGD, p75)",untargeted,p75,DDoS,42,800,0,0,800,0.0,0.0,0.0,1.0,0,0,0.0,0.0,242.92,4117.242769567462,4117.169972426463,0.024130682908654087,7.00875,0,,,,13.017159699928015,16.27144962491002
class,cicids2017_distrinet,ft_transformer,prim_pgd_p75_untargeted_timing-only,"PrimAttack timing-only (Prim-PGD, p75)",untargeted,p75,DDoS,2024,800,0,0,800,0.0,0.0,0.0,1.0,0,0,0.0,0.0,242.92,4131.458110860182,4131.387253687233,0.024096794510541187,6.9525,0,,,,12.894659399986267,16.118324249982834
class,cicids2017_distrinet,ft_transformer,prim_pgd_p75_untargeted_timing-only,"PrimAttack timing-only (Prim-PGD, p75)",untargeted,p75,DDoS,2026,800,0,0,800,0.0,0.0,0.0,1.0,0,0,0.0,0.0,242.92,4114.462115194545,4114.402905804637,0.023241179405386975,6.79125,0,,,,12.75266469991766,15.940830874897074
class,cicids2017_distrinet,ft_transformer,prim_pgd_p75_untargeted_timing-only,"PrimAttack timing-only (Prim-PGD, p75)",untargeted,p75,Recon,42,800,0,0,800,0.0,0.0,0.0,1.0,0,0,0.0,0.0,3.835,0.37227906111680426,0.37201421772905185,2.5116158866588844e-05,0.12,0,,,,2.573686799965799,3.2171084999572486
class,cicids2017_distrinet,ft_transformer,prim_pgd_p75_untargeted_timing-only,"PrimAttack timing-only (Prim-PGD, p75)",untargeted,p75,Recon,2024,800,0,0,800,0.0,0.0,0.0,1.0,0,0,0.0,0.0,3.835,0.37227906111680426,0.37201421772905185,2.5116158866588844e-05,0.12,0,,,,2.630580299999565,3.288225374999456
class,cicids2017_distrinet,ft_transformer,prim_pgd_p75_untargeted_timing-only,"PrimAttack timing-only (Prim-PGD, p75)",untargeted,p75,Recon,2026,800,0,0,800,0.0,0.0,0.0,1.0,0,0,0.0,0.0,3.835,0.37227906111680426,0.37201421772905185,2.5116158866588844e-05,0.12,0,,,,2.70576690020971,3.3822086252621375
class,cicids2017_distrinet,ft_transformer,prim_pgd_p75_untargeted_timing-only,"PrimAttack timing-only (Prim-PGD, p75)",untargeted,p75,BruteForce,42,800,3,3,800,0.00375,0.00375,0.0,1.0,3,3,0.00375,0.00375,253.0,3781.5427704865597,3781.5423641304346,0.033797281995239035,10.965,0,0.2948939800262451,0.0,1769.0,13.248663800070062,16.560829750087578
class,cicids2017_distrinet,ft_transformer,prim_pgd_p75_untargeted_timing-only,"PrimAttack timing-only (Prim-PGD, p75)",untargeted,p75,BruteForce,2024,800,3,3,800,0.00375,0.00375,0.0,1.0,3,3,0.00375,0.00375,253.0,3781.4972090534766,3781.496793478261,0.03379698064134544,10.96375,0,0.25000879168510437,0.0,1450.0,13.187884399900213,16.484855499875266
class,cicids2017_distrinet,ft_transformer,prim_pgd_p75_untargeted_timing-only,"PrimAttack timing-only (Prim-PGD, p75)",untargeted,p75,BruteForce,2026,800,3,3,800,0.00375,0.00375,0.0,1.0,3,3,0.00375,0.00375,253.0,3781.461947670048,3781.46152173913,0.03379675668576901,10.96375,0,0.30006757378578186,0.0,2620.0,13.192740899976343,16.49092612497043
class,cicids2018_distrinet,mlp-s42,prim_pgd_p75_untargeted_timing-only,"PrimAttack timing-only (Prim-PGD, p75)",untargeted,p75,DoS,42,800,0,0,800,0.0,0.0,0.0,1.0,0,0,0.0,0.0,235.045,1.2318058912814447,1.162082472585211,0.00031697081280525065,2.8,0,,,,2.6763613999355584,3.345451749919448
class,cicids2018_distrinet,mlp-s42,prim_pgd_p75_untargeted_timing-only,"PrimAttack timing-only (Prim-PGD, p75)",untargeted,p75,DoS,2024,800,0,0,800,0.0,0.0,0.0,1.0,0,0,0.0,0.0,235.045,1.221930356775931,1.1519899581471646,0.0003161637110316251,2.77625,0,,,,2.4845233000814915,3.1056541251018643
class,cicids2018_distrinet,mlp-s42,prim_pgd_p75_untargeted_timing-only,"PrimAttack timing-only (Prim-PGD, p75)",untargeted,p75,DoS,2026,800,0,0,800,0.0,0.0,0.0,1.0,0,0,0.0,0.0,235.045,1.2463480275572827,1.1759978086497085,0.000325317369622565,2.90125,0,,,,2.650838000001386,3.3135475000017323
class,cicids2018_distrinet,mlp-s42,prim_pgd_p75_untargeted_timing-only,"PrimAttack timing-only (Prim-PGD, p75)",untargeted,p75,DDoS,42,800,60,60,800,0.075,0.075,0.0,1.0,4,4,0.005,0.005,240.085,1158.1458990693259,1157.8516608654704,0.02712667893593122,10.595,0,0.6569755375385284,0.0,362019.5,2.681143500143662,3.3514293751795776
class,cicids2018_distrinet,mlp-s42,prim_pgd_p75_untargeted_timing-only,"PrimAttack timing-only (Prim-PGD, p75)",untargeted,p75,DDoS,2024,800,60,60,800,0.075,0.075,0.0,1.0,4,4,0.005,0.005,240.085,1158.0191362681962,1157.7349156983173,0.02707605954026983,10.50625,0,0.6906244456768036,0.0,339619.5,2.5895706999581307,3.2369633749476634
class,cicids2018_distrinet,mlp-s42,prim_pgd_p75_untargeted_timing-only,"PrimAttack timing-only (Prim-PGD, p75)",untargeted,p75,DDoS,2026,800,60,60,800,0.075,0.075,0.0,1.0,4,4,0.005,0.005,240.085,1159.0116516324938,1158.7197496229387,0.027120896350131426,10.59625,0,0.6655027568340302,0.0,375915.0,2.4727205000817776,3.090900625102222
class,cicids2018_distrinet,mlp-s42,prim_pgd_p75_untargeted_timing-only,"PrimAttack timing-only (Prim-PGD, p75)",untargeted,p75,Recon,42,800,21,21,800,0.02625,0.02625,0.0,1.0,21,21,0.02625,0.02625,29.035,259.8113102631783,259.7547477051077,0.005002549956711988,1.02,0,0.42547962069511414,0.0,2852775.0,2.231160799972713,2.7889509999658912
class,cicids2018_distrinet,mlp-s42,prim_pgd_p75_untargeted_timing-only,"PrimAttack timing-only (Prim-PGD, p75)",untargeted,p75,Recon,2024,800,21,21,800,0.02625,0.02625,0.0,1.0,21,21,0.02625,0.02625,29.035,263.31042727719813,263.25248123144195,0.005102154609526511,1.03375,0,0.44999995827674866,0.0,3295132.0,2.216412500012666,2.7705156250158325
class,cicids2018_distrinet,mlp-s42,prim_pgd_p75_untargeted_timing-only,"PrimAttack timing-only (Prim-PGD, p75)",untargeted,p75,Recon,2026,800,21,21,798,0.02625,0.02625,0.0,0.9975,21,21,0.02625,0.02625,29.035,262.4368174737667,262.3814319102714,0.005096140525282599,1.0025,0,0.42981889843940735,0.0,3356932.0,2.441649300046265,3.0520616250578314
class,cicids2018_distrinet,mlp-s42,prim_pgd_p75_untargeted_timing-only,"PrimAttack timing-only (Prim-PGD, p75)",untargeted,p75,BruteForce,42,800,0,0,800,0.0,0.0,0.0,1.0,0,0,0.0,0.0,253.0,0.2433995808527965,0.1936339435286925,0.0004253840331913491,11.99375,0,,,,2.370935899903998,2.9636698748799972
class,cicids2018_distrinet,mlp-s42,prim_pgd_p75_untargeted_timing-only,"PrimAttack timing-only (Prim-PGD, p75)",untargeted,p75,BruteForce,2024,800,0,0,800,0.0,0.0,0.0,1.0,0,0,0.0,0.0,253.0,0.24340813917429524,0.19363879588325575,0.0004253945989451432,11.99375,0,,,,2.5870315998326987,3.2337894997908734
class,cicids2018_distrinet,mlp-s42,prim_pgd_p75_untargeted_timing-only,"PrimAttack timing-only (Prim-PGD, p75)",untargeted,p75,BruteForce,2026,800,0,0,800,0.0,0.0,0.0,1.0,0,0,0.0,0.0,253.0,0.24340549716056978,0.19363763299138625,0.0004253920390242562,11.99375,0,,,,2.3452437000814825,2.931554625101853
class,cicids2018_distrinet,cnn-s42,prim_pgd_p75_untargeted_timing-only,"PrimAttack timing-only (Prim-PGD, p75)",untargeted,p75,DoS,42,800,0,0,800,0.0,0.0,0.0,1.0,0,0,0.0,0.0,234.73,0.4437532115882498,0.4076795632071339,0.000181409188151291,3.23375,0,,,,2.570031799841672,3.2125397498020902
class,cicids2018_distrinet,cnn-s42,prim_pgd_p75_untargeted_timing-only,"PrimAttack timing-only (Prim-PGD, p75)",untargeted,p75,DoS,2024,800,0,0,800,0.0,0.0,0.0,1.0,0,0,0.0,0.0,234.73,0.42134041058108734,0.3880203723517491,0.0001693269490682754,3.3225,0,,,,2.1452302001416683,2.6815377501770854
class,cicids2018_distrinet,cnn-s42,prim_pgd_p75_untargeted_timing-only,"PrimAttack timing-only (Prim-PGD, p75)",untargeted,p75,DoS,2026,800,0,0,800,0.0,0.0,0.0,1.0,0,0,0.0,0.0,234.73,0.4455269097788336,0.40915315001996705,0.0001814245203815607,3.31,0,,,,2.267133899964392,2.8339173749554902
class,cicids2018_distrinet,cnn-s42,prim_pgd_p75_untargeted_timing-only,"PrimAttack timing-only (Prim-PGD, p75)",untargeted,p75,DDoS,42,800,37,37,800,0.04625,0.04625,0.0,1.0,0,0,0.0,0.0,240.085,532.0368009547931,531.4702170881505,0.014204765759839408,10.45,0,0.8690468072891235,0.0,124682.0,2.188696000026539,2.7358700000331737
class,cicids2018_distrinet,cnn-s42,prim_pgd_p75_untargeted_timing-only,"PrimAttack timing-only (Prim-PGD, p75)",untargeted,p75,DDoS,2024,800,37,37,800,0.04625,0.04625,0.0,1.0,0,0,0.0,0.0,240.085,522.5103840003912,522.0763037172329,0.013527198377088583,10.455,0,0.8077241778373718,0.0,124480.0,2.2988315001130104,2.873539375141263
class,cicids2018_distrinet,cnn-s42,prim_pgd_p75_untargeted_timing-only,"PrimAttack timing-only (Prim-PGD, p75)",untargeted,p75,DDoS,2026,800,37,37,800,0.04625,0.04625,0.0,1.0,0,0,0.0,0.0,240.085,540.8321634836099,540.3990791658682,0.013921903103898405,10.44375,0,0.8668748736381531,0.0,124973.0,2.257386399898678,2.8217329998733476
class,cicids2018_distrinet,cnn-s42,prim_pgd_p75_untargeted_timing-only,"PrimAttack timing-only (Prim-PGD, p75)",untargeted,p75,Recon,42,800,0,0,798,0.0,0.0,0.0,0.9975,0,0,0.0,0.0,29.035,596.6491287962216,596.3389329693089,0.007782470255648968,1.14125,0,,,,2.1094441001769155,2.6368051252211444
class,cicids2018_distrinet,cnn-s42,prim_pgd_p75_untargeted_timing-only,"PrimAttack timing-only (Prim-PGD, p75)",untargeted,p75,Recon,2024,800,0,0,797,0.0,0.0,0.0,0.99625,0,0,0.0,0.0,29.035,604.461509208629,604.1327998706985,0.008006372193782836,1.135,0,,,,2.0495611999649554,2.5619514999561943
class,cicids2018_distrinet,cnn-s42,prim_pgd_p75_untargeted_timing-only,"PrimAttack timing-only (Prim-PGD, p75)",untargeted,p75,Recon,2026,800,0,0,797,0.0,0.0,0.0,0.99625,0,0,0.0,0.0,29.035,596.7813869607796,596.471422969309,0.007770514843170552,1.13625,0,,,,2.05461010010913,2.5682626251364127
class,cicids2018_distrinet,cnn-s42,prim_pgd_p75_untargeted_timing-only,"PrimAttack timing-only (Prim-PGD, p75)",untargeted,p75,BruteForce,42,800,0,0,800,0.0,0.0,0.0,1.0,0,0,0.0,0.0,253.0,1.7430840189988672,1.7217413932615855,0.0003931998334917714,11.33625,0,,,,2.480786700034514,3.1009833750431426
class,cicids2018_distrinet,cnn-s42,prim_pgd_p75_untargeted_timing-only,"PrimAttack timing-only (Prim-PGD, p75)",untargeted,p75,BruteForce,2024,800,0,0,800,0.0,0.0,0.0,1.0,0,0,0.0,0.0,253.0,1.7815478201007684,1.7606500449763072,0.00039260659525208215,11.315,0,,,,2.2140756000299007,2.767594500037376
class,cicids2018_distrinet,cnn-s42,prim_pgd_p75_untargeted_timing-only,"PrimAttack timing-only (Prim-PGD, p75)",untargeted,p75,BruteForce,2026,800,0,0,800,0.0,0.0,0.0,1.0,0,0,0.0,0.0,253.0,1.824546553210644,1.8039429970818943,0.0003950755542118331,11.29875,0,,,,2.2319640999194235,2.7899551248992793
class,cicids2018_distrinet,ft_transformer-s42,prim_pgd_p75_untargeted_timing-only,"PrimAttack timing-only (Prim-PGD, p75)",untargeted,p75,DoS,42,800,0,0,800,0.0,0.0,0.0,1.0,0,0,0.0,0.0,235.045,6.209605520196693,6.047419935661573,0.001111925179265459,10.46625,0,,,,12.581058399984613,15.726322999980766
class,cicids2018_distrinet,ft_transformer-s42,prim_pgd_p75_untargeted_timing-only,"PrimAttack timing-only (Prim-PGD, p75)",untargeted,p75,DoS,2024,800,0,0,800,0.0,0.0,0.0,1.0,0,0,0.0,0.0,235.045,6.2002111604912535,6.034856394829441,0.0011186771266933604,10.50875,0,,,,12.689322100020945,15.861652625026181
class,cicids2018_distrinet,ft_transformer-s42,prim_pgd_p75_untargeted_timing-only,"PrimAttack timing-only (Prim-PGD, p75)",untargeted,p75,DoS,2026,800,0,0,800,0.0,0.0,0.0,1.0,0,0,0.0,0.0,235.045,6.189741407665773,6.02714554446024,0.0011077104905818744,10.42125,0,,,,12.667019400047138,15.833774250058923
class,cicids2018_distrinet,ft_transformer-s42,prim_pgd_p75_untargeted_timing-only,"PrimAttack timing-only (Prim-PGD, p75)",untargeted,p75,DDoS,42,800,0,0,800,0.0,0.0,0.0,1.0,0,0,0.0,0.0,240.085,243.92243135352993,242.48004054523096,0.00999950473693903,8.60375,0,,,,12.500029999995604,15.625037499994505
class,cicids2018_distrinet,ft_transformer-s42,prim_pgd_p75_untargeted_timing-only,"PrimAttack timing-only (Prim-PGD, p75)",untargeted,p75,DDoS,2024,800,0,0,800,0.0,0.0,0.0,1.0,0,0,0.0,0.0,240.085,250.1886712216769,248.75588453686225,0.010033517559089551,8.56125,0,,,,12.488774799974635,15.610968499968294
class,cicids2018_distrinet,ft_transformer-s42,prim_pgd_p75_untargeted_timing-only,"PrimAttack timing-only (Prim-PGD, p75)",untargeted,p75,DDoS,2026,800,0,0,800,0.0,0.0,0.0,1.0,0,0,0.0,0.0,240.085,244.9181416803667,243.06159397472402,0.011222602426780305,8.63625,0,,,,12.752699699951336,15.94087462493917
class,cicids2018_distrinet,ft_transformer-s42,prim_pgd_p75_untargeted_timing-only,"PrimAttack timing-only (Prim-PGD, p75)",untargeted,p75,Recon,42,800,0,0,797,0.0,0.0,0.0,0.99625,0,0,0.0,0.0,29.035,733.5688735700521,733.500620090555,0.009826700281742887,1.15625,0,,,,3.0725380999501795,3.8406726249377243
class,cicids2018_distrinet,ft_transformer-s42,prim_pgd_p75_untargeted_timing-only,"PrimAttack timing-only (Prim-PGD, p75)",untargeted,p75,Recon,2024,800,0,0,797,0.0,0.0,0.0,0.99625,0,0,0.0,0.0,29.035,733.5873802908018,733.5188834238884,0.0098266295012863,1.15625,0,,,,2.7347655999474227,3.4184569999342784
class,cicids2018_distrinet,ft_transformer-s42,prim_pgd_p75_untargeted_timing-only,"PrimAttack timing-only (Prim-PGD, p75)",untargeted,p75,Recon,2026,800,0,0,797,0.0,0.0,0.0,0.99625,0,0,0.0,0.0,29.035,733.5862877043903,733.518520090555,0.00982672648124104,1.15625,0,,,,2.8425607001408935,3.553200875176117
class,cicids2018_distrinet,ft_transformer-s42,prim_pgd_p75_untargeted_timing-only,"PrimAttack timing-only (Prim-PGD, p75)",untargeted,p75,BruteForce,42,800,0,0,800,0.0,0.0,0.0,1.0,0,0,0.0,0.0,253.0,3.4213074069505485,3.41386,0.00041745684942505175,10.97375,0,,,,13.442846100078896,16.80355762509862
class,cicids2018_distrinet,ft_transformer-s42,prim_pgd_p75_untargeted_timing-only,"PrimAttack timing-only (Prim-PGD, p75)",untargeted,p75,BruteForce,2024,800,0,0,800,0.0,0.0,0.0,1.0,0,0,0.0,0.0,253.0,3.416399619731541,3.4089666666666663,0.00041675216466024334,10.95875,0,,,,13.272238600067794,16.590298250084743
class,cicids2018_distrinet,ft_transformer-s42,prim_pgd_p75_untargeted_timing-only,"PrimAttack timing-only (Prim-PGD, p75)",untargeted,p75,BruteForce,2026,800,0,0,800,0.0,0.0,0.0,1.0,0,0,0.0,0.0,253.0,3.420692630262794,3.4132466666666663,0.00041737831982488217,10.97375,0,,,,13.323334600077942,16.654168250097428
class,cicids2017_distrinet,mlp,prim_pgd_p75_untargeted_padding-only,"PrimAttack padding-only (Prim-PGD, p75)",untargeted,p75,DoS,42,800,0,0,800,0.0,0.0,0.0,1.0,0,0,0.0,0.0,1.315,0.0047563654518070495,0.0031395348837209304,5.5927950497777635e-05,0.01375,0,,,,2.216958599863574,2.7711982498294674
class,cicids2017_distrinet,mlp,prim_pgd_p75_untargeted_padding-only,"PrimAttack padding-only (Prim-PGD, p75)",untargeted,p75,DoS,2024,800,0,0,800,0.0,0.0,0.0,1.0,0,0,0.0,0.0,1.315,0.0047563654518070495,0.0031395348837209304,5.5927950497777635e-05,0.01375,0,,,,2.0259984999429435,2.5324981249286793
class,cicids2017_distrinet,mlp,prim_pgd_p75_untargeted_padding-only,"PrimAttack padding-only (Prim-PGD, p75)",untargeted,p75,DoS,2026,800,0,0,800,0.0,0.0,0.0,1.0,0,0,0.0,0.0,1.315,0.0047563654518070495,0.0031395348837209304,5.5927950497777635e-05,0.01375,0,,,,2.5369504999835044,3.1711881249793805
class,cicids2017_distrinet,mlp,prim_pgd_p75_untargeted_padding-only,"PrimAttack padding-only (Prim-PGD, p75)",untargeted,p75,DDoS,42,800,0,0,800,0.0,0.0,0.0,1.0,0,0,0.0,0.0,1.0,0.0,0.0,0.0,0.0,0,,,,0.008344199974089861,0.010430249967612326
class,cicids2017_distrinet,mlp,prim_pgd_p75_untargeted_padding-only,"PrimAttack padding-only (Prim-PGD, p75)",untargeted,p75,DDoS,2024,800,0,0,800,0.0,0.0,0.0,1.0,0,0,0.0,0.0,1.0,0.0,0.0,0.0,0.0,0,,,,0.01135060004889965,0.014188250061124563
class,cicids2017_distrinet,mlp,prim_pgd_p75_untargeted_padding-only,"PrimAttack padding-only (Prim-PGD, p75)",untargeted,p75,DDoS,2026,800,0,0,800,0.0,0.0,0.0,1.0,0,0,0.0,0.0,1.0,0.0,0.0,0.0,0.0,0,,,,0.008444499922916293,0.010555624903645366
class,cicids2017_distrinet,mlp,prim_pgd_p75_untargeted_padding-only,"PrimAttack padding-only (Prim-PGD, p75)",untargeted,p75,Recon,42,800,0,0,800,0.0,0.0,0.0,1.0,0,0,0.0,0.0,1.0,0.0,0.0,0.0,0.0,0,,,,0.008171700173988938,0.010214625217486173
class,cicids2017_distrinet,mlp,prim_pgd_p75_untargeted_padding-only,"PrimAttack padding-only (Prim-PGD, p75)",untargeted,p75,Recon,2024,800,0,0,800,0.0,0.0,0.0,1.0,0,0,0.0,0.0,1.0,0.0,0.0,0.0,0.0,0,,,,0.008533400017768145,0.01066675002221018
class,cicids2017_distrinet,mlp,prim_pgd_p75_untargeted_padding-only,"PrimAttack padding-only (Prim-PGD, p75)",untargeted,p75,Recon,2026,800,0,0,800,0.0,0.0,0.0,1.0,0,0,0.0,0.0,1.0,0.0,0.0,0.0,0.0,0,,,,0.051735500106588006,0.06466937513323501
class,cicids2017_distrinet,mlp,prim_pgd_p75_untargeted_padding-only,"PrimAttack padding-only (Prim-PGD, p75)",untargeted,p75,BruteForce,42,800,0,0,800,0.0,0.0,0.0,1.0,0,0,0.0,0.0,1.0,0.0,0.0,0.0,0.0,0,,,,0.008543399861082435,0.010679249826353043
class,cicids2017_distrinet,mlp,prim_pgd_p75_untargeted_padding-only,"PrimAttack padding-only (Prim-PGD, p75)",untargeted,p75,BruteForce,2024,800,0,0,800,0.0,0.0,0.0,1.0,0,0,0.0,0.0,1.0,0.0,0.0,0.0,0.0,0,,,,0.009487699950113893,0.011859624937642366
class,cicids2017_distrinet,mlp,prim_pgd_p75_untargeted_padding-only,"PrimAttack padding-only (Prim-PGD, p75)",untargeted,p75,BruteForce,2026,800,0,0,800,0.0,0.0,0.0,1.0,0,0,0.0,0.0,1.0,0.0,0.0,0.0,0.0,0,,,,0.008831700077280402,0.011039625096600503
class,cicids2017_distrinet,cnn,prim_pgd_p75_untargeted_padding-only,"PrimAttack padding-only (Prim-PGD, p75)",untargeted,p75,DoS,42,800,0,0,800,0.0,0.0,0.0,1.0,0,0,0.0,0.0,1.315,0.0028185852583697073,0.0018604651162790697,3.31424707032554e-05,0.01375,0,,,,1.9459013000596315,2.4323766250745393
class,cicids2017_distrinet,cnn,prim_pgd_p75_untargeted_padding-only,"PrimAttack padding-only (Prim-PGD, p75)",untargeted,p75,DoS,2024,800,0,0,800,0.0,0.0,0.0,1.0,0,0,0.0,0.0,1.315,0.0028185852583697073,0.0018604651162790697,3.31424707032554e-05,0.01375,0,,,,1.9947114998940378,2.4933893748675473
class,cicids2017_distrinet,cnn,prim_pgd_p75_untargeted_padding-only,"PrimAttack padding-only (Prim-PGD, p75)",untargeted,p75,DoS,2026,800,0,0,800,0.0,0.0,0.0,1.0,0,0,0.0,0.0,1.315,0.0028185852583697073,0.0018604651162790697,3.31424707032554e-05,0.01375,0,,,,2.036292899865657,2.5453661248320714
class,cicids2017_distrinet,cnn,prim_pgd_p75_untargeted_padding-only,"PrimAttack padding-only (Prim-PGD, p75)",untargeted,p75,DDoS,42,800,0,0,800,0.0,0.0,0.0,1.0,0,0,0.0,0.0,1.0,0.0,0.0,0.0,0.0,0,,,,0.0073488999623805285,0.00918612495297566
class,cicids2017_distrinet,cnn,prim_pgd_p75_untargeted_padding-only,"PrimAttack padding-only (Prim-PGD, p75)",untargeted,p75,DDoS,2024,800,0,0,800,0.0,0.0,0.0,1.0,0,0,0.0,0.0,1.0,0.0,0.0,0.0,0.0,0,,,,0.0070390000473707914,0.00879875005921349
class,cicids2017_distrinet,cnn,prim_pgd_p75_untargeted_padding-only,"PrimAttack padding-only (Prim-PGD, p75)",untargeted,p75,DDoS,2026,800,0,0,800,0.0,0.0,0.0,1.0,0,0,0.0,0.0,1.0,0.0,0.0,0.0,0.0,0,,,,0.007414400111883879,0.009268000139854848
class,cicids2017_distrinet,cnn,prim_pgd_p75_untargeted_padding-only,"PrimAttack padding-only (Prim-PGD, p75)",untargeted,p75,Recon,42,800,0,0,800,0.0,0.0,0.0,1.0,0,0,0.0,0.0,1.0,0.0,0.0,0.0,0.0,0,,,,0.008977399906143546,0.011221749882679433
class,cicids2017_distrinet,cnn,prim_pgd_p75_untargeted_padding-only,"PrimAttack padding-only (Prim-PGD, p75)",untargeted,p75,Recon,2024,800,0,0,800,0.0,0.0,0.0,1.0,0,0,0.0,0.0,1.0,0.0,0.0,0.0,0.0,0,,,,0.010018500033766031,0.012523125042207539
class,cicids2017_distrinet,cnn,prim_pgd_p75_untargeted_padding-only,"PrimAttack padding-only (Prim-PGD, p75)",untargeted,p75,Recon,2026,800,0,0,800,0.0,0.0,0.0,1.0,0,0,0.0,0.0,1.0,0.0,0.0,0.0,0.0,0,,,,0.010068499948829412,0.012585624936036766
class,cicids2017_distrinet,cnn,prim_pgd_p75_untargeted_padding-only,"PrimAttack padding-only (Prim-PGD, p75)",untargeted,p75,BruteForce,42,800,0,0,800,0.0,0.0,0.0,1.0,0,0,0.0,0.0,1.0,0.0,0.0,0.0,0.0,0,,,,0.00703289988450706,0.008791124855633825
class,cicids2017_distrinet,cnn,prim_pgd_p75_untargeted_padding-only,"PrimAttack padding-only (Prim-PGD, p75)",untargeted,p75,BruteForce,2024,800,0,0,800,0.0,0.0,0.0,1.0,0,0,0.0,0.0,1.0,0.0,0.0,0.0,0.0,0,,,,0.00724769989028573,0.009059624862857163
class,cicids2017_distrinet,cnn,prim_pgd_p75_untargeted_padding-only,"PrimAttack padding-only (Prim-PGD, p75)",untargeted,p75,BruteForce,2026,800,0,0,800,0.0,0.0,0.0,1.0,0,0,0.0,0.0,1.0,0.0,0.0,0.0,0.0,0,,,,0.007293199887499213,0.009116499859374017
class,cicids2017_distrinet,ft_transformer,prim_pgd_p75_untargeted_padding-only,"PrimAttack padding-only (Prim-PGD, p75)",untargeted,p75,DoS,42,800,0,0,800,0.0,0.0,0.0,1.0,0,0,0.0,0.0,1.315,0.0047563654518070495,0.0031395348837209304,5.5927950497777635e-05,0.01375,0,,,,3.0154945999383926,3.769368249922991
class,cicids2017_distrinet,ft_transformer,prim_pgd_p75_untargeted_padding-only,"PrimAttack padding-only (Prim-PGD, p75)",untargeted,p75,DoS,2024,800,0,0,800,0.0,0.0,0.0,1.0,0,0,0.0,0.0,1.315,0.0047563654518070495,0.0031395348837209304,5.5927950497777635e-05,0.01375,0,,,,2.8888423000462353,3.611052875057794
class,cicids2017_distrinet,ft_transformer,prim_pgd_p75_untargeted_padding-only,"PrimAttack padding-only (Prim-PGD, p75)",untargeted,p75,DoS,2026,800,0,0,800,0.0,0.0,0.0,1.0,0,0,0.0,0.0,1.315,0.0047563654518070495,0.0031395348837209304,5.5927950497777635e-05,0.01375,0,,,,2.8530528000555933,3.5663160000694916
class,cicids2017_distrinet,ft_transformer,prim_pgd_p75_untargeted_padding-only,"PrimAttack padding-only (Prim-PGD, p75)",untargeted,p75,DDoS,42,800,0,0,800,0.0,0.0,0.0,1.0,0,0,0.0,0.0,1.0,0.0,0.0,0.0,0.0,0,,,,0.024359799921512604,0.030449749901890755
class,cicids2017_distrinet,ft_transformer,prim_pgd_p75_untargeted_padding-only,"PrimAttack padding-only (Prim-PGD, p75)",untargeted,p75,DDoS,2024,800,0,0,800,0.0,0.0,0.0,1.0,0,0,0.0,0.0,1.0,0.0,0.0,0.0,0.0,0,,,,0.024129899917170405,0.030162374896463007
class,cicids2017_distrinet,ft_transformer,prim_pgd_p75_untargeted_padding-only,"PrimAttack padding-only (Prim-PGD, p75)",untargeted,p75,DDoS,2026,800,0,0,800,0.0,0.0,0.0,1.0,0,0,0.0,0.0,1.0,0.0,0.0,0.0,0.0,0,,,,0.024471999844536185,0.03058999980567023
class,cicids2017_distrinet,ft_transformer,prim_pgd_p75_untargeted_padding-only,"PrimAttack padding-only (Prim-PGD, p75)",untargeted,p75,Recon,42,800,0,0,800,0.0,0.0,0.0,1.0,0,0,0.0,0.0,1.0,0.0,0.0,0.0,0.0,0,,,,0.02312189992517233,0.02890237490646541
class,cicids2017_distrinet,ft_transformer,prim_pgd_p75_untargeted_padding-only,"PrimAttack padding-only (Prim-PGD, p75)",untargeted,p75,Recon,2024,800,0,0,800,0.0,0.0,0.0,1.0,0,0,0.0,0.0,1.0,0.0,0.0,0.0,0.0,0,,,,0.02556949993595481,0.03196187491994351
class,cicids2017_distrinet,ft_transformer,prim_pgd_p75_untargeted_padding-only,"PrimAttack padding-only (Prim-PGD, p75)",untargeted,p75,Recon,2026,800,0,0,800,0.0,0.0,0.0,1.0,0,0,0.0,0.0,1.0,0.0,0.0,0.0,0.0,0,,,,0.024048799881711602,0.030060999852139503
class,cicids2017_distrinet,ft_transformer,prim_pgd_p75_untargeted_padding-only,"PrimAttack padding-only (Prim-PGD, p75)",untargeted,p75,BruteForce,42,800,0,0,800,0.0,0.0,0.0,1.0,0,0,0.0,0.0,1.0,0.0,0.0,0.0,0.0,0,,,,0.023251499980688095,0.02906437497586012
class,cicids2017_distrinet,ft_transformer,prim_pgd_p75_untargeted_padding-only,"PrimAttack padding-only (Prim-PGD, p75)",untargeted,p75,BruteForce,2024,800,0,0,800,0.0,0.0,0.0,1.0,0,0,0.0,0.0,1.0,0.0,0.0,0.0,0.0,0,,,,0.023826500168070197,0.029783125210087746
class,cicids2017_distrinet,ft_transformer,prim_pgd_p75_untargeted_padding-only,"PrimAttack padding-only (Prim-PGD, p75)",untargeted,p75,BruteForce,2026,800,0,0,800,0.0,0.0,0.0,1.0,0,0,0.0,0.0,1.0,0.0,0.0,0.0,0.0,0,,,,0.02452640002593398,0.030658000032417476
class,cicids2018_distrinet,mlp-s42,prim_pgd_p75_untargeted_padding-only,"PrimAttack padding-only (Prim-PGD, p75)",untargeted,p75,DoS,42,800,0,0,800,0.0,0.0,0.0,1.0,0,0,0.0,0.0,1.0,0.0,0.0,0.0,0.0,0,,,,0.008343399967998266,0.010429249959997833
class,cicids2018_distrinet,mlp-s42,prim_pgd_p75_untargeted_padding-only,"PrimAttack padding-only (Prim-PGD, p75)",untargeted,p75,DoS,2024,800,0,0,800,0.0,0.0,0.0,1.0,0,0,0.0,0.0,1.0,0.0,0.0,0.0,0.0,0,,,,0.008907599840313196,0.011134499800391495
class,cicids2018_distrinet,mlp-s42,prim_pgd_p75_untargeted_padding-only,"PrimAttack padding-only (Prim-PGD, p75)",untargeted,p75,DoS,2026,800,0,0,800,0.0,0.0,0.0,1.0,0,0,0.0,0.0,1.0,0.0,0.0,0.0,0.0,0,,,,0.008957599988207221,0.011196999985259026
class,cicids2018_distrinet,mlp-s42,prim_pgd_p75_untargeted_padding-only,"PrimAttack padding-only (Prim-PGD, p75)",untargeted,p75,DDoS,42,800,0,0,800,0.0,0.0,0.0,1.0,0,0,0.0,0.0,1.0,0.0,0.0,0.0,0.0,0,,,,0.00798170012421906,0.009977125155273825
class,cicids2018_distrinet,mlp-s42,prim_pgd_p75_untargeted_padding-only,"PrimAttack padding-only (Prim-PGD, p75)",untargeted,p75,DDoS,2024,800,0,0,800,0.0,0.0,0.0,1.0,0,0,0.0,0.0,1.0,0.0,0.0,0.0,0.0,0,,,,0.009212500182911754,0.011515625228639692
class,cicids2018_distrinet,mlp-s42,prim_pgd_p75_untargeted_padding-only,"PrimAttack padding-only (Prim-PGD, p75)",untargeted,p75,DDoS,2026,800,0,0,800,0.0,0.0,0.0,1.0,0,0,0.0,0.0,1.0,0.0,0.0,0.0,0.0,0,,,,0.008727299980819225,0.010909124976024032
class,cicids2018_distrinet,mlp-s42,prim_pgd_p75_untargeted_padding-only,"PrimAttack padding-only (Prim-PGD, p75)",untargeted,p75,Recon,42,800,0,0,800,0.0,0.0,0.0,1.0,0,0,0.0,0.0,3.52,0.0,0.0,0.0,0.0,0,,,,2.047972299857065,2.5599653748213314
class,cicids2018_distrinet,mlp-s42,prim_pgd_p75_untargeted_padding-only,"PrimAttack padding-only (Prim-PGD, p75)",untargeted,p75,Recon,2024,800,0,0,800,0.0,0.0,0.0,1.0,0,0,0.0,0.0,3.52,0.0,0.0,0.0,0.0,0,,,,2.093460900010541,2.6168261250131764
class,cicids2018_distrinet,mlp-s42,prim_pgd_p75_untargeted_padding-only,"PrimAttack padding-only (Prim-PGD, p75)",untargeted,p75,Recon,2026,800,0,0,800,0.0,0.0,0.0,1.0,0,0,0.0,0.0,3.52,0.0,0.0,0.0,0.0,0,,,,2.2126863000448793,2.765857875056099
class,cicids2018_distrinet,mlp-s42,prim_pgd_p75_untargeted_padding-only,"PrimAttack padding-only (Prim-PGD, p75)",untargeted,p75,BruteForce,42,800,0,0,800,0.0,0.0,0.0,1.0,0,0,0.0,0.0,1.0,0.0,0.0,0.0,0.0,0,,,,0.008000500034540892,0.010000625043176115
class,cicids2018_distrinet,mlp-s42,prim_pgd_p75_untargeted_padding-only,"PrimAttack padding-only (Prim-PGD, p75)",untargeted,p75,BruteForce,2024,800,0,0,800,0.0,0.0,0.0,1.0,0,0,0.0,0.0,1.0,0.0,0.0,0.0,0.0,0,,,,0.008755800081416965,0.010944750101771206
class,cicids2018_distrinet,mlp-s42,prim_pgd_p75_untargeted_padding-only,"PrimAttack padding-only (Prim-PGD, p75)",untargeted,p75,BruteForce,2026,800,0,0,800,0.0,0.0,0.0,1.0,0,0,0.0,0.0,1.0,0.0,0.0,0.0,0.0,0,,,,0.008785299956798553,0.010981624945998192
class,cicids2018_distrinet,cnn-s42,prim_pgd_p75_untargeted_padding-only,"PrimAttack padding-only (Prim-PGD, p75)",untargeted,p75,DoS,42,800,0,0,800,0.0,0.0,0.0,1.0,0,0,0.0,0.0,1.0,0.0,0.0,0.0,0.0,0,,,,0.007269300054758787,0.009086625068448484
class,cicids2018_distrinet,cnn-s42,prim_pgd_p75_untargeted_padding-only,"PrimAttack padding-only (Prim-PGD, p75)",untargeted,p75,DoS,2024,800,0,0,800,0.0,0.0,0.0,1.0,0,0,0.0,0.0,1.0,0.0,0.0,0.0,0.0,0,,,,0.008582100039348006,0.010727625049185008
class,cicids2018_distrinet,cnn-s42,prim_pgd_p75_untargeted_padding-only,"PrimAttack padding-only (Prim-PGD, p75)",untargeted,p75,DoS,2026,800,0,0,800,0.0,0.0,0.0,1.0,0,0,0.0,0.0,1.0,0.0,0.0,0.0,0.0,0,,,,0.007436899933964014,0.009296124917455018
class,cicids2018_distrinet,cnn-s42,prim_pgd_p75_untargeted_padding-only,"PrimAttack padding-only (Prim-PGD, p75)",untargeted,p75,DDoS,42,800,0,0,800,0.0,0.0,0.0,1.0,0,0,0.0,0.0,1.0,0.0,0.0,0.0,0.0,0,,,,0.008389099966734648,0.01048637495841831
class,cicids2018_distrinet,cnn-s42,prim_pgd_p75_untargeted_padding-only,"PrimAttack padding-only (Prim-PGD, p75)",untargeted,p75,DDoS,2024,800,0,0,800,0.0,0.0,0.0,1.0,0,0,0.0,0.0,1.0,0.0,0.0,0.0,0.0,0,,,,0.010377299971878529,0.01297162496484816
class,cicids2018_distrinet,cnn-s42,prim_pgd_p75_untargeted_padding-only,"PrimAttack padding-only (Prim-PGD, p75)",untargeted,p75,DDoS,2026,800,0,0,800,0.0,0.0,0.0,1.0,0,0,0.0,0.0,1.0,0.0,0.0,0.0,0.0,0,,,,0.009962399955838919,0.012452999944798648
class,cicids2018_distrinet,cnn-s42,prim_pgd_p75_untargeted_padding-only,"PrimAttack padding-only (Prim-PGD, p75)",untargeted,p75,Recon,42,800,0,0,800,0.0,0.0,0.0,1.0,0,0,0.0,0.0,3.52,0.014260671358565584,0.01,2.2131439109145033e-05,0.11,0,,,,1.894170500105247,2.3677131251315586
class,cicids2018_distrinet,cnn-s42,prim_pgd_p75_untargeted_padding-only,"PrimAttack padding-only (Prim-PGD, p75)",untargeted,p75,Recon,2024,800,0,0,800,0.0,0.0,0.0,1.0,0,0,0.0,0.0,3.52,0.014260671358565584,0.01,2.2131439109145033e-05,0.11,0,,,,1.9590509999543428,2.4488137499429286
class,cicids2018_distrinet,cnn-s42,prim_pgd_p75_untargeted_padding-only,"PrimAttack padding-only (Prim-PGD, p75)",untargeted,p75,Recon,2026,800,0,0,800,0.0,0.0,0.0,1.0,0,0,0.0,0.0,3.52,0.014260671358565584,0.01,2.2131439109145033e-05,0.11,0,,,,1.981803100090474,2.4772538751130924
class,cicids2018_distrinet,cnn-s42,prim_pgd_p75_untargeted_padding-only,"PrimAttack padding-only (Prim-PGD, p75)",untargeted,p75,BruteForce,42,800,0,0,800,0.0,0.0,0.0,1.0,0,0,0.0,0.0,1.0,0.0,0.0,0.0,0.0,0,,,,0.006979499943554401,0.008724374929443002
class,cicids2018_distrinet,cnn-s42,prim_pgd_p75_untargeted_padding-only,"PrimAttack padding-only (Prim-PGD, p75)",untargeted,p75,BruteForce,2024,800,0,0,800,0.0,0.0,0.0,1.0,0,0,0.0,0.0,1.0,0.0,0.0,0.0,0.0,0,,,,0.007132999831810594,0.008916249789763242
class,cicids2018_distrinet,cnn-s42,prim_pgd_p75_untargeted_padding-only,"PrimAttack padding-only (Prim-PGD, p75)",untargeted,p75,BruteForce,2026,800,0,0,800,0.0,0.0,0.0,1.0,0,0,0.0,0.0,1.0,0.0,0.0,0.0,0.0,0,,,,0.007909199921414256,0.00988649990176782
class,cicids2018_distrinet,ft_transformer-s42,prim_pgd_p75_untargeted_padding-only,"PrimAttack padding-only (Prim-PGD, p75)",untargeted,p75,DoS,42,800,0,0,800,0.0,0.0,0.0,1.0,0,0,0.0,0.0,1.0,0.0,0.0,0.0,0.0,0,,,,0.025811600033193827,0.03226450004149228
class,cicids2018_distrinet,ft_transformer-s42,prim_pgd_p75_untargeted_padding-only,"PrimAttack padding-only (Prim-PGD, p75)",untargeted,p75,DoS,2024,800,0,0,800,0.0,0.0,0.0,1.0,0,0,0.0,0.0,1.0,0.0,0.0,0.0,0.0,0,,,,0.02347290003672242,0.029341125045903027
class,cicids2018_distrinet,ft_transformer-s42,prim_pgd_p75_untargeted_padding-only,"PrimAttack padding-only (Prim-PGD, p75)",untargeted,p75,DoS,2026,800,0,0,800,0.0,0.0,0.0,1.0,0,0,0.0,0.0,1.0,0.0,0.0,0.0,0.0,0,,,,0.0255861000623554,0.03198262507794425
class,cicids2018_distrinet,ft_transformer-s42,prim_pgd_p75_untargeted_padding-only,"PrimAttack padding-only (Prim-PGD, p75)",untargeted,p75,DDoS,42,800,0,0,800,0.0,0.0,0.0,1.0,0,0,0.0,0.0,1.0,0.0,0.0,0.0,0.0,0,,,,0.025662199826911092,0.032077749783638865
class,cicids2018_distrinet,ft_transformer-s42,prim_pgd_p75_untargeted_padding-only,"PrimAttack padding-only (Prim-PGD, p75)",untargeted,p75,DDoS,2024,800,0,0,800,0.0,0.0,0.0,1.0,0,0,0.0,0.0,1.0,0.0,0.0,0.0,0.0,0,,,,0.02630129992030561,0.03287662490038201
class,cicids2018_distrinet,ft_transformer-s42,prim_pgd_p75_untargeted_padding-only,"PrimAttack padding-only (Prim-PGD, p75)",untargeted,p75,DDoS,2026,800,0,0,800,0.0,0.0,0.0,1.0,0,0,0.0,0.0,1.0,0.0,0.0,0.0,0.0,0,,,,0.02491459995508194,0.031143249943852425
class,cicids2018_distrinet,ft_transformer-s42,prim_pgd_p75_untargeted_padding-only,"PrimAttack padding-only (Prim-PGD, p75)",untargeted,p75,Recon,42,800,0,0,800,0.0,0.0,0.0,1.0,0,0,0.0,0.0,3.52,0.0,0.0,0.0,0.0,0,,,,2.353679300053045,2.9420991250663064
class,cicids2018_distrinet,ft_transformer-s42,prim_pgd_p75_untargeted_padding-only,"PrimAttack padding-only (Prim-PGD, p75)",untargeted,p75,Recon,2024,800,0,0,800,0.0,0.0,0.0,1.0,0,0,0.0,0.0,3.52,0.0,0.0,0.0,0.0,0,,,,2.328251800034195,2.910314750042744
class,cicids2018_distrinet,ft_transformer-s42,prim_pgd_p75_untargeted_padding-only,"PrimAttack padding-only (Prim-PGD, p75)",untargeted,p75,Recon,2026,800,0,0,800,0.0,0.0,0.0,1.0,0,0,0.0,0.0,3.52,0.0,0.0,0.0,0.0,0,,,,2.3816000998485833,2.977000124810729
class,cicids2018_distrinet,ft_transformer-s42,prim_pgd_p75_untargeted_padding-only,"PrimAttack padding-only (Prim-PGD, p75)",untargeted,p75,BruteForce,42,800,0,0,800,0.0,0.0,0.0,1.0,0,0,0.0,0.0,1.0,0.0,0.0,0.0,0.0,0,,,,0.024021399905905128,0.03002674988238141
class,cicids2018_distrinet,ft_transformer-s42,prim_pgd_p75_untargeted_padding-only,"PrimAttack padding-only (Prim-PGD, p75)",untargeted,p75,BruteForce,2024,800,0,0,800,0.0,0.0,0.0,1.0,0,0,0.0,0.0,1.0,0.0,0.0,0.0,0.0,0,,,,0.023642400046810508,0.029553000058513135
class,cicids2018_distrinet,ft_transformer-s42,prim_pgd_p75_untargeted_padding-only,"PrimAttack padding-only (Prim-PGD, p75)",untargeted,p75,BruteForce,2026,800,0,0,800,0.0,0.0,0.0,1.0,0,0,0.0,0.0,1.0,0.0,0.0,0.0,0.0,0,,,,0.025047600036486983,0.03130950004560873
