scope,dataset,victim,condition,method,objective,budget,source_class,n_per_seed,max_modified_outside_mask,raw_asr_mean,raw_asr_sd,raw_asr_seed42,raw_asr_seed2024,raw_asr_seed2026,valid_asr_mean,valid_asr_sd,valid_asr_seed42,valid_asr_seed2024,valid_asr_seed2026,validity_gap_pp_mean,validity_gap_pp_sd,validity_gap_pp_seed42,validity_gap_pp_seed2024,validity_gap_pp_seed2026,validator_pass_rate_mean,validator_pass_rate_sd,validator_pass_rate_seed42,validator_pass_rate_seed2024,validator_pass_rate_seed2026,raw_targeted_benign_asr_mean,raw_targeted_benign_asr_sd,raw_targeted_benign_asr_seed42,raw_targeted_benign_asr_seed2024,raw_targeted_benign_asr_seed2026,valid_targeted_benign_asr_mean,valid_targeted_benign_asr_sd,valid_targeted_benign_asr_seed42,valid_targeted_benign_asr_seed2024,valid_targeted_benign_asr_seed2026,mean_model_evaluations_mean,mean_model_evaluations_sd,mean_model_evaluations_seed42,mean_model_evaluations_seed2024,mean_model_evaluations_seed2026,mean_l2_robust_scaled_mean,mean_l2_robust_scaled_sd,mean_l2_robust_scaled_seed42,mean_l2_robust_scaled_seed2024,mean_l2_robust_scaled_seed2026,mean_linf_robust_scaled_mean,mean_linf_robust_scaled_sd,mean_linf_robust_scaled_seed42,mean_linf_robust_scaled_seed2024,mean_linf_robust_scaled_seed2026,mean_l2_train_minmax_mean,mean_l2_train_minmax_sd,mean_l2_train_minmax_seed42,mean_l2_train_minmax_seed2024,mean_l2_train_minmax_seed2026,mean_features_modified_mean,mean_features_modified_sd,mean_features_modified_seed42,mean_features_modified_seed2024,mean_features_modified_seed2026,median_primitive_cost_valid_mean,median_primitive_cost_valid_sd,median_primitive_cost_valid_seed42,median_primitive_cost_valid_seed2024,median_primitive_cost_valid_seed2026,ms_per_flow_mean,ms_per_flow_sd,ms_per_flow_seed42,ms_per_flow_seed2024,ms_per_flow_seed2026
victim,cicids2017_distrinet,mlp,prim_pgd_p75_untargeted,"PrimAttack (Prim-PGD, p75)",untargeted,p75,ALL,3200,0,0.0409375,0.0,0.0409375,0.0409375,0.0409375,0.0409375,0.0,0.0409375,0.0409375,0.0409375,0.0,0.0,0.0,0.0,0.0,1.0,0.0,1.0,1.0,1.0,0.0409375,0.0,0.0409375,0.0409375,0.0409375,0.0409375,0.0,0.0409375,0.0409375,0.0409375,187.08624999999998,3.4809342861069267e-14,187.08625,187.08625,187.08625,3417.90207691065,0.6252418360218441,3417.5888168239476,3417.4953878241377,3418.6220260838663,3417.8350516889436,0.6252638671170476,3417.5217351572005,3417.428389915473,3418.5550299941574,0.02089996104305322,1.260217354991348e-05,0.02090943678090476,0.020885659044668433,0.02090478730358646,8.128541666666665,0.003428017223312984,8.1246875,8.1296875,8.13125,0.6166668732961019,0.028867520342094364,0.6000001430511475,0.600000262260437,0.6500002145767212,7.068326562512084,0.08453330626839714,7.016550249973079,7.022553781280294,7.1658756562828785
victim,cicids2017_distrinet,cnn,prim_pgd_p75_untargeted,"PrimAttack (Prim-PGD, p75)",untargeted,p75,ALL,3200,0,0.1346875,0.0,0.1346875,0.1346875,0.1346875,0.1346875,0.0,0.1346875,0.1346875,0.1346875,0.0,0.0,0.0,0.0,0.0,1.0,0.0,1.0,1.0,1.0,0.13208333333333333,0.00018042195912177023,0.1321875,0.1321875,0.131875,0.13208333333333333,0.00018042195912177023,0.1321875,0.1321875,0.131875,187.08624999999998,3.4809342861069267e-14,187.08625,187.08625,187.08625,3117.709109962079,13.024162653592567,3102.7157569317183,3124.191717195859,3126.219855758658,3117.643598239118,13.024395247407853,3102.649871597166,3124.1275486317004,3126.1533744884887,0.01952183945277897,5.7041895979030855e-05,0.01946220592255158,0.01957587727177863,0.019527435164006703,8.198854166666665,0.002953634766408201,8.2021875,8.1965625,8.1978125,0.6399857401847839,0.01487447336903387,0.6242687106132507,0.6538426876068115,0.6418458223342896,7.222938656268525,0.04065671556216197,7.237819375077379,7.254058531252667,7.176938062475529
victim,cicids2017_distrinet,ft_transformer,prim_pgd_p75_untargeted,"PrimAttack (Prim-PGD, p75)",untargeted,p75,ALL,3200,0,0.00125,0.0,0.00125,0.00125,0.00125,0.00125,0.0,0.00125,0.00125,0.00125,0.0,0.0,0.0,0.0,0.0,1.0,0.0,1.0,1.0,1.0,0.00125,0.0,0.00125,0.00125,0.00125,0.00125,0.0,0.00125,0.00125,0.00125,187.165,0.0,187.165,187.165,187.165,2515.6708961791232,2.514281300459395,2514.269239460499,2518.5735713292434,2514.169877747627,2515.6192329029545,2.5162553092766524,2514.2148799845877,2518.524222436815,2514.11859628746,0.017194682156669465,0.0001250314435933213,0.01727252574640652,0.017261060616025066,0.017050460107576805,7.166041666666666,0.026973535448348993,7.190625,7.1703125,7.1371875,0.26530789335568744,0.014670251044823696,0.27245138585567474,0.24843411147594452,0.2750381827354431,13.846237854183224,0.06847755796189686,13.885771125060273,13.885775656308397,13.767166781181004
victim,cicids2018_distrinet,mlp-s42,prim_pgd_p75_untargeted,"PrimAttack (Prim-PGD, p75)",untargeted,p75,ALL,3200,0,0.0253125,0.0,0.0253125,0.0253125,0.0253125,0.0253125,0.0,0.0253125,0.0253125,0.0253125,0.0,0.0,0.0,0.0,0.0,1.0,0.0,1.0,1.0,1.0,0.0078125,0.0,0.0078125,0.0078125,0.0078125,0.0078125,0.0,0.0078125,0.0078125,0.0078125,189.92125,0.0,189.92125,189.92125,189.92125,353.04578498463803,4.409542530939486,355.8516921344472,347.96326225939106,355.3224005600759,352.9289134148889,4.408116807401047,355.73392374667304,347.8480347542807,355.20478174371283,0.008213592937826506,4.5230873206587575e-05,0.008232236102643677,0.008162020246613177,0.008246522464222663,6.601145833333334,0.030162860890229556,6.601875,6.570625,6.6309375,0.6079374154408773,0.013748172011949288,0.6000003218650818,0.5999994874000549,0.6238124370574951,2.966072041648052,0.07932583530034355,3.0511714686872438,2.894176906265784,2.952867749991128
victim,cicids2018_distrinet,cnn-s42,prim_pgd_p75_untargeted,"PrimAttack (Prim-PGD, p75)",untargeted,p75,ALL,3200,0,0.011562499999999998,2.1245936804851847e-18,0.0115625,0.0115625,0.0115625,0.011562499999999998,2.1245936804851847e-18,0.0115625,0.0115625,0.0115625,0.0,0.0,0.0,0.0,0.0,0.9989583333333334,0.00018042195912172215,0.99875,0.9990625,0.9990625,0.0,0.0,0.0,0.0,0.0,0.0,0.0,0.0,0.0,0.0,189.8425,0.0,189.8425,189.8425,189.8425,281.10543777246886,3.045533917032196,283.14963394827544,277.60519050909073,282.5614888600405,280.89347769229215,3.0338571881474152,282.9148791438788,277.40492677596745,282.36062715703014,0.005532038762503206,0.0001247666912475231,0.005658984119099977,0.0054095712999121075,0.005527560868497533,6.575729166666666,0.008616919524014154,6.5675,6.5846875,6.575,0.8478819529215494,0.034794604448529144,0.8690468072891235,0.8077241778373718,0.8668748736381531,2.832274947916934,0.09322962505751452,2.92919271865685,2.7432331563613843,2.8243989687325666
victim,cicids2018_distrinet,ft_transformer-s42,prim_pgd_p75_untargeted,"PrimAttack (Prim-PGD, p75)",untargeted,p75,ALL,3200,0,0.0,0.0,0.0,0.0,0.0,0.0,0.0,0.0,0.0,0.0,0.0,0.0,0.0,0.0,0.0,0.999375,0.0,0.999375,0.999375,0.999375,0.0,0.0,0.0,0.0,0.0,0.0,0.0,0.0,0.0,0.0,189.92125,0.0,189.92125,189.92125,189.92125,247.3859949438006,0.8425064742135705,246.78503458059305,248.34900975882505,247.0239404919837,246.93189482250833,0.8674902830452627,246.36498014286187,247.930541088895,246.50016323576816,0.005443798943982591,0.0001730911468924542,0.005338883689032396,0.0053489299374379125,0.005643583205477464,7.797708333333333,0.0020090939085402135,7.8,7.79625,7.796875,,,,,,13.040069895844985,0.06419450889906278,13.092486781315529,13.059251843733364,12.96847106248606
victim,cicids2017_distrinet,mlp,pgd_untargeted,PGD,untargeted,native,ALL,3200,56,1.0,0.0,1.0,1.0,1.0,0.0,0.0,0.0,0.0,0.0,100.0,0.0,100.0,100.0,100.0,0.0,0.0,0.0,0.0,0.0,0.9295833333333334,0.004018187817080376,0.93125,0.9325,0.925,0.0,0.0,0.0,0.0,0.0,40.0,0.0,40.0,40.0,40.0,4.379267632951019,0.0009047962163026022,4.3789960719030825,4.380277110871669,4.378529716078305,0.5000182568009027,1.916674754418433e-06,0.5000171493541283,0.5000204699860539,0.5000171510625263,1.213338698501641,0.0005690227873373849,1.2131604728408796,1.2139755006991761,1.2128801219648677,78.42645833333334,0.0096437182706329,78.4196875,78.4375,78.4221875,,,,,,0.042289052119789027,0.0071567560630288775,0.050540843803901225,0.037775718737975694,0.03855059381749015
victim,cicids2017_distrinet,cnn,pgd_untargeted,PGD,untargeted,native,ALL,3200,56,0.96125,0.00093749999999998,0.9621875,0.96125,0.9603125,0.0,0.0,0.0,0.0,0.0,96.125,0.09375,96.21875,96.125,96.03125,0.0,0.0,0.0,0.0,0.0,0.8185416666666666,0.002127143526735616,0.8178125,0.816875,0.8209375,0.0,0.0,0.0,0.0,0.0,40.0,0.0,40.0,40.0,40.0,4.009831988335277,0.0014425491988031688,4.009496241111652,4.00858692049666,4.011412803397517,0.5000182069429123,1.9140720564501894e-06,0.5000171016811531,0.5000204171229374,0.5000171020246462,1.1201299977409904,0.0010016386652333782,1.1192662731100638,1.1198957032902654,1.121228016822642,78.41760416666666,0.009107288747663525,78.4090625,78.4271875,78.4165625,,,,,,1.5439782916655531,0.01456129498910645,1.5606795000348939,1.5339443749689963,1.5373109999927692
victim,cicids2017_distrinet,ft_transformer,pgd_untargeted,PGD,untargeted,native,ALL,3200,56,0.9736458333333333,0.0028182810955143063,0.9734375,0.9765625,0.9709375,0.0,0.0,0.0,0.0,0.0,97.36458333333333,0.2818281095514309,97.34375,97.65625,97.09375,0.0,0.0,0.0,0.0,0.0,0.8780208333333333,0.006110420573359392,0.87125,0.883125,0.8796875,0.0,0.0,0.0,0.0,0.0,40.0,0.0,40.0,40.0,40.0,4.1439736566686465,0.0028236181301029353,4.141026071437472,4.1466543566225855,4.144240541945883,0.5000182335760526,1.9168826025246937e-06,0.5000171294405481,0.5000204469994268,0.5000171242881829,1.1441638924475948,0.0005673147508320994,1.14432699489706,1.1446317902375538,1.1435328922081707,78.41875,0.009762812094890815,78.41375,78.43,78.4125,,,,,,3.8818746041700556,0.031809901511856475,3.9180903438682435,3.8584577812434873,3.8690756873984355
victim,cicids2018_distrinet,mlp-s42,pgd_untargeted,PGD,untargeted,native,ALL,3200,56,0.9434374999999999,0.0025000000000000022,0.9434375,0.9409375,0.9459375,0.0,0.0,0.0,0.0,0.0,94.34375,0.25,94.34375,94.09375,94.59375,0.0,0.0,0.0,0.0,0.0,0.695625,0.005029211543572244,0.69,0.6996875,0.6971875,0.0,0.0,0.0,0.0,0.0,40.0,0.0,40.0,40.0,40.0,4.34072744138388,0.0006917287200247287,4.3400360841302525,4.3407266990485684,4.341419540972819,0.5000028567901963,9.787682140907005e-09,0.5000028455142196,0.500002863089988,0.5000028617663813,0.8809185247715504,0.0009708890301700052,0.879915355514446,0.881853542313141,0.8809866764870642,78.75354166666666,0.009633586537907341,78.7459375,78.7503125,78.764375,,,,,,0.04265265624174693,0.009535135221433923,0.05366287499782629,0.03715831247973256,0.03713678124768194
victim,cicids2018_distrinet,cnn-s42,pgd_untargeted,PGD,untargeted,native,ALL,3200,56,0.9969791666666667,0.00018042195912178625,0.9971875,0.996875,0.996875,0.0,0.0,0.0,0.0,0.0,99.69791666666667,0.018042195912175808,99.71875,99.6875,99.6875,0.0,0.0,0.0,0.0,0.0,0.9844791666666667,0.0007864410870073824,0.9853125,0.984375,0.98375,0.0,0.0,0.0,0.0,0.0,40.0,0.0,40.0,40.0,40.0,3.9432020006660413,0.0012576078692572074,3.9421552696557614,3.9445970560225083,3.9428536763198547,0.5000018160419291,5.5153290592687996e-08,0.5000017815700026,0.5000017869027892,0.5000018796529953,0.8568384940177936,0.000643284766503096,0.8573058836154039,0.8571047747322379,0.8561048237057388,78.75291666666666,0.00750216982501313,78.7453125,78.753125,78.7603125,,,,,,1.6526451562579798,0.04221080709221715,1.6039680938411038,1.6748250000819098,1.679142374850926
victim,cicids2018_distrinet,ft_transformer-s42,pgd_untargeted,PGD,untargeted,native,ALL,3200,56,0.9169791666666667,0.0018042195912176063,0.9190625,0.9159375,0.9159375,0.0,0.0,0.0,0.0,0.0,91.69791666666667,0.18042195912175807,91.90625,91.59375,91.59375,0.0,0.0,0.0,0.0,0.0,0.5160416666666667,0.007969260604556288,0.508125,0.5240625,0.5159375,0.0,0.0,0.0,0.0,0.0,40.0,0.0,40.0,40.0,40.0,4.002885034300125,0.0015705779188039473,4.002338429621016,4.001660794489149,4.004655878790211,0.5000029034256691,7.386774672199301e-09,0.5000029037159341,0.5000028958980404,0.5000029106630327,0.784728029724754,0.0010036668712758235,0.7837241466953757,0.7847284621807101,0.7857314802981762,78.75468749999999,0.004603412457079746,78.750625,78.75375,78.7596875,,,,,,20.96586056247664,0.05781294849963618,20.957298968714895,21.02747687495139,20.912805843763635
victim,cicids2017_distrinet,mlp,cw_untargeted,C&W,untargeted,native,ALL,3200,56,0.999375,0.0,0.999375,0.999375,0.999375,0.0,0.0,0.0,0.0,0.0,99.9375,0.0,99.9375,99.9375,99.9375,0.0,0.0,0.0,0.0,0.0,0.9696875,0.0,0.9696875,0.9696875,0.9696875,0.0,0.0,0.0,0.0,0.0,120.0,0.0,120.0,120.0,120.0,1.3227477449985898,0.0,1.3227477449985898,1.3227477449985898,1.3227477449985898,0.3246655578979133,0.0,0.3246655578979133,0.3246655578979133,0.3246655578979133,0.4891541938779705,0.0,0.4891541938779705,0.4891541938779705,0.4891541938779705,77.65375,0.0,77.65375,77.65375,77.65375,,,,,,0.2821112499562635,0.12199902400269577,0.42298287495214026,0.21206378121860325,0.2112870936980471
victim,cicids2017_distrinet,cnn,cw_untargeted,C&W,untargeted,native,ALL,3200,56,0.9553125000000001,1.3597399555105182e-16,0.9553125,0.9553125,0.9553125,0.0,0.0,0.0,0.0,0.0,95.53125,0.0,95.53125,95.53125,95.53125,0.0,0.0,0.0,0.0,0.0,0.6415625,0.0,0.6415625,0.6415625,0.6415625,0.0,0.0,0.0,0.0,0.0,120.0,0.0,120.0,120.0,120.0,1.4068174940243463,0.0,1.4068174940243463,1.4068174940243463,1.4068174940243463,0.37869858936357753,0.0,0.37869858936357753,0.37869858936357753,0.37869858936357753,0.36030562826540175,0.0,0.36030562826540175,0.36030562826540175,0.36030562826540175,77.658125,0.0,77.658125,77.658125,77.658125,,,,,,4.841307083382465,0.11482632682006627,4.868379281251691,4.940178312535863,4.715363656359841
victim,cicids2017_distrinet,ft_transformer,cw_untargeted,C&W,untargeted,native,ALL,3200,56,0.7715625,0.0,0.7715625,0.7715625,0.7715625,0.0,0.0,0.0,0.0,0.0,77.15625,0.0,77.15625,77.15625,77.15625,0.0,0.0,0.0,0.0,0.0,0.51875,0.0,0.51875,0.51875,0.51875,0.0,0.0,0.0,0.0,0.0,120.0,0.0,120.0,120.0,120.0,0.8451463526765979,0.0,0.8451463526765979,0.8451463526765979,0.8451463526765979,0.36857997784840796,0.0,0.36857997784840796,0.36857997784840796,0.36857997784840796,0.17732425882789463,0.0,0.17732425882789463,0.17732425882789463,0.17732425882789463,77.6528125,0.0,77.6528125,77.6528125,77.6528125,,,,,,7.5570485416634865,0.14131094167887445,7.393895531276939,7.640770656216773,7.636479437496746
victim,cicids2018_distrinet,mlp-s42,cw_untargeted,C&W,untargeted,native,ALL,3200,56,0.8762500000000001,1.3597399555105182e-16,0.87625,0.87625,0.87625,0.0,0.0,0.0,0.0,0.0,87.625,0.0,87.625,87.625,87.625,0.0,0.0,0.0,0.0,0.0,0.6746875,0.0,0.6746875,0.6746875,0.6746875,0.0,0.0,0.0,0.0,0.0,120.0,0.0,120.0,120.0,120.0,1.56497160045469,0.0,1.56497160045469,1.56497160045469,1.56497160045469,0.383128537729795,0.0,0.383128537729795,0.383128537729795,0.383128537729795,0.34757609132711154,0.0,0.34757609132711154,0.34757609132711154,0.34757609132711154,78.4990625,0.0,78.4990625,78.4990625,78.4990625,,,,,,0.27757345827315777,0.11909138494560667,0.41505321860313416,0.2061419999517966,0.2115251562645426
victim,cicids2018_distrinet,cnn-s42,cw_untargeted,C&W,untargeted,native,ALL,3200,56,0.9915625,0.0,0.9915625,0.9915625,0.9915625,0.0,0.0,0.0,0.0,0.0,99.15625,0.0,99.15625,99.15625,99.15625,0.0,0.0,0.0,0.0,0.0,0.850625,0.0,0.850625,0.850625,0.850625,0.0,0.0,0.0,0.0,0.0,120.0,0.0,120.0,120.0,120.0,1.1360672864750017,0.0,1.1360672864750017,1.1360672864750017,1.1360672864750017,0.327535625844226,0.0,0.327535625844226,0.327535625844226,0.327535625844226,0.28293444240071175,0.0,0.28293444240071175,0.28293444240071175,0.28293444240071175,78.466875,0.0,78.466875,78.466875,78.466875,,,,,,5.066517864688649,0.05462945958655643,5.059194062632741,5.0159197500761366,5.124439781357069
victim,cicids2018_distrinet,ft_transformer-s42,cw_untargeted,C&W,untargeted,native,ALL,3200,56,0.5359375,0.0,0.5359375,0.5359375,0.5359375,0.0,0.0,0.0,0.0,0.0,53.59374999999999,0.0,53.59374999999999,53.59374999999999,53.59374999999999,0.0,0.0,0.0,0.0,0.0,0.4040625,0.0,0.4040625,0.4040625,0.4040625,0.0,0.0,0.0,0.0,0.0,120.0,0.0,120.0,120.0,120.0,0.5646281501785794,0.0,0.5646281501785794,0.5646281501785794,0.5646281501785794,0.2523557222686761,0.0,0.2523557222686761,0.2523557222686761,0.2523557222686761,0.08834109089350951,0.0,0.08834109089350951,0.08834109089350951,0.08834109089350951,78.4425,0.0,78.4425,78.4425,78.4425,,,,,,57.91771835421969,0.15651161523077028,57.805091843838454,58.0964339687489,57.85162925007171
victim,cicids2017_distrinet,mlp,capgd_prim_support,CAPGD-PrimSupport,untargeted,native,ALL,3200,0,0.9440624999999999,0.007064159097160787,0.9459375,0.95,0.93625,0.02010416666666667,0.0009547032697824675,0.0203125,0.0190625,0.0209375,92.39583333333333,0.7944714569028476,92.5625,93.09375,91.53125,0.020625,0.0014320549046736998,0.021875,0.0190625,0.0209375,0.7201041666666668,0.012563640080937273,0.731875,0.7215625,0.706875,0.004166666666666667,0.0007864410870073698,0.0034375,0.0040625,0.005,24.7675,0.0,24.7675,24.7675,24.7675,89601.04706360254,7727.088404339124,97811.35322510535,88520.96419017923,82470.82377552307,89502.30563563656,7715.25868672376,97682.52591812573,88468.04459088398,82356.34639789996,2.7620859758517455,2.1311273793385235,5.199760854052346,1.834812934627026,1.251684138875865,18.960729166666667,0.053780272482885076,18.9284375,19.0228125,18.9309375,,,,,,13.50549442708143,0.14034623309716274,13.527802750104456,13.633350406162208,13.355330124977627
victim,cicids2017_distrinet,cnn,capgd_prim_support,CAPGD-PrimSupport,untargeted,native,ALL,3200,0,0.9653125,0.010680004681646907,0.9753125,0.9665625,0.9540625,0.05145833333333333,0.0007216878364870289,0.051875,0.051875,0.050625,91.38541666666667,1.0026007846263305,92.34375,91.46875,90.34375,0.05145833333333333,0.0007216878364870289,0.051875,0.051875,0.050625,0.8286458333333333,0.014738387024479091,0.840625,0.833125,0.8121875,0.024479166666666666,0.0003608439182435164,0.0246875,0.0246875,0.0240625,23.51125,0.0,23.51125,23.51125,23.51125,69912.91305517533,4668.546517438595,75272.31443373038,67736.14301036549,66730.28172143012,69844.87350468845,4696.5533168646925,75230.85367264086,67700.5420404115,66603.22480101301,4.460416984720919,1.1092268231904523,5.739357629042684,3.8810903780385098,3.7608029470815647,19.59447916666667,0.07398950340813998,19.52625,19.673125,19.5840625,,,,,,13.646577927041411,0.060036102932063545,13.583917593641672,13.7035906874371,13.65222550004546
victim,cicids2017_distrinet,ft_transformer,capgd_prim_support,CAPGD-PrimSupport,untargeted,native,ALL,3200,0,0.5220833333333333,0.043261032432008954,0.518125,0.5671875,0.4809375,0.0017708333333333332,0.00018042195912175795,0.0015625,0.001875,0.001875,52.03125,4.324710973001549,51.65624999999999,56.53125,47.90625,0.0025,0.0010825317547305483,0.00375,0.001875,0.001875,0.4402083333333333,0.03056169051416061,0.4459375,0.4675,0.4071875,0.00010416666666666667,0.00018042195912175806,0.0,0.0003125,0.0,24.89125,0.0,24.89125,24.89125,24.89125,238260.54118546052,42129.49156684153,272238.5498793359,251421.41666547683,191121.65701156884,236922.49653545945,41952.85499216834,270666.6201461022,250150.97680675436,189949.89265352173,42.8502518316983,12.686215275145416,53.6134693054181,46.0741599426165,28.86312624706032,20.499166666666667,0.054094402918261855,20.4371875,20.5234375,20.536875,,,,,,15.817431375010832,0.19663753595890665,15.712354531278834,15.695655531162629,16.044284062591032
victim,cicids2018_distrinet,mlp-s42,capgd_prim_support,CAPGD-PrimSupport,untargeted,native,ALL,3200,0,0.9157291666666666,0.00839301544936819,0.9253125,0.9096875,0.9121875,0.0013541666666666667,0.0001804219591217581,0.00125,0.00125,0.0015625,91.4375,0.8460616481675552,92.40625,90.84375,91.0625,0.0013541666666666667,0.0001804219591217581,0.00125,0.00125,0.0015625,0.8424999999999999,0.018309940094112794,0.8584375,0.8225,0.8465625,0.0013541666666666667,0.0001804219591217581,0.00125,0.00125,0.0015625,22.663750000000004,4.351167857633658e-15,22.66375,22.66375,22.66375,892581.2708534886,295998.1697228606,925243.8435665618,1170893.470318556,581606.4986753479,890525.8334844722,296006.7894671235,923170.6932564358,1168857.0210181407,579549.7861788402,1104.2962674711025,368.17254258159886,1145.5938577268762,1450.0787795350261,717.2161651514054,18.696354166666666,0.05729696945156385,18.6734375,18.7615625,18.6540625,,,,,,13.402265291709531,0.08336347253618347,13.339813687634887,13.496928593813209,13.370053593680495
victim,cicids2018_distrinet,cnn-s42,capgd_prim_support,CAPGD-PrimSupport,untargeted,native,ALL,3200,0,0.7601041666666667,0.016786030898736405,0.7671875,0.7409375,0.7721875,0.002916666666666667,0.0006505206248331664,0.0021875,0.003125,0.0034375,75.71875,1.6883678324050124,76.5,73.78125,76.875,0.0031249999999999997,0.0006249999999999999,0.0025,0.003125,0.00375,0.5244791666666667,0.03343068466369381,0.528125,0.489375,0.5559375,0.00125,0.0005412658773652742,0.000625,0.0015625,0.0015625,24.02125,0.0,24.02125,24.02125,24.02125,1270811.1124294212,422825.23173938924,1401800.7792097526,1612639.8076906842,797992.7503878262,1269363.24568185,423086.9665057223,1400320.386814624,1611487.731552436,796281.6186784899,1577.3408600396817,525.6482528570987,1739.4403895618036,2002.8470079163578,989.7351826408843,19.749270833333334,0.08094554335837953,19.7609375,19.82375,19.663125,,,,,,14.232324177064584,0.24858211326053903,14.519322156265844,14.084679468724062,14.092970906203846
victim,cicids2018_distrinet,ft_transformer-s42,capgd_prim_support,CAPGD-PrimSupport,untargeted,native,ALL,3200,0,0.09739583333333333,0.007045702738785775,0.1046875,0.096875,0.090625,0.0,0.0,0.0,0.0,0.0,9.739583333333334,0.7045702738785772,10.46875,9.6875,9.0625,0.00020833333333333335,0.00018042195912175806,0.0003125,0.0,0.0003125,0.09479166666666666,0.007087161955489189,0.1028125,0.0921875,0.089375,0.0,0.0,0.0,0.0,0.0,24.93625,0.0,24.93625,24.93625,24.93625,2226137.914216095,770158.5504999928,2356783.037040721,2922617.8743406003,1399012.8312669648,2223621.489594234,770082.5084693647,2354251.875268157,2920033.83768282,1396578.7558317261,2760.850567761545,957.6954541535778,2924.559585240196,3626.139185008761,1731.852933035677,20.190729166666667,0.041881218443752616,20.2265625,20.2009375,20.1446875,,,,,,26.53909908333541,0.1945288061575992,26.574836343788775,26.713281468692003,26.329179437525454
victim,cicids2017_distrinet,mlp,cpgd_prim_support,C-PGD-PrimSupport,untargeted,native,ALL,3200,0,0.5080208333333333,0.020370909609866057,0.5140625,0.5246875,0.4853125,0.0,0.0,0.0,0.0,0.0,50.802083333333336,2.037090960986606,51.40625,52.46875,48.53125,0.0,0.0,0.0,0.0,0.0,0.38833333333333336,0.020526120300323032,0.4015625,0.39875,0.3646875,0.0,0.0,0.0,0.0,0.0,40.0,0.0,40.0,40.0,40.0,1240.6437626966344,631.6778199933622,1260.1194248564927,1862.3585364962344,599.4533267371762,1220.5025769168503,630.4664380024789,1241.0212510777299,1840.4592087355993,580.0272709372217,0.18920923906196996,0.017170402835810998,0.19930613146220555,0.16938370565098496,0.19893788007271934,20.653645833333332,0.06872040082525345,20.7328125,20.61875,20.609375,,,,,,10.608670458338262,0.19295226792824408,10.796877874963684,10.617833656360744,10.411299843690358
victim,cicids2017_distrinet,cnn,cpgd_prim_support,C-PGD-PrimSupport,untargeted,native,ALL,3200,0,0.6041666666666666,0.029753763767519092,0.635,0.601875,0.575625,0.0,0.0,0.0,0.0,0.0,60.416666666666664,2.9753763767519077,63.5,60.18750000000001,57.56250000000001,0.0,0.0,0.0,0.0,0.0,0.4266666666666666,0.047085292179016275,0.47,0.4334375,0.3765625,0.0,0.0,0.0,0.0,0.0,40.0,0.0,40.0,40.0,40.0,1212.107871901584,595.6085295524077,1173.06291621895,1826.2782615801386,636.9824379056633,1188.7061720012873,595.1934125272611,1151.5521482525278,1801.6062292014424,612.9601385498913,0.1883875443040721,0.01757742004597298,0.1986008301163514,0.1680910268046353,0.19847077599122953,20.989166666666666,0.08330709222259151,21.0853125,20.9384375,20.94375,,,,,,10.415852874963699,0.11998802283969298,10.50965768750757,10.457254593638936,10.280646343744593
victim,cicids2017_distrinet,ft_transformer,cpgd_prim_support,C-PGD-PrimSupport,untargeted,native,ALL,3200,0,0.21614583333333334,0.0030671733050698854,0.214375,0.2196875,0.214375,0.0,0.0,0.0,0.0,0.0,21.614583333333332,0.3067173305069887,21.4375,21.96875,21.4375,0.0,0.0,0.0,0.0,0.0,0.19822916666666668,0.006205571253586032,0.203125,0.2003125,0.19125,0.0,0.0,0.0,0.0,0.0,40.0,0.0,40.0,40.0,40.0,1215.4840059424323,625.0588449974546,1162.2313506300984,1865.4655098313722,618.7551573658264,1200.9511109248963,624.1454282456812,1146.7291326286056,1850.438592561481,605.6856075846028,0.18883383883561336,0.017568993669398937,0.19936725881199835,0.16855197529322102,0.1985822824016207,21.235208333333336,0.09699052251809608,21.339375,21.21875,21.1475,,,,,,13.141548322989062,0.2763437604959022,13.371864406217355,12.835126718928223,13.217653843821608
victim,cicids2018_distrinet,mlp-s42,cpgd_prim_support,C-PGD-PrimSupport,untargeted,native,ALL,3200,0,0.28250000000000003,0.005144399260360746,0.2765625,0.2853125,0.285625,0.0,0.0,0.0,0.0,0.0,28.25,0.5144399260360737,27.65625,28.531250000000004,28.5625,0.0,0.0,0.0,0.0,0.0,0.23270833333333332,0.008639555954059986,0.2228125,0.2365625,0.23875,0.0,0.0,0.0,0.0,0.0,40.0,0.0,40.0,40.0,40.0,672.7843124286884,31.631045929542726,650.8530306995742,709.0439689468642,658.4559376396268,622.2091557735858,37.3800724609435,600.2142049706381,665.3692868733586,601.0439754767609,0.19197869446692495,0.013806004077728286,0.20096353220360352,0.17608187878295278,0.19889067241421857,20.785833333333333,0.09729361837799681,20.8940625,20.705625,20.7578125,,,,,,10.284341489629393,0.13226246856676654,10.424913406241103,10.265756718799821,10.162354343847255
victim,cicids2018_distrinet,cnn-s42,cpgd_prim_support,C-PGD-PrimSupport,untargeted,native,ALL,3200,0,0.5054166666666667,0.032983680466002196,0.4784375,0.495625,0.5421875,0.0,0.0,0.0,0.0,0.0,50.541666666666664,3.2983680466002214,47.84375,49.5625,54.21875000000001,0.0,0.0,0.0,0.0,0.0,0.4610416666666666,0.03185405766277405,0.4359375,0.4503125,0.496875,0.0,0.0,0.0,0.0,0.0,40.0,0.0,40.0,40.0,40.0,690.3666923733587,39.538369473702936,664.145045363956,735.8441898147615,671.1108419413583,630.8194593801885,42.15786557597232,606.0316136349558,679.4964038662905,606.9303606393194,0.1957836964667171,0.012874271887093672,0.20418512390104002,0.18096182982615955,0.2022041356729517,20.871145833333333,0.10482143174028559,20.9909375,20.79625,20.82625,,,,,,10.410322781220506,0.18461490648331721,10.600653625078849,10.232011156113003,10.398303562469664
victim,cicids2018_distrinet,ft_transformer-s42,cpgd_prim_support,C-PGD-PrimSupport,untargeted,native,ALL,3200,0,0.016458333333333335,0.004219714395943562,0.0121875,0.0165625,0.020625,0.0,0.0,0.0,0.0,0.0,1.6458333333333333,0.42197143959435607,1.21875,1.65625,2.0625,0.0,0.0,0.0,0.0,0.0,0.016458333333333335,0.004219714395943562,0.0121875,0.0165625,0.020625,0.0,0.0,0.0,0.0,0.0,40.0,0.0,40.0,40.0,40.0,713.0076144542719,29.121800274852436,693.9519644622773,746.5300410053137,698.5408378952249,643.2541632154699,33.693054799882866,624.9033980227971,682.1391234658298,622.7199681577829,0.19970881449097463,0.013433954659026177,0.20844795302133912,0.18424006818012387,0.20643842227146095,21.08791666666667,0.10735106567744482,21.211875,21.0259375,21.0259375,,,,,,30.622853010475712,0.3718781562338256,30.953186093829572,30.695285718829837,30.22008721876773
victim,cicids2017_distrinet,mlp,capgd_native,CAPGD (native),untargeted,native,ALL,3200,1,0.9464583333333333,0.008757437315409856,0.946875,0.955,0.9375,0.09531249999999998,0.008506660993010125,0.0965625,0.103125,0.08625,85.11458333333333,0.07864410870073697,85.03125,85.1875,85.125,0.098125,0.0058379817788341845,0.0971875,0.104375,0.0928125,0.7227083333333334,0.014063657359781385,0.73375,0.7275,0.706875,0.0165625,0.0015624999999999997,0.015,0.018125,0.0165625,24.76,0.0,24.76,24.76,24.76,89238.60280460567,3718.3027541501315,92459.68212809684,90086.57109797305,85169.55518774713,89109.61054617733,3700.785176645959,92294.82359130289,89984.11251667967,85049.89553054946,2.7993479602327356,1.876170602027055,4.950343913803691,1.94729669678535,1.500403270109166,14.099583333333333,0.006205571253586099,14.1040625,14.1021875,14.0925,,,,,,13.241663499963275,0.19843617899787397,13.072640312457224,13.19219640623487,13.460153781197732
victim,cicids2017_distrinet,cnn,capgd_native,CAPGD (native),untargeted,native,ALL,3200,1,0.9625,0.011870887445764113,0.9753125,0.9603125,0.951875,0.19239583333333332,0.001262953713852307,0.19125,0.1921875,0.19375,77.01041666666667,1.3081525220070225,78.40625,76.8125,75.8125,0.19479166666666667,0.0025065019615658148,0.1921875,0.195,0.1971875,0.8226041666666667,0.02380202634931179,0.8484375,0.8178125,0.8015625,0.11979166666666667,0.003956962481921371,0.1240625,0.11625,0.1190625,23.51875,0.0,23.51875,23.51875,23.51875,72500.78644342844,8878.64945141305,81855.3265755904,64190.35655869018,71456.67619600477,72390.25419324632,8834.931758799929,81707.1296449595,64132.803679749224,71330.82925503024,5.3410066027821435,2.1759719988474213,7.60588915157038,3.2664483399444886,5.1506823168315625,14.330416666666666,0.007045702738786456,14.3309375,14.323125,14.3371875,,,,,,13.696375229167947,0.17055019341613964,13.774127906290232,13.814193687503575,13.50080409371003
victim,cicids2017_distrinet,ft_transformer,capgd_native,CAPGD (native),untargeted,native,ALL,3200,1,0.5061458333333334,0.033912129866514366,0.494375,0.544375,0.4796875,0.05708333333333334,0.010722591027048143,0.045625,0.05875,0.066875,44.90625,3.640725588739149,44.875,48.56250000000001,41.28125,0.08072916666666667,0.026127566660202658,0.0525,0.085625,0.1040625,0.4088541666666667,0.019111957698868365,0.405625,0.429375,0.3915625,0.017708333333333336,0.006602063282287844,0.016875,0.0115625,0.0246875,24.91,0.0,24.91,24.91,24.91,235757.7943269535,45676.28971376381,277174.4211824564,243330.58248576886,186768.37931263525,234432.3995415183,45462.79889126277,275606.0130459554,242048.71755000367,185642.46802859585,42.215705292626716,13.04487643046147,53.8563964040614,44.67422040261292,28.11649907120583,14.698749999999999,0.01968253905749965,14.6778125,14.716875,14.7015625,,,,,,15.69187368748923,0.028568697697923987,15.660617937537609,15.716638250014512,15.698364874915569
victim,cicids2018_distrinet,mlp-s42,capgd_native,CAPGD (native),untargeted,native,ALL,3200,1,0.8041666666666666,0.006891552044593001,0.81,0.7965625,0.8059375,0.2841666666666667,0.011320669241848453,0.2815625,0.274375,0.2965625,52.0,0.9717694878416484,52.843750000000014,52.21875,50.93749999999999,0.2960416666666667,0.01831349542231993,0.285625,0.2853125,0.3171875,0.7137500000000001,0.016240983075232855,0.7259375,0.6953125,0.72,0.28260416666666666,0.010608136126734672,0.280625,0.273125,0.2940625,23.320000000000004,4.351167857633658e-15,23.32,23.32,23.32,1422845.5461857768,462086.6219120369,1542208.2370627334,1813540.1072632188,912788.2942313786,1420765.7816971794,462069.7353148906,1540178.9064133244,1811407.772715398,910710.6659628163,1760.5806506861527,575.0516070024815,1909.8951273007262,2246.2476408583448,1125.5991838993866,13.5540625,0.0378202471402561,13.510625,13.571875,13.5796875,,,,,,13.660629260411952,0.05618282622884243,13.595784812496277,13.691346156265354,13.694756812474225
victim,cicids2018_distrinet,cnn-s42,capgd_native,CAPGD (native),untargeted,native,ALL,3200,1,0.664375,0.01279724701840202,0.6665625,0.650625,0.6759375,0.1630208333333333,0.0321925562371697,0.1515625,0.138125,0.199375,50.135416666666664,2.150656997485493,51.49999999999999,51.24999999999999,47.65625,0.180625,0.04145663208402244,0.15875,0.1546875,0.2284375,0.3598958333333333,0.02578708898525256,0.3565625,0.3359375,0.3871875,0.131875,0.027387910768256866,0.1178125,0.114375,0.1634375,24.49,0.0,24.49,24.49,24.49,1332053.8637605158,435094.5294717209,1454005.0575415967,1693160.2249394301,848996.3088005203,1330141.9482000927,435354.0840067475,1452021.4095261893,1691567.2565039308,846837.1785701577,1651.3424605962389,539.8094337396708,1802.5297407000858,2099.438642390649,1052.0589986979817,14.194270833333334,0.013351224975009233,14.1865625,14.2096875,14.1865625,,,,,,14.229186177083951,0.2832214711025403,13.916773031305638,14.301649562476086,14.469135937470128
victim,cicids2018_distrinet,ft_transformer-s42,capgd_native,CAPGD (native),untargeted,native,ALL,3200,1,0.05958333333333334,0.005315562842572115,0.065625,0.0575,0.055625,0.004479166666666667,0.004521361336293897,0.0021875,0.0015625,0.0096875,5.510416666666667,0.8779711460710621,6.343750000000001,5.59375,4.59375,0.050729166666666665,0.039536293321242616,0.0115625,0.05,0.090625,0.0590625,0.004666620163458775,0.064375,0.0571875,0.055625,0.004479166666666667,0.004521361336293897,0.0021875,0.0015625,0.0096875,24.985,0.0,24.985,24.985,24.985,2208708.565807237,790194.37559847,2319736.0705302316,2937517.3371078456,1368872.2897836335,2206196.4856653824,790113.7976908161,2317211.7385584386,2934931.502487008,1366446.215950699,2739.115286093109,982.5604062534348,2878.4912462811426,3644.5456107335294,1694.309001264655,14.300520833333332,0.019541455666948985,14.30125,14.280625,14.3196875,,,,,,26.280325708382104,0.14506524326050652,26.140123781224247,26.271044750101282,26.42980859382078
victim,cicids2017_distrinet,mlp,prim_pgd_unbounded_untargeted,"PrimAttack (Prim-PGD, unbounded)",untargeted,unbounded,ALL,3200,0,0.22968749999999996,3.3993498887762956e-17,0.2296875,0.2296875,0.2296875,0.22968749999999996,3.3993498887762956e-17,0.2296875,0.2296875,0.2296875,0.0,0.0,0.0,0.0,0.0,1.0,0.0,1.0,1.0,1.0,0.22875,0.0,0.22875,0.22875,0.22875,0.22875,0.0,0.22875,0.22875,0.22875,187.08624999999998,3.4809342861069267e-14,187.08625,187.08625,187.08625,27275.147609797685,439.00307746591074,27252.867329801684,26847.70891552867,27724.866584062704,27275.138527157596,439.00293175135664,27252.859952839062,26847.699060920124,27724.8565677136,0.19775354301234546,0.0036966685950785717,0.1976588324087434,0.1941051397819891,0.20149665684630388,8.43625,0.00533085065913556,8.4378125,8.4303125,8.440625,0.30000001192092896,0.0,0.30000001192092896,0.30000001192092896,0.30000001192092896,7.111007166677155,0.013992241471177483,7.102584781387122,7.103277656206046,7.127159062438295
victim,cicids2017_distrinet,cnn,prim_pgd_unbounded_untargeted,"PrimAttack (Prim-PGD, unbounded)",untargeted,unbounded,ALL,3200,0,0.599375,0.0,0.599375,0.599375,0.599375,0.599375,0.0,0.599375,0.599375,0.599375,0.0,0.0,0.0,0.0,0.0,1.0,0.0,1.0,1.0,1.0,0.5950000000000001,0.00031249999999999334,0.595,0.5953125,0.5946875,0.5950000000000001,0.00031249999999999334,0.595,0.5953125,0.5946875,187.08624999999998,3.4809342861069267e-14,187.08625,187.08625,187.08625,21556.00346819211,100.1944894167092,21552.860594629692,21657.73241826515,21457.41739168149,21555.98368717349,100.19473047439668,21552.84070288802,21657.71293114889,21457.397427483567,0.2370815018784769,0.002261092455807475,0.23758819177895352,0.23461005230891252,0.2390462615475647,8.649895833333334,0.002903616638492994,8.65125,8.6465625,8.651875,0.39681268731753033,0.004519757868568767,0.39879798889160156,0.3916400671005249,0.4000000059604645,7.103546218786505,0.014007480090802268,7.106921656304621,7.115557562574395,7.088159437480499
victim,cicids2017_distrinet,ft_transformer,prim_pgd_unbounded_untargeted,"PrimAttack (Prim-PGD, unbounded)",untargeted,unbounded,ALL,3200,0,0.005937500000000001,1.0622968402425924e-18,0.0059375,0.0059375,0.0059375,0.005937500000000001,1.0622968402425924e-18,0.0059375,0.0059375,0.0059375,0.0,0.0,0.0,0.0,0.0,1.0,0.0,1.0,1.0,1.0,0.005937500000000001,1.0622968402425924e-18,0.0059375,0.0059375,0.0059375,0.005937500000000001,1.0622968402425924e-18,0.0059375,0.0059375,0.0059375,187.165,0.0,187.165,187.165,187.165,39764.442500723766,124.31165432809753,39727.41220217681,39903.06158475348,39662.853715241,39764.39564766925,124.30834883860912,39727.3688702714,39903.01036403622,39662.807708700115,0.44194756078103836,0.0005668786038203476,0.44155122710264066,0.44259688287399707,0.44169457236647736,7.751770833333334,0.018182380436382588,7.7690625,7.7534375,7.7328125,0.05000000322858492,2.1507973566264877e-09,0.05000000074505806,0.05000000447034836,0.05000000447034836,13.689026406330717,0.3042209757339725,13.773346593952738,13.942193218754255,13.351539406285156
victim,cicids2018_distrinet,mlp-s42,prim_pgd_unbounded_untargeted,"PrimAttack (Prim-PGD, unbounded)",untargeted,unbounded,ALL,3200,0,0.4432291666666666,0.0001804219591217542,0.443125,0.443125,0.4434375,0.4432291666666666,0.0001804219591217542,0.443125,0.443125,0.4434375,0.0,0.0,0.0,0.0,0.0,0.9996875,0.0,0.9996875,0.9996875,0.9996875,0.24760416666666665,0.0001804219591217542,0.2475,0.2475,0.2478125,0.24760416666666665,0.0001804219591217542,0.2475,0.2475,0.2478125,189.92125,0.0,189.92125,189.92125,189.92125,1076.0205982346408,8.822527169662086,1065.8333551466092,1081.159434360807,1081.0690051965064,1044.0081760729227,8.815812713780323,1033.8289327452705,1049.1740064094224,1049.0215890640745,0.317286979334204,0.0002289921729811425,0.3170259863880695,0.31738074126170945,0.31745421035283317,7.942083333333334,0.027870959161523746,7.9559375,7.91,7.9603125,0.40000003576278687,0.0,0.40000003576278687,0.40000003576278687,0.40000003576278687,3.0286398750467924,0.02095954259063091,3.0519746250502067,3.0225330312532606,3.01141196883691
victim,cicids2018_distrinet,cnn-s42,prim_pgd_unbounded_untargeted,"PrimAttack (Prim-PGD, unbounded)",untargeted,unbounded,ALL,3200,0,0.2628125,0.0,0.2628125,0.2628125,0.2628125,0.2628125,0.0,0.2628125,0.2628125,0.2628125,0.0,0.0,0.0,0.0,0.0,0.9990625,0.0,0.9990625,0.9990625,0.9990625,0.2609375,0.0,0.2609375,0.2609375,0.2609375,0.2609375,0.0,0.2609375,0.2609375,0.2609375,189.8425,0.0,189.8425,189.8425,189.8425,5350.233999181703,21.030515090967132,5368.982915787373,5327.493869942599,5354.225211815138,5340.7114058075085,20.99123529866917,5359.416999340168,5318.009169453418,5344.70804862894,0.16967430575166462,0.0006110679168775017,0.1700830997191897,0.1689718428906094,0.1699679746451948,8.629479166666668,0.014011481527067113,8.640625,8.61375,8.6340625,0.10000000149011612,0.0,0.10000000149011612,0.10000000149011612,0.10000000149011612,2.7941929896041984,0.0024448304200697744,2.7917748750041937,2.7941404062585207,2.7966636875498807
victim,cicids2018_distrinet,ft_transformer-s42,prim_pgd_unbounded_untargeted,"PrimAttack (Prim-PGD, unbounded)",untargeted,unbounded,ALL,3200,0,0.00125,0.0,0.00125,0.00125,0.00125,0.00125,0.0,0.00125,0.00125,0.00125,0.0,0.0,0.0,0.0,0.0,0.999375,0.0,0.999375,0.999375,0.999375,0.00125,0.0,0.00125,0.00125,0.00125,0.00125,0.0,0.00125,0.00125,0.00125,189.92125,0.0,189.92125,189.92125,189.92125,3195.456682764661,67.84526220124069,3225.6223502454955,3117.75992100314,3242.987777045346,3144.090187937696,67.73819328496612,3174.3630041981123,3066.4947510265442,3191.4128085884313,0.5072637017319299,0.0016882682795549852,0.5078097261822545,0.5053699974451817,0.5086113815683534,8.4465625,0.002981060004427292,8.4446875,8.445,8.45,0.07499999739229679,0.0,0.07499999739229679,0.07499999739229679,0.07499999739229679,13.021306916610532,0.1399400161503107,12.927687781193526,12.954055968657485,13.182176999980584
victim,cicids2017_distrinet,mlp,prim_pgd_p75_untargeted_timing-only,"PrimAttack timing-only (Prim-PGD, p75)",untargeted,p75,ALL,3200,0,0.0409375,0.0,0.0409375,0.0409375,0.0409375,0.0409375,0.0,0.0409375,0.0409375,0.0409375,0.0,0.0,0.0,0.0,0.0,1.0,0.0,1.0,1.0,1.0,0.0409375,0.0,0.0409375,0.0409375,0.0409375,0.0409375,0.0,0.0409375,0.0409375,0.0409375,187.00750000000002,3.4809342861069267e-14,187.0075,187.0075,187.0075,3417.8075931291714,0.6926410624672997,3417.4901095094883,3418.602066607911,3417.330603270114,3417.7410159786887,0.6926229054787996,3417.4235453821752,3418.5354680412797,3417.2640345126106,0.0208847864070606,1.2573762709709324e-05,0.020895696693357346,0.02087103525593415,0.02088762727189031,8.126041666666667,0.00265778142128632,8.1234375,8.1259375,8.12875,0.6263968745867411,0.02511673915273095,0.6291901469230652,0.600000262260437,0.6500002145767212,2.9843387396249454,0.11351880794148135,3.113821843799087,2.9019304375106003,2.937263937565149
victim,cicids2017_distrinet,cnn,prim_pgd_p75_untargeted_timing-only,"PrimAttack timing-only (Prim-PGD, p75)",untargeted,p75,ALL,3200,0,0.1346875,0.0,0.1346875,0.1346875,0.1346875,0.1346875,0.0,0.1346875,0.1346875,0.1346875,0.0,0.0,0.0,0.0,0.0,1.0,0.0,1.0,1.0,1.0,0.13208333333333333,0.00018042195912177023,0.1321875,0.1321875,0.131875,0.13208333333333333,0.00018042195912177023,0.1321875,0.1321875,0.131875,187.00750000000002,3.4809342861069267e-14,187.0075,187.0075,187.0075,3115.615495784233,11.426489184342017,3102.8746137825906,3119.016576678052,3124.955296892056,3115.549412243985,11.426215326587624,3102.8088574063936,3118.9503305547773,3124.889048770785,0.019496551877914135,7.709459776733299e-05,0.01940756153342264,0.01953901827087905,0.01954307582944072,8.196354166666666,0.0010974639325887561,8.19625,8.1975,8.1953125,0.6438702543576559,0.02144425567310297,0.6235100030899048,0.6662549376487732,0.6418458223342896,2.736106374989807,0.07409014503996608,2.8068944375263527,2.6591054062737385,2.7423192811693298
victim,cicids2017_distrinet,ft_transformer,prim_pgd_p75_untargeted_timing-only,"PrimAttack timing-only (Prim-PGD, p75)",untargeted,p75,ALL,3200,0,0.00125,0.0,0.00125,0.00125,0.00125,0.00125,0.0,0.00125,0.00125,0.00125,0.0,0.0,0.0,0.0,0.0,1.0,0.0,1.0,1.0,1.0,0.00125,0.0,0.00125,0.00125,0.00125,0.00125,0.0,0.00125,0.00125,0.00125,187.08624999999998,3.4809342861069267e-14,187.08625,187.08625,187.08625,2515.1788530782005,2.8245690954786937,2514.7061220704277,2518.20996089952,2512.620476264654,2515.1266353268443,2.8212943855111705,2514.651665138521,2518.155267944852,2512.5729728971605,0.01717879874520525,0.00012990538133512256,0.01725681057685545,0.01725074788195442,0.017028837776805878,7.161979166666668,0.027960165116345893,7.1865625,7.1678125,7.1315625,0.26530789335568744,0.014670251044823696,0.27245138585567474,0.24843411147594452,0.2750381827354431,13.062338906238438,0.07316069252266896,13.146796500004712,13.018475156204659,13.021745062505943
victim,cicids2018_distrinet,mlp-s42,prim_pgd_p75_untargeted_timing-only,"PrimAttack timing-only (Prim-PGD, p75)",untargeted,p75,ALL,3200,0,0.0253125,0.0,0.0253125,0.0253125,0.0253125,0.0253125,0.0,0.0253125,0.0253125,0.0253125,0.0,0.0,0.0,0.0,0.0,0.9997916666666667,0.0003608439182435084,1.0,1.0,0.999375,0.0078125,0.0,0.0078125,0.0078125,0.0078125,0.0078125,0.0,0.0078125,0.0078125,0.0078125,189.29125,0.0,189.29125,189.29125,189.29125,355.4304616230802,0.4960001441075446,354.8581037011596,355.69872551033615,355.73455565774464,355.31383063711104,0.49679050557637083,354.74053124667296,355.58325642094735,355.6177042437128,0.008229925206872815,1.2020328182528902e-05,0.008217895934659951,0.008229943114943277,0.00824193657101521,6.601041666666667,0.022990175664473145,6.6021875,6.5775,6.6234375,0.6075671712557474,0.013107096745700797,0.5999994874000549,0.6000000834465027,0.6227019429206848,3.0987074166720654,0.012905810039574027,3.1123754999862285,3.0867306562140584,3.0970160938159097
victim,cicids2018_distrinet,cnn-s42,prim_pgd_p75_untargeted_timing-only,"PrimAttack timing-only (Prim-PGD, p75)",untargeted,p75,ALL,3200,0,0.011562499999999998,2.1245936804851847e-18,0.0115625,0.0115625,0.0115625,0.011562499999999998,2.1245936804851847e-18,0.0115625,0.0115625,0.0115625,0.0,0.0,0.0,0.0,0.0,0.9991666666666666,0.00018042195912178625,0.999375,0.9990625,0.9990625,0.0,0.0,0.0,0.0,0.0,0.0,0.0,0.0,0.0,0.0,189.2125,0.0,189.2125,189.2125,189.2125,283.3275976940569,1.4388870280636163,282.7181917454005,282.2936953599255,284.9709059768448,283.1149952751222,1.4476048801345864,282.48464275348204,282.0894435013149,284.7708995705697,0.005577188931165464,5.892725695937023e-05,0.005640461259282859,0.0055238760287979445,0.005567229505415588,6.548125,0.008320954347308987,6.5403125,6.556875,6.5471875,0.8478819529215494,0.034794604448529144,0.8690468072891235,0.8077241778373718,0.8668748736381531,2.798724125023,0.10758982428873685,2.9215495625248877,2.7211557813279796,2.7534670312161325
victim,cicids2018_distrinet,ft_transformer-s42,prim_pgd_p75_untargeted_timing-only,"PrimAttack timing-only (Prim-PGD, p75)",untargeted,p75,ALL,3200,0,0.0,0.0,0.0,0.0,0.0,0.0,0.0,0.0,0.0,0.0,0.0,0.0,0.0,0.0,0.0,0.9990625,0.0,0.9990625,0.9990625,0.9990625,0.0,0.0,0.0,0.0,0.0,0.0,0.0,0.0,0.0,0.0,189.29125,0.0,189.29125,189.29125,189.29125,247.38581196384303,0.8426086703142787,246.78055446268235,248.34816557317538,247.0287158556714,246.93175315584168,0.8672228719648073,246.36048514286188,247.92964775556166,246.5051265691015,0.005443798426460832,0.00017310925972395622,0.005338896761843107,0.005348894087932364,0.005643604429607025,7.797708333333333,0.0020090939085402135,7.8,7.79625,7.796875,,,,,,12.954915427108062,0.07326057090471384,12.998897687502904,12.870344093753374,12.99550450006791
victim,cicids2017_distrinet,mlp,prim_pgd_p75_untargeted_padding-only,"PrimAttack padding-only (Prim-PGD, p75)",untargeted,p75,ALL,3200,0,0.0,0.0,0.0,0.0,0.0,0.0,0.0,0.0,0.0,0.0,0.0,0.0,0.0,0.0,0.0,1.0,0.0,1.0,1.0,1.0,0.0,0.0,0.0,0.0,0.0,0.0,0.0,0.0,0.0,0.0,1.07875,0.0,1.07875,1.07875,1.07875,0.0011890913629517624,0.0,0.0011890913629517624,0.0011890913629517624,0.0011890913629517624,0.0007848837209302326,0.0,0.0007848837209302326,0.0007848837209302326,0.0007848837209302326,1.3981987624444407e-05,2.0747985160988132e-21,1.3981987624444409e-05,1.3981987624444409e-05,1.3981987624444409e-05,0.0034375,0.0,0.0034375,0.0034375,0.0034375,,,,,,0.7190989895752864,0.0875041264048814,0.7006305937102297,0.6423031874874141,0.8143631875282153
victim,cicids2017_distrinet,cnn,prim_pgd_p75_untargeted_padding-only,"PrimAttack padding-only (Prim-PGD, p75)",untargeted,p75,ALL,3200,0,0.0,0.0,0.0,0.0,0.0,0.0,0.0,0.0,0.0,0.0,0.0,0.0,0.0,0.0,0.0,1.0,0.0,1.0,1.0,1.0,0.0,0.0,0.0,0.0,0.0,0.0,0.0,0.0,0.0,0.0,1.07875,0.0,1.07875,1.07875,1.07875,0.0007046463145924268,0.0,0.0007046463145924268,0.0007046463145924268,0.0007046463145924268,0.00046511627906976736,6.639355251516202e-20,0.0004651162790697674,0.0004651162790697674,0.0004651162790697674,8.28561767581385e-06,0.0,8.28561767581385e-06,8.28561767581385e-06,8.28561767581385e-06,0.0034375,0.0,0.0034375,0.0034375,0.0034375,,,,,,0.6301402291137492,0.014361903027780556,0.6153939061914571,0.6309427187079564,0.6440840624418342
victim,cicids2017_distrinet,ft_transformer,prim_pgd_p75_untargeted_padding-only,"PrimAttack padding-only (Prim-PGD, p75)",untargeted,p75,ALL,3200,0,0.0,0.0,0.0,0.0,0.0,0.0,0.0,0.0,0.0,0.0,0.0,0.0,0.0,0.0,0.0,1.0,0.0,1.0,1.0,1.0,0.0,0.0,0.0,0.0,0.0,0.0,0.0,0.0,0.0,0.0,1.07875,0.0,1.07875,1.07875,1.07875,0.0011890913629517624,0.0,0.0011890913629517624,0.0011890913629517624,0.0011890913629517624,0.0007848837209302326,0.0,0.0007848837209302326,0.0007848837209302326,0.0007848837209302326,1.3981987624444407e-05,2.0747985160988132e-21,1.3981987624444409e-05,1.3981987624444409e-05,1.3981987624444409e-05,0.0034375,0.0,0.0034375,0.0034375,0.0034375,,,,,,0.9348641666292679,0.026238060003655233,0.9644461874268018,0.9257400625210721,0.9144062499399297
victim,cicids2018_distrinet,mlp-s42,prim_pgd_p75_untargeted_padding-only,"PrimAttack padding-only (Prim-PGD, p75)",untargeted,p75,ALL,3200,0,0.0,0.0,0.0,0.0,0.0,0.0,0.0,0.0,0.0,0.0,0.0,0.0,0.0,0.0,0.0,1.0,0.0,1.0,1.0,1.0,0.0,0.0,0.0,0.0,0.0,0.0,0.0,0.0,0.0,0.0,1.63,0.0,1.63,1.63,1.63,0.0,0.0,0.0,0.0,0.0,0.0,0.0,0.0,0.0,0.0,0.0,0.0,0.0,0.0,0.0,0.0,0.0,0.0,0.0,0.0,,,,,,0.6699782500072615,0.02684217029123212,0.6475930937449448,0.6626052500359947,0.6997364062408451
victim,cicids2018_distrinet,cnn-s42,prim_pgd_p75_untargeted_padding-only,"PrimAttack padding-only (Prim-PGD, p75)",untargeted,p75,ALL,3200,0,0.0,0.0,0.0,0.0,0.0,0.0,0.0,0.0,0.0,0.0,0.0,0.0,0.0,0.0,0.0,1.0,0.0,1.0,1.0,1.0,0.0,0.0,0.0,0.0,0.0,0.0,0.0,0.0,0.0,0.0,1.63,0.0,1.63,1.63,1.63,0.003565167839641396,0.0,0.003565167839641396,0.003565167839641396,0.003565167839641396,0.0025,0.0,0.0025,0.0025,0.0025,5.532859777286258e-06,0.0,5.532859777286258e-06,5.532859777286258e-06,5.532859777286258e-06,0.0275,0.0,0.0275,0.0275,0.0275,,,,,,0.6155274374759756,0.014716804710066424,0.5990026250219671,0.6203573124366812,0.6272223749692785
victim,cicids2018_distrinet,ft_transformer-s42,prim_pgd_p75_untargeted_padding-only,"PrimAttack padding-only (Prim-PGD, p75)",untargeted,p75,ALL,3200,0,0.0,0.0,0.0,0.0,0.0,0.0,0.0,0.0,0.0,0.0,0.0,0.0,0.0,0.0,0.0,1.0,0.0,1.0,1.0,1.0,0.0,0.0,0.0,0.0,0.0,0.0,0.0,0.0,0.0,0.0,1.63,0.0,1.63,1.63,1.63,0.0,0.0,0.0,0.0,0.0,0.0,0.0,0.0,0.0,0.0,0.0,0.0,0.0,0.0,0.0,0.0,0.0,0.0,0.0,0.0,,,,,,0.7591657603916246,0.008668852697815768,0.7591170311934547,0.7505213750118855,0.7678588749695336
class,cicids2017_distrinet,mlp,prim_pgd_p75_untargeted,"PrimAttack (Prim-PGD, p75)",untargeted,p75,DoS,800,0,0.05125,0.0,0.05125,0.05125,0.05125,0.05125,0.0,0.05125,0.05125,0.05125,0.0,0.0,0.0,0.0,0.0,1.0,0.0,1.0,1.0,1.0,0.05125,0.0,0.05125,0.05125,0.05125,0.05125,0.0,0.05125,0.05125,0.05125,248.59,0.0,248.59,248.59,248.59,2035.2131752624946,1.8299781090476706,2034.096883682291,2034.2175386641748,2037.3251034410177,2034.9469333403997,1.830060929470994,2033.8303611936828,2033.9514906773122,2037.0589481502043,0.0123754581979268,1.656872351671189e-05,0.012390935319579266,0.012357979686998574,0.012377459587202561,10.869166666666667,0.0019094065395649411,10.8675,10.86875,10.87125,0.7296095887819926,0.025771306151180236,0.7469953298568726,0.7418323159217834,0.7000011205673218,7.22666316665709,0.17438600405586055,7.079049999883864,7.181860124983359,7.419079375104047
class,cicids2017_distrinet,mlp,prim_pgd_p75_untargeted,"PrimAttack (Prim-PGD, p75)",untargeted,p75,DDoS,800,0,0.1075,0.0,0.1075,0.1075,0.1075,0.1075,0.0,0.1075,0.1075,0.1075,0.0,0.0,0.0,0.0,0.0,1.0,0.0,1.0,1.0,1.0,0.1075,0.0,0.1075,0.1075,0.1075,0.1075,0.0,0.1075,0.1075,0.1075,242.92,0.0,242.92,242.92,242.92,7840.467992330442,0.9232257683671414,7839.814976344796,7840.064758306354,7841.524242340176,7840.467880434782,0.9232258037864781,7839.814864130434,7840.064646739131,7841.524130434783,0.03722011142760762,3.6293888462026503e-05,0.0372450905607917,0.03717847947746991,0.03723676424456126,10.63625,0.003750000000000142,10.6325,10.63625,10.64,0.609736313422521,0.026290995736573747,0.593822181224823,0.5953042805194855,0.6400824785232544,7.25207495832971,0.07309442992190592,7.259767749928869,7.1754383749794215,7.321018750080839
class,cicids2017_distrinet,mlp,prim_pgd_p75_untargeted,"PrimAttack (Prim-PGD, p75)",untargeted,p75,Recon,800,0,0.0,0.0,0.0,0.0,0.0,0.0,0.0,0.0,0.0,0.0,0.0,0.0,0.0,0.0,0.0,1.0,0.0,1.0,1.0,1.0,0.0,0.0,0.0,0.0,0.0,0.0,0.0,0.0,0.0,0.0,3.8349999999999995,5.438959822042073e-16,3.835,3.835,3.835,0.16255282164786586,0.0027731106897725157,0.16415387785109864,0.15935070924140027,0.16415387785109864,0.1609455168244218,0.0028394428235811154,0.1625848699029649,0.15766681066733557,0.1625848699029649,2.410998420716944e-05,5.914344672238782e-12,2.410998079252095e-05,2.4109991036466415e-05,2.410998079252095e-05,0.10416666666666667,0.0007216878364870329,0.10375,0.105,0.10375,,,,,,6.5278321666604215,0.1116541090816809,6.496657500101719,6.435078624926973,6.651760374952573
class,cicids2017_distrinet,mlp,prim_pgd_p75_untargeted,"PrimAttack (Prim-PGD, p75)",untargeted,p75,BruteForce,800,0,0.005,0.0,0.005,0.005,0.005,0.005,0.0,0.005,0.005,0.005,0.0,0.0,0.0,0.0,0.0,1.0,0.0,1.0,1.0,1.0,0.005,0.0,0.005,0.005,0.005,0.005,0.0,0.005,0.005,0.005,253.0,0.0,253.0,253.0,253.0,3795.764587228017,0.44690819222503025,3796.279253390851,3795.5399036167796,3795.47460467642,3795.7644474637686,0.44692270864277883,3796.279130434783,3795.539755434783,3795.474456521739,0.033980164562471285,2.2980741387035986e-06,0.03397761126245556,0.033982067023168784,0.0339808154017895,10.904583333333335,0.008322910148099409,10.895,10.90875,10.91,0.35442593693733215,0.03563496120871094,0.3132782280445099,0.3749997913837433,0.3749997913837433,7.266735958401114,0.03382426803350072,7.230725749977864,7.2978380002314225,7.271644124994054
class,cicids2017_distrinet,cnn,prim_pgd_p75_untargeted,"PrimAttack (Prim-PGD, p75)",untargeted,p75,DoS,800,0,0.205,0.0,0.205,0.205,0.205,0.205,0.0,0.205,0.205,0.205,0.0,0.0,0.0,0.0,0.0,1.0,0.0,1.0,1.0,1.0,0.205,0.0,0.205,0.205,0.205,0.205,0.0,0.205,0.205,0.205,248.905,0.0,248.905,248.905,248.905,2094.4911975633804,13.352281109956264,2079.436976693477,2099.1353865045317,2104.9012294921326,2094.2297888447033,13.352530194738586,2079.1740927214273,2098.8793434390095,2104.635930373673,0.011118451760673935,6.6582045383518865e-06,0.011123509965931023,0.011120936898502071,0.011110908417588711,10.93875,0.007603453162873014,10.9425,10.93,10.94375,0.6908121705055237,0.02202219926007963,0.6656838357448578,0.7067530751228333,0.69999960064888,7.560477708369338,0.12271433457642093,7.524390250036959,7.6971893751760945,7.459853499894962
class,cicids2017_distrinet,cnn,prim_pgd_p75_untargeted,"PrimAttack (Prim-PGD, p75)",untargeted,p75,DDoS,800,0,0.32125,0.0,0.32125,0.32125,0.32125,0.32125,0.0,0.32125,0.32125,0.32125,0.0,0.0,0.0,0.0,0.0,1.0,0.0,1.0,1.0,1.0,0.3133333333333333,0.0007216878364870169,0.31375,0.31375,0.3125,0.3133333333333333,0.0007216878364870169,0.31375,0.31375,0.3125,242.92,0.0,242.92,242.92,242.92,6568.617100492974,39.85523856831982,6522.615497174206,6590.46490153883,6592.770902765883,6568.6169836956515,39.855238579064356,6522.615380434782,6590.464782608695,6592.770788043478,0.03281785913254556,0.00023739842470837542,0.032565391369666505,0.03303657562631925,0.032851610401650945,10.777083333333332,0.004389855730354856,10.7775,10.78125,10.7725,0.6099789341290792,0.023578163140874506,0.5941922068595886,0.637082040309906,0.5986625552177429,7.4457665416412055,0.06088068830902327,7.375593375181779,7.4772126247989945,7.484493624942843
class,cicids2017_distrinet,cnn,prim_pgd_p75_untargeted,"PrimAttack (Prim-PGD, p75)",untargeted,p75,Recon,800,0,0.00375,0.0,0.00375,0.00375,0.00375,0.00375,0.0,0.00375,0.00375,0.00375,0.0,0.0,0.0,0.0,0.0,1.0,0.0,1.0,1.0,1.0,0.00125,0.0,0.00125,0.00125,0.00125,0.00125,0.0,0.00125,0.00125,0.00125,3.52,0.0,3.52,3.52,3.52,0.10371752254616155,0.002207274464522814,0.10355562267806075,0.10159565567297033,0.10600128928745357,0.10335411177039422,0.0022077912742037085,0.10319258028148116,0.10123152257430731,0.1056382324553942,1.2414464628103378e-05,1.4616625368462658e-08,1.239759487621642e-05,1.2422447463543792e-05,1.2423351544549916e-05,0.10833333333333334,0.0007216878364870328,0.1075,0.10875,0.10875,0.24988923966884613,0.0,0.24988923966884613,0.24988923966884613,0.24988923966884613,6.2957429166029515,0.10901112455482359,6.389689749921672,6.321322374860756,6.176216625026427
class,cicids2017_distrinet,cnn,prim_pgd_p75_untargeted,"PrimAttack (Prim-PGD, p75)",untargeted,p75,BruteForce,800,0,0.00875,0.0,0.00875,0.00875,0.00875,0.00875,0.0,0.00875,0.00875,0.00875,0.0,0.0,0.0,0.0,0.0,1.0,0.0,1.0,1.0,1.0,0.00875,0.0,0.00875,0.00875,0.00875,0.00875,0.0,0.00875,0.00875,0.00875,253.0,0.0,253.0,253.0,253.0,3807.6244242694124,0.9377122682876508,3808.706998236511,3807.0649850844,3807.101289487327,3807.624266304347,0.9376952801501013,3808.706820652174,3807.0648369565215,3807.101141304348,0.034138632453268265,7.725257692674614e-06,0.03414752475973257,0.03413357411482965,0.0341347984852426,10.97125,0.00866025403784369,10.98125,10.96625,10.96625,0.4469573199748993,0.06865215867083142,0.4068068861961365,0.40783730149269104,0.5262277722358704,7.589767458460604,0.07058253278018818,7.661604125169106,7.520509750174824,7.5871885000378825
class,cicids2017_distrinet,ft_transformer,prim_pgd_p75_untargeted,"PrimAttack (Prim-PGD, p75)",untargeted,p75,DoS,800,0,0.00125,0.0,0.00125,0.00125,0.00125,0.00125,0.0,0.00125,0.00125,0.00125,0.0,0.0,0.0,0.0,0.0,1.0,0.0,1.0,1.0,1.0,0.00125,0.0,0.00125,0.00125,0.00125,0.00125,0.0,0.00125,0.00125,0.00125,248.905,0.0,248.905,248.905,248.905,2159.7563313779515,1.617584845124437,2157.919138726859,2160.966686342196,2160.3831690647985,2159.617980305368,1.6241404653857774,2157.7751691637245,2160.8408283640365,2160.2379433883434,0.01113372041883269,7.301600502203817e-06,0.011137021922866374,0.011125351153347049,0.011138788180284652,10.6625,0.01536025715930576,10.66875,10.645,10.67375,0.14959525068600973,0.0007074832824887167,0.15000371634960175,0.14877831935882568,0.15000371634960175,19.204528166737873,0.09913234288926044,19.318894875177648,19.143171875039116,19.151517749996856
class,cicids2017_distrinet,ft_transformer,prim_pgd_p75_untargeted,"PrimAttack (Prim-PGD, p75)",untargeted,p75,DDoS,800,0,0.0,0.0,0.0,0.0,0.0,0.0,0.0,0.0,0.0,0.0,0.0,0.0,0.0,0.0,0.0,1.0,0.0,1.0,1.0,1.0,0.0,0.0,0.0,0.0,0.0,0.0,0.0,0.0,0.0,0.0,242.92,0.0,242.92,242.92,242.92,4121.054331874063,9.116576801597075,4117.242769567462,4131.458110860182,4114.462115194545,4120.986710639444,9.112773243589833,4117.169972426463,4131.387253687233,4114.402905804637,0.023822885608194084,0.0005040572245984208,0.024130682908654087,0.024096794510541187,0.023241179405386975,6.9174999999999995,0.11289513939935598,7.00875,6.9525,6.79125,,,,,,16.291371166686684,0.29771301423566404,16.39282437507063,16.525097500125412,15.956191624864005
class,cicids2017_distrinet,ft_transformer,prim_pgd_p75_untargeted,"PrimAttack (Prim-PGD, p75)",untargeted,p75,Recon,800,0,0.0,0.0,0.0,0.0,0.0,0.0,0.0,0.0,0.0,0.0,0.0,0.0,0.0,0.0,0.0,1.0,0.0,1.0,1.0,1.0,0.0,0.0,0.0,0.0,0.0,0.0,0.0,0.0,0.0,0.0,3.8349999999999995,5.438959822042073e-16,3.835,3.835,3.835,0.37227906111680426,0.0,0.37227906111680426,0.37227906111680426,0.37227906111680426,0.3720142177290519,6.798699777552591e-17,0.37201421772905185,0.37201421772905185,0.37201421772905185,2.511615886658884e-05,4.1495970321976264e-21,2.5116158866588844e-05,2.5116158866588844e-05,2.5116158866588844e-05,0.12,0.0,0.12,0.12,0.12,,,,,,3.1580360832352503,0.06746344984663347,3.234902374970261,3.130557249824051,3.1086486249114387
class,cicids2017_distrinet,ft_transformer,prim_pgd_p75_untargeted,"PrimAttack (Prim-PGD, p75)",untargeted,p75,BruteForce,800,0,0.00375,0.0,0.00375,0.00375,0.00375,0.00375,0.0,0.00375,0.00375,0.00375,0.0,0.0,0.0,0.0,0.0,1.0,0.0,1.0,1.0,1.0,0.00375,0.0,0.00375,0.00375,0.00375,0.00375,0.0,0.00375,0.00375,0.00375,253.0,0.0,253.0,253.0,253.0,3781.5006424033613,0.040520647030704904,3781.5427704865597,3781.4972090534766,3781.461947670048,3781.5002264492755,0.04053038397850079,3781.5423641304346,3781.496793478261,3781.46152173913,0.03379700644078449,2.636033347982028e-07,0.033797281995239035,0.03379698064134544,0.03379675668576901,10.964166666666666,0.0007216878364874014,10.965,10.96375,10.96375,0.28165678183237713,0.027529765316264214,0.2948939800262451,0.25000879168510437,0.30006757378578186,16.731016000073094,0.12843752023502877,16.596462875022553,16.74427600024501,16.852309124951717
class,cicids2018_distrinet,mlp-s42,prim_pgd_p75_untargeted,"PrimAttack (Prim-PGD, p75)",untargeted,p75,DoS,800,0,0.0,0.0,0.0,0.0,0.0,0.0,0.0,0.0,0.0,0.0,0.0,0.0,0.0,0.0,0.0,1.0,0.0,1.0,1.0,1.0,0.0,0.0,0.0,0.0,0.0,0.0,0.0,0.0,0.0,0.0,235.045,0.0,235.045,235.045,235.045,1.2333614252048861,0.012282932302054425,1.2318058912814447,1.221930356775931,1.2463480275572827,1.1633567464606946,0.01205454486367813,1.162082472585211,1.1519899581471646,1.1759978086497085,0.0003194839644864803,5.0679695075564905e-06,0.00031697081280525065,0.0003161637110316251,0.000325317369622565,2.825833333333333,0.06638351326446455,2.8,2.77625,2.90125,,,,,,2.8664205000192546,0.29824395901791545,3.2010997500037774,2.6287828749627806,2.7693788750912063
class,cicids2018_distrinet,mlp-s42,prim_pgd_p75_untargeted,"PrimAttack (Prim-PGD, p75)",untargeted,p75,DDoS,800,0,0.075,0.0,0.075,0.075,0.075,0.075,0.0,0.075,0.075,0.075,0.0,0.0,0.0,0.0,0.0,1.0,0.0,1.0,1.0,1.0,0.005,0.0,0.005,0.005,0.005,0.005,0.0,0.005,0.005,0.005,240.085,0.0,240.085,240.085,240.085,1158.3922289900054,0.5401671125291951,1158.1458990693259,1158.0191362681962,1159.0116516324938,1158.102108728909,0.5380683636834056,1157.8516608654704,1157.7349156983173,1158.7197496229387,0.02710787827544416,2.770710208057807e-05,0.02712667893593122,0.02707605954026983,0.027120896350131426,10.565833333333332,0.051604465246074954,10.595,10.50625,10.59625,0.6710342466831207,0.017493149793203735,0.6569755375385284,0.6906244456768036,0.6655027568340302,3.21096824996251,0.0994800458187478,3.2345473748864606,3.101817000133451,3.296540374867618
class,cicids2018_distrinet,mlp-s42,prim_pgd_p75_untargeted,"PrimAttack (Prim-PGD, p75)",untargeted,p75,Recon,800,0,0.02625,0.0,0.02625,0.02625,0.02625,0.02625,0.0,0.02625,0.02625,0.02625,0.0,0.0,0.0,0.0,0.0,1.0,0.0,1.0,1.0,1.0,0.02625,0.0,0.02625,0.02625,0.02625,0.02625,0.0,0.02625,0.02625,0.02625,31.554999999999996,4.351167857633658e-15,31.555,31.555,31.555,252.31414511761287,17.338268344894967,263.7856639963287,232.36857427341792,260.788197083092,252.2565513933848,17.337786518776504,263.7283177051077,232.31159456477525,260.7297419102714,0.0050016192876551355,0.000150716246723791,0.005059910628646889,0.004830463136206112,0.005114484098112404,1.0191666666666668,0.01312995938049055,1.01875,1.00625,1.0325,0.42157208919525146,0.0310091450238147,0.4262116849422455,0.3885045647621155,0.45000001788139343,2.782380499993451,0.012276498178123057,2.787140749860555,2.76843675004784,2.7915640000719577
class,cicids2018_distrinet,mlp-s42,prim_pgd_p75_untargeted,"PrimAttack (Prim-PGD, p75)",untargeted,p75,BruteForce,800,0,0.0,0.0,0.0,0.0,0.0,0.0,0.0,0.0,0.0,0.0,0.0,0.0,0.0,0.0,0.0,1.0,0.0,1.0,1.0,1.0,0.0,0.0,0.0,0.0,0.0,0.0,0.0,0.0,0.0,0.0,253.0,0.0,253.0,253.0,253.0,0.2434044057292205,4.382309152896461e-06,0.2433995808527965,0.24340813917429524,0.24340549716056978,0.1936367908011115,2.533436311812702e-06,0.1936339435286925,0.19363879588325575,0.19363763299138625,0.0004253902237202495,5.511831346024907e-09,0.0004253840331913491,0.0004253945989451432,0.0004253920390242562,11.99375,0.0,11.99375,11.99375,11.99375,,,,,,3.0045189166169926,0.06487037831892153,2.981897999998182,3.0776709999190643,2.953987749933731
class,cicids2018_distrinet,cnn-s42,prim_pgd_p75_untargeted,"PrimAttack (Prim-PGD, p75)",untargeted,p75,DoS,800,0,0.0,0.0,0.0,0.0,0.0,0.0,0.0,0.0,0.0,0.0,0.0,0.0,0.0,0.0,0.0,1.0,0.0,1.0,1.0,1.0,0.0,0.0,0.0,0.0,0.0,0.0,0.0,0.0,0.0,0.0,234.73,0.0,234.73,234.73,234.73,0.43687351064939023,0.013481261054395236,0.4437532115882498,0.42134041058108734,0.4455269097788336,0.40161769519295,0.01179865483263335,0.4076795632071339,0.3880203723517491,0.40915315001996705,0.00017738688586704237,6.980114230398356e-06,0.000181409188151291,0.0001693269490682754,0.0001814245203815607,3.2887500000000003,0.048039697126438956,3.23375,3.3225,3.31,,,,,,2.907184500072617,0.24177326164110088,3.1724298748304136,2.6991431252099574,2.8499805001774803
class,cicids2018_distrinet,cnn-s42,prim_pgd_p75_untargeted,"PrimAttack (Prim-PGD, p75)",untargeted,p75,DDoS,800,0,0.04624999999999999,8.498374721940739e-18,0.04625,0.04625,0.04625,0.04624999999999999,8.498374721940739e-18,0.04625,0.04625,0.04625,0.0,0.0,0.0,0.0,0.0,1.0,0.0,1.0,1.0,1.0,0.0,0.0,0.0,0.0,0.0,0.0,0.0,0.0,0.0,0.0,240.085,0.0,240.085,240.085,240.085,531.7931161462648,9.163320226443759,532.0368009547931,522.5103840003912,540.8321634836099,531.3151999904172,9.162371295724725,531.4702170881505,522.0763037172329,540.3990791658682,0.0138846224136088,0.000340318640311257,0.014204765759839408,0.013527198377088583,0.013921903103898405,10.449583333333335,0.00563656219102881,10.45,10.455,10.44375,0.8478819529215494,0.034794604448529144,0.8690468072891235,0.8077241778373718,0.8668748736381531,2.8575212082553967,0.1046236641248676,2.977552749798633,2.809355875069741,2.7856549998978153
class,cicids2018_distrinet,cnn-s42,prim_pgd_p75_untargeted,"PrimAttack (Prim-PGD, p75)",untargeted,p75,Recon,800,0,0.0,0.0,0.0,0.0,0.0,0.0,0.0,0.0,0.0,0.0,0.0,0.0,0.0,0.0,0.0,0.9958333333333332,0.0007216878364870169,0.995,0.99625,0.99625,0.0,0.0,0.0,0.0,0.0,0.0,0.0,0.0,0.0,0.0,31.554999999999996,4.351167857633658e-15,31.555,31.555,31.555,590.408701968858,6.9362016211136694,598.3748976077216,585.7074898052899,587.1437184935628,590.0949816051184,6.935050422811767,598.0598785308961,585.3947329693088,586.8303333151504,0.007672518422885085,0.00016243878852812077,0.007856561694917438,0.007549153278239486,0.0076118402954983315,1.2479166666666666,0.0019094065395648925,1.25,1.24625,1.2475,,,,,,2.6319461667056507,0.09480507536417983,2.5356586251291446,2.6349841250339523,2.725195749953855
class,cicids2018_distrinet,cnn-s42,prim_pgd_p75_untargeted,"PrimAttack (Prim-PGD, p75)",untargeted,p75,BruteForce,800,0,0.0,0.0,0.0,0.0,0.0,0.0,0.0,0.0,0.0,0.0,0.0,0.0,0.0,0.0,0.0,1.0,0.0,1.0,1.0,1.0,0.0,0.0,0.0,0.0,0.0,0.0,0.0,0.0,0.0,0.0,253.0,0.0,253.0,253.0,253.0,1.7830594641034265,0.04075229957615034,1.7430840189988672,1.7815478201007684,1.824546553210644,1.7621114784399292,0.041120284027280234,1.7217413932615855,1.7606500449763072,1.8039429970818943,0.00039362732765189554,1.2887990646096882e-06,0.0003931998334917714,0.00039260659525208215,0.0003950755542118331,11.316666666666665,0.01880547349399444,11.33625,11.315,11.29875,,,,,,2.9324479166340702,0.10090933384089183,3.031129624869209,2.8294495001318865,2.936764624901116
class,cicids2018_distrinet,ft_transformer-s42,prim_pgd_p75_untargeted,"PrimAttack (Prim-PGD, p75)",untargeted,p75,DoS,800,0,0.0,0.0,0.0,0.0,0.0,0.0,0.0,0.0,0.0,0.0,0.0,0.0,0.0,0.0,0.0,1.0,0.0,1.0,1.0,1.0,0.0,0.0,0.0,0.0,0.0,0.0,0.0,0.0,0.0,0.0,235.045,0.0,235.045,235.045,235.045,6.1998526961179055,0.009936906671116552,6.209605520196693,6.2002111604912535,6.189741407665773,6.036473958317084,0.010233529126043698,6.047419935661573,6.034856394829441,6.02714554446024,0.0011127709321802313,5.532020462278834e-06,0.001111925179265459,0.0011186771266933604,0.0011077104905818744,10.465416666666668,0.04375595197608288,10.46625,10.50875,10.42125,,,,,,15.854694083294211,0.08005296364446293,15.861758000100963,15.93098099983763,15.771343249944039
class,cicids2018_distrinet,ft_transformer-s42,prim_pgd_p75_untargeted,"PrimAttack (Prim-PGD, p75)",untargeted,p75,DDoS,800,0,0.0,0.0,0.0,0.0,0.0,0.0,0.0,0.0,0.0,0.0,0.0,0.0,0.0,0.0,0.0,1.0,0.0,1.0,1.0,1.0,0.0,0.0,0.0,0.0,0.0,0.0,0.0,0.0,0.0,0.0,240.085,0.0,240.085,240.085,240.085,246.34308141852452,3.367384810847231,243.92243135352993,250.1886712216769,244.9181416803667,244.76583968560575,3.467692969989949,242.48004054523096,248.75588453686225,243.06159397472402,0.010418541574269628,0.0006965447644787863,0.00999950473693903,0.010033517559089551,0.011222602426780305,8.600416666666666,0.03761094698798972,8.60375,8.56125,8.63625,,,,,,15.885882458436148,0.3052099419153877,16.23023225023644,15.778673125023488,15.648742000048514
class,cicids2018_distrinet,ft_transformer-s42,prim_pgd_p75_untargeted,"PrimAttack (Prim-PGD, p75)",untargeted,p75,Recon,800,0,0.0,0.0,0.0,0.0,0.0,0.0,0.0,0.0,0.0,0.0,0.0,0.0,0.0,0.0,0.0,0.9975,0.0,0.9975,0.9975,0.9975,0.0,0.0,0.0,0.0,0.0,0.0,0.0,0.0,0.0,0.0,31.554999999999996,4.351167857633658e-15,31.555,31.555,31.555,733.581579108245,0.012621097810386693,733.5867940416949,733.5907570334005,733.5671862496397,733.5132412016661,0.01276829246976633,733.518600090555,733.5224567572217,733.4986667572216,0.009826687491510444,7.403463697130949e-08,0.009826647990500044,0.009826772899308495,0.009826641584722793,1.15625,0.0,1.15625,1.15625,1.15625,,,,,,3.599657083298856,0.03365436582492856,3.6283858749084175,3.6079556250479072,3.5626297499402426
class,cicids2018_distrinet,ft_transformer-s42,prim_pgd_p75_untargeted,"PrimAttack (Prim-PGD, p75)",untargeted,p75,BruteForce,800,0,0.0,0.0,0.0,0.0,0.0,0.0,0.0,0.0,0.0,0.0,0.0,0.0,0.0,0.0,0.0,1.0,0.0,1.0,1.0,1.0,0.0,0.0,0.0,0.0,0.0,0.0,0.0,0.0,0.0,0.0,253.0,0.0,253.0,253.0,253.0,3.419466552314961,0.0026737696604952174,3.4213074069505485,3.416399619731541,3.420692630262794,3.412024444444444,0.0026658109738218858,3.41386,3.4089666666666663,3.4132466666666663,0.00041719577797005907,3.8618169429681785e-07,0.00041745684942505175,0.00041675216466024334,0.00041737831982488217,10.96875,0.008660254037844714,10.97375,10.95875,10.97375,,,,,,16.820045958350722,0.14830877874661472,16.649571000016294,16.91939762502443,16.891169250011444
class,cicids2017_distrinet,mlp,pgd_untargeted,PGD,untargeted,native,DoS,800,56,1.0,0.0,1.0,1.0,1.0,0.0,0.0,0.0,0.0,0.0,100.0,0.0,100.0,100.0,100.0,0.0,0.0,0.0,0.0,0.0,0.9729166666666668,0.005051814855409228,0.9775,0.97375,0.9675,0.0,0.0,0.0,0.0,0.0,40.0,0.0,40.0,40.0,40.0,4.367927353064149,0.0008942839685068667,4.368111106773798,4.368715487429123,4.366955464989526,0.5000713840112185,7.667100362355987e-06,0.5000669541690838,0.5000802372153442,0.5000669606492276,1.1997941007294277,0.0003336826469888219,1.1998436189977277,1.200100257090125,1.1994384261004307,78.20375,0.009762812094882627,78.1925,78.21,78.20875,,,,,,0.05676579166902229,0.03471652282706804,0.09683937503723428,0.035824624937959015,0.037633375031873584
class,cicids2017_distrinet,mlp,pgd_untargeted,PGD,untargeted,native,DDoS,800,56,1.0,0.0,1.0,1.0,1.0,0.0,0.0,0.0,0.0,0.0,100.0,0.0,100.0,100.0,100.0,0.0,0.0,0.0,0.0,0.0,0.7637499999999999,0.009762812094883366,0.76875,0.77,0.7525,0.0,0.0,0.0,0.0,0.0,40.0,0.0,40.0,40.0,40.0,4.326825687643267,0.001954511245149236,4.325234531546393,4.3290073684707036,4.326235162912705,0.5000006325713089,4.525994190206469e-09,0.5000006323507389,0.5000006372035554,0.5000006281596325,1.2124340726797904,0.0016415346808987554,1.2107585993129204,1.2140394211507035,1.2125041975757476,77.50458333333334,0.033126965350504,77.49,77.5425,77.48125,,,,,,0.03658574996128058,0.00037901884775337207,0.036180500173941255,0.03693149978062138,0.03664524992927909
class,cicids2017_distrinet,mlp,pgd_untargeted,PGD,untargeted,native,Recon,800,56,1.0,0.0,1.0,1.0,1.0,0.0,0.0,0.0,0.0,0.0,100.0,0.0,100.0,100.0,100.0,0.0,0.0,0.0,0.0,0.0,0.9870833333333334,0.004732423621500254,0.98375,0.9925,0.985,0.0,0.0,0.0,0.0,0.0,40.0,0.0,40.0,40.0,40.0,4.4048775162049685,0.0007780825741555337,4.405634450936834,4.404918214499577,4.404079883178495,0.5000006703090031,5.031136456489159e-09,0.5000006705406287,0.5000006651660542,0.5000006752203262,1.2201046403377604,0.0011951123034023455,1.2213488383455076,1.2199995248015938,1.21896555786618,78.9975,0.0012499999999988631,78.99625,78.9975,78.99875,,,,,,0.04074508343668034,0.005853039514233452,0.03399787499802187,0.04445700003998354,0.0437803752720356
class,cicids2017_distrinet,mlp,pgd_untargeted,PGD,untargeted,native,BruteForce,800,56,1.0,0.0,1.0,1.0,1.0,0.0,0.0,0.0,0.0,0.0,100.0,0.0,100.0,100.0,100.0,0.0,0.0,0.0,0.0,0.0,0.9945833333333334,0.0007216878364870169,0.995,0.99375,0.995,0.0,0.0,0.0,0.0,0.0,40.0,0.0,40.0,40.0,40.0,4.417439974891692,0.0008931585608312716,4.417004198355304,4.418467373087271,4.416848353232498,0.5000003403120808,7.896484900351904e-11,0.5000003403560621,0.5000003403592616,0.5000003402209188,1.2210219802595859,0.0006427688696653007,1.2206908347073628,1.2217627997542824,1.220612306317112,79.0,0.0,79.0,79.0,79.0,,,,,,0.03505958341217289,0.001129273483567639,0.0351456250064075,0.03388975019333884,0.03614337503677234
class,cicids2017_distrinet,cnn,pgd_untargeted,PGD,untargeted,native,DoS,800,56,0.9858333333333333,0.0019094065395649411,0.98625,0.9875,0.98375,0.0,0.0,0.0,0.0,0.0,98.58333333333333,0.19094065395649334,98.625,98.75,98.375,0.0,0.0,0.0,0.0,0.0,0.8979166666666666,0.004018187817080376,0.895,0.9025,0.89625,0.0,0.0,0.0,0.0,0.0,40.0,0.0,40.0,40.0,40.0,4.065574696450586,0.002620188923831188,4.068598543464659,4.064150248215375,4.063975297671725,0.5000713971183673,7.672757595840607e-06,0.5000669609927502,0.5000802568527469,0.5000669735096052,1.1694316575066093,0.0015863949128735808,1.1712154662448202,1.1689005420074858,1.1681789642675218,78.20541666666666,0.017955384522012532,78.185,78.2125,78.21875,,,,,,1.560923541643812,0.014120789450235902,1.5749608748592436,1.5467207500478253,1.5610890000243671
class,cicids2017_distrinet,cnn,pgd_untargeted,PGD,untargeted,native,DDoS,800,56,0.8591666666666667,0.0028867513459481316,0.8625,0.8575,0.8575,0.0,0.0,0.0,0.0,0.0,85.91666666666667,0.2886751345948129,86.25,85.75,85.75,0.0,0.0,0.0,0.0,0.0,0.38375000000000004,0.00819679815537752,0.3825,0.37625,0.3925,0.0,0.0,0.0,0.0,0.0,40.0,0.0,40.0,40.0,40.0,3.9998248824711062,0.005050601046914162,3.995567968678565,3.9985011538773945,4.005405524857359,0.5000004456397337,3.76137199591124e-09,0.5000004416812377,0.5000004491667709,0.5000004460711924,1.1169157682586344,0.002407209905513031,1.1149271688144688,1.1162281750836522,1.1195919608777825,77.48041666666667,0.023463180375496877,77.46625,77.5075,77.4675,,,,,,1.5460155834443867,0.010104204932882345,1.5575097501277924,1.5385341251385398,1.542002875066828
class,cicids2017_distrinet,cnn,pgd_untargeted,PGD,untargeted,native,Recon,800,56,1.0,0.0,1.0,1.0,1.0,0.0,0.0,0.0,0.0,0.0,100.0,0.0,100.0,100.0,100.0,0.0,0.0,0.0,0.0,0.0,0.9970833333333333,0.0007216878364870809,0.9975,0.99625,0.9975,0.0,0.0,0.0,0.0,0.0,40.0,0.0,40.0,40.0,40.0,4.000863340513027,0.0006281459477017824,4.00123667202569,4.000138125763703,4.00121522374969,0.500000653640536,1.929816005171635e-08,0.5000006705533832,0.5000006326188555,0.5000006577493696,1.1357749313304624,0.0012187814623861872,1.134374984820439,1.1365995664475699,1.1363502427233783,78.99541666666667,0.0019094065395631966,78.995,78.9975,78.99375,,,,,,1.5457836665639964,0.02213593441785506,1.5711664999253117,1.535696749924682,1.5304877498419955
class,cicids2017_distrinet,cnn,pgd_untargeted,PGD,untargeted,native,BruteForce,800,56,1.0,0.0,1.0,1.0,1.0,0.0,0.0,0.0,0.0,0.0,100.0,0.0,100.0,100.0,100.0,0.0,0.0,0.0,0.0,0.0,0.9954166666666667,0.002602082499332655,0.99625,0.9925,0.9975,0.0,0.0,0.0,0.0,0.0,40.0,0.0,40.0,40.0,40.0,3.973065033906387,0.0017978948382699749,3.9725817802776953,3.971558154130169,3.9750551673112966,0.5000003313730118,1.8956764097400967e-09,0.5000003334972416,0.5000003298533764,0.5000003307684177,1.0583976338682555,0.002173221007712561,1.0565474725605266,1.057854529622354,1.0607908994218858,78.98916666666666,0.0026020824993302992,78.99,78.99125,78.98625,,,,,,1.5231903750100173,0.013767961669826396,1.5390808752272278,1.514825874764938,1.5156643750378862
class,cicids2017_distrinet,ft_transformer,pgd_untargeted,PGD,untargeted,native,DoS,800,56,0.9858333333333333,0.002602082499332673,0.985,0.98875,0.98375,0.0,0.0,0.0,0.0,0.0,98.58333333333333,0.26020824993326663,98.5,98.875,98.375,0.0,0.0,0.0,0.0,0.0,0.96125,0.005448623679425853,0.955,0.96375,0.965,0.0,0.0,0.0,0.0,0.0,40.0,0.0,40.0,40.0,40.0,4.212924855981495,0.002631189247749274,4.210580797317271,4.215770862192622,4.212422908434589,0.5000713863093328,7.672378598915741e-06,0.5000669566357331,0.5000802456090315,0.5000669566832336,1.1567555646672105,0.001850904860188425,1.1560633655543866,1.1588528050211093,1.1553505234261352,78.20291666666667,0.006884463184101366,78.19625,78.21,78.2025,,,,,,3.778488333337009,0.12468733240890277,3.9224541251314804,3.7080282499664463,3.7049826249131
class,cicids2017_distrinet,ft_transformer,pgd_untargeted,PGD,untargeted,native,DDoS,800,56,0.9970833333333333,0.003145764348029471,1.0,0.9975,0.99375,0.0,0.0,0.0,0.0,0.0,99.70833333333333,0.31457643480294795,100.0,99.75,99.375,0.0,0.0,0.0,0.0,0.0,0.6533333333333333,0.01376892636821528,0.6375,0.6625,0.66,0.0,0.0,0.0,0.0,0.0,40.0,0.0,40.0,40.0,40.0,4.165185666704807,0.008581392352221339,4.155902287581655,4.172828097632217,4.16682661490055,0.5000006262552928,1.3950864797753349e-09,0.5000006276946471,0.5000006261620825,0.5000006249091489,1.158925793459012,0.001759359842928801,1.1585224792230404,1.1574031100429942,1.1608517911110012,77.5075,0.03139964171770543,77.49,77.54375,77.48875,,,,,,3.7109364999923855,0.0027108953508929853,3.7085835001198575,3.7139008750091307,3.7103251248481683
class,cicids2017_distrinet,ft_transformer,pgd_untargeted,PGD,untargeted,native,Recon,800,56,0.9991666666666666,0.0014433756729740337,1.0,0.9975,1.0,0.0,0.0,0.0,0.0,0.0,99.91666666666667,0.14433756729740646,100.0,99.75,100.0,0.0,0.0,0.0,0.0,0.0,0.9870833333333332,0.0026020824993326724,0.985,0.98625,0.99,0.0,0.0,0.0,0.0,0.0,40.0,0.0,40.0,40.0,40.0,3.970123446097807,0.000895516096106628,3.96921196122929,3.970156287149669,3.971002089914464,0.5000005794532129,8.945805924345114e-09,0.5000005896402521,0.5000005758414552,0.5000005728779314,1.0999647995556125,0.0009824905767216096,1.1008922693040168,1.1000668717445443,1.0989352576182758,78.96541666666667,0.006291528696060765,78.97125,78.96625,78.95875,,,,,,3.7156920832543014,0.005610025789368944,3.7216701250872575,3.714863999921363,3.7105421247542836
class,cicids2017_distrinet,ft_transformer,pgd_untargeted,PGD,untargeted,native,BruteForce,800,56,0.9125,0.008750000000000004,0.90875,0.9225,0.90625,0.0,0.0,0.0,0.0,0.0,91.25,0.875,90.875,92.25,90.625,0.0,0.0,0.0,0.0,0.0,0.9104166666666668,0.008508574106942564,0.9075,0.92,0.90375,0.0,0.0,0.0,0.0,0.0,40.0,0.0,40.0,40.0,40.0,4.227660657890477,0.0008670876431735686,4.228409239621672,4.2278621795158315,4.226710554533929,0.5000003422863718,1.7374024328499297e-09,0.5000003437915601,0.5000003403851379,0.5000003426824173,1.1610094121085446,0.001755416958970964,1.1618298655067965,1.1622043741415669,1.1589939966772704,78.99916666666667,0.0014433756729727517,78.9975,79.0,79.0,,,,,,4.322381500096526,0.026811717479579302,4.319653625134379,4.297038000077009,4.35045287507819
class,cicids2018_distrinet,mlp-s42,pgd_untargeted,PGD,untargeted,native,DoS,800,56,0.9987499999999999,1.3597399555105182e-16,0.99875,0.99875,0.99875,0.0,0.0,0.0,0.0,0.0,99.875,0.0,99.875,99.875,99.875,0.0,0.0,0.0,0.0,0.0,0.6516666666666667,0.013010412496663347,0.6475,0.66625,0.64125,0.0,0.0,0.0,0.0,0.0,40.0,0.0,40.0,40.0,40.0,4.327035265816764,0.0014219371742379685,4.326873633389533,4.32853111261179,4.325701051448966,0.5000002987710687,6.566361271952875e-09,0.5000002956397575,0.500000306316964,0.5000002943564844,0.8673510758392422,0.001613612056872772,0.8660876671854827,0.8691687788171707,0.8667967815150733,78.8725,0.014086784586984388,78.86375,78.865,78.88875,,,,,,0.057361374977820866,0.04090629996648274,0.10459587501827627,0.0337874999968335,0.03370074991835281
class,cicids2018_distrinet,mlp-s42,pgd_untargeted,PGD,untargeted,native,DDoS,800,56,0.9987499999999999,1.3597399555105182e-16,0.99875,0.99875,0.99875,0.0,0.0,0.0,0.0,0.0,99.875,0.0,99.875,99.875,99.875,0.0,0.0,0.0,0.0,0.0,0.6725,0.005448623679425828,0.67,0.67875,0.66875,0.0,0.0,0.0,0.0,0.0,40.0,0.0,40.0,40.0,40.0,4.338628643515122,0.0014226444193576858,4.33924418965873,4.337001876753892,4.339639864132744,0.5000015911031358,8.582428973405738e-09,0.5000015976534339,0.5000015813876231,0.5000015942683501,0.8825025544872918,0.0001269061821314057,0.8824553811885565,0.8824059904438691,0.8826462918294498,78.39541666666666,0.016313976625375894,78.38,78.39375,78.4125,,,,,,0.037842500023543835,0.0012455819096320081,0.03802624996751547,0.03651525010354817,0.038985999999567866
class,cicids2018_distrinet,mlp-s42,pgd_untargeted,PGD,untargeted,native,Recon,800,56,0.99125,0.0,0.99125,0.99125,0.99125,0.0,0.0,0.0,0.0,0.0,99.125,0.0,99.125,99.125,99.125,0.0,0.0,0.0,0.0,0.0,0.9874999999999999,0.0021650635094611144,0.985,0.98875,0.98875,0.0,0.0,0.0,0.0,0.0,40.0,0.0,40.0,40.0,40.0,4.337076477539447,0.0017165218626490118,4.337231406012979,4.338710283351802,4.33528774325356,0.500009323781195,4.1854061434291906e-08,0.5000092754612724,0.5000093487481692,0.5000093471341434,0.89610401152524,0.0011711659281772578,0.8947977773270662,0.8970603509783251,0.8964539062703287,78.77791666666666,0.008322910148099497,78.76875,78.78,78.785,,,,,,0.03801420835467676,0.0028571251783918966,0.03476012498140335,0.039170749951153994,0.040111750131472945
class,cicids2018_distrinet,mlp-s42,pgd_untargeted,PGD,untargeted,native,BruteForce,800,56,0.785,0.010000000000000009,0.785,0.775,0.795,0.0,0.0,0.0,0.0,0.0,78.5,1.0,78.5,77.5,79.5,0.0,0.0,0.0,0.0,0.0,0.4708333333333334,0.017017148213885096,0.4575,0.465,0.49,0.0,0.0,0.0,0.0,0.0,40.0,0.0,40.0,40.0,40.0,4.360169378664188,0.004328333374782259,4.356795107459768,4.35866352347679,4.365049505056006,0.5000002135053859,2.3070305470774197e-09,0.5000002133024148,0.5000002159071959,0.5000002113065473,0.8777164572344275,0.0012626553707714178,0.8763205963566785,0.8787790490131987,0.8780497263334052,78.96833333333333,0.005051814855404631,78.97125,78.9625,78.97125,,,,,,0.03739254161094626,0.0017089013800790686,0.03726925002411008,0.03915974986739457,0.03574862494133413
class,cicids2018_distrinet,cnn-s42,pgd_untargeted,PGD,untargeted,native,DoS,800,56,1.0,0.0,1.0,1.0,1.0,0.0,0.0,0.0,0.0,0.0,100.0,0.0,100.0,100.0,100.0,0.0,0.0,0.0,0.0,0.0,1.0,0.0,1.0,1.0,1.0,0.0,0.0,0.0,0.0,0.0,40.0,0.0,40.0,40.0,40.0,3.7616953198264227,0.004618433142179725,3.7572949745885453,3.7612863458359502,3.7665046390547725,0.5000003558223649,1.0741954220659926e-08,0.5000003654086642,0.5000003442125643,0.5000003578458662,0.8642818209105559,0.001514201517576852,0.8633645191367632,0.8634513929295473,0.8660295506653575,78.87166666666667,0.01897092072972479,78.85125,78.875,78.88875,,,,,,1.8311394583239842,0.19185881518300388,1.6099787500570528,1.9305055000586435,1.952934124856256
class,cicids2018_distrinet,cnn-s42,pgd_untargeted,PGD,untargeted,native,DDoS,800,56,0.9987499999999999,1.3597399555105182e-16,0.99875,0.99875,0.99875,0.0,0.0,0.0,0.0,0.0,99.875,0.0,99.875,99.875,99.875,0.0,0.0,0.0,0.0,0.0,0.9508333333333333,0.004732423621500254,0.95625,0.94875,0.9475,0.0,0.0,0.0,0.0,0.0,40.0,0.0,40.0,40.0,40.0,3.7895345355232237,0.0019903950855378176,3.7912192033246965,3.7900461194174593,3.7873382838275145,0.5000018542243684,1.283598735922093e-08,0.5000018670379582,0.5000018542690468,0.5000018413661002,0.7973236070091012,0.0030353404424632874,0.8008176267113675,0.7958156815401118,0.7953375127758245,78.38333333333333,0.009042722672587754,78.3775,78.37875,78.39375,,,,,,1.5909211667409788,0.004436589499875859,1.5927855001064017,1.5858566251699813,1.5941213749465533
class,cicids2018_distrinet,cnn-s42,pgd_untargeted,PGD,untargeted,native,Recon,800,56,0.9891666666666667,0.0007216878364870169,0.99,0.98875,0.98875,0.0,0.0,0.0,0.0,0.0,98.91666666666667,0.07216878364870322,99.0,98.875,98.875,0.0,0.0,0.0,0.0,0.0,0.9879166666666667,0.0007216878364870169,0.9875,0.98875,0.9875,0.0,0.0,0.0,0.0,0.0,40.0,0.0,40.0,40.0,40.0,4.083098859717708,0.0040552948946502255,4.08162154659223,4.087685707560716,4.079989325000176,0.5000049312255395,2.2985420408228598e-07,0.5000047694118378,0.500004829936892,0.5000051943278886,0.86844566779078,0.0031160461617719855,0.8680015400615487,0.8717599487568279,0.8655755145539635,78.78125,0.007806247497998862,78.775,78.77875,78.79,,,,,,1.5910160832572728,0.003906816715652323,1.593512124964036,1.586513750080485,1.5930223747272976
class,cicids2018_distrinet,cnn-s42,pgd_untargeted,PGD,untargeted,native,BruteForce,800,56,1.0,0.0,1.0,1.0,1.0,0.0,0.0,0.0,0.0,0.0,100.0,0.0,100.0,100.0,100.0,0.0,0.0,0.0,0.0,0.0,0.9991666666666666,0.0014433756729740337,0.9975,1.0,1.0,0.0,0.0,0.0,0.0,0.0,40.0,0.0,40.0,40.0,40.0,4.138479287596812,0.0008938123802124724,4.138485354117575,4.1393700512759075,4.137582457396957,0.5000001228954435,3.2231661978704882e-09,0.5000001244215503,0.5000001191926539,0.5000001250721262,0.8973028803607369,0.0002316901580893756,0.8970398485519366,0.8973920757024645,0.8974767168278096,78.97541666666667,0.005907269532818406,78.9775,78.98,78.96875,,,,,,1.5975039167096838,0.02157246523784137,1.6195960002369247,1.5964241250185296,1.5764916248735972
class,cicids2018_distrinet,ft_transformer-s42,pgd_untargeted,PGD,untargeted,native,DoS,800,56,0.9991666666666666,0.0007216878364870169,1.0,0.99875,0.99875,0.0,0.0,0.0,0.0,0.0,99.91666666666667,0.07216878364870322,100.0,99.875,99.875,0.0,0.0,0.0,0.0,0.0,0.5470833333333333,0.013010412496663347,0.5325,0.55125,0.5575,0.0,0.0,0.0,0.0,0.0,40.0,0.0,40.0,40.0,40.0,4.036721773477086,0.004650525664379439,4.033427985845799,4.034695710549854,4.042041624035606,0.5000003081513198,5.351411304816108e-09,0.5000003021246188,0.5000003099828245,0.500000312346516,0.7965694478805307,0.0006569406914790673,0.7970399257503165,0.795818884773245,0.7968495331180309,78.88,0.008660254037844714,78.885,78.87,78.885,,,,,,20.58708691659073,0.11156221904391937,20.580336374987382,20.701871124911122,20.479053249873687
class,cicids2018_distrinet,ft_transformer-s42,pgd_untargeted,PGD,untargeted,native,DDoS,800,56,0.9987499999999999,1.3597399555105182e-16,0.99875,0.99875,0.99875,0.0,0.0,0.0,0.0,0.0,99.875,0.0,99.875,99.875,99.875,0.0,0.0,0.0,0.0,0.0,0.4354166666666666,0.020779096066319478,0.4325,0.4575,0.41625,0.0,0.0,0.0,0.0,0.0,40.0,0.0,40.0,40.0,40.0,3.6941102737262193,0.002904862007369338,3.6956375356468505,3.6907603661853345,3.6959329193464727,0.5000018265810642,2.4883376493430215e-08,0.5000018294105317,0.500001800403899,0.5000018499287618,0.707167180607359,0.004306072251225326,0.7034616207194978,0.7061487451865218,0.7118911759160573,78.36125,0.006959705453537578,78.35375,78.3625,78.3675,,,,,,20.43610449996777,0.045872565164206215,20.389051374804694,20.438564624928404,20.48069750017021
class,cicids2018_distrinet,ft_transformer-s42,pgd_untargeted,PGD,untargeted,native,Recon,800,56,0.9970833333333333,0.0007216878364870809,0.99625,0.9975,0.9975,0.0,0.0,0.0,0.0,0.0,99.70833333333333,0.07216878364870322,99.625,99.75,99.75,0.0,0.0,0.0,0.0,0.0,0.9958333333333332,0.001909406539564941,0.99375,0.9975,0.99625,0.0,0.0,0.0,0.0,0.0,40.0,0.0,40.0,40.0,40.0,4.100693975748019,0.0023200087558366235,4.098664158229897,4.10322292587359,4.100194843140572,0.5000092583225975,4.350303283752751e-09,0.5000092629884575,0.5000092543780064,0.5000092576013287,0.8820193550458811,0.0007091018185383448,0.8816423089041625,0.8828373243370927,0.8815784318963883,78.78583333333334,0.009464847242999981,78.775,78.79,78.7925,,,,,,21.38618799993613,0.08440494250636375,21.312337374838535,21.478192874928936,21.368033750040922
class,cicids2018_distrinet,ft_transformer-s42,pgd_untargeted,PGD,untargeted,native,BruteForce,800,56,0.6729166666666666,0.007216878364870361,0.68125,0.66875,0.66875,0.0,0.0,0.0,0.0,0.0,67.29166666666667,0.7216878364870322,68.125,66.875,66.875,0.0,0.0,0.0,0.0,0.0,0.08583333333333333,0.01063112568514423,0.07375,0.09,0.09375,0.0,0.0,0.0,0.0,0.0,40.0,0.0,40.0,40.0,40.0,4.180014114249176,0.001869186868305753,4.18162403876152,4.1779641753478165,4.180454128638193,0.5000002206476947,1.9919353128561228e-09,0.5000002203401287,0.5000002188274315,0.500000222775524,0.7531561353652451,0.0008283343558396468,0.7527527314075264,0.7541088944259811,0.7526067802622279,78.99166666666666,0.002602082499338264,78.98875,78.9925,78.99375,,,,,,21.45406283341193,0.11656048043281166,21.547470750228968,21.491278875037096,21.323438874969725
class,cicids2017_distrinet,mlp,cw_untargeted,C&W,untargeted,native,DoS,800,56,1.0,0.0,1.0,1.0,1.0,0.0,0.0,0.0,0.0,0.0,100.0,0.0,100.0,100.0,100.0,0.0,0.0,0.0,0.0,0.0,0.9975,0.0,0.9975,0.9975,0.9975,0.0,0.0,0.0,0.0,0.0,120.0,0.0,120.0,120.0,120.0,1.095006883625966,0.0,1.095006883625966,1.095006883625966,1.095006883625966,0.29558945228239375,0.0,0.29558945228239375,0.29558945228239375,0.29558945228239375,0.43364362428824693,0.0,0.43364362428824693,0.43364362428824693,0.43364362428824693,77.4575,0.0,77.4575,77.4575,77.4575,,,,,,0.48925749986665323,0.48386823147025737,1.0479696249240078,0.20689537486759946,0.21290749980835244
class,cicids2017_distrinet,mlp,cw_untargeted,C&W,untargeted,native,DDoS,800,56,0.9975,0.0,0.9975,0.9975,0.9975,0.0,0.0,0.0,0.0,0.0,99.75,0.0,99.75,99.75,99.75,0.0,0.0,0.0,0.0,0.0,0.8850000000000001,1.3597399555105182e-16,0.885,0.885,0.885,0.0,0.0,0.0,0.0,0.0,120.0,0.0,120.0,120.0,120.0,1.8160147815512702,0.0,1.8160147815512702,1.8160147815512702,1.8160147815512702,0.41144542897814246,0.0,0.41144542897814246,0.41144542897814246,0.41144542897814246,0.6284905635689981,0.0,0.6284905635689981,0.6284905635689981,0.6284905635689981,75.165,0.0,75.165,75.165,75.165,,,,,,0.20958454163822657,0.0012791041276526516,0.20960337511496618,0.20829612476518378,0.21085412503452972
class,cicids2017_distrinet,mlp,cw_untargeted,C&W,untargeted,native,Recon,800,56,1.0,0.0,1.0,1.0,1.0,0.0,0.0,0.0,0.0,0.0,100.0,0.0,100.0,100.0,100.0,0.0,0.0,0.0,0.0,0.0,0.99625,0.0,0.99625,0.99625,0.99625,0.0,0.0,0.0,0.0,0.0,120.0,0.0,120.0,120.0,120.0,1.0385762114071375,0.0,1.0385762114071375,1.0385762114071375,1.0385762114071375,0.24315232599774997,0.0,0.24315232599774997,0.24315232599774997,0.24315232599774997,0.3797061498028704,6.798699777552591e-17,0.3797061498028703,0.3797061498028703,0.3797061498028703,78.9925,0.0,78.9925,78.9925,78.9925,,,,,,0.21665766660589725,0.004959852883374393,0.22120749985333532,0.21739512507338077,0.21137037489097565
class,cicids2017_distrinet,mlp,cw_untargeted,C&W,untargeted,native,BruteForce,800,56,1.0,0.0,1.0,1.0,1.0,0.0,0.0,0.0,0.0,0.0,100.0,0.0,100.0,100.0,100.0,0.0,0.0,0.0,0.0,0.0,1.0,0.0,1.0,1.0,1.0,0.0,0.0,0.0,0.0,0.0,120.0,0.0,120.0,120.0,120.0,1.3413931034099857,2.7194799110210365e-16,1.341393103409986,1.341393103409986,1.341393103409986,0.348475024333367,0.0,0.348475024333367,0.348475024333367,0.348475024333367,0.5147764378517669,0.0,0.5147764378517669,0.5147764378517669,0.5147764378517669,79.0,0.0,79.0,79.0,79.0,,,,,,0.21294529171427712,0.0028316720259967064,0.21315099991625175,0.215668500168249,0.2100163750583306
class,cicids2017_distrinet,cnn,cw_untargeted,C&W,untargeted,native,DoS,800,56,0.8562499999999998,1.3597399555105182e-16,0.85625,0.85625,0.85625,0.0,0.0,0.0,0.0,0.0,85.625,0.0,85.625,85.625,85.625,0.0,0.0,0.0,0.0,0.0,0.515,0.0,0.515,0.515,0.515,0.0,0.0,0.0,0.0,0.0,120.0,0.0,120.0,120.0,120.0,1.8150067821704023,2.7194799110210365e-16,1.8150067821704021,1.8150067821704021,1.8150067821704021,0.45389744563313356,0.0,0.45389744563313356,0.45389744563313356,0.45389744563313356,0.5653912543630356,0.0,0.5653912543630356,0.5653912543630356,0.5653912543630356,77.46875,0.0,77.46875,77.46875,77.46875,,,,,,4.8125992917145295,0.1399591121501951,4.7355236249859445,4.974153625080362,4.728120625077281
class,cicids2017_distrinet,cnn,cw_untargeted,C&W,untargeted,native,DDoS,800,56,0.965,0.0,0.965,0.965,0.965,0.0,0.0,0.0,0.0,0.0,96.5,0.0,96.5,96.5,96.5,0.0,0.0,0.0,0.0,0.0,0.05625,0.0,0.05625,0.05625,0.05625,0.0,0.0,0.0,0.0,0.0,120.0,0.0,120.0,120.0,120.0,1.8431427570675638,0.0,1.8431427570675638,1.8431427570675638,1.8431427570675638,0.535516422677815,0.0,0.535516422677815,0.535516422677815,0.535516422677815,0.48866050296566077,0.0,0.48866050296566077,0.48866050296566077,0.48866050296566077,75.16375,0.0,75.16375,75.16375,75.16375,,,,,,4.726872708415613,0.021569504808887165,4.709084875066765,4.7508642499451526,4.7206690002349205
class,cicids2017_distrinet,cnn,cw_untargeted,C&W,untargeted,native,Recon,800,56,1.0,0.0,1.0,1.0,1.0,0.0,0.0,0.0,0.0,0.0,100.0,0.0,100.0,100.0,100.0,0.0,0.0,0.0,0.0,0.0,0.995,0.0,0.995,0.995,0.995,0.0,0.0,0.0,0.0,0.0,120.0,0.0,120.0,120.0,120.0,0.8390624882496313,0.0,0.8390624882496313,0.8390624882496313,0.8390624882496313,0.22710471088102405,0.0,0.22710471088102405,0.22710471088102405,0.22710471088102405,0.12155991343359601,0.0,0.12155991343359601,0.12155991343359601,0.12155991343359601,79.0,0.0,79.0,79.0,79.0,,,,,,4.693747000031483,0.017287242848553323,4.709853999956977,4.675482125021517,4.695904875115957
class,cicids2017_distrinet,cnn,cw_untargeted,C&W,untargeted,native,BruteForce,800,56,1.0,0.0,1.0,1.0,1.0,0.0,0.0,0.0,0.0,0.0,100.0,0.0,100.0,100.0,100.0,0.0,0.0,0.0,0.0,0.0,1.0,0.0,1.0,1.0,1.0,0.0,0.0,0.0,0.0,0.0,120.0,0.0,120.0,120.0,120.0,1.130057948609788,0.0,1.130057948609788,1.130057948609788,1.130057948609788,0.29827577826233737,0.0,0.29827577826233737,0.29827577826233737,0.29827577826233737,0.2656108422993147,0.0,0.2656108422993147,0.2656108422993147,0.2656108422993147,79.0,0.0,79.0,79.0,79.0,,,,,,5.132009333368235,0.3602047152465832,5.319054624997079,5.360213250096422,4.716760125011206
class,cicids2017_distrinet,ft_transformer,cw_untargeted,C&W,untargeted,native,DoS,800,56,0.8024999999999999,1.3597399555105182e-16,0.8025,0.8025,0.8025,0.0,0.0,0.0,0.0,0.0,80.25,0.0,80.25,80.25,80.25,0.0,0.0,0.0,0.0,0.0,0.76625,0.0,0.76625,0.76625,0.76625,0.0,0.0,0.0,0.0,0.0,120.0,0.0,120.0,120.0,120.0,0.6482137730529633,0.0,0.6482137730529633,0.6482137730529633,0.6482137730529633,0.29610280223233226,0.0,0.29610280223233226,0.29610280223233226,0.29610280223233226,0.17669888745685122,0.0,0.17669888745685122,0.17669888745685122,0.17669888745685122,77.45125,0.0,77.45125,77.45125,77.45125,,,,,,6.983552000019699,0.015054448252767087,6.999750999966636,6.969990750076249,6.9809142500162125
class,cicids2017_distrinet,ft_transformer,cw_untargeted,C&W,untargeted,native,DDoS,800,56,0.9875000000000002,1.3597399555105182e-16,0.9875,0.9875,0.9875,0.0,0.0,0.0,0.0,0.0,98.75,0.0,98.75,98.75,98.75,0.0,0.0,0.0,0.0,0.0,0.02625,0.0,0.02625,0.02625,0.02625,0.0,0.0,0.0,0.0,0.0,120.0,0.0,120.0,120.0,120.0,1.3701943818609716,2.7194799110210365e-16,1.3701943818609714,1.3701943818609714,1.3701943818609714,0.5577854366748043,0.0,0.5577854366748043,0.5577854366748043,0.5577854366748043,0.314683844194963,0.0,0.314683844194963,0.314683844194963,0.314683844194963,75.16375,0.0,75.16375,75.16375,75.16375,,,,,,6.972527500086774,0.003588702903921753,6.968944875115994,6.972515374945942,6.976122250198387
class,cicids2017_distrinet,ft_transformer,cw_untargeted,C&W,untargeted,native,Recon,800,56,0.31625,0.0,0.31625,0.31625,0.31625,0.0,0.0,0.0,0.0,0.0,31.624999999999996,0.0,31.624999999999996,31.624999999999996,31.624999999999996,0.0,0.0,0.0,0.0,0.0,0.305,0.0,0.305,0.305,0.305,0.0,0.0,0.0,0.0,0.0,120.0,0.0,120.0,120.0,120.0,0.44877374073964765,0.0,0.44877374073964765,0.44877374073964765,0.44877374073964765,0.209474242665588,0.0,0.209474242665588,0.209474242665588,0.209474242665588,0.10851464481474211,1.6996749443881478e-17,0.10851464481474213,0.10851464481474213,0.10851464481474213,78.99625,0.0,78.99625,78.99625,78.99625,,,,,,8.125098833212784,0.5396262483357821,7.503718624939211,8.475931999855675,8.395645874843467
class,cicids2017_distrinet,ft_transformer,cw_untargeted,C&W,untargeted,native,BruteForce,800,56,0.98,0.0,0.98,0.98,0.98,0.0,0.0,0.0,0.0,0.0,98.0,0.0,98.0,98.0,98.0,0.0,0.0,0.0,0.0,0.0,0.9775,0.0,0.9775,0.9775,0.9775,0.0,0.0,0.0,0.0,0.0,120.0,0.0,120.0,120.0,120.0,0.9134035150528089,0.0,0.9134035150528089,0.9134035150528089,0.9134035150528089,0.4109574298209073,0.0,0.4109574298209073,0.4109574298209073,0.4109574298209073,0.10939965884502219,1.6996749443881478e-17,0.1093996588450222,0.1093996588450222,0.1093996588450222,79.0,0.0,79.0,79.0,79.0,,,,,,8.147015833334686,0.045080675536440636,8.103167625085916,8.144644499989226,8.193235374928918
class,cicids2018_distrinet,mlp-s42,cw_untargeted,C&W,untargeted,native,DoS,800,56,0.9987499999999999,1.3597399555105182e-16,0.99875,0.99875,0.99875,0.0,0.0,0.0,0.0,0.0,99.875,0.0,99.875,99.875,99.875,0.0,0.0,0.0,0.0,0.0,0.815,0.0,0.815,0.815,0.815,0.0,0.0,0.0,0.0,0.0,120.0,0.0,120.0,120.0,120.0,1.0885457277758228,0.0,1.0885457277758228,1.0885457277758228,1.0885457277758228,0.2786923410810858,0.0,0.2786923410810858,0.2786923410810858,0.2786923410810858,0.1782073193045892,0.0,0.1782073193045892,0.1782073193045892,0.1782073193045892,78.87875,0.0,78.87875,78.87875,78.87875,,,,,,0.47548779160327587,0.47329447189883245,1.021998874784913,0.20085962489247322,0.20360487513244152
class,cicids2018_distrinet,mlp-s42,cw_untargeted,C&W,untargeted,native,DDoS,800,56,0.9987499999999999,1.3597399555105182e-16,0.99875,0.99875,0.99875,0.0,0.0,0.0,0.0,0.0,99.875,0.0,99.875,99.875,99.875,0.0,0.0,0.0,0.0,0.0,0.91125,0.0,0.91125,0.91125,0.91125,0.0,0.0,0.0,0.0,0.0,120.0,0.0,120.0,120.0,120.0,1.4066576498038705,0.0,1.4066576498038705,1.4066576498038705,1.4066576498038705,0.3040068358237249,0.0,0.3040068358237249,0.3040068358237249,0.3040068358237249,0.34610002544252666,0.0,0.34610002544252666,0.34610002544252666,0.34610002544252666,77.93625,0.0,77.93625,77.93625,77.93625,,,,,,0.21952979159929478,0.001519596271352785,0.22001687495503575,0.21782637486467138,0.22074612497817725
class,cicids2018_distrinet,mlp-s42,cw_untargeted,C&W,untargeted,native,Recon,800,56,0.9725,0.0,0.9725,0.9725,0.9725,0.0,0.0,0.0,0.0,0.0,97.25,0.0,97.25,97.25,97.25,0.0,0.0,0.0,0.0,0.0,0.9725,0.0,0.9725,0.9725,0.9725,0.0,0.0,0.0,0.0,0.0,120.0,0.0,120.0,120.0,120.0,0.8252442401200152,0.0,0.8252442401200152,0.8252442401200152,0.8252442401200152,0.24849927556455909,0.0,0.24849927556455909,0.24849927556455909,0.24849927556455909,0.25895623231912124,0.0,0.25895623231912124,0.25895623231912124,0.25895623231912124,78.1825,0.0,78.1825,78.1825,78.1825,,,,,,0.2227617081371136,0.0022720771979568006,0.2252427497296594,0.220782499818597,0.2222598748630844
class,cicids2018_distrinet,mlp-s42,cw_untargeted,C&W,untargeted,native,BruteForce,800,56,0.535,0.0,0.535,0.535,0.535,0.0,0.0,0.0,0.0,0.0,53.5,0.0,53.5,53.5,53.5,0.0,0.0,0.0,0.0,0.0,0.0,0.0,0.0,0.0,0.0,0.0,0.0,0.0,0.0,0.0,120.0,0.0,120.0,120.0,120.0,2.9394387841190515,0.0,2.9394387841190515,2.9394387841190515,2.9394387841190515,0.7013156984498105,1.3597399555105182e-16,0.7013156984498103,0.7013156984498103,0.7013156984498103,0.607040788242209,0.0,0.607040788242209,0.607040788242209,0.607040788242209,78.99875,0.0,78.99875,78.99875,78.99875,,,,,,0.19251454175294688,0.007205200388216823,0.19295437494292855,0.18509950023144484,0.19948975008446723
class,cicids2018_distrinet,cnn-s42,cw_untargeted,C&W,untargeted,native,DoS,800,56,1.0,0.0,1.0,1.0,1.0,0.0,0.0,0.0,0.0,0.0,100.0,0.0,100.0,100.0,100.0,0.0,0.0,0.0,0.0,0.0,0.9975,0.0,0.9975,0.9975,0.9975,0.0,0.0,0.0,0.0,0.0,120.0,0.0,120.0,120.0,120.0,1.0715274388060387,0.0,1.0715274388060387,1.0715274388060387,1.0715274388060387,0.2922858966875678,0.0,0.2922858966875678,0.2922858966875678,0.2922858966875678,0.2857022465395378,0.0,0.2857022465395378,0.2857022465395378,0.2857022465395378,78.87625,0.0,78.87625,78.87625,78.87625,,,,,,5.741695208416786,0.24108607143394373,5.675240874988958,5.540806250064634,6.009038500196766
class,cicids2018_distrinet,cnn-s42,cw_untargeted,C&W,untargeted,native,DDoS,800,56,0.9987499999999999,1.3597399555105182e-16,0.99875,0.99875,0.99875,0.0,0.0,0.0,0.0,0.0,99.875,0.0,99.875,99.875,99.875,0.0,0.0,0.0,0.0,0.0,0.4375,0.0,0.4375,0.4375,0.4375,0.0,0.0,0.0,0.0,0.0,120.0,0.0,120.0,120.0,120.0,0.8317328215134202,1.3597399555105182e-16,0.8317328215134203,0.8317328215134203,0.8317328215134203,0.2204284471134171,3.3993498887762956e-17,0.22042844711341708,0.22042844711341708,0.22042844711341708,0.19691746004124713,0.0,0.19691746004124713,0.19691746004124713,0.19691746004124713,77.93,0.0,77.93,77.93,77.93,,,,,,4.860746083431877,0.012232493716207606,4.874676875188015,4.855801500089001,4.851759875018615
class,cicids2018_distrinet,cnn-s42,cw_untargeted,C&W,untargeted,native,Recon,800,56,0.9674999999999999,1.3597399555105182e-16,0.9675,0.9675,0.9675,0.0,0.0,0.0,0.0,0.0,96.75,0.0,96.75,96.75,96.75,0.0,0.0,0.0,0.0,0.0,0.9674999999999999,1.3597399555105182e-16,0.9675,0.9675,0.9675,0.0,0.0,0.0,0.0,0.0,120.0,0.0,120.0,120.0,120.0,1.1947074548663272,0.0,1.1947074548663272,1.1947074548663272,1.1947074548663272,0.36407999147848286,0.0,0.36407999147848286,0.36407999147848286,0.36407999147848286,0.3282931168914434,0.0,0.3282931168914434,0.3282931168914434,0.3282931168914434,78.0625,0.0,78.0625,78.0625,78.0625,,,,,,4.8401402501622215,0.008643874483971954,4.8319506252300926,4.849176125135273,4.839294000121299
class,cicids2018_distrinet,cnn-s42,cw_untargeted,C&W,untargeted,native,BruteForce,800,56,1.0,0.0,1.0,1.0,1.0,0.0,0.0,0.0,0.0,0.0,100.0,0.0,100.0,100.0,100.0,0.0,0.0,0.0,0.0,0.0,1.0,0.0,1.0,1.0,1.0,0.0,0.0,0.0,0.0,0.0,120.0,0.0,120.0,120.0,120.0,1.44630143071422,0.0,1.44630143071422,1.44630143071422,1.44630143071422,0.4333481680974364,0.0,0.4333481680974364,0.4333481680974364,0.4333481680974364,0.3208249461306186,0.0,0.3208249461306186,0.3208249461306186,0.3208249461306186,78.99875,0.0,78.99875,78.99875,78.99875,,,,,,4.823489916743711,0.029027794776754746,4.854907875123899,4.817895125015639,4.797666750091594
class,cicids2018_distrinet,ft_transformer-s42,cw_untargeted,C&W,untargeted,native,DoS,800,56,0.36625,0.0,0.36625,0.36625,0.36625,0.0,0.0,0.0,0.0,0.0,36.625,0.0,36.625,36.625,36.625,0.0,0.0,0.0,0.0,0.0,0.36000000000000004,6.798699777552591e-17,0.36,0.36,0.36,0.0,0.0,0.0,0.0,0.0,120.0,0.0,120.0,120.0,120.0,0.7180951485887178,0.0,0.7180951485887178,0.7180951485887178,0.7180951485887178,0.22567479985916347,0.0,0.22567479985916347,0.22567479985916347,0.22567479985916347,0.08625986136280538,0.0,0.08625986136280538,0.08625986136280538,0.08625986136280538,78.88125,0.0,78.88125,78.88125,78.88125,,,,,,56.87343391677132,0.28598932720232845,56.57240675005596,57.141535250120796,56.9063597501372
class,cicids2018_distrinet,ft_transformer-s42,cw_untargeted,C&W,untargeted,native,DDoS,800,56,0.78625,0.0,0.78625,0.78625,0.78625,0.0,0.0,0.0,0.0,0.0,78.625,0.0,78.625,78.625,78.625,0.0,0.0,0.0,0.0,0.0,0.26625,0.0,0.26625,0.26625,0.26625,0.0,0.0,0.0,0.0,0.0,120.0,0.0,120.0,120.0,120.0,0.806523488438112,0.0,0.806523488438112,0.806523488438112,0.806523488438112,0.26357400758226374,0.0,0.26357400758226374,0.26357400758226374,0.26357400758226374,0.08862118418668168,1.6996749443881478e-17,0.08862118418668166,0.08862118418668166,0.08862118418668166,77.92125,0.0,77.92125,77.92125,77.92125,,,,,,57.0171338749545,0.5085441950724138,56.61288500006776,57.588113749807235,56.850402874988504
class,cicids2018_distrinet,ft_transformer-s42,cw_untargeted,C&W,untargeted,native,Recon,800,56,0.99125,0.0,0.99125,0.99125,0.99125,0.0,0.0,0.0,0.0,0.0,99.125,0.0,99.125,99.125,99.125,0.0,0.0,0.0,0.0,0.0,0.9899999999999999,1.3597399555105182e-16,0.99,0.99,0.99,0.0,0.0,0.0,0.0,0.0,120.0,0.0,120.0,120.0,120.0,0.4797820061874895,0.0,0.4797820061874895,0.4797820061874895,0.4797820061874895,0.320062508221532,0.0,0.320062508221532,0.320062508221532,0.320062508221532,0.11345430973074629,0.0,0.11345430973074629,0.11345430973074629,0.11345430973074629,77.97,0.0,77.97,77.97,77.97,,,,,,59.03953300012896,0.2219063675102301,59.26429350016406,58.820595375145786,59.03371012507705
class,cicids2018_distrinet,ft_transformer-s42,cw_untargeted,C&W,untargeted,native,BruteForce,800,56,0.0,0.0,0.0,0.0,0.0,0.0,0.0,0.0,0.0,0.0,0.0,0.0,0.0,0.0,0.0,0.0,0.0,0.0,0.0,0.0,0.0,0.0,0.0,0.0,0.0,0.0,0.0,0.0,0.0,0.0,120.0,0.0,120.0,120.0,120.0,0.254111957499998,0.0,0.254111957499998,0.254111957499998,0.254111957499998,0.200111573411745,3.3993498887762956e-17,0.20011157341174496,0.20011157341174496,0.20011157341174496,0.06502900829380474,0.0,0.06502900829380474,0.06502900829380474,0.06502900829380474,78.9975,0.0,78.9975,78.9975,78.9975,,,,,,58.740772625023965,0.1127594848999946,58.770782125066034,58.83549149992177,58.61604425008409
class,cicids2017_distrinet,mlp,capgd_prim_support,CAPGD-PrimSupport,untargeted,native,DoS,800,0,0.9429166666666667,0.004389855730355325,0.9475,0.9425,0.93875,0.011666666666666667,0.0007216878364870329,0.0125,0.01125,0.01125,93.125,0.375,93.5,93.125,92.75,0.011666666666666667,0.0007216878364870329,0.0125,0.01125,0.01125,0.9016666666666667,0.01612128510179425,0.915,0.88375,0.90625,0.0075,0.0,0.0075,0.0075,0.0075,24.834999999999997,4.351167857633658e-15,24.835,24.835,24.835,92613.03128662863,8857.747234423088,102827.14736084688,87968.09951551938,87043.8469835196,92569.6215825673,8850.080866901944,102776.76318046868,87895.73281837885,87036.3687488544,3.009640041126231,1.506120230975163,4.59472536652816,2.8367961226141447,1.5973986342363877,20.985416666666666,0.04559216855265136,20.935,21.02375,20.9975,,,,,,13.119502333380902,0.08973089164054202,13.184109250141773,13.017048375040758,13.157349374960177
class,cicids2017_distrinet,mlp,capgd_prim_support,CAPGD-PrimSupport,untargeted,native,DDoS,800,0,1.0,0.0,1.0,1.0,1.0,0.06666666666666667,0.0036084391824351644,0.06875,0.0625,0.06875,93.33333333333333,0.3608439182435161,93.125,93.75,93.125,0.06666666666666667,0.0036084391824351644,0.06875,0.0625,0.06875,0.1691666666666667,0.028948589487802923,0.20125,0.16125,0.145,0.007083333333333334,0.0014433756729740647,0.00625,0.00625,0.00875,24.265,0.0,24.265,24.265,24.265,15884.274617984842,2207.2350932038203,18402.369269658833,14966.23499085656,14284.219593439137,15867.633410674433,2207.899503427172,18386.48210078569,14949.34126063644,14267.076870601168,0.31121679480381337,0.008742018803968871,0.31266577746935886,0.30184081633326154,0.3191437906088197,20.948333333333334,0.00850857410694282,20.95125,20.955,20.93875,,,,,,13.126640708263343,0.12487746152239844,13.255105375137646,13.119126999808941,13.005689749843441
class,cicids2017_distrinet,mlp,capgd_prim_support,CAPGD-PrimSupport,untargeted,native,Recon,800,0,1.0,0.0,1.0,1.0,1.0,0.0020833333333333333,0.0019094065395649333,0.0,0.0025,0.00375,99.79166666666667,0.19094065395649334,100.0,99.75,99.625,0.0020833333333333333,0.0019094065395649333,0.0,0.0025,0.00375,0.9775,0.006614378277661461,0.975,0.985,0.9725,0.0020833333333333333,0.0019094065395649333,0.0,0.0025,0.00375,25.0,0.0,25.0,25.0,25.0,21391.06257951492,2174.9742130355376,20335.3041219763,23892.40155879127,19945.482057777186,21231.68014233131,2232.299712254919,20056.64683975833,23806.06230459652,19832.331282639083,1.7048405351237672,0.3903668484005654,1.8242749952414616,2.021537749039226,1.2687088610906136,12.047916666666666,0.17077183852536515,11.97,12.24375,11.93,,,,,,12.84209541666011,0.019696817229517577,12.833178750006482,12.82843374996446,12.864673750009388
class,cicids2017_distrinet,mlp,capgd_prim_support,CAPGD-PrimSupport,untargeted,native,BruteForce,800,0,0.8333333333333334,0.025749190925800636,0.83625,0.8575,0.80625,0.0,0.0,0.0,0.0,0.0,83.33333333333333,2.5749190925800627,83.625,85.75,80.625,0.0020833333333333333,0.0036084391824351618,0.00625,0.0,0.0,0.8320833333333333,0.026496855159307744,0.83625,0.85625,0.80375,0.0,0.0,0.0,0.0,0.0,24.97,0.0,24.97,24.97,24.97,228515.81977028179,20564.334021555744,249680.59214793934,227257.12069554973,208609.7464673563,228340.2874069732,20633.08163655759,249510.21155149024,227221.04197992414,208289.6086895052,6.022646532353171,6.969235075350358,14.067377276970403,2.179077050521472,1.8214852695676396,21.861250000000002,0.006495190528381485,21.8575,21.86875,21.8575,,,,,,14.933739250021366,0.5933148056525247,14.838817625131924,15.568792499834672,14.393607625097502
class,cicids2017_distrinet,cnn,capgd_prim_support,CAPGD-PrimSupport,untargeted,native,DoS,800,0,0.9516666666666667,0.02456920497967597,0.97,0.96125,0.92375,0.06,0.0021650635094610945,0.06125,0.06125,0.0575,89.16666666666667,2.2442055015825386,90.875,90.0,86.625,0.06,0.0021650635094610945,0.06125,0.06125,0.0575,0.91375,0.02222048604328896,0.93125,0.92125,0.88875,0.04583333333333334,0.001909406539564935,0.04625,0.0475,0.04375,23.935,0.0,23.935,23.935,23.935,99109.00603523209,7872.728501283413,101502.28861695768,90317.3661980938,105507.36329064479,98975.42872616171,7736.629247091878,101437.76056736034,90307.31964759609,105181.20596352872,4.7999424854413055,2.7115564978128432,5.461184374783718,1.8189238321864962,7.1197192493537,20.900833333333335,0.0689919983283095,20.82125,20.94375,20.9375,,,,,,13.479832749872003,0.08029351180950138,13.537655499821994,13.388156374858227,13.513686374935787
class,cicids2017_distrinet,cnn,capgd_prim_support,CAPGD-PrimSupport,untargeted,native,DDoS,800,0,0.9833333333333334,0.006291528696058934,0.99,0.9775,0.9825,0.1425,0.0021650635094610828,0.14375,0.14375,0.14,84.08333333333333,0.6414501799308605,84.625,83.375,84.25,0.1425,0.0021650635094610828,0.14375,0.14375,0.14,0.5504166666666667,0.029430355644017154,0.57875,0.5525,0.52,0.048749999999999995,0.0012500000000000011,0.05,0.04875,0.0475,23.23,0.0,23.23,23.23,23.23,70759.92001852111,19164.7137313781,88418.43976289075,73481.3641393383,50379.95615333426,70739.54319533413,19178.34529749245,88405.60018880288,73471.19156730153,50341.837829897966,9.323049446427273,4.937910599256147,13.658171511224438,10.362979427067978,3.9479974009894057,21.152916666666666,0.037673211083385304,21.1175,21.1925,21.14875,,,,,,13.461083708292184,0.16642921060769053,13.37139949988341,13.358731250045821,13.65312037494732
class,cicids2017_distrinet,cnn,capgd_prim_support,CAPGD-PrimSupport,untargeted,native,Recon,800,0,0.9404166666666667,0.0056365621910286125,0.94625,0.94,0.935,0.0033333333333333335,0.0014433756729740645,0.0025,0.0025,0.005,93.70833333333333,0.6884463184107696,94.37500000000001,93.75,93.0,0.0033333333333333335,0.0014433756729740645,0.0025,0.0025,0.005,0.91375,0.0076034531628727765,0.90875,0.9225,0.91,0.0033333333333333335,0.0014433756729740645,0.0025,0.0025,0.005,22.375,0.0,22.375,22.375,22.375,16666.129111708753,3859.8466831194373,18139.542594243667,12286.592982547681,19572.251758334914,16552.43497273169,3857.165045463942,18053.031509353816,12170.486980995045,19433.78642784621,3.451506640025844,0.34418595984002165,3.5864897312089403,3.0602889002948825,3.7077412885737084,14.97125,0.16280260286616977,14.845,15.155,14.91375,,,,,,13.239375583361834,0.04312779449565956,13.189857124816626,13.268711749988142,13.259557875280734
class,cicids2017_distrinet,cnn,capgd_prim_support,CAPGD-PrimSupport,untargeted,native,BruteForce,800,0,0.9858333333333333,0.010103629710818464,0.995,0.9875,0.975,0.0,0.0,0.0,0.0,0.0,98.58333333333333,1.0103629710818451,99.5,98.75,97.5,0.0,0.0,0.0,0.0,0.0,0.9366666666666666,0.0068844631841075915,0.94375,0.93625,0.93,0.0,0.0,0.0,0.0,0.0,24.505,0.0,24.505,24.505,24.505,93116.59705523937,1700.5399636621191,93028.98676082943,94859.24872148219,91461.55568340649,93112.08712452628,1700.1472802243097,93027.0224250464,94853.16996575329,91456.06898277918,0.2671693669892548,0.015300601820120878,0.2515848989536361,0.28216935260468257,0.26775384940944574,21.35291666666667,0.04252450274057785,21.32125,21.40125,21.33625,,,,,,14.406019666639622,0.34120476415189427,14.236758250044659,14.798763374856208,14.182537375018
class,cicids2017_distrinet,ft_transformer,capgd_prim_support,CAPGD-PrimSupport,untargeted,native,DoS,800,0,0.32958333333333334,0.061139355846568544,0.29,0.4,0.29875,0.006666666666666667,0.0007216878364870318,0.00625,0.00625,0.0075,32.291666666666664,6.145798022497434,28.375,39.37500000000001,29.125,0.006666666666666667,0.0007216878364870318,0.00625,0.00625,0.0075,0.010416666666666666,0.0014433756729740636,0.00875,0.01125,0.01125,0.0,0.0,0.0,0.0,0.0,24.895,0.0,24.895,24.895,24.895,432996.34693538566,119697.89921266072,495413.7514738264,508584.8252653636,294990.46406696714,429959.9549477166,119153.57956073481,491750.67804610945,505525.87944358774,292603.30735345284,105.72025259666303,33.09243600849857,122.81367401270947,126.7703411952651,67.57674258201449,21.829583333333336,0.054433636965881334,21.77375,21.8325,21.8825,,,,,,15.523636958193189,0.06710440528631734,15.574159624811728,15.549253874924034,15.447497374843806
class,cicids2017_distrinet,ft_transformer,capgd_prim_support,CAPGD-PrimSupport,untargeted,native,DDoS,800,0,0.5079166666666667,0.0322183307037055,0.5025,0.5425,0.47875,0.0004166666666666667,0.0007216878364870322,0.0,0.00125,0.0,50.75,3.154857366030991,50.24999999999999,54.125,47.875,0.0004166666666666667,0.0007216878364870322,0.0,0.00125,0.0,0.505,0.03154857366030988,0.5,0.53875,0.47625,0.0004166666666666667,0.0007216878364870322,0.0,0.00125,0.0,25.0,0.0,25.0,25.0,25.0,219551.45733784666,21367.759443796578,238839.48538795643,223232.61213354577,196582.2744920379,218646.7718906577,21010.31974174502,237497.9767074753,222446.43293392178,195995.90603057598,29.822300175443104,8.121955934176928,38.02192230751971,29.66467325846245,21.780304960347145,21.769166666666667,0.05099530207120412,21.715,21.77625,21.81625,,,,,,16.190174291841686,0.9829680357830318,15.576187000260688,15.6704328750493,17.32390300021507
class,cicids2017_distrinet,ft_transformer,capgd_prim_support,CAPGD-PrimSupport,untargeted,native,Recon,800,0,0.9933333333333333,0.0014433756729740337,0.9925,0.995,0.9925,0.0,0.0,0.0,0.0,0.0,99.33333333333333,0.14433756729740646,99.25,99.5,99.25,0.0,0.0,0.0,0.0,0.0,0.9904166666666666,0.0007216878364870169,0.99,0.99125,0.99,0.0,0.0,0.0,0.0,0.0,24.685,0.0,24.685,24.685,24.685,160768.29408455986,14296.893876817794,147522.91755880116,175924.5147369688,158857.44995790967,159878.73372901118,14300.289787212047,146781.59420894197,175136.32124606764,157718.2857320239,16.816906294398297,4.863543817350909,12.545344679513272,22.110119522490994,15.795254681190627,16.407083333333333,0.08835593264367367,16.3125,16.4875,16.42125,,,,,,15.693712833356889,0.05086447713426699,15.694321000191849,15.642546999733895,15.744270500144921
class,cicids2017_distrinet,ft_transformer,capgd_prim_support,CAPGD-PrimSupport,untargeted,native,BruteForce,800,0,0.2575,0.09247465869090839,0.2875,0.33125,0.15375,0.0,0.0,0.0,0.0,0.0,25.75,9.247465869090838,28.749999999999996,33.125,15.375,0.002916666666666667,0.005051814855409226,0.00875,0.0,0.0,0.255,0.09247465869090839,0.285,0.32875,0.15125,0.0,0.0,0.0,0.0,0.0,24.985,0.0,24.985,24.985,24.985,139726.0663840498,58968.059582736394,207178.0450967597,97943.71452602909,114056.4395293606,139204.5255744522,58942.095840586546,206636.23162188203,97495.27360344026,113482.07149803425,19.04154826028881,19.21481726869883,41.072936221929986,5.751505794247446,10.300202764688999,21.99083333333333,0.040414518843272795,21.9475,21.9975,22.0275,,,,,,15.862201416651564,0.178886726156291,16.00475049985107,15.920388374943286,15.661465375160333
class,cicids2018_distrinet,mlp-s42,capgd_prim_support,CAPGD-PrimSupport,untargeted,native,DoS,800,0,0.9500000000000001,0.006959705453537549,0.9575,0.94875,0.94375,0.0,0.0,0.0,0.0,0.0,95.0,0.6959705453537527,95.75,94.875,94.375,0.0,0.0,0.0,0.0,0.0,0.9500000000000001,0.006959705453537549,0.9575,0.94875,0.94375,0.0,0.0,0.0,0.0,0.0,18.58,0.0,18.58,18.58,18.58,161021.5475791964,72290.64200529028,186860.70392663416,216841.9899246521,79361.94888630295,160824.3395747907,72275.59926749278,186675.184970307,216619.82049251217,79178.01326155294,200.76515634712686,90.08254554266398,232.8767431366075,270.391913724655,99.02681218011801,21.19875,0.022534695471651118,21.17375,21.205,21.2175,,,,,,14.179727708299955,0.5211712379840236,14.480604125128593,14.480648000026122,13.57793099974515
class,cicids2018_distrinet,mlp-s42,capgd_prim_support,CAPGD-PrimSupport,untargeted,native,DDoS,800,0,0.9783333333333334,0.00938194187433141,0.98375,0.9675,0.98375,0.0,0.0,0.0,0.0,0.0,97.83333333333333,0.938194187433142,98.375,96.75,98.375,0.0,0.0,0.0,0.0,0.0,0.8358333333333334,0.02964196068638739,0.8675,0.80875,0.83125,0.0,0.0,0.0,0.0,0.0,22.765,0.0,22.765,22.765,22.765,60689.586502177845,40876.413078210404,44667.25263018563,107150.00257403225,30251.504302315683,60385.033793784554,40873.891477740406,44277.35948132327,106858.6851832576,30019.056716772782,70.46707749962523,50.668222865686175,51.89700447777903,127.80035122419977,31.703876796896918,21.083750000000002,0.037562448003291386,21.045,21.12,21.08625,,,,,,13.166989291785285,0.13027625805854293,13.027063750196248,13.284780250105541,13.189123875054065
class,cicids2018_distrinet,mlp-s42,capgd_prim_support,CAPGD-PrimSupport,untargeted,native,Recon,800,0,0.97375,0.005448623679425828,0.9675,0.97625,0.9775,0.005416666666666667,0.0007216878364870324,0.005,0.005,0.00625,96.83333333333333,0.5051814855409226,96.25,97.125,97.125,0.005416666666666667,0.0007216878364870324,0.005,0.005,0.00625,0.97375,0.005448623679425828,0.9675,0.97625,0.9775,0.005416666666666667,0.0007216878364870324,0.005,0.005,0.00625,24.31,0.0,24.31,24.31,24.31,542615.6072586444,124643.34822592825,596373.8398145294,631358.7361644058,400114.245796998,542410.8500045984,124634.73354127083,596178.4005815916,631136.7831476016,399917.36628460174,669.9288747601531,154.683816883923,736.6091038311839,780.0892602030531,493.0882602462225,10.513333333333334,0.18685026313423572,10.57375,10.6625,10.30375,,,,,,13.309379749989603,0.2994534102220602,13.108369249966927,13.16622862505028,13.653541374951601
class,cicids2018_distrinet,mlp-s42,capgd_prim_support,CAPGD-PrimSupport,untargeted,native,BruteForce,800,0,0.7608333333333333,0.027452610683381878,0.7925,0.74625,0.74375,0.0,0.0,0.0,0.0,0.0,76.08333333333333,2.7452610683381886,79.25,74.625,74.375,0.0,0.0,0.0,0.0,0.0,0.6104166666666667,0.04705935967831833,0.64125,0.55625,0.63375,0.0,0.0,0.0,0.0,0.0,25.0,0.0,25.0,25.0,25.0,2805998.342073936,957526.0492945007,2873073.577894898,3728223.1526111346,1816698.2957157749,2798483.1105647157,957627.134695418,2865551.8279925217,3720812.795249191,1809084.7084524333,3476.0239612775054,1190.7697497343258,3560.9925794619353,4622.033592988196,2245.0457113823845,21.989583333333332,0.0804803288594997,21.90125,22.05875,22.00875,,,,,,12.95296441676328,0.1816547740239845,12.74321762524778,13.056057500070892,13.059618124971166
class,cicids2018_distrinet,cnn-s42,capgd_prim_support,CAPGD-PrimSupport,untargeted,native,DoS,800,0,0.5091666666666667,0.04566065958057692,0.55375,0.4625,0.51125,0.0,0.0,0.0,0.0,0.0,50.916666666666664,4.5660659580576946,55.375,46.25,51.125,0.0,0.0,0.0,0.0,0.0,0.28125,0.06357819988014761,0.3275,0.20875,0.3075,0.0,0.0,0.0,0.0,0.0,24.34,0.0,24.34,24.34,24.34,1454414.885892825,513026.63767108164,1689851.6377157292,1807465.5434557565,865927.4765069891,1453279.872750508,512943.38282519445,1688712.1770337718,1806243.6931582277,864883.7480595243,1805.1812713597428,638.5252096167111,2098.6975345974433,2244.171034083926,1072.675245397859,21.739166666666666,0.0853058223882372,21.65,21.82,21.7475,,,,,,14.443872666646106,0.08930809920334992,14.349753750138916,14.52743087487761,14.454433374921791
class,cicids2018_distrinet,cnn-s42,capgd_prim_support,CAPGD-PrimSupport,untargeted,native,DDoS,800,0,0.915,0.016249999999999973,0.90625,0.905,0.93375,0.007916666666666667,0.0007216878364870328,0.0075,0.0075,0.00875,90.70833333333333,1.5528870961320143,89.875,89.75000000000001,92.5,0.007916666666666667,0.0007216878364870328,0.0075,0.0075,0.00875,0.3629166666666666,0.021151733577495096,0.3575,0.345,0.38625,0.00125,0.0,0.00125,0.00125,0.00125,24.399999999999995,4.351167857633658e-15,24.4,24.4,24.4,702814.4236662117,292771.0013650688,851608.7731343235,891305.1345698857,365529.3632944258,702120.8874178668,292826.7216719074,850896.6016954439,890690.8768172913,364775.1837408655,868.3176077719826,363.2284696262475,1053.941845233539,1101.2241605924949,449.7868174899135,20.95875,0.031224989991993173,20.98375,20.96875,20.92375,,,,,,13.412958708261916,0.018976149714272514,13.393463374814019,13.43136912502814,13.414043624943588
class,cicids2018_distrinet,cnn-s42,capgd_prim_support,CAPGD-PrimSupport,untargeted,native,Recon,800,0,0.6254166666666666,0.01821457749532863,0.6175,0.6125,0.64625,0.00375,0.0021650635094610966,0.00125,0.005,0.005,62.166666666666664,1.7514874630819712,61.62500000000001,60.75000000000001,64.125,0.004583333333333333,0.0019094065395649335,0.0025,0.005,0.00625,0.6020833333333334,0.011614466553971945,0.59875,0.5925,0.615,0.00375,0.0021650635094610966,0.00125,0.005,0.005,24.67,0.0,24.67,24.67,24.67,1621262.3988604154,574312.6649762796,1783427.905647942,2097056.470678848,983302.8202544558,1620103.9450256934,574430.6888165914,1782708.7170793237,2095704.0480697602,981899.0699279961,2020.669686220659,713.4797276328286,2218.3710331489724,2614.4509170246088,1229.187108488396,14.837083333333334,0.3612701839805404,15.0525,15.03875,14.42,,,,,,13.254242916688478,0.17439840594987915,13.45559637498809,13.15084725007182,13.156285125005525
class,cicids2018_distrinet,cnn-s42,capgd_prim_support,CAPGD-PrimSupport,untargeted,native,BruteForce,800,0,0.9908333333333333,0.006884463184107645,0.99125,0.98375,0.9975,0.0,0.0,0.0,0.0,0.0,99.08333333333333,0.6884463184107628,99.125,98.375,99.75,0.0,0.0,0.0,0.0,0.0,0.8516666666666667,0.05554183858438011,0.82875,0.81125,0.915,0.0,0.0,0.0,0.0,0.0,22.675,0.0,22.675,22.675,22.675,1304752.7412982325,339317.2326437239,1282314.8003410166,1654732.0820582465,977211.3414954342,1301948.277533332,340454.2940725169,1278964.0514499568,1653312.3081644652,973568.4729855736,1615.1948748063433,422.84329512315435,1586.7511452672597,2051.5419199644016,1207.2915591873686,21.462083333333336,0.10198294383539472,21.3575,21.4675,21.56125,,,,,,15.818222416661834,0.9201010034892813,16.87847512512235,15.229070624918677,15.347121499944478
class,cicids2018_distrinet,ft_transformer-s42,capgd_prim_support,CAPGD-PrimSupport,untargeted,native,DoS,800,0,0.0016666666666666668,0.0007216878364870322,0.00125,0.00125,0.0025,0.0,0.0,0.0,0.0,0.0,0.16666666666666666,0.07216878364870322,0.125,0.125,0.25,0.0,0.0,0.0,0.0,0.0,0.0016666666666666668,0.0007216878364870322,0.00125,0.00125,0.0025,0.0,0.0,0.0,0.0,0.0,24.985,0.0,24.985,24.985,24.985,2225423.9298535534,781627.5223938025,2434937.9745268025,2880942.832807849,1360390.9822260074,2224000.6196311754,781566.566395703,2433447.8069783757,2879504.100253032,1359049.9516621197,2759.886870824295,972.5152134333174,3021.5315992220208,3574.814139158012,1683.3148740928511,22.035833333333333,0.04510981969963228,21.98375,22.0625,22.06125,,,,,,26.790144291686982,1.2293495659219527,25.37143087509321,27.54120875004446,27.45779324992327
class,cicids2018_distrinet,ft_transformer-s42,capgd_prim_support,CAPGD-PrimSupport,untargeted,native,DDoS,800,0,0.009166666666666667,0.004018187817080398,0.0075,0.00625,0.01375,0.0,0.0,0.0,0.0,0.0,0.9166666666666666,0.40181878170803975,0.75,0.625,1.375,0.0004166666666666667,0.0007216878364870322,0.0,0.0,0.00125,0.009166666666666667,0.004018187817080398,0.0075,0.00625,0.01375,0.0,0.0,0.0,0.0,0.0,24.985,0.0,24.985,24.985,24.985,1842351.3087285913,666418.3930081219,1982555.8493432885,2427512.717891419,1116985.3589510664,1841164.9416526898,666391.8698679284,1981314.869120698,2426335.445357498,1115844.5104798726,2284.181597457377,829.2173917156936,2459.5594080833,3011.6819035418807,1381.30348074695,22.032916666666665,0.0425979263971061,21.98375,22.05875,22.05625,,,,,,27.270437374924466,0.25607277197919504,27.56021899986081,27.176470249833073,27.074622875079513
class,cicids2018_distrinet,ft_transformer-s42,capgd_prim_support,CAPGD-PrimSupport,untargeted,native,Recon,800,0,0.04750000000000001,0.0054486236794258425,0.05375,0.04375,0.045,0.0,0.0,0.0,0.0,0.0,4.75,0.5448623679425842,5.375,4.375,4.5,0.0004166666666666667,0.0007216878364870322,0.00125,0.0,0.0,0.04750000000000001,0.0054486236794258425,0.05375,0.04375,0.045,0.0,0.0,0.0,0.0,0.0,24.774999999999995,4.351167857633658e-15,24.775,24.775,24.775,1998217.798473486,680592.7099168805,2184807.2365720607,2566054.475581231,1243791.6832671666,1997253.76534714,680728.533788428,2183750.082204387,2565296.5259267497,1242714.687910283,2484.5131770053945,844.7926598124004,2717.984787729254,3188.0169057506764,1547.5378375362538,14.657499999999999,0.2793938752013006,14.95375,14.62,14.39875,,,,,,25.948634291708004,0.7457478969497535,26.739819500071462,25.847421374928672,25.258662000123877
class,cicids2018_distrinet,ft_transformer-s42,capgd_prim_support,CAPGD-PrimSupport,untargeted,native,BruteForce,800,0,0.33125,0.027838821814150105,0.35625,0.33625,0.30125,0.0,0.0,0.0,0.0,0.0,33.125,2.7838821814150108,35.625,33.625,30.125,0.0,0.0,0.0,0.0,0.0,0.32083333333333336,0.02640825312915137,0.34875,0.3175,0.29625,0.0,0.0,0.0,0.0,0.0,25.0,0.0,25.0,25.0,25.0,2838558.6198087507,970611.8945337217,2824831.0877207327,3815961.4710819023,1874883.300623618,2832066.631745932,970217.899438753,2818494.742769167,3808999.279194,1868705.8732746295,3514.8206257591137,1207.470271632964,3499.162545926212,4730.043791584476,2315.2555397666533,22.036666666666665,0.04474464586219632,21.985,22.0625,22.0625,,,,,,26.14718037502219,0.5644548419429609,26.627876000129618,26.288025499961805,25.525639624975156
class,cicids2017_distrinet,mlp,cpgd_prim_support,C-PGD-PrimSupport,untargeted,native,DoS,800,0,0.21958333333333332,0.01233220715579063,0.23375,0.21125,0.21375,0.0,0.0,0.0,0.0,0.0,21.958333333333332,1.2332207155790618,23.375,21.125,21.375,0.0,0.0,0.0,0.0,0.0,0.21624999999999997,0.015206906325745562,0.23375,0.20875,0.20625,0.0,0.0,0.0,0.0,0.0,40.0,0.0,40.0,40.0,40.0,1569.1704229171519,846.414623426233,1566.5498599907776,2416.892285254108,724.0691235065692,1545.4659986186762,843.5372957930184,1543.875211703225,2389.7975628726163,702.7252212801869,0.20449028663769253,0.018259943949648725,0.2145942841364672,0.1834115140721911,0.21546506170441923,21.83458333333333,0.10081180899742434,21.95,21.79,21.76375,,,,,,10.408271541721964,0.08160462843951298,10.328973249997944,10.403839500213508,10.49200187495444
class,cicids2017_distrinet,mlp,cpgd_prim_support,C-PGD-PrimSupport,untargeted,native,DDoS,800,0,0.8291666666666666,0.057721493685916794,0.835,0.88375,0.76875,0.0,0.0,0.0,0.0,0.0,82.91666666666667,5.7721493685916805,83.5,88.375,76.875,0.0,0.0,0.0,0.0,0.0,0.3641666666666667,0.05025456032374905,0.39625,0.39,0.30625,0.0,0.0,0.0,0.0,0.0,40.0,0.0,40.0,40.0,40.0,2256.7482993806952,1400.266392073888,2411.679739714851,3573.1057944631743,785.4593639640611,2230.2731461274275,1398.0613411422323,2387.2558532815588,3543.217323157992,760.3462619427315,0.19621288123178926,0.019638866325396465,0.20708124779356155,0.1735422822342872,0.20801511366751899,21.967083333333335,0.08464386175815275,22.06375,21.93125,21.90625,,,,,,10.438202291552443,0.11996188208178118,10.551976749848109,10.449742999917362,10.312887124891859
class,cicids2017_distrinet,mlp,cpgd_prim_support,C-PGD-PrimSupport,untargeted,native,Recon,800,0,0.9500000000000001,0.015360257159305665,0.96125,0.95625,0.9325,0.0,0.0,0.0,0.0,0.0,95.0,1.5360257159305635,96.125,95.625,93.25,0.0,0.0,0.0,0.0,0.0,0.94,0.016249999999999973,0.95,0.94875,0.92125,0.0,0.0,0.0,0.0,0.0,40.0,0.0,40.0,40.0,40.0,448.1118603382874,134.47995588636016,482.4101474827801,299.8041136955111,562.1213198365709,428.75255466246136,134.31220000358164,464.129584610076,280.29280285170165,541.8352765256064,0.17700411988164624,0.015012122508298191,0.18686661138106964,0.15972733776156958,0.1844184105022995,16.80541666666667,0.01282900359861639,16.80875,16.79125,16.81625,,,,,,10.219208875011342,0.15633165709751226,10.04770275001647,10.353735125099774,10.256188749917783
class,cicids2017_distrinet,mlp,cpgd_prim_support,C-PGD-PrimSupport,untargeted,native,BruteForce,800,0,0.03333333333333333,0.012268693220279549,0.02625,0.0475,0.02625,0.0,0.0,0.0,0.0,0.0,3.3333333333333335,1.2268693220279547,2.625,4.75,2.625,0.0,0.0,0.0,0.0,0.0,0.03291666666666667,0.012644992421244599,0.02625,0.0475,0.025,0.0,0.0,0.0,0.0,0.0,40.0,0.0,40.0,40.0,40.0,688.5444681504032,427.2355854315977,579.8379522375628,1159.6319525721433,326.1634996415034,677.5186082588363,427.16417061354343,568.8243547160596,1148.5291460600874,315.2023240003619,0.17912966849675174,0.01583289546146587,0.18868238253772385,0.16085368853589188,0.18785293441663956,22.007500000000004,0.08786530885395,22.10875,21.9625,21.95125,,,,,,11.3689991250673,0.8422897627083641,12.258858749992214,11.264017000212334,10.584121624997351
class,cicids2017_distrinet,cnn,cpgd_prim_support,C-PGD-PrimSupport,untargeted,native,DoS,800,0,0.48666666666666664,0.017062996024536058,0.48375,0.47125,0.505,0.0,0.0,0.0,0.0,0.0,48.666666666666664,1.7062996024536057,48.375,47.125,50.5,0.0,0.0,0.0,0.0,0.0,0.40166666666666667,0.012268693220279542,0.40875,0.40875,0.3875,0.0,0.0,0.0,0.0,0.0,40.0,0.0,40.0,40.0,40.0,1532.932721075563,734.2690326793695,1351.8071412838678,2340.81423762696,906.1767843158617,1508.907183022111,731.9368248914594,1329.7590717993712,2313.786055698335,883.1764215686266,0.20234204662446986,0.018861771074478808,0.2124932577446773,0.1805786882899277,0.2139541938388046,21.929999999999996,0.09330728803260803,22.0375,21.87,21.8825,,,,,,10.44627512494723,0.20612047417979487,10.57895087491488,10.551061499863863,10.208813000062946
class,cicids2017_distrinet,cnn,cpgd_prim_support,C-PGD-PrimSupport,untargeted,native,DDoS,800,0,0.7291666666666666,0.04502314219746701,0.75,0.76,0.6775,0.0,0.0,0.0,0.0,0.0,72.91666666666667,4.502314219746699,75.0,76.0,67.75,0.0,0.0,0.0,0.0,0.0,0.4679166666666667,0.06812595565078945,0.51625,0.4975,0.39,0.0,0.0,0.0,0.0,0.0,40.0,0.0,40.0,40.0,40.0,2122.9725085015493,1405.8980906124225,2259.7662031515288,3455.473607143953,653.6777152091662,2105.530056893002,1403.737674758907,2244.357587584927,3434.695802007217,637.5367810868619,0.1960961481962863,0.019585627098281953,0.2064898866668033,0.1735046119826741,0.20829394593938144,21.94875,0.09178779875342961,22.05375,21.90875,21.88375,,,,,,10.486427333186535,0.1536963560119278,10.467004249803722,10.343365749868099,10.648911999887787
class,cicids2017_distrinet,cnn,cpgd_prim_support,C-PGD-PrimSupport,untargeted,native,Recon,800,0,0.5079166666666667,0.06643057152646914,0.58375,0.48,0.46,0.0,0.0,0.0,0.0,0.0,50.791666666666664,6.643057152646914,58.375,48.0,46.0,0.0,0.0,0.0,0.0,0.0,0.50375,0.06884084906507182,0.5825,0.47375,0.455,0.0,0.0,0.0,0.0,0.0,40.0,0.0,40.0,40.0,40.0,285.3039397730016,123.9785887481578,212.98672853499255,214.46555390601753,428.45953687799476,268.7490281076113,122.14710217515204,199.06609557934019,197.39194798111893,409.7890407623747,0.17614470546137773,0.015750407851773184,0.18638762869114853,0.15800835851165496,0.18403812918132967,18.06791666666667,0.06614771978937196,18.14,18.01,18.05375,,,,,,10.298849625008492,0.1186845193528533,10.426808250194881,10.277366874797735,10.192373750032857
class,cicids2017_distrinet,cnn,cpgd_prim_support,C-PGD-PrimSupport,untargeted,native,BruteForce,800,0,0.6929166666666667,0.03138305009608425,0.7225,0.69625,0.66,0.0,0.0,0.0,0.0,0.0,69.29166666666667,3.138305009608424,72.25,69.625,66.0,0.0,0.0,0.0,0.0,0.0,0.3333333333333333,0.052445408124385244,0.3725,0.35375,0.27375,0.0,0.0,0.0,0.0,0.0,40.0,0.0,40.0,40.0,40.0,907.2223182562217,368.96364360575603,867.6915919054103,1294.359647643624,559.6157152196309,871.6384199824247,371.1160056619555,833.0258380464734,1260.551111119099,521.3383107817018,0.1789672769341545,0.016206103077943873,0.1890325473627765,0.16027244843428456,0.18759683500540253,22.01,0.08674675786448761,22.11,21.965,21.955,,,,,,10.431859416712541,0.3145602044419457,10.565867375116795,10.657224250026047,10.07248662499478
class,cicids2017_distrinet,ft_transformer,cpgd_prim_support,C-PGD-PrimSupport,untargeted,native,DoS,800,0,0.07125,0.02375,0.045,0.0775,0.09125,0.0,0.0,0.0,0.0,0.0,7.125,2.375,4.5,7.75,9.125,0.0,0.0,0.0,0.0,0.0,0.0020833333333333333,0.0014433756729740643,0.00125,0.00125,0.00375,0.0,0.0,0.0,0.0,0.0,40.0,0.0,40.0,40.0,40.0,1475.048239519373,773.6248917935693,1298.0572460140936,2321.832015468073,805.2554570759524,1463.9714547767865,771.5437905216979,1286.5210493082009,2308.780869680508,796.6124453416508,0.19972007422670635,0.018810239385192835,0.2104537547534284,0.17800036930632082,0.2107060986203698,21.814999999999998,0.09527099506145668,21.925,21.76125,21.75875,,,,,,12.64322870837835,0.011559337328827532,12.656403750006575,12.638493750127964,12.63478862500051
class,cicids2017_distrinet,ft_transformer,cpgd_prim_support,C-PGD-PrimSupport,untargeted,native,DDoS,800,0,0.006666666666666667,0.002886751345948129,0.01,0.005,0.005,0.0,0.0,0.0,0.0,0.0,0.6666666666666666,0.28867513459481287,1.0,0.5,0.5,0.0,0.0,0.0,0.0,0.0,0.0062499999999999995,0.0033071891388307384,0.01,0.005,0.00375,0.0,0.0,0.0,0.0,0.0,40.0,0.0,40.0,40.0,40.0,2088.3965807604077,1407.350155394556,2232.789265074088,3417.9839324831187,614.4165447240171,2077.1119119353993,1406.1447717077494,2221.947971341236,3405.233066233729,604.1546982312337,0.1963437226568666,0.0193336903653118,0.20724881435612988,0.17402106079059934,0.20776129282387049,21.811666666666667,0.08904294375936368,21.89625,21.82,21.71875,,,,,,14.070066125035131,1.0767775733692462,14.990600874880329,12.88598125014687,14.333616250078194
class,cicids2017_distrinet,ft_transformer,cpgd_prim_support,C-PGD-PrimSupport,untargeted,native,Recon,800,0,0.7645833333333334,0.024696069187895724,0.79125,0.76,0.7425,0.0,0.0,0.0,0.0,0.0,76.45833333333333,2.469606918789574,79.125,76.0,74.25,0.0,0.0,0.0,0.0,0.0,0.7629166666666668,0.025259074277046146,0.79,0.75875,0.74,0.0,0.0,0.0,0.0,0.0,40.0,0.0,40.0,40.0,40.0,643.1340209872791,90.73529450372159,546.9183283972857,655.3280949484201,727.1556396161313,618.9940930086896,93.00835890222216,519.7371516562359,633.1035614368062,704.1415659330265,0.18047248594292345,0.016168772364171597,0.19151449439072532,0.16191366223709214,0.1879893012009529,19.339166666666667,0.14021375051446758,19.46625,19.3625,19.18875,,,,,,12.8674160001295,0.0510927203877777,12.847696625103708,12.829121500253677,12.925429875031114
class,cicids2017_distrinet,ft_transformer,cpgd_prim_support,C-PGD-PrimSupport,untargeted,native,BruteForce,800,0,0.022083333333333333,0.012829003598617208,0.01125,0.03625,0.01875,0.0,0.0,0.0,0.0,0.0,2.2083333333333335,1.2829003598617208,1.125,3.6249999999999996,1.875,0.0,0.0,0.0,0.0,0.0,0.021666666666666667,0.013010412496663327,0.01125,0.03625,0.0175,0.0,0.0,0.0,0.0,0.0,40.0,0.0,40.0,40.0,40.0,655.3571825026694,376.39287991077384,571.1605630349266,1066.7179964258767,328.19298804720495,643.7269839787102,375.6868259804261,558.7103582087497,1054.6368728948808,317.8337208325004,0.17879907251595703,0.01604533720549969,0.18825197174770966,0.16027280883887177,0.1878724369612897,21.974999999999998,0.08235783205014674,22.07,21.93125,21.92375,,,,,,12.985482458413268,0.0080830287866427,12.992756374878809,12.98691037518438,12.976780625176616
class,cicids2018_distrinet,mlp-s42,cpgd_prim_support,C-PGD-PrimSupport,untargeted,native,DoS,800,0,0.21916666666666665,0.01945882404805935,0.2375,0.19875,0.22125,0.0,0.0,0.0,0.0,0.0,21.916666666666668,1.9458824048059362,23.75,19.875,22.125,0.0,0.0,0.0,0.0,0.0,0.18208333333333335,0.018214577495328663,0.18,0.165,0.20125,0.0,0.0,0.0,0.0,0.0,40.0,0.0,40.0,40.0,40.0,574.1363812933081,17.933981828948227,563.7009904325422,594.8445469369649,563.8636065104168,532.6256273018489,22.947056251313228,520.5622939606935,559.0882602277475,518.2263277171057,0.18623745537231443,0.013622945248007563,0.19566069277152967,0.17061773945464281,0.19243393389077076,21.989583333333332,0.09284002818468506,22.095,21.92,21.95375,,,,,,10.496052041611014,0.41569504344271685,10.968201374926139,10.334868124919012,10.185086624987889
class,cicids2018_distrinet,mlp-s42,cpgd_prim_support,C-PGD-PrimSupport,untargeted,native,DDoS,800,0,0.295,0.008750000000000023,0.285,0.30125,0.29875,0.0,0.0,0.0,0.0,0.0,29.5,0.875000000000002,28.499999999999996,30.125,29.875,0.0,0.0,0.0,0.0,0.0,0.18958333333333333,0.03660031875999625,0.15625,0.22875,0.18375,0.0,0.0,0.0,0.0,0.0,40.0,0.0,40.0,40.0,40.0,952.3689525634887,189.77911276126744,898.0699795100252,1163.379331572712,795.6575466077292,905.9912632787937,197.10304979083276,851.0750357836873,1124.7286707440066,742.1700833086869,0.20541915220553567,0.013411351267411012,0.21570665963309246,0.19025094159804679,0.21029985538546778,21.944999999999997,0.10453019898574838,22.065,21.87375,21.89625,,,,,,10.084459583352631,0.13041777214513775,10.05572124995524,10.22684975003358,9.97080775006907
class,cicids2018_distrinet,mlp-s42,cpgd_prim_support,C-PGD-PrimSupport,untargeted,native,Recon,800,0,0.29791666666666666,0.025627540524469618,0.2725,0.32375,0.2975,0.0,0.0,0.0,0.0,0.0,29.791666666666668,2.5627540524469614,27.250000000000004,32.375,29.75,0.0,0.0,0.0,0.0,0.0,0.2966666666666667,0.025627540524469642,0.27125,0.3225,0.29625,0.0,0.0,0.0,0.0,0.0,40.0,0.0,40.0,40.0,40.0,588.6751113432315,29.31369896740167,592.5160784959586,557.6302706812565,615.8789848524792,516.1304882591799,20.967326078932853,522.092026849639,492.82796199940253,533.4714759284982,0.19139040183846764,0.01423922384691845,0.1995442364486095,0.17494854492070588,0.19967842414608752,17.219166666666666,0.10649481599276642,17.32125,17.10875,17.2275,,,,,,10.085125833381122,0.13746343873968014,9.928841874934733,10.18730300012976,10.139232625078876
class,cicids2018_distrinet,mlp-s42,cpgd_prim_support,C-PGD-PrimSupport,untargeted,native,BruteForce,800,0,0.3179166666666667,0.00688446318410762,0.31125,0.3175,0.325,0.0,0.0,0.0,0.0,0.0,31.791666666666668,0.688446318410761,31.125000000000004,31.75,32.5,0.0,0.0,0.0,0.0,0.0,0.2625,0.02858649156507317,0.28375,0.23,0.27375,0.0,0.0,0.0,0.0,0.0,40.0,0.0,40.0,40.0,40.0,575.9568045147255,72.85594715549145,549.125074359771,520.3217265965235,658.423612587882,534.0892442545213,66.94210064335417,507.12746328853274,484.832254522278,610.3080149527532,0.18486776845138211,0.01416637412990047,0.1929425399611825,0.16851028915841573,0.19315047623454812,21.989583333333332,0.09284002818468506,22.095,21.92,21.95375,,,,,,10.471728500172807,0.239145844355924,10.7468891251483,10.314006000116933,10.354290375253186
class,cicids2018_distrinet,cnn-s42,cpgd_prim_support,C-PGD-PrimSupport,untargeted,native,DoS,800,0,0.21291666666666664,0.02151791888945892,0.20375,0.1975,0.2375,0.0,0.0,0.0,0.0,0.0,21.291666666666668,2.151791888945893,20.375,19.75,23.75,0.0,0.0,0.0,0.0,0.0,0.19874999999999998,0.03278719262151,0.20375,0.16375,0.22875,0.0,0.0,0.0,0.0,0.0,40.0,0.0,40.0,40.0,40.0,575.9498249399213,41.55321022996926,546.0243347839936,623.3936115592463,558.4315284765241,533.6454706660853,45.82687378481008,503.2498384894789,586.3557049559288,511.3308685528482,0.18937460610047055,0.014510679300466196,0.19922571433579478,0.1727112257929672,0.19618687817264974,21.987916666666667,0.0909527120724449,22.09125,21.92,21.9525,,,,,,10.460177541535813,0.08922768010535428,10.398992249974981,10.418979874812067,10.562560499820393
class,cicids2018_distrinet,cnn-s42,cpgd_prim_support,C-PGD-PrimSupport,untargeted,native,DDoS,800,0,0.7708333333333334,0.0349627778263303,0.73125,0.78375,0.7975,0.0,0.0,0.0,0.0,0.0,77.08333333333333,3.496277782633029,73.125,78.375,79.75,0.0,0.0,0.0,0.0,0.0,0.625,0.04903761311483257,0.56875,0.65875,0.6475,0.0,0.0,0.0,0.0,0.0,40.0,0.0,40.0,40.0,40.0,913.7881542642534,179.2590482446135,862.0493289258269,1113.226362637114,766.0887712298191,871.0625895176923,184.24320692165963,820.475906202623,1075.3148647330775,717.3969976173764,0.18897922982552448,0.013700054140970336,0.19837002369865128,0.17325880561961376,0.19530886015830834,21.951666666666664,0.10125257198379378,22.0675,21.88,21.9075,,,,,,10.260611833364237,0.1272404444961175,10.205545125063509,10.170179624983575,10.406110750045627
class,cicids2018_distrinet,cnn-s42,cpgd_prim_support,C-PGD-PrimSupport,untargeted,native,Recon,800,0,0.18875,0.02625,0.1775,0.17,0.21875,0.0,0.0,0.0,0.0,0.0,18.875,2.625,17.75,17.0,21.875,0.0,0.0,0.0,0.0,0.0,0.18833333333333335,0.02553592241007427,0.1775,0.17,0.2175,0.0,0.0,0.0,0.0,0.0,40.0,0.0,40.0,40.0,40.0,712.9706695044937,4.021248555482886,717.2916445961963,709.337999688121,712.2823642291637,599.8220173180008,9.630376158488518,610.9409701343062,594.1182801890478,594.4068016306486,0.22086406327083555,0.009061664785024815,0.22694559712170082,0.21044935722226502,0.2251972354685408,17.555416666666666,0.13451494650533607,17.71,17.465,17.49125,,,,,,10.124677333321111,0.08442778399371863,10.062628250161652,10.0905828748364,10.220820874965284
class,cicids2018_distrinet,cnn-s42,cpgd_prim_support,C-PGD-PrimSupport,untargeted,native,BruteForce,800,0,0.8491666666666667,0.05895354809791633,0.80125,0.83125,0.915,0.0,0.0,0.0,0.0,0.0,84.91666666666667,5.895354809791632,80.125,83.125,91.5,0.0,0.0,0.0,0.0,0.0,0.8320833333333333,0.053928965624544835,0.79375,0.80875,0.89375,0.0,0.0,0.0,0.0,0.0,40.0,0.0,40.0,40.0,40.0,558.758120784766,78.8075444599873,531.2148731498072,497.41878537456415,647.6407038299265,518.7477600189756,75.57823613893264,489.4597397134151,462.19676558710773,604.586774756404,0.18391688667003783,0.014279904796753715,0.19219916044801322,0.16742793066979225,0.19212356889230806,21.989583333333332,0.09284002818468506,22.095,21.92,21.95375,,,,,,10.795824416660858,0.8174407786489543,11.735448875115253,10.248302249819972,10.403722125047352
class,cicids2018_distrinet,ft_transformer-s42,cpgd_prim_support,C-PGD-PrimSupport,untargeted,native,DoS,800,0,0.0004166666666666667,0.0007216878364870322,0.00125,0.0,0.0,0.0,0.0,0.0,0.0,0.0,0.041666666666666664,0.07216878364870323,0.125,0.0,0.0,0.0,0.0,0.0,0.0,0.0,0.0004166666666666667,0.0007216878364870322,0.00125,0.0,0.0,0.0,0.0,0.0,0.0,0.0,40.0,0.0,40.0,40.0,40.0,541.187228326217,18.129497366532433,520.2868290908866,550.6085165696838,552.6663393180808,500.5099816686065,19.016286132341218,478.9967988043859,515.0752947438705,507.45785145756304,0.1846765778550079,0.013967982570338261,0.19311348302302034,0.1685535668804209,0.19236268366158243,21.989583333333332,0.09284002818468506,22.095,21.92,21.95375,,,,,,30.608406500153553,0.8474142283026004,31.17790275020525,31.012763875187375,29.63455287506804
class,cicids2018_distrinet,ft_transformer-s42,cpgd_prim_support,C-PGD-PrimSupport,untargeted,native,DDoS,800,0,0.0020833333333333333,0.0007216878364870322,0.0025,0.00125,0.0025,0.0,0.0,0.0,0.0,0.0,0.20833333333333334,0.07216878364870322,0.25,0.125,0.25,0.0,0.0,0.0,0.0,0.0,0.0020833333333333333,0.0007216878364870322,0.0025,0.00125,0.0025,0.0,0.0,0.0,0.0,0.0,40.0,0.0,40.0,40.0,40.0,908.7767565789609,178.1223444237373,859.1731994762232,1106.4431784934973,760.7138917671624,866.5031338374814,184.01563102902236,817.5067580490119,1070.0579296318592,711.9447138315729,0.18501731645919905,0.0142277283072706,0.19435021163325084,0.16864185296398812,0.19205988478035813,21.946250000000003,0.10307006112349106,22.065,21.88,21.89375,,,,,,31.364114916747592,0.527899124599189,31.799135875189677,31.51639499992598,30.776813875127118
class,cicids2018_distrinet,ft_transformer-s42,cpgd_prim_support,C-PGD-PrimSupport,untargeted,native,Recon,800,0,0.014166666666666666,0.0007216878364870318,0.015,0.01375,0.01375,0.0,0.0,0.0,0.0,0.0,1.4166666666666667,0.07216878364870322,1.5,1.375,1.375,0.0,0.0,0.0,0.0,0.0,0.014166666666666666,0.0007216878364870318,0.015,0.01375,0.01375,0.0,0.0,0.0,0.0,0.0,40.0,0.0,40.0,40.0,40.0,842.9919621139139,15.1415492342542,860.2309268969466,831.8465970805546,836.8983623642406,687.6792780221425,18.151507723020494,708.0655395674605,681.7024830725994,673.2698114263677,0.24509514226128218,0.011589959318422056,0.2540173496798898,0.231995588570229,0.24927248853372772,18.42625,0.14959842078043611,18.5925,18.38375,18.3025,,,,,,30.240408916627832,0.3544112380378788,30.649334999907296,30.022092375147622,30.04979937482858
class,cicids2018_distrinet,ft_transformer-s42,cpgd_prim_support,C-PGD-PrimSupport,untargeted,native,BruteForce,800,0,0.049166666666666664,0.018214577495328663,0.03,0.05125,0.06625,0.0,0.0,0.0,0.0,0.0,4.916666666666667,1.821457749532866,3.0,5.125,6.625,0.0,0.0,0.0,0.0,0.0,0.049166666666666664,0.018214577495328663,0.03,0.05125,0.06625,0.0,0.0,0.0,0.0,0.0,40.0,0.0,40.0,40.0,40.0,559.0745107979956,75.97887462388717,536.1169023850525,497.2218718775189,643.8847581314153,518.3242593336493,71.15908947381868,495.0444956703299,461.72078641498956,598.2074959156282,0.18404622138840945,0.014096822053056719,0.19231076774919542,0.16776926430585745,0.19205863211017554,21.989583333333332,0.09284002818468506,22.095,21.92,21.95375,,,,,,30.278481708373874,0.12377844718317432,30.186370750016067,30.22989162505837,30.419182750047185
class,cicids2017_distrinet,mlp,capgd_native,CAPGD (native),untargeted,native,DoS,800,1,0.9354166666666667,0.0050518148554091775,0.94,0.93625,0.93,0.04041666666666666,0.004732423621500226,0.035,0.04375,0.0425,89.5,0.9013878188659894,90.49999999999999,89.25,88.75,0.046250000000000006,0.010231690964840561,0.035,0.04875,0.055,0.90375,0.01952562418976664,0.92625,0.89375,0.89125,0.020833333333333332,0.0019094065395649335,0.0225,0.01875,0.02125,24.834999999999997,4.351167857633658e-15,24.835,24.835,24.835,90487.54336009522,5031.23227186856,95676.83632351446,90154.91524222514,85630.87851454606,90406.61275665903,4992.669843748226,95583.80434035722,90014.43851996191,85621.59540965792,2.687783190259072,0.42346745158018195,2.4844743295470018,3.1745659276957268,2.4043093135344886,15.039583333333333,0.04804511768466558,14.99625,15.03125,15.09125,,,,,,13.305031833297107,0.3809350325021703,12.940775500028394,13.700700374902226,13.273619624960702
class,cicids2017_distrinet,mlp,capgd_native,CAPGD (native),untargeted,native,DDoS,800,1,1.0,0.0,1.0,1.0,1.0,0.30291666666666667,0.0350520446384135,0.32125,0.325,0.2625,69.70833333333333,3.505204463841351,67.875,67.5,73.75,0.30291666666666667,0.0350520446384135,0.32125,0.325,0.2625,0.15916666666666665,0.02173466892624163,0.18375,0.15125,0.1425,0.009166666666666667,0.001909406539564933,0.00875,0.01125,0.0075,24.235,0.0,24.235,24.235,24.235,15198.671682740991,1055.8589086109002,15954.57400409208,15649.150842204097,13992.290201926795,15156.487505357618,1040.669583745651,15936.945865886079,15557.558990545063,13974.95765964171,0.39799910198860483,0.0804887578009895,0.4714893180238308,0.41052702150805515,0.3119809664339284,15.025416666666667,0.015069284433353973,15.04125,15.01125,15.02375,,,,,,13.011774833333524,0.08182778866241887,12.943790999997873,12.988938624912407,13.10259487509029
class,cicids2017_distrinet,mlp,capgd_native,CAPGD (native),untargeted,native,Recon,800,1,1.0,0.0,1.0,1.0,1.0,0.03291666666666667,0.007216878364870323,0.02875,0.04125,0.02875,96.70833333333333,0.7216878364870322,97.125,95.875,97.125,0.03291666666666667,0.007216878364870323,0.02875,0.04125,0.02875,0.9783333333333334,0.003818813079129895,0.9775,0.9825,0.975,0.03208333333333333,0.007938566201357355,0.0275,0.04125,0.0275,25.0,0.0,25.0,25.0,25.0,23365.64548738451,200.34410565382512,23453.654112780667,23506.921022651997,23136.36132672088,23163.857016481605,182.83599816371515,23121.669790666714,23364.099117264483,23005.802141513614,1.786702202013295,0.3246436475747067,1.8516759710486879,2.0739453675591046,1.434485267432093,10.938749999999999,0.07569469928601305,10.9425,11.0125,10.86125,,,,,,13.158799083321355,0.2353257591133727,13.42541274992982,13.070946375082713,12.980038124951534
class,cicids2017_distrinet,mlp,capgd_native,CAPGD (native),untargeted,native,BruteForce,800,1,0.8504166666666667,0.031974925071582824,0.8475,0.88375,0.82,0.005,0.005448623679425842,0.00125,0.0025,0.01125,84.54166666666667,3.6257183196345224,84.625,88.12500000000001,80.875,0.010416666666666666,0.012644992421244599,0.00375,0.0025,0.025,0.8495833333333334,0.031926021257484186,0.8475,0.8825,0.81875,0.004166666666666667,0.005051814855409225,0.00125,0.00125,0.01,24.97,0.0,24.97,24.97,24.97,227902.55068820194,8843.905131348896,234753.66407200007,231035.29728481098,217918.6907077948,227711.48490621112,8935.905447148263,234536.8743683015,231000.3534389472,217597.2269113846,6.32490734666997,7.50872471138631,14.993736036595243,2.130148470378513,1.850837533036153,15.394583333333335,0.04125631264828832,15.43625,15.35375,15.39375,,,,,,13.491048249901118,0.8603462042732918,12.980581999872811,13.008200250042137,14.484362499788404
class,cicids2017_distrinet,cnn,capgd_native,CAPGD (native),untargeted,native,DoS,800,1,0.9558333333333332,0.01697117654534691,0.96625,0.965,0.93625,0.1829166666666667,0.014379528272281164,0.1975,0.1825,0.16875,77.29166666666667,0.8322910148099241,76.875,78.25,76.75,0.18500000000000003,0.013749999999999998,0.19875,0.185,0.17125,0.9195833333333333,0.01872220161555081,0.935,0.925,0.89875,0.15125000000000002,0.015155444566227676,0.1675,0.14875,0.1375,23.995,0.0,23.995,23.995,23.995,103819.56419073923,11316.753249855461,107929.11224651984,91022.22923907303,112507.35108662478,103533.97399173646,11171.244930408908,107500.42455034205,90920.73621151019,112180.76121335718,5.734750643989027,2.938464768475053,6.741169331177798,2.425313179744599,8.037769421044684,15.019583333333335,0.02599078362291768,14.99,15.03,15.03875,,,,,,13.683145833395733,0.1631224397230206,13.871137000096496,13.578980625024997,13.599319875065703
class,cicids2017_distrinet,cnn,capgd_native,CAPGD (native),untargeted,native,DDoS,800,1,0.9795833333333333,0.011614466553972008,0.9925,0.97,0.97625,0.36624999999999996,0.01866648065383511,0.3525,0.3875,0.35875,61.333333333333336,2.8975564417856248,64.00000000000001,58.25,61.74999999999999,0.37125,0.018413649828320295,0.355,0.39125,0.3675,0.5220833333333333,0.04502314219746699,0.57375,0.50125,0.49125,0.12208333333333334,0.008508574106942557,0.125,0.12875,0.1125,23.290000000000003,4.351167857633658e-15,23.29,23.29,23.29,75199.06092319773,31143.439673151446,111154.0141834741,56634.356301789914,57808.812284329215,75165.04904483381,31105.607582858927,111076.43808255339,56628.040381147104,57790.66867080091,11.006184190421061,7.48467909840052,19.64593404567466,6.877262228253469,6.495356297335054,15.094166666666666,0.02254624876411445,15.0925,15.1175,15.0725,,,,,,13.342669333311884,0.1323384056365388,13.22277525003301,13.484668250021059,13.320564499881584
class,cicids2017_distrinet,cnn,capgd_native,CAPGD (native),untargeted,native,Recon,800,1,0.9370833333333334,0.010026007846263311,0.9475,0.9275,0.93625,0.11208333333333333,0.014487782208928096,0.105,0.1025,0.12875,82.5,1.75,84.25,82.5,80.75,0.11458333333333333,0.014487782208928096,0.105,0.1075,0.13125,0.9095833333333334,0.006884463184107649,0.91625,0.9025,0.91,0.10625,0.014086784586980802,0.09875,0.0975,0.1225,22.315,0.0,22.315,22.315,22.315,19737.681768838756,7911.634573120491,17539.775595386458,13157.38567624271,28515.884034887105,19618.690591264178,7887.276106817895,17454.9154471435,13039.13690012576,28362.01942652328,4.33867332731167,1.2444508962604135,3.7557233503492453,3.492701602107807,5.767595029477958,12.068333333333333,0.038736556807921804,12.09375,12.02375,12.0875,,,,,,13.168557708268054,0.12204423624508794,13.059410999994725,13.300332374928985,13.145929749880452
class,cicids2017_distrinet,cnn,capgd_native,CAPGD (native),untargeted,native,BruteForce,800,1,0.9775,0.01815729880791744,0.995,0.97875,0.95875,0.10833333333333332,0.01134221465734683,0.11,0.09625,0.11875,86.91666666666667,2.5289984842489197,88.5,88.25,84.0,0.10833333333333332,0.01134221465734683,0.11,0.09625,0.11875,0.9391666666666666,0.03138305009608425,0.96875,0.9425,0.90625,0.09958333333333334,0.00832291014809924,0.105,0.09,0.10375,24.475000000000005,4.351167857633658e-15,24.475,24.475,24.475,91246.8388909381,4493.213393063194,90798.40427698121,95947.45501765507,86994.65737817802,91243.30314515081,4493.3903215714345,90796.74049979902,95943.30122621384,86989.86770943958,0.28441824940681454,0.01606680573027014,0.28072987907981395,0.27051634967208005,0.3020085194685496,15.139583333333334,0.01592626237801407,15.1475,15.12125,15.15,,,,,,14.591128041696114,0.566703598798254,14.943188375036698,14.89279350003926,13.937402250012383
class,cicids2017_distrinet,ft_transformer,capgd_native,CAPGD (native),untargeted,native,DoS,800,1,0.38666666666666666,0.06026417537254893,0.35125,0.45625,0.3525,0.15875000000000003,0.03935019059674298,0.115,0.19125,0.17,22.791666666666668,4.187655469750747,23.625,26.5,18.249999999999996,0.1729166666666667,0.051025932949171376,0.115,0.21125,0.1925,0.00875,0.0,0.00875,0.00875,0.00875,0.002916666666666667,0.000721687836487032,0.0025,0.00375,0.0025,24.895,0.0,24.895,24.895,24.895,420436.97548756655,112765.75992142496,487603.65508636256,483458.98996219924,290248.281414138,417450.5789959072,112180.9570923512,483935.9630705941,480485.28520180134,287930.4887153262,102.91720875729068,31.250412448797405,120.48159335410213,121.43350677467755,66.83652614309239,15.390416666666667,0.035670657876374606,15.35375,15.3925,15.425,,,,,,15.571062749950215,0.043066048745930466,15.549075875023846,15.620684124878608,15.543428249948192
class,cicids2017_distrinet,ft_transformer,capgd_native,CAPGD (native),untargeted,native,DDoS,800,1,0.5420833333333334,0.02602082499332669,0.53375,0.57125,0.52125,0.015,0.0078062474979979975,0.00875,0.0125,0.02375,52.708333333333336,3.067810022366665,52.49999999999999,55.87500000000001,49.75,0.04458333333333333,0.026731691553909063,0.02125,0.03875,0.07375,0.53625,0.024334902917414736,0.5275,0.56375,0.5175,0.015,0.0078062474979979975,0.00875,0.0125,0.02375,25.0,0.0,25.0,25.0,25.0,224489.20118939632,27726.63898485868,251762.9145740231,225373.87775141283,196330.8112427531,223621.38305150034,27364.733643087176,250483.40946775666,224600.51557359882,195780.22411314558,30.419782625231647,8.79610072393382,38.38402546218546,31.896554406947565,20.978768006561914,15.321250000000001,0.023750000000000323,15.295,15.3275,15.34125,,,,,,15.553255333312942,0.0040834943468415555,15.548982500040438,15.557118625147268,15.55366487475112
class,cicids2017_distrinet,ft_transformer,capgd_native,CAPGD (native),untargeted,native,Recon,800,1,0.9891666666666666,0.0036084391824351483,0.99125,0.99125,0.985,0.0525,0.022114757516192664,0.05625,0.02875,0.0725,93.66666666666667,2.504163200219446,93.5,96.24999999999999,91.25,0.05291666666666667,0.022684429314693662,0.05625,0.02875,0.07375,0.9862500000000001,0.0033071891388307306,0.9875,0.98875,0.9825,0.0525,0.022114757516192664,0.05625,0.02875,0.0725,24.76,0.0,24.76,24.76,24.76,164298.0006287966,9875.650604059168,158444.07571105103,175700.05288934716,158749.87328599166,163382.7815033643,9855.828203849778,157687.10147019394,174763.30991831544,157697.9331215835,16.296791204638613,3.3830238650669022,14.067935932270709,20.189528327316204,14.632909354328923,12.580833333333333,0.06497996486097303,12.60375,12.63125,12.5075,,,,,,15.823261958430521,0.14653751412719565,15.817394125042483,15.972645250149071,15.67974650010001
class,cicids2017_distrinet,ft_transformer,capgd_native,CAPGD (native),untargeted,native,BruteForce,800,1,0.10666666666666667,0.04959733695808005,0.10125,0.15875,0.06,0.0020833333333333333,0.0007216878364870322,0.0025,0.0025,0.00125,10.458333333333334,4.901105317510871,9.875,15.625,5.875,0.0525,0.030948546007849867,0.0175,0.06375,0.07625,0.10416666666666667,0.049597336958080045,0.09875,0.15625,0.0575,0.0004166666666666667,0.0007216878364870322,0.0,0.00125,0.0,24.985,0.0,24.985,24.985,24.985,133807.00000205447,67066.81948795807,210887.039358389,88789.40934011621,101744.5513076582,133274.85461530133,67027.94183450557,210317.5781752768,88345.75950629904,101161.22616432815,19.229038583345915,20.2911980726285,42.49203086768729,5.177292101510368,10.017792780840088,15.5025,0.03875000000000003,15.45875,15.51625,15.5325,,,,,,15.81991470826324,0.170439056965848,15.727019250043668,15.7161049998831,16.016619874862954
class,cicids2018_distrinet,mlp-s42,capgd_native,CAPGD (native),untargeted,native,DoS,800,1,0.8870833333333333,0.013938107236398106,0.8975,0.87125,0.8925,0.6404166666666666,0.00938194187433141,0.635,0.65125,0.635,24.66666666666666,2.322893310794392,26.249999999999996,21.999999999999996,25.749999999999996,0.6437499999999999,0.013050383136138165,0.635,0.65875,0.6375,0.8870833333333333,0.013938107236398106,0.8975,0.87125,0.8925,0.6404166666666666,0.00938194187433141,0.635,0.65125,0.635,20.41,0.0,20.41,20.41,20.41,782583.1814633528,354875.67467064795,888120.2186674419,1072718.7235059508,386910.60221666587,782283.9398699905,354879.88009983307,887836.9739471204,1072412.142903206,386602.7027596451,973.0622741585557,441.3182645291623,1104.4815433961426,1333.7427688366606,480.9625102428639,15.0775,0.023848480035423367,15.0525,15.1,15.08,,,,,,15.517937541687084,0.19065341331932115,15.300411125062965,15.656033625127748,15.597367874870542
class,cicids2018_distrinet,mlp-s42,capgd_native,CAPGD (native),untargeted,native,DDoS,800,1,0.9270833333333334,0.01842778698957999,0.93375,0.90625,0.94125,0.2866666666666667,0.022232202619923508,0.29625,0.26125,0.3025,64.04166666666667,0.4018187817080409,63.74999999999999,64.5,63.87500000000001,0.29250000000000004,0.028311879132265294,0.29625,0.2625,0.31875,0.7316666666666666,0.04257958235273489,0.75625,0.6825,0.75625,0.28041666666666665,0.020928947258123935,0.2925,0.25625,0.2925,23.425,0.0,23.425,23.425,23.425,1348373.4309226824,402988.67663888587,1560993.7083275772,1600524.3594595653,883602.2249809046,1347991.3034871842,402989.429566972,1560594.7375086027,1600158.9927365335,883220.1802164167,1669.4302791965536,501.58908691168654,1935.440178168737,1981.981905630407,1090.8687537905164,15.175416666666665,0.019134937505341107,15.1825,15.19,15.15375,,,,,,13.227832333359402,0.08182479421564708,13.186787999875378,13.322055375028867,13.17465362517396
class,cicids2018_distrinet,mlp-s42,capgd_native,CAPGD (native),untargeted,native,Recon,800,1,0.96125,0.006614378277661461,0.95875,0.95625,0.96875,0.17499999999999996,0.003307189138830741,0.1725,0.17375,0.17875,78.625,0.3749999999999929,78.625,78.25000000000001,79.0,0.17708333333333334,0.00381881307912987,0.17375,0.17625,0.18125,0.96125,0.006614378277661461,0.95875,0.95625,0.96875,0.17499999999999996,0.003307189138830741,0.1725,0.17375,0.17875,24.445000000000004,4.351167857633658e-15,24.445,24.445,24.445,683613.0583830737,182397.17237754163,755917.0293542024,818773.1574907372,476148.98830428143,683372.6012821078,182329.03829789895,755671.1313248142,818464.5991674636,475982.0733540457,837.9784506988739,228.0386481762378,928.309221841934,1007.0136461269551,578.6124841277325,8.455416666666666,0.1069486831771829,8.34625,8.46,8.56,,,,,,13.04185704163198,0.09049651774343993,13.02121150016319,12.96346712479135,13.140892499941401
class,cicids2018_distrinet,mlp-s42,capgd_native,CAPGD (native),untargeted,native,BruteForce,800,1,0.44125,0.017365554986812255,0.45,0.4525,0.42125,0.034583333333333334,0.031183262070112766,0.0225,0.01125,0.07,40.666666666666664,4.848217026220396,42.75,44.125,35.125,0.07083333333333333,0.052415606772538016,0.0375,0.04375,0.13125,0.27499999999999997,0.014737282653189496,0.29125,0.27125,0.2625,0.034583333333333334,0.031183262070112766,0.0225,0.01125,0.07,25.0,0.0,25.0,25.0,25.0,2876812.5139739984,931876.5387799634,2963801.9919017125,3762144.1885966216,1904491.361423662,2869415.282149436,931843.6872702271,2956612.78287276,3754595.3560543894,1897037.7075211578,3561.8515986906277,1159.0353816769348,3671.349565796091,4662.252242839358,2351.952987436434,15.507916666666667,0.040894936524383335,15.46125,15.5375,15.525,,,,,,12.854890124969339,0.027242881189322592,12.874728624883574,12.82382850011345,12.866113249910995
class,cicids2018_distrinet,cnn-s42,capgd_native,CAPGD (native),untargeted,native,DoS,800,1,0.3475,0.02168668946612186,0.37125,0.32875,0.3425,0.02791666666666667,0.0014433756729740658,0.02625,0.02875,0.02875,31.958333333333332,2.3060156836702848,34.5,30.0,31.375000000000004,0.05333333333333334,0.028894564079309685,0.02625,0.05,0.08375,0.06083333333333333,0.014049762750072803,0.07625,0.04875,0.0575,0.0275,0.0021650635094610966,0.025,0.02875,0.02875,24.804999999999996,4.351167857633658e-15,24.805,24.805,24.805,1523444.342485565,541764.6709598359,1782196.2783344814,1887317.3334764277,900819.415645786,1522185.2958613152,541711.7366456988,1780932.3402894472,1886004.51575674,899619.0315377585,1890.3742657326331,674.2180073931148,2213.122023387363,2342.5517989236705,1115.4489748868662,15.415,0.06289872812704596,15.3425,15.455,15.4475,,,,,,15.393205333384685,0.1455683079401829,15.226314125175122,15.459312375169247,15.493989499809686
class,cicids2018_distrinet,cnn-s42,capgd_native,CAPGD (native),untargeted,native,DDoS,800,1,0.7683333333333332,0.014049762750072784,0.75625,0.765,0.78375,0.14416666666666667,0.015275252316519465,0.1475,0.1275,0.1575,62.416666666666664,1.448778220892806,60.875,63.74999999999999,62.625,0.16541666666666666,0.017514874630819754,0.16625,0.1475,0.1825,0.13083333333333333,0.018085445345175588,0.11,0.1425,0.14,0.02625,0.00625,0.02,0.0325,0.02625,24.415000000000003,4.351167857633658e-15,24.415,24.415,24.415,626273.9508885356,259745.96486919586,737998.5307021661,811463.8959120986,329359.426051342,625569.3785099859,259850.30004821307,737365.137567603,810811.4160992163,328531.5818631381,772.4141400010329,322.76395026477786,911.8120856525261,1002.0523134696136,403.378020880959,15.191666666666668,0.026819225069590013,15.17375,15.2225,15.17875,,,,,,13.540385291659428,0.11062864559046971,13.656143500120379,13.529289999860339,13.435722374997567
class,cicids2018_distrinet,cnn-s42,capgd_native,CAPGD (native),untargeted,native,Recon,800,1,0.5920833333333333,0.03571443452349946,0.595,0.555,0.62625,0.12416666666666666,0.022718843133692636,0.13125,0.09875,0.1425,46.791666666666664,1.4215601757693288,46.375,45.62500000000001,48.375,0.1425,0.026249999999999992,0.13125,0.12375,0.1725,0.56625,0.037749172176353735,0.57125,0.52625,0.60125,0.12166666666666666,0.020090939085401993,0.13,0.09875,0.13625,24.925,0.0,24.925,24.925,24.925,1656368.1391027933,569041.9540991043,1768471.6359821633,2161015.37408959,1039617.4072366266,1655413.7195395848,569438.0498653834,1767864.0880321853,2160237.444572948,1038139.6260136216,2060.823074699357,703.6526585900027,2197.521205429316,2686.096586628384,1298.8514320403708,10.876249999999999,0.0770146090037466,10.96375,10.81875,10.84625,,,,,,13.707048541594608,0.12423047372182605,13.579728875192814,13.827940249757376,13.713476499833632
class,cicids2018_distrinet,cnn-s42,capgd_native,CAPGD (native),untargeted,native,BruteForce,800,1,0.9495833333333333,0.005204164998665345,0.94375,0.95375,0.95125,0.3558333333333333,0.09780667581169158,0.30125,0.2975,0.46875,59.375,9.659030748475745,64.25,65.625,48.25000000000001,0.36125,0.09874999999999999,0.31125,0.2975,0.475,0.6816666666666666,0.06287802345281962,0.66875,0.62625,0.75,0.3520833333333333,0.09562568082546308,0.29625,0.2975,0.4625,23.815,0.0,23.815,23.815,23.815,1522129.0225651686,393353.68029327824,1527353.7851475752,1912844.296279604,1126188.9862683269,1517399.3988894841,394098.0684010791,1521924.072215522,1909215.6495868182,1121058.474866113,1881.758361951932,488.27493486828985,1887.663648331138,2367.0538705409276,1390.5575669837306,15.294166666666667,0.042025537870839014,15.26625,15.3425,15.27375,,,,,,14.276105541697083,1.0190145061356894,13.204905624734238,14.390055625117384,15.233355375239626
class,cicids2018_distrinet,ft_transformer-s42,capgd_native,CAPGD (native),untargeted,native,DoS,800,1,0.0004166666666666667,0.0007216878364870322,0.0,0.0,0.00125,0.0,0.0,0.0,0.0,0.0,0.041666666666666664,0.07216878364870323,0.0,0.0,0.125,0.043750000000000004,0.04718646522044219,0.0,0.0375,0.09375,0.0004166666666666667,0.0007216878364870322,0.0,0.0,0.00125,0.0,0.0,0.0,0.0,0.0,25.0,0.0,25.0,25.0,25.0,2230219.416895345,786695.570545785,2434898.1355239116,2894345.8998217867,1361414.2153403363,2228798.357695794,786635.3879053674,2433408.70388278,2892910.9480837854,1360075.421120818,2765.8513067851204,978.8025865823577,3021.4911852557475,3591.467622840089,1684.5951122595247,15.517083333333332,0.04252450274057684,15.46875,15.54875,15.53375,,,,,,25.27010037515235,0.019790794910818837,25.247966750175692,25.276242500112858,25.286091875168495
class,cicids2018_distrinet,ft_transformer-s42,capgd_native,CAPGD (native),untargeted,native,DDoS,800,1,0.00125,0.0,0.00125,0.00125,0.00125,0.00125,0.0,0.00125,0.00125,0.00125,0.0,0.0,0.0,0.0,0.0,0.0675,0.04574043615882997,0.02375,0.06375,0.115,0.00125,0.0,0.00125,0.00125,0.00125,0.00125,0.0,0.00125,0.00125,0.00125,24.985,0.0,24.985,24.985,24.985,1843383.6926621671,663680.5751629081,1993323.3741425073,2419267.502742786,1117560.2011012086,1842198.2125753227,663656.0792231186,1992084.3281629188,2418093.080655047,1116417.2289080024,2285.4434082567736,825.8962096125052,2472.9448782210134,3001.4685361671213,1381.9168103821864,15.514583333333334,0.04135088672971066,15.4675,15.545,15.53125,,,,,,25.646374166729704,0.8280888084872872,25.077444124908652,25.265279250161257,26.596399125119206
class,cicids2018_distrinet,ft_transformer-s42,capgd_native,CAPGD (native),untargeted,native,Recon,800,1,0.0175,0.0033071891388307393,0.02125,0.015,0.01625,0.0062499999999999995,0.0012499999999999998,0.00625,0.005,0.0075,1.125,0.33071891388307395,1.5000000000000002,0.9999999999999999,0.8750000000000001,0.04416666666666667,0.03298516080502464,0.00625,0.06625,0.06,0.0175,0.0033071891388307393,0.02125,0.015,0.01625,0.0062499999999999995,0.0012499999999999998,0.00625,0.005,0.0075,24.955,0.0,24.955,24.955,24.955,2083022.2933900591,720820.7718572712,2249714.0362053555,2705893.7980776266,1293459.045887195,2082046.4536395136,720948.5560506388,2248665.929302488,2705097.3058885084,1292376.1257275434,2589.682074869396,894.7443300523767,2798.460252147006,3361.578425274488,1609.0075471866937,10.653333333333334,0.1616580753730953,10.8,10.48,10.68,,,,,,27.150895833328832,0.20022996666224963,27.155536749924067,27.348765000060666,26.948385750001762
class,cicids2018_distrinet,ft_transformer-s42,capgd_native,CAPGD (native),untargeted,native,BruteForce,800,1,0.21916666666666665,0.018722201615550813,0.24,0.21375,0.20375,0.010416666666666666,0.016971176545346918,0.00125,0.0,0.03,20.875,3.278719262151,23.875,21.375,17.375,0.04750000000000001,0.040869456810679536,0.01625,0.0325,0.09375,0.21708333333333332,0.016121285101794253,0.235,0.2125,0.20375,0.010416666666666666,0.016971176545346918,0.00125,0.0,0.03,25.0,0.0,25.0,25.0,25.0,2678208.8602813766,1015955.4599281194,2601008.7362491516,3730562.1477891826,1703055.6968057945,2671742.9187508966,1015549.1227079513,2594687.9928855663,3723624.675320692,1696916.0880464327,3315.4843544611463,1263.6238999807845,3221.0686695008044,4623.6678586524185,2101.716535230216,15.517083333333332,0.04252450274057684,15.46875,15.54875,15.53375,,,,,,27.05393245831753,0.1543695227245427,27.079547499888577,27.19389225007035,26.88835762499366
class,cicids2017_distrinet,mlp,prim_pgd_unbounded_untargeted,"PrimAttack (Prim-PGD, unbounded)",untargeted,unbounded,DoS,800,0,0.625,0.0,0.625,0.625,0.625,0.625,0.0,0.625,0.625,0.625,0.0,0.0,0.0,0.0,0.0,1.0,0.0,1.0,1.0,1.0,0.625,0.0,0.625,0.625,0.625,0.625,0.0,0.625,0.625,0.625,248.59,0.0,248.59,248.59,248.59,27751.649328334024,29.154471995843778,27727.100363177917,27743.974012174247,27783.873609649898,27751.63230346309,29.154199917908223,27727.083471941358,27743.95719476744,27783.856243680486,0.16850013848501996,0.0005409048367068689,0.16912347517686688,0.1681543150688887,0.16822262520930434,11.526666666666666,0.006884463184107602,11.53375,11.52,11.52625,0.2500000149011612,1.4901161193847656e-08,0.25,0.2500000298023224,0.2500000149011612,7.384235374920536,0.06508124352735248,7.320433875138406,7.381747249746695,7.450524999876507
class,cicids2017_distrinet,mlp,prim_pgd_unbounded_untargeted,"PrimAttack (Prim-PGD, unbounded)",untargeted,unbounded,DDoS,800,0,0.265,0.0,0.265,0.265,0.265,0.265,0.0,0.265,0.265,0.265,0.0,0.0,0.0,0.0,0.0,1.0,0.0,1.0,1.0,1.0,0.265,0.0,0.265,0.265,0.265,0.265,0.0,0.265,0.265,0.265,242.92,0.0,242.92,242.92,242.92,14040.607935510865,20.199250680626733,14020.022690722968,14060.39768909405,14041.403426715571,14040.607717391305,20.199251433344717,14020.022472826087,14060.397472826087,14041.403206521738,0.07041432342948131,0.00021899891113764017,0.07034448764549038,0.07023875914756353,0.07065972349539004,10.770000000000001,0.007806247497998293,10.7675,10.76375,10.77875,0.44638670484224957,0.02230076062246545,0.45279666781425476,0.4215829223394394,0.4647805243730545,7.298706416719749,0.05950372465564697,7.257922750141006,7.271210750041064,7.366985749977175
class,cicids2017_distrinet,mlp,prim_pgd_unbounded_untargeted,"PrimAttack (Prim-PGD, unbounded)",untargeted,unbounded,Recon,800,0,0.011250000000000001,2.1245936804851847e-18,0.01125,0.01125,0.01125,0.011250000000000001,2.1245936804851847e-18,0.01125,0.01125,0.01125,0.0,0.0,0.0,0.0,0.0,1.0,0.0,1.0,1.0,1.0,0.0075,0.0,0.0075,0.0075,0.0075,0.0075,0.0,0.0075,0.0075,0.0075,3.8349999999999995,5.438959822042073e-16,3.835,3.835,3.835,361.4126362967348,17.516113167583015,350.93621924860213,381.6340932961742,351.6675963454279,361.39539212380674,17.51311411875852,350.92566006707233,381.6135054347826,351.6470108695653,0.001138079779716474,0.0002456875452393588,0.0009529987373290494,0.0014168221421935912,0.0010444184596267822,0.125,0.0,0.125,0.125,0.125,0.05000000447034836,0.0,0.05000000447034836,0.05000000447034836,0.05000000447034836,6.255703625017001,0.040612758815152444,6.285245500039309,6.272473999997601,6.209391375014093
class,cicids2017_distrinet,mlp,prim_pgd_unbounded_untargeted,"PrimAttack (Prim-PGD, unbounded)",untargeted,unbounded,BruteForce,800,0,0.0175,0.0,0.0175,0.0175,0.0175,0.0175,0.0,0.0175,0.0175,0.0175,0.0,0.0,0.0,0.0,0.0,1.0,0.0,1.0,1.0,1.0,0.0175,0.0,0.0175,0.0175,0.0175,0.0175,0.0,0.0175,0.0175,0.0175,253.0,0.0,253.0,253.0,253.0,66946.92053904913,1759.085324281513,66913.41004605725,65204.829867550194,68722.52170353991,66946.91869565217,1759.0852758032906,66913.40820652174,65204.82807065218,68722.5198097826,0.5509616303551641,0.014738812988900684,0.5502143680752873,0.5366106627693106,0.5660598602208944,11.323333333333332,0.010103629710818199,11.325,11.3125,11.3325,0.050000001365939774,1.0753986783132436e-09,0.05000000260770321,0.05000000074505806,0.05000000074505806,7.5053832500513336,0.0359365240512187,7.5467370002297685,7.487678625038825,7.481734124885406
class,cicids2017_distrinet,cnn,prim_pgd_unbounded_untargeted,"PrimAttack (Prim-PGD, unbounded)",untargeted,unbounded,DoS,800,0,0.9162500000000001,1.3597399555105182e-16,0.91625,0.91625,0.91625,0.9162500000000001,1.3597399555105182e-16,0.91625,0.91625,0.91625,0.0,0.0,0.0,0.0,0.0,1.0,0.0,1.0,1.0,1.0,0.9162500000000001,1.3597399555105182e-16,0.91625,0.91625,0.91625,0.9162500000000001,1.3597399555105182e-16,0.91625,0.91625,0.91625,248.905,0.0,248.905,248.905,248.905,9532.630958968919,305.02126592346116,9632.5929617559,9775.128454502403,9190.171460648453,9532.558199780924,305.02160909674706,9632.519278943377,9775.056751769465,9190.098568629928,0.08809982523644971,0.0006421210694983084,0.08856150102456875,0.08736653230172273,0.08837144238305768,11.707083333333335,0.004018187817080427,11.70875,11.7025,11.71,0.19367307921250662,0.010958514706966009,0.19999997317790985,0.19999998807907104,0.18101927638053894,7.423446333462683,0.02459626345611498,7.408352125203237,7.451828500197735,7.410158374987077
class,cicids2017_distrinet,cnn,prim_pgd_unbounded_untargeted,"PrimAttack (Prim-PGD, unbounded)",untargeted,unbounded,DDoS,800,0,0.47125,0.0,0.47125,0.47125,0.47125,0.47125,0.0,0.47125,0.47125,0.47125,0.0,0.0,0.0,0.0,0.0,1.0,0.0,1.0,1.0,1.0,0.45375000000000004,0.0012500000000000011,0.45375,0.455,0.4525,0.45375000000000004,0.0012500000000000011,0.45375,0.455,0.4525,242.92,0.0,242.92,242.92,242.92,12207.605469423286,26.485944227287675,12235.166383756025,12182.344496481544,12205.305528032286,12207.605226449276,26.485950753589158,12235.166141304348,12182.344239130434,12205.305298913045,0.064434901293535,0.00045041698938694247,0.0639937278428045,0.06489402513153956,0.06441695090626093,10.913333333333334,0.0038188130791300757,10.9175,10.91,10.9125,0.5246717929840088,0.014444189840708032,0.5088892579078674,0.5372340679168701,0.5278920531272888,7.411758583330084,0.02699146270565954,7.441580625018105,7.389003875141498,7.404691249830648
class,cicids2017_distrinet,cnn,prim_pgd_unbounded_untargeted,"PrimAttack (Prim-PGD, unbounded)",untargeted,unbounded,Recon,800,0,0.01,0.0,0.01,0.01,0.01,0.01,0.0,0.01,0.01,0.01,0.0,0.0,0.0,0.0,0.0,1.0,0.0,1.0,1.0,1.0,0.01,0.0,0.01,0.01,0.01,0.01,0.0,0.01,0.01,0.01,3.52,0.0,3.52,3.52,3.52,253.36340336578215,22.436431980636314,246.51267269060892,278.4265619580863,235.15097544865122,253.36143115942028,22.43659987540375,246.51125,278.4246195652174,235.14842391304347,0.00042664700674724344,2.1220167391131318e-05,0.00044094367743187905,0.0004367323422155494,0.00040226500059430196,0.10583333333333333,0.0014433756729740656,0.1075,0.105,0.105,0.03178577094028393,0.004280374954712981,0.03256124444305897,0.03562539629638195,0.027170672081410885,6.286590791714843,0.018993114124058453,6.283127125061583,6.307077374949586,6.269567875133362
class,cicids2017_distrinet,cnn,prim_pgd_unbounded_untargeted,"PrimAttack (Prim-PGD, unbounded)",untargeted,unbounded,BruteForce,800,0,1.0,0.0,1.0,1.0,1.0,1.0,0.0,1.0,1.0,1.0,0.0,0.0,0.0,0.0,0.0,1.0,0.0,1.0,1.0,1.0,1.0,0.0,1.0,1.0,1.0,1.0,0.0,1.0,1.0,1.0,253.0,0.0,253.0,253.0,253.0,64230.41404101046,151.38787105839845,64097.170360316246,64395.030160118564,64199.04160259657,64230.40989130435,151.38796151414158,64097.16614130435,64395.026114130436,64199.03741847826,0.7953646339771758,0.008796545975047032,0.7973565945710089,0.7857429194601723,0.802994387900346,11.873333333333335,0.005907269532816089,11.87125,11.86875,11.88,0.5248870849609375,0.009879603407543128,0.5346798002719879,0.5149228274822235,0.5250586271286011,7.292389166638411,0.023131436350708877,7.29462674993556,7.314320500008762,7.268220249970909
class,cicids2017_distrinet,ft_transformer,prim_pgd_unbounded_untargeted,"PrimAttack (Prim-PGD, unbounded)",untargeted,unbounded,DoS,800,0,0.00125,0.0,0.00125,0.00125,0.00125,0.00125,0.0,0.00125,0.00125,0.00125,0.0,0.0,0.0,0.0,0.0,1.0,0.0,1.0,1.0,1.0,0.00125,0.0,0.00125,0.00125,0.00125,0.00125,0.0,0.00125,0.00125,0.00125,248.905,0.0,248.905,248.905,248.905,24640.318167746245,225.62205484375204,24385.207891336457,24722.108999067863,24813.637612834424,24640.28037487275,225.61879601147172,24385.17422330985,24722.06796486261,24813.598936445793,0.16697323887463691,0.0016108611942425876,0.16515879335497555,0.1675258993983902,0.16823502387054504,11.284583333333332,0.006166103577895403,11.2775,11.2875,11.28875,0.14959525068600973,0.0007074832824887167,0.15000371634960175,0.14877831935882568,0.15000371634960175,18.531136166808817,1.426132602963795,19.311963000218384,19.39634462527465,16.885100874933414
class,cicids2017_distrinet,ft_transformer,prim_pgd_unbounded_untargeted,"PrimAttack (Prim-PGD, unbounded)",untargeted,unbounded,DDoS,800,0,0.0,0.0,0.0,0.0,0.0,0.0,0.0,0.0,0.0,0.0,0.0,0.0,0.0,0.0,0.0,1.0,0.0,1.0,1.0,1.0,0.0,0.0,0.0,0.0,0.0,0.0,0.0,0.0,0.0,0.0,242.92,0.0,242.92,242.92,242.92,8454.961880014202,136.04295245459627,8436.708730813654,8599.209888224248,8328.9670210047,8454.82102015205,136.0327563685425,8436.577616471395,8599.054877151832,8328.830566832929,0.056358869861813245,0.0011696737271177813,0.056068785906614134,0.05764628879213535,0.055361534886690274,7.640833333333333,0.07771475621356187,7.715,7.6475,7.56,,,,,,16.25526262515147,0.343563167891108,15.870303500269074,16.36473312508315,16.530751250102185
class,cicids2017_distrinet,ft_transformer,prim_pgd_unbounded_untargeted,"PrimAttack (Prim-PGD, unbounded)",untargeted,unbounded,Recon,800,0,0.0075,0.0,0.0075,0.0075,0.0075,0.0075,0.0,0.0075,0.0075,0.0075,0.0,0.0,0.0,0.0,0.0,1.0,0.0,1.0,1.0,1.0,0.0075,0.0,0.0075,0.0075,0.0075,0.0075,0.0,0.0075,0.0075,0.0075,3.8349999999999995,5.438959822042073e-16,3.835,3.835,3.835,690.9585953938514,356.9250738271837,905.6464663854488,888.2904660648078,278.9388537312979,690.9579166666666,356.92519139421375,905.6460054347828,888.2897010869565,278.93804347826085,0.0019891396568071907,0.0011264454012312613,0.0026368627167008755,0.0026421201664023246,0.0006884360873183715,0.12083333333333333,0.0007216878364870328,0.12,0.12125,0.12125,0.04587169239918391,0.003476586128005889,0.04579021595418453,0.049388300627470016,0.04243656061589718,3.021192791638896,0.015924748380979684,3.03834625025047,3.0183533747913316,3.006878749874886
class,cicids2017_distrinet,ft_transformer,prim_pgd_unbounded_untargeted,"PrimAttack (Prim-PGD, unbounded)",untargeted,unbounded,BruteForce,800,0,0.015,0.0,0.015,0.015,0.015,0.015,0.0,0.015,0.015,0.015,0.0,0.0,0.0,0.0,0.0,1.0,0.0,1.0,1.0,1.0,0.015,0.0,0.015,0.015,0.015,0.015,0.0,0.015,0.015,0.015,253.0,0.0,253.0,253.0,253.0,125271.53135974077,116.02750115222102,125182.0857201717,125402.63698565701,125229.87137339357,125271.5232789855,116.02750794413996,125182.07763586957,125402.62891304347,125229.86328804347,1.5424689947308963,0.00011826573741344792,1.5423404664322724,1.5425732231390603,1.5424932946213556,11.960833333333333,0.003145764348029324,11.96375,11.9575,11.96125,0.05000000260770321,3.226196034939731e-09,0.04999999888241291,0.05000000447034836,0.05000000447034836,16.948514041723683,0.06565976577014551,16.872773625073023,16.98934174986789,16.983426750230137
class,cicids2018_distrinet,mlp-s42,prim_pgd_unbounded_untargeted,"PrimAttack (Prim-PGD, unbounded)",untargeted,unbounded,DoS,800,0,0.0,0.0,0.0,0.0,0.0,0.0,0.0,0.0,0.0,0.0,0.0,0.0,0.0,0.0,0.0,1.0,0.0,1.0,1.0,1.0,0.0,0.0,0.0,0.0,0.0,0.0,0.0,0.0,0.0,0.0,235.045,0.0,235.045,235.045,235.045,57.403806370895644,1.001426472257222,57.703808548301616,56.2866682704403,58.22094229394504,56.66701159945158,1.0005094818864961,56.95571453744969,55.55389432617461,57.49142593473043,0.006752150994261037,7.431780017914763e-05,0.0067896152069695,0.006666557389284139,0.006800280386529475,7.45625,0.10747819546308009,7.51,7.3325,7.52625,,,,,,3.0561516250600107,0.030135672063951697,3.064756249950733,3.022649500053376,3.081049125175923
class,cicids2018_distrinet,mlp-s42,prim_pgd_unbounded_untargeted,"PrimAttack (Prim-PGD, unbounded)",untargeted,unbounded,DDoS,800,0,0.8029166666666666,0.0007216878364870169,0.8025,0.8025,0.80375,0.8029166666666666,0.0007216878364870169,0.8025,0.8025,0.80375,0.0,0.0,0.0,0.0,0.0,1.0,0.0,1.0,1.0,1.0,0.020416666666666666,0.0007216878364870329,0.02,0.02,0.02125,0.020416666666666666,0.0007216878364870329,0.02,0.02,0.02125,240.085,0.0,240.085,240.085,240.085,2241.173541139649,36.78990943755565,2199.4296517869852,2268.8706753890247,2255.220296242936,2236.521243379912,36.7958216389442,2194.773352268801,2264.2338789354676,2250.5564989354675,0.08870909826571638,0.0011516865785232695,0.08738074862229346,0.0894280215464406,0.08931852462841511,11.2325,0.0021650635094611786,11.23125,11.235,11.23125,0.09999998658895493,0.0,0.09999998658895493,0.09999998658895493,0.09999998658895493,3.039343875037351,0.043011699684995505,3.088424750021659,3.0213842500234023,3.008222625066992
class,cicids2018_distrinet,mlp-s42,prim_pgd_unbounded_untargeted,"PrimAttack (Prim-PGD, unbounded)",untargeted,unbounded,Recon,800,0,0.06375,0.0,0.06375,0.06375,0.06375,0.06375,0.0,0.06375,0.06375,0.06375,0.0,0.0,0.0,0.0,0.0,0.9987499999999999,1.3597399555105182e-16,0.99875,0.99875,0.99875,0.06375,0.0,0.06375,0.06375,0.06375,0.06375,0.0,0.06375,0.06375,0.06375,31.554999999999996,4.351167857633658e-15,31.555,31.555,31.555,1021.2275929368084,7.191005035601546,1025.3425959584386,1012.9242435235042,1025.4159393284824,1020.6231690131984,7.181852847054482,1024.7269223465316,1012.330425679865,1024.8121590131984,0.0285757355142101,0.00012093369381195972,0.02858130618301906,0.028452112751681007,0.02869378760793023,1.0795833333333336,0.006166103577895305,1.0825,1.0725,1.08375,0.15000000596046448,1.4901161193847656e-08,0.15000002086162567,0.15000000596046448,0.14999999105930328,2.7900824584260895,0.007976639691655248,2.7991075001773424,2.783976749924477,2.7871631251764484
class,cicids2018_distrinet,mlp-s42,prim_pgd_unbounded_untargeted,"PrimAttack (Prim-PGD, unbounded)",untargeted,unbounded,BruteForce,800,0,0.90625,0.0,0.90625,0.90625,0.90625,0.90625,0.0,0.90625,0.90625,0.90625,0.0,0.0,0.0,0.0,0.0,1.0,0.0,1.0,1.0,1.0,0.90625,0.0,0.90625,0.90625,0.90625,0.90625,0.0,0.90625,0.90625,0.90625,253.0,0.0,253.0,253.0,253.0,984.2774524912105,3.0159773640253706,980.8573642927107,986.5561502602588,985.418842920662,862.2212802991281,2.988583350073416,858.8597418283003,864.5778266961823,863.2262723729017,1.1451109325626285,0.00020947668295240833,1.145352275539996,1.144976273359432,1.1450042487884577,12.0,0.0,12.0,12.0,12.0,0.6000000834465027,0.0,0.6000000834465027,0.6000000834465027,0.6000000834465027,3.228981541663719,0.05186337099334284,3.2556100000510924,3.262121625011787,3.169212999928277
class,cicids2018_distrinet,cnn-s42,prim_pgd_unbounded_untargeted,"PrimAttack (Prim-PGD, unbounded)",untargeted,unbounded,DoS,800,0,0.0,0.0,0.0,0.0,0.0,0.0,0.0,0.0,0.0,0.0,0.0,0.0,0.0,0.0,0.0,1.0,0.0,1.0,1.0,1.0,0.0,0.0,0.0,0.0,0.0,0.0,0.0,0.0,0.0,0.0,234.73,0.0,234.73,234.73,234.73,63.576886911598,0.38111752222564277,63.9522932397683,63.19030405442006,63.58806344060566,61.25244805897511,0.37311306496376684,61.61333650629334,60.86820735425993,61.27580031637206,0.011452494050449272,5.916146287698965e-05,0.011499345431795975,0.011386012701156236,0.011472124018395605,10.716666666666667,0.04867515622299813,10.7525,10.66125,10.73625,,,,,,2.7344463334884495,0.016391932352740248,2.7156707501853816,2.7459086250746623,2.7417596252053045
class,cicids2018_distrinet,cnn-s42,prim_pgd_unbounded_untargeted,"PrimAttack (Prim-PGD, unbounded)",untargeted,unbounded,DDoS,800,0,0.01,0.0,0.01,0.01,0.01,0.01,0.0,0.01,0.01,0.01,0.0,0.0,0.0,0.0,0.0,1.0,0.0,1.0,1.0,1.0,0.0025,0.0,0.0025,0.0025,0.0025,0.0025,0.0,0.0025,0.0025,0.0025,240.085,0.0,240.085,240.085,240.085,19387.047597040542,79.04005312270743,19404.19936255835,19300.839937911667,19456.103490651607,19384.629268560842,79.01824422084024,19401.692815682523,19298.47334,19453.72165,0.43398133525773014,0.0020101683507972074,0.43463818265414694,0.4317249098940888,0.4355809132249546,10.500833333333333,0.006884463184107064,10.50875,10.49625,10.4975,0.045353190042078495,0.008048499325931317,0.04999999329447746,0.03605958353728056,0.04999999329447746,2.8302330833200053,0.05143415400638793,2.8891713748453185,2.7944251251756214,2.8071027499390766
class,cicids2018_distrinet,cnn-s42,prim_pgd_unbounded_untargeted,"PrimAttack (Prim-PGD, unbounded)",untargeted,unbounded,Recon,800,0,0.04125,0.0,0.04125,0.04125,0.04125,0.04125,0.0,0.04125,0.04125,0.04125,0.0,0.0,0.0,0.0,0.0,0.99625,0.0,0.99625,0.99625,0.99625,0.04125,0.0,0.04125,0.04125,0.04125,0.04125,0.0,0.04125,0.04125,0.04125,31.554999999999996,4.351167857633658e-15,31.555,31.555,31.555,1680.2915732636345,60.540197717303585,1744.9806685173355,1670.894928723851,1624.9991225497172,1678.1960718329108,60.54611441587963,1742.8834201454154,1668.8195959621119,1622.8851993912053,0.03883504083721744,0.0012572197152440243,0.040284343805721115,0.03803798706354674,0.038182791642384466,1.3079166666666666,0.0019094065395649897,1.30625,1.3075,1.31,0.30000001192092896,0.0,0.30000001192092896,0.30000001192092896,0.30000001192092896,2.784782624997509,0.033095816461069995,2.751055374974385,2.7860838748165406,2.8172086252016015
class,cicids2018_distrinet,cnn-s42,prim_pgd_unbounded_untargeted,"PrimAttack (Prim-PGD, unbounded)",untargeted,unbounded,BruteForce,800,0,1.0,0.0,1.0,1.0,1.0,1.0,0.0,1.0,1.0,1.0,0.0,0.0,0.0,0.0,0.0,1.0,0.0,1.0,1.0,1.0,1.0,0.0,1.0,1.0,1.0,1.0,0.0,1.0,1.0,1.0,253.0,0.0,253.0,253.0,253.0,270.0199395110415,6.412441206211284,262.7993388340418,275.05030908045933,272.2101706186234,238.76783477730478,6.480121511379001,231.47842502643695,243.87553449729606,240.94954480818143,0.1944283528612617,0.000451363234675374,0.19391052698509476,0.19473846190364583,0.19463606969504454,11.9925,0.0024999999999995026,11.995,11.99,11.9925,0.10000000149011612,0.0,0.10000000149011612,0.10000000149011612,0.10000000149011612,2.8273099166108295,0.020323651974239805,2.81120200001169,2.8501439999672584,2.82058374985354
class,cicids2018_distrinet,ft_transformer-s42,prim_pgd_unbounded_untargeted,"PrimAttack (Prim-PGD, unbounded)",untargeted,unbounded,DoS,800,0,0.0,0.0,0.0,0.0,0.0,0.0,0.0,0.0,0.0,0.0,0.0,0.0,0.0,0.0,0.0,1.0,0.0,1.0,1.0,1.0,0.0,0.0,0.0,0.0,0.0,0.0,0.0,0.0,0.0,0.0,235.045,0.0,235.045,235.045,235.045,65.769114832879,0.02376641218960148,65.77468460391611,65.78960172396457,65.74305817075634,63.307765980769936,0.011632592796921772,63.311082696031775,63.317380012640925,63.294835233637095,0.011825724160412087,3.456861967014253e-05,0.011829463805294767,0.01185827091476177,0.01178943776117972,11.045833333333334,0.03717217821615176,11.05125,11.08,11.00625,,,,,,15.609711583238095,0.2378982394516633,15.51501512498362,15.433743874891661,15.880375749839004
class,cicids2018_distrinet,ft_transformer-s42,prim_pgd_unbounded_untargeted,"PrimAttack (Prim-PGD, unbounded)",untargeted,unbounded,DDoS,800,0,0.0,0.0,0.0,0.0,0.0,0.0,0.0,0.0,0.0,0.0,0.0,0.0,0.0,0.0,0.0,1.0,0.0,1.0,1.0,1.0,0.0,0.0,0.0,0.0,0.0,0.0,0.0,0.0,0.0,0.0,240.085,0.0,240.085,240.085,240.085,9075.95847500874,270.96308709508924,9197.677310014424,8765.48057166852,9264.717543343277,9069.767763067777,270.52386416923747,9191.909320283068,8759.710556946855,9257.683411973407,0.24304043620090932,0.006789513368381187,0.24524239916949778,0.23542324331019568,0.24845566612303455,9.543333333333331,0.047669653169844964,9.53,9.50375,9.59625,,,,,,16.182506624803256,0.20406222009936223,15.948011124855839,16.2797472497914,16.319761499762535
class,cicids2018_distrinet,ft_transformer-s42,prim_pgd_unbounded_untargeted,"PrimAttack (Prim-PGD, unbounded)",untargeted,unbounded,Recon,800,0,0.005,0.0,0.005,0.005,0.005,0.005,0.0,0.005,0.005,0.005,0.0,0.0,0.0,0.0,0.0,0.9975,0.0,0.9975,0.9975,0.9975,0.005,0.0,0.005,0.005,0.005,0.005,0.0,0.005,0.005,0.005,31.554999999999996,4.351167857633658e-15,31.555,31.555,31.555,2663.4926556418973,1.259332173356239,2662.430920788516,2663.1630250449484,2664.8840210922267,2661.7982092177112,1.2545201830417088,2660.7446003288223,2661.4640536621555,2663.1859736621554,0.061781222784393186,1.873562040245155e-05,0.06175961797222047,0.06179105177376466,0.061792998607194435,1.1970833333333333,0.0007216878364870169,1.1975,1.19625,1.1975,0.07499999739229679,0.0,0.07499999739229679,0.07499999739229679,0.07499999739229679,3.574722208431922,0.013113721145425392,3.5885530000086874,3.5624681250192225,3.573145500267856
class,cicids2018_distrinet,ft_transformer-s42,prim_pgd_unbounded_untargeted,"PrimAttack (Prim-PGD, unbounded)",untargeted,unbounded,BruteForce,800,0,0.0,0.0,0.0,0.0,0.0,0.0,0.0,0.0,0.0,0.0,0.0,0.0,0.0,0.0,0.0,1.0,0.0,1.0,1.0,1.0,0.0,0.0,0.0,0.0,0.0,0.0,0.0,0.0,0.0,0.0,253.0,0.0,253.0,253.0,253.0,976.6064855751252,1.3923737144427707e-13,976.6064855751254,976.6064855751254,976.6064855751254,781.487013484526,0.0,781.487013484526,781.487013484526,781.487013484526,1.7124074237820048,0.0,1.7124074237820048,1.7124074237820048,1.7124074237820048,12.0,0.0,12.0,12.0,12.0,,,,,,16.718287249968853,0.21380027324222498,16.65917187492596,16.54026462492766,16.95542525005294
class,cicids2017_distrinet,mlp,prim_pgd_p75_untargeted_timing-only,"PrimAttack timing-only (Prim-PGD, p75)",untargeted,p75,DoS,800,0,0.05125,0.0,0.05125,0.05125,0.05125,0.05125,0.0,0.05125,0.05125,0.05125,0.0,0.0,0.0,0.0,0.0,1.0,0.0,1.0,1.0,1.0,0.05125,0.0,0.05125,0.05125,0.05125,0.05125,0.0,0.05125,0.05125,0.05125,248.275,0.0,248.275,248.275,248.275,2034.8352401365767,3.3876798964622963,2033.7020544244529,2038.6442537992696,2032.1594121860076,2034.5707904993787,3.387678343709995,2033.4376020935815,2038.379803180538,2031.8949662240163,0.01231475965395633,1.8956593273975604e-05,0.012335974969389589,0.012299484532061429,0.012308819460417975,10.859166666666667,0.004732423621500616,10.8625,10.85375,10.86125,0.7259791294733683,0.04160588438552542,0.7500002980232239,0.6779367923736572,0.7500002980232239,3.2026314583102553,0.39156983591651,3.643658375076484,2.8958139999303967,3.068421999923885
class,cicids2017_distrinet,mlp,prim_pgd_p75_untargeted_timing-only,"PrimAttack timing-only (Prim-PGD, p75)",untargeted,p75,DDoS,800,0,0.1075,0.0,0.1075,0.1075,0.1075,0.1075,0.0,0.1075,0.1075,0.1075,0.0,0.0,0.0,0.0,0.0,1.0,0.0,1.0,1.0,1.0,0.1075,0.0,0.1075,0.1075,0.1075,0.1075,0.0,0.1075,0.1075,0.1075,242.92,0.0,242.92,242.92,242.92,7840.467992330442,0.9232257683671414,7839.814976344796,7840.064758306354,7841.524242340176,7840.467880434782,0.9232258037864781,7839.814864130434,7840.064646739131,7841.524130434783,0.03722011142760762,3.6293888462026503e-05,0.0372450905607917,0.03717847947746991,0.03723676424456126,10.63625,0.003750000000000142,10.6325,10.63625,10.64,0.609736313422521,0.026290995736573747,0.593822181224823,0.5953042805194855,0.6400824785232544,3.054928125056904,0.0632754959224824,3.1235916251898743,3.0422246249509044,2.9989681250299327
class,cicids2017_distrinet,mlp,prim_pgd_p75_untargeted_timing-only,"PrimAttack timing-only (Prim-PGD, p75)",untargeted,p75,Recon,800,0,0.0,0.0,0.0,0.0,0.0,0.0,0.0,0.0,0.0,0.0,0.0,0.0,0.0,0.0,0.0,1.0,0.0,1.0,1.0,1.0,0.0,0.0,0.0,0.0,0.0,0.0,0.0,0.0,0.0,0.0,3.8349999999999995,5.438959822042073e-16,3.835,3.835,3.835,0.16255282164786586,0.0027731106897725157,0.16415387785109864,0.15935070924140027,0.16415387785109864,0.1609455168244218,0.0028394428235811154,0.1625848699029649,0.15766681066733557,0.1625848699029649,2.410998420716944e-05,5.914344672238782e-12,2.410998079252095e-05,2.4109991036466415e-05,2.410998079252095e-05,0.10416666666666667,0.0007216878364870329,0.10375,0.105,0.10375,,,,,,2.6954151250538416,0.016243815236980493,2.71188387501752,2.679405999951996,2.694955500192009
class,cicids2017_distrinet,mlp,prim_pgd_p75_untargeted_timing-only,"PrimAttack timing-only (Prim-PGD, p75)",untargeted,p75,BruteForce,800,0,0.005,0.0,0.005,0.005,0.005,0.005,0.0,0.005,0.005,0.005,0.0,0.0,0.0,0.0,0.0,1.0,0.0,1.0,1.0,1.0,0.005,0.0,0.005,0.005,0.005,0.005,0.0,0.005,0.005,0.005,253.0,0.0,253.0,253.0,253.0,3795.764587228017,0.44690819222503025,3796.279253390851,3795.5399036167796,3795.47460467642,3795.7644474637686,0.44692270864277883,3796.279130434783,3795.539755434783,3795.474456521739,0.033980164562471285,2.2980741387035986e-06,0.03397761126245556,0.033982067023168784,0.0339808154017895,10.904583333333335,0.008322910148099409,10.895,10.90875,10.91,0.35442593693733215,0.03563496120871094,0.3132782280445099,0.3749997913837433,0.3749997913837433,2.984380250078781,0.007344415302964305,2.9761534999124706,2.9902771252091043,2.9867101251147687
class,cicids2017_distrinet,cnn,prim_pgd_p75_untargeted_timing-only,"PrimAttack timing-only (Prim-PGD, p75)",untargeted,p75,DoS,800,0,0.205,0.0,0.205,0.205,0.205,0.205,0.0,0.205,0.205,0.205,0.0,0.0,0.0,0.0,0.0,1.0,0.0,1.0,1.0,1.0,0.205,0.0,0.205,0.205,0.205,0.205,0.0,0.205,0.205,0.205,248.59,0.0,248.59,248.59,248.59,2086.1167408519996,11.915449485045965,2080.072404096967,2078.4348244333037,2099.8429940257283,2085.8530448641704,11.914938408741415,2079.8100359583354,2078.170471131317,2099.578627502859,0.011017301461214601,0.00013952462691602642,0.010904932409415263,0.010973500894903763,0.011173471079324784,10.928749999999999,0.008660254037844714,10.91875,10.93375,10.93375,0.6953999896844228,0.02413750912583066,0.667709231376648,0.7119905054569244,0.706500232219696,2.8658995000296272,0.12716129043123625,2.9777870001271367,2.727609625144396,2.892301874817349
class,cicids2017_distrinet,cnn,prim_pgd_p75_untargeted_timing-only,"PrimAttack timing-only (Prim-PGD, p75)",untargeted,p75,DDoS,800,0,0.32125,0.0,0.32125,0.32125,0.32125,0.32125,0.0,0.32125,0.32125,0.32125,0.0,0.0,0.0,0.0,0.0,1.0,0.0,1.0,1.0,1.0,0.3133333333333333,0.0007216878364870169,0.31375,0.31375,0.3125,0.3133333333333333,0.0007216878364870169,0.31375,0.31375,0.3125,242.92,0.0,242.92,242.92,242.92,6568.617100492974,39.85523856831982,6522.615497174206,6590.46490153883,6592.770902765883,6568.6169836956515,39.855238579064356,6522.615380434782,6590.464782608695,6592.770788043478,0.03281785913254556,0.00023739842470837542,0.032565391369666505,0.03303657562631925,0.032851610401650945,10.777083333333332,0.004389855730354856,10.7775,10.78125,10.7725,0.6099789341290792,0.023578163140874506,0.5941922068595886,0.637082040309906,0.5986625552177429,2.7568562082403028,0.07130534273880507,2.8359141247346997,2.6974064999376424,2.7372480000485666
class,cicids2017_distrinet,cnn,prim_pgd_p75_untargeted_timing-only,"PrimAttack timing-only (Prim-PGD, p75)",untargeted,p75,Recon,800,0,0.00375,0.0,0.00375,0.00375,0.00375,0.00375,0.0,0.00375,0.00375,0.00375,0.0,0.0,0.0,0.0,0.0,1.0,0.0,1.0,1.0,1.0,0.00125,0.0,0.00125,0.00125,0.00125,0.00125,0.0,0.00125,0.00125,0.00125,3.52,0.0,3.52,3.52,3.52,0.10371752254616155,0.002207274464522814,0.10355562267806075,0.10159565567297033,0.10600128928745357,0.10335411177039422,0.0022077912742037085,0.10319258028148116,0.10123152257430731,0.1056382324553942,1.2414464628103378e-05,1.4616625368462658e-08,1.239759487621642e-05,1.2422447463543792e-05,1.2423351544549916e-05,0.10833333333333334,0.0007216878364870328,0.1075,0.10875,0.10875,0.24988923966884613,0.0,0.24988923966884613,0.24988923966884613,0.24988923966884613,2.444355958335412,0.06382505454266603,2.370722875057254,2.483867749979254,2.4784772499697283
class,cicids2017_distrinet,cnn,prim_pgd_p75_untargeted_timing-only,"PrimAttack timing-only (Prim-PGD, p75)",untargeted,p75,BruteForce,800,0,0.00875,0.0,0.00875,0.00875,0.00875,0.00875,0.0,0.00875,0.00875,0.00875,0.0,0.0,0.0,0.0,0.0,1.0,0.0,1.0,1.0,1.0,0.00875,0.0,0.00875,0.00875,0.00875,0.00875,0.0,0.00875,0.00875,0.00875,253.0,0.0,253.0,253.0,253.0,3807.6244242694124,0.9377122682876508,3808.706998236511,3807.0649850844,3807.101289487327,3807.624266304347,0.9376952801501013,3808.706820652174,3807.0648369565215,3807.101141304348,0.034138632453268265,7.725257692674614e-06,0.03414752475973257,0.03413357411482965,0.0341347984852426,10.97125,0.00866025403784369,10.98125,10.96625,10.96625,0.4469573199748993,0.06865215867083142,0.4068068861961365,0.40783730149269104,0.5262277722358704,2.877313833353886,0.15842001119941185,3.0431537501863204,2.7275377500336617,2.861249999841675
class,cicids2017_distrinet,ft_transformer,prim_pgd_p75_untargeted_timing-only,"PrimAttack timing-only (Prim-PGD, p75)",untargeted,p75,DoS,800,0,0.00125,0.0,0.00125,0.00125,0.00125,0.00125,0.0,0.00125,0.00125,0.00125,0.0,0.0,0.0,0.0,0.0,1.0,0.0,1.0,1.0,1.0,0.00125,0.0,0.00125,0.00125,0.00125,0.00125,0.0,0.00125,0.00125,0.00125,248.59,0.0,248.59,248.59,248.59,2157.78815897426,3.120894796687466,2159.6666691665705,2159.5122446233026,2154.185563132907,2157.6475900009286,3.1118787002510113,2159.522309779456,2159.365010396185,2154.0554498271454,0.011070186772975832,1.6268956364219467e-05,0.011074161244662085,0.011084100217064465,0.011052298857200946,10.64625,0.009762812094883196,10.6525,10.635,10.65125,0.12002228200435638,0.051929367569755504,0.06005941331386566,0.15000371634960175,0.15000371634960175,16.33110274997307,0.18463656614453913,16.537798125064,16.182495499961078,16.27301462489413
class,cicids2017_distrinet,ft_transformer,prim_pgd_p75_untargeted_timing-only,"PrimAttack timing-only (Prim-PGD, p75)",untargeted,p75,DDoS,800,0,0.0,0.0,0.0,0.0,0.0,0.0,0.0,0.0,0.0,0.0,0.0,0.0,0.0,0.0,0.0,1.0,0.0,1.0,1.0,1.0,0.0,0.0,0.0,0.0,0.0,0.0,0.0,0.0,0.0,0.0,242.92,0.0,242.92,242.92,242.92,4121.054331874063,9.116576801597075,4117.242769567462,4131.458110860182,4114.462115194545,4120.986710639444,9.112773243589833,4117.169972426463,4131.387253687233,4114.402905804637,0.023822885608194084,0.0005040572245984208,0.024130682908654087,0.024096794510541187,0.023241179405386975,6.9174999999999995,0.11289513939935598,7.00875,6.9525,6.79125,,,,,,16.110201583263308,0.16545897603638182,16.27144962491002,16.118324249982834,15.940830874897074
class,cicids2017_distrinet,ft_transformer,prim_pgd_p75_untargeted_timing-only,"PrimAttack timing-only (Prim-PGD, p75)",untargeted,p75,Recon,800,0,0.0,0.0,0.0,0.0,0.0,0.0,0.0,0.0,0.0,0.0,0.0,0.0,0.0,0.0,0.0,1.0,0.0,1.0,1.0,1.0,0.0,0.0,0.0,0.0,0.0,0.0,0.0,0.0,0.0,0.0,3.8349999999999995,5.438959822042073e-16,3.835,3.835,3.835,0.37227906111680426,0.0,0.37227906111680426,0.37227906111680426,0.37227906111680426,0.3720142177290519,6.798699777552591e-17,0.37201421772905185,0.37201421772905185,0.37201421772905185,2.511615886658884e-05,4.1495970321976264e-21,2.5116158866588844e-05,2.5116158866588844e-05,2.5116158866588844e-05,0.12,0.0,0.12,0.12,0.12,,,,,,3.2958475000729472,0.08281355829149878,3.2171084999572486,3.288225374999456,3.3822086252621375
class,cicids2017_distrinet,ft_transformer,prim_pgd_p75_untargeted_timing-only,"PrimAttack timing-only (Prim-PGD, p75)",untargeted,p75,BruteForce,800,0,0.00375,0.0,0.00375,0.00375,0.00375,0.00375,0.0,0.00375,0.00375,0.00375,0.0,0.0,0.0,0.0,0.0,1.0,0.0,1.0,1.0,1.0,0.00375,0.0,0.00375,0.00375,0.00375,0.00375,0.0,0.00375,0.00375,0.00375,253.0,0.0,253.0,253.0,253.0,3781.5006424033613,0.040520647030704904,3781.5427704865597,3781.4972090534766,3781.461947670048,3781.5002264492755,0.04053038397850079,3781.5423641304346,3781.496793478261,3781.46152173913,0.03379700644078449,2.636033347982028e-07,0.033797281995239035,0.03379698064134544,0.03379675668576901,10.964166666666666,0.0007216878364874014,10.965,10.96375,10.96375,0.28165678183237713,0.027529765316264214,0.2948939800262451,0.25000879168510437,0.30006757378578186,16.512203791644424,0.04222056368818379,16.560829750087578,16.484855499875266,16.49092612497043
class,cicids2018_distrinet,mlp-s42,prim_pgd_p75_untargeted_timing-only,"PrimAttack timing-only (Prim-PGD, p75)",untargeted,p75,DoS,800,0,0.0,0.0,0.0,0.0,0.0,0.0,0.0,0.0,0.0,0.0,0.0,0.0,0.0,0.0,0.0,1.0,0.0,1.0,1.0,1.0,0.0,0.0,0.0,0.0,0.0,0.0,0.0,0.0,0.0,0.0,235.045,0.0,235.045,235.045,235.045,1.2333614252048861,0.012282932302054425,1.2318058912814447,1.221930356775931,1.2463480275572827,1.1633567464606946,0.01205454486367813,1.162082472585211,1.1519899581471646,1.1759978086497085,0.0003194839644864803,5.0679695075564905e-06,0.00031697081280525065,0.0003161637110316251,0.000325317369622565,2.825833333333333,0.06638351326446455,2.8,2.77625,2.90125,,,,,,3.254884458341015,0.1302180462136641,3.345451749919448,3.1056541251018643,3.3135475000017323
class,cicids2018_distrinet,mlp-s42,prim_pgd_p75_untargeted_timing-only,"PrimAttack timing-only (Prim-PGD, p75)",untargeted,p75,DDoS,800,0,0.075,0.0,0.075,0.075,0.075,0.075,0.0,0.075,0.075,0.075,0.0,0.0,0.0,0.0,0.0,1.0,0.0,1.0,1.0,1.0,0.005,0.0,0.005,0.005,0.005,0.005,0.0,0.005,0.005,0.005,240.085,0.0,240.085,240.085,240.085,1158.3922289900054,0.5401671125291951,1158.1458990693259,1158.0191362681962,1159.0116516324938,1158.102108728909,0.5380683636834056,1157.8516608654704,1157.7349156983173,1158.7197496229387,0.02710787827544416,2.770710208057807e-05,0.02712667893593122,0.02707605954026983,0.027120896350131426,10.565833333333332,0.051604465246074954,10.595,10.50625,10.59625,0.6710342466831207,0.017493149793203735,0.6569755375385284,0.6906244456768036,0.6655027568340302,3.2264311250764877,0.13058332060308842,3.3514293751795776,3.2369633749476634,3.090900625102222
class,cicids2018_distrinet,mlp-s42,prim_pgd_p75_untargeted_timing-only,"PrimAttack timing-only (Prim-PGD, p75)",untargeted,p75,Recon,800,0,0.02625,0.0,0.02625,0.02625,0.02625,0.02625,0.0,0.02625,0.02625,0.02625,0.0,0.0,0.0,0.0,0.0,0.9991666666666666,0.0014433756729740337,1.0,1.0,0.9975,0.02625,0.0,0.02625,0.02625,0.02625,0.02625,0.0,0.02625,0.02625,0.02625,29.035,0.0,29.035,29.035,29.035,261.8528516713811,1.8211856064711502,259.8113102631783,263.31042727719813,262.4368174737667,261.7962202822737,1.8208210901866237,259.7547477051077,263.25248123144195,262.3814319102714,0.005066948363840367,5.585166454840447e-05,0.005002549956711988,0.005102154609526511,0.005096140525282599,1.01875,0.015662455107677088,1.02,1.03375,1.0025,0.4350994924704234,0.013085306407174086,0.42547962069511414,0.44999995827674866,0.42981889843940735,2.8705094166798517,0.15749879059084337,2.7889509999658912,2.7705156250158325,3.0520616250578314
class,cicids2018_distrinet,mlp-s42,prim_pgd_p75_untargeted_timing-only,"PrimAttack timing-only (Prim-PGD, p75)",untargeted,p75,BruteForce,800,0,0.0,0.0,0.0,0.0,0.0,0.0,0.0,0.0,0.0,0.0,0.0,0.0,0.0,0.0,0.0,1.0,0.0,1.0,1.0,1.0,0.0,0.0,0.0,0.0,0.0,0.0,0.0,0.0,0.0,0.0,253.0,0.0,253.0,253.0,253.0,0.2434044057292205,4.382309152896461e-06,0.2433995808527965,0.24340813917429524,0.24340549716056978,0.1936367908011115,2.533436311812702e-06,0.1936339435286925,0.19363879588325575,0.19363763299138625,0.0004253902237202495,5.511831346024907e-09,0.0004253840331913491,0.0004253945989451432,0.0004253920390242562,11.99375,0.0,11.99375,11.99375,11.99375,,,,,,3.043004666590908,0.166002972116261,2.9636698748799972,3.2337894997908734,2.931554625101853
class,cicids2018_distrinet,cnn-s42,prim_pgd_p75_untargeted_timing-only,"PrimAttack timing-only (Prim-PGD, p75)",untargeted,p75,DoS,800,0,0.0,0.0,0.0,0.0,0.0,0.0,0.0,0.0,0.0,0.0,0.0,0.0,0.0,0.0,0.0,1.0,0.0,1.0,1.0,1.0,0.0,0.0,0.0,0.0,0.0,0.0,0.0,0.0,0.0,0.0,234.73,0.0,234.73,234.73,234.73,0.43687351064939023,0.013481261054395236,0.4437532115882498,0.42134041058108734,0.4455269097788336,0.40161769519295,0.01179865483263335,0.4076795632071339,0.3880203723517491,0.40915315001996705,0.00017738688586704237,6.980114230398356e-06,0.000181409188151291,0.0001693269490682754,0.0001814245203815607,3.2887500000000003,0.048039697126438956,3.23375,3.3225,3.31,,,,,,2.909331624978222,0.27341591528531534,3.2125397498020902,2.6815377501770854,2.8339173749554902
class,cicids2018_distrinet,cnn-s42,prim_pgd_p75_untargeted_timing-only,"PrimAttack timing-only (Prim-PGD, p75)",untargeted,p75,DDoS,800,0,0.04624999999999999,8.498374721940739e-18,0.04625,0.04625,0.04625,0.04624999999999999,8.498374721940739e-18,0.04625,0.04625,0.04625,0.0,0.0,0.0,0.0,0.0,1.0,0.0,1.0,1.0,1.0,0.0,0.0,0.0,0.0,0.0,0.0,0.0,0.0,0.0,0.0,240.085,0.0,240.085,240.085,240.085,531.7931161462648,9.163320226443759,532.0368009547931,522.5103840003912,540.8321634836099,531.3151999904172,9.162371295724725,531.4702170881505,522.0763037172329,540.3990791658682,0.0138846224136088,0.000340318640311257,0.014204765759839408,0.013527198377088583,0.013921903103898405,10.449583333333335,0.00563656219102881,10.45,10.455,10.44375,0.8478819529215494,0.034794604448529144,0.8690468072891235,0.8077241778373718,0.8668748736381531,2.810380791682595,0.06953322000143239,2.7358700000331737,2.873539375141263,2.8217329998733476
class,cicids2018_distrinet,cnn-s42,prim_pgd_p75_untargeted_timing-only,"PrimAttack timing-only (Prim-PGD, p75)",untargeted,p75,Recon,800,0,0.0,0.0,0.0,0.0,0.0,0.0,0.0,0.0,0.0,0.0,0.0,0.0,0.0,0.0,0.0,0.9966666666666666,0.0007216878364870809,0.9975,0.99625,0.99625,0.0,0.0,0.0,0.0,0.0,0.0,0.0,0.0,0.0,0.0,29.035,0.0,29.035,29.035,29.035,599.2973416552101,4.472789168445292,596.6491287962216,604.461509208629,596.7813869607796,598.9810519364388,4.4620363606359055,596.3389329693089,604.1327998706985,596.471422969309,0.007853119097534118,0.00013285562315629076,0.007782470255648968,0.008006372193782836,0.007770514843170552,1.1375,0.0033071891388307935,1.14125,1.135,1.13625,,,,,,2.5890064167712503,0.04151499695734746,2.6368051252211444,2.5619514999561943,2.5682626251364127
class,cicids2018_distrinet,cnn-s42,prim_pgd_p75_untargeted_timing-only,"PrimAttack timing-only (Prim-PGD, p75)",untargeted,p75,BruteForce,800,0,0.0,0.0,0.0,0.0,0.0,0.0,0.0,0.0,0.0,0.0,0.0,0.0,0.0,0.0,0.0,1.0,0.0,1.0,1.0,1.0,0.0,0.0,0.0,0.0,0.0,0.0,0.0,0.0,0.0,0.0,253.0,0.0,253.0,253.0,253.0,1.7830594641034265,0.04075229957615034,1.7430840189988672,1.7815478201007684,1.824546553210644,1.7621114784399292,0.041120284027280234,1.7217413932615855,1.7606500449763072,1.8039429970818943,0.00039362732765189554,1.2887990646096882e-06,0.0003931998334917714,0.00039260659525208215,0.0003950755542118331,11.316666666666665,0.01880547349399444,11.33625,11.315,11.29875,,,,,,2.8861776666599326,0.18636286822101442,3.1009833750431426,2.767594500037376,2.7899551248992793
class,cicids2018_distrinet,ft_transformer-s42,prim_pgd_p75_untargeted_timing-only,"PrimAttack timing-only (Prim-PGD, p75)",untargeted,p75,DoS,800,0,0.0,0.0,0.0,0.0,0.0,0.0,0.0,0.0,0.0,0.0,0.0,0.0,0.0,0.0,0.0,1.0,0.0,1.0,1.0,1.0,0.0,0.0,0.0,0.0,0.0,0.0,0.0,0.0,0.0,0.0,235.045,0.0,235.045,235.045,235.045,6.1998526961179055,0.009936906671116552,6.209605520196693,6.2002111604912535,6.189741407665773,6.036473958317084,0.010233529126043698,6.047419935661573,6.034856394829441,6.02714554446024,0.0011127709321802313,5.532020462278834e-06,0.001111925179265459,0.0011186771266933604,0.0011077104905818744,10.465416666666668,0.04375595197608288,10.46625,10.50875,10.42125,,,,,,15.80724995835529,0.07145754257961649,15.726322999980766,15.861652625026181,15.833774250058923
class,cicids2018_distrinet,ft_transformer-s42,prim_pgd_p75_untargeted_timing-only,"PrimAttack timing-only (Prim-PGD, p75)",untargeted,p75,DDoS,800,0,0.0,0.0,0.0,0.0,0.0,0.0,0.0,0.0,0.0,0.0,0.0,0.0,0.0,0.0,0.0,1.0,0.0,1.0,1.0,1.0,0.0,0.0,0.0,0.0,0.0,0.0,0.0,0.0,0.0,0.0,240.085,0.0,240.085,240.085,240.085,246.34308141852452,3.367384810847231,243.92243135352993,250.1886712216769,244.9181416803667,244.76583968560575,3.467692969989949,242.48004054523096,248.75588453686225,243.06159397472402,0.010418541574269628,0.0006965447644787863,0.00999950473693903,0.010033517559089551,0.011222602426780305,8.600416666666666,0.03761094698798972,8.60375,8.56125,8.63625,,,,,,15.725626874967324,0.18654270179074647,15.625037499994505,15.610968499968294,15.94087462493917
class,cicids2018_distrinet,ft_transformer-s42,prim_pgd_p75_untargeted_timing-only,"PrimAttack timing-only (Prim-PGD, p75)",untargeted,p75,Recon,800,0,0.0,0.0,0.0,0.0,0.0,0.0,0.0,0.0,0.0,0.0,0.0,0.0,0.0,0.0,0.0,0.99625,0.0,0.99625,0.99625,0.99625,0.0,0.0,0.0,0.0,0.0,0.0,0.0,0.0,0.0,0.0,29.035,0.0,29.035,29.035,29.035,733.5808471884147,0.010383837864047764,733.5688735700521,733.5873802908018,733.5862877043903,733.5126745349994,0.01044103567304825,733.500620090555,733.5188834238884,733.518520090555,0.00982668542142341,5.01687126256576e-08,0.009826700281742887,0.0098266295012863,0.00982672648124104,1.15625,0.0,1.15625,1.15625,1.15625,,,,,,3.6041101666827067,0.21566252681108003,3.8406726249377243,3.4184569999342784,3.553200875176117
class,cicids2018_distrinet,ft_transformer-s42,prim_pgd_p75_untargeted_timing-only,"PrimAttack timing-only (Prim-PGD, p75)",untargeted,p75,BruteForce,800,0,0.0,0.0,0.0,0.0,0.0,0.0,0.0,0.0,0.0,0.0,0.0,0.0,0.0,0.0,0.0,1.0,0.0,1.0,1.0,1.0,0.0,0.0,0.0,0.0,0.0,0.0,0.0,0.0,0.0,0.0,253.0,0.0,253.0,253.0,253.0,3.419466552314961,0.0026737696604952174,3.4213074069505485,3.416399619731541,3.420692630262794,3.412024444444444,0.0026658109738218858,3.41386,3.4089666666666663,3.4132466666666663,0.00041719577797005907,3.8618169429681785e-07,0.00041745684942505175,0.00041675216466024334,0.00041737831982488217,10.96875,0.008660254037844714,10.97375,10.95875,10.97375,,,,,,16.68267470842693,0.10945023473111454,16.80355762509862,16.590298250084743,16.654168250097428
class,cicids2017_distrinet,mlp,prim_pgd_p75_untargeted_padding-only,"PrimAttack padding-only (Prim-PGD, p75)",untargeted,p75,DoS,800,0,0.0,0.0,0.0,0.0,0.0,0.0,0.0,0.0,0.0,0.0,0.0,0.0,0.0,0.0,0.0,1.0,0.0,1.0,1.0,1.0,0.0,0.0,0.0,0.0,0.0,0.0,0.0,0.0,0.0,0.0,1.315,0.0,1.315,1.315,1.315,0.0047563654518070495,0.0,0.0047563654518070495,0.0047563654518070495,0.0047563654518070495,0.0031395348837209304,0.0,0.0031395348837209304,0.0031395348837209304,0.0031395348837209304,5.592795049777763e-05,8.299194064395253e-21,5.5927950497777635e-05,5.5927950497777635e-05,5.5927950497777635e-05,0.01375,0.0,0.01375,0.01375,0.01375,,,,,,2.824961499912509,0.32272138809786055,2.7711982498294674,2.5324981249286793,3.1711881249793805
class,cicids2017_distrinet,mlp,prim_pgd_p75_untargeted_padding-only,"PrimAttack padding-only (Prim-PGD, p75)",untargeted,p75,DDoS,800,0,0.0,0.0,0.0,0.0,0.0,0.0,0.0,0.0,0.0,0.0,0.0,0.0,0.0,0.0,0.0,1.0,0.0,1.0,1.0,1.0,0.0,0.0,0.0,0.0,0.0,0.0,0.0,0.0,0.0,0.0,1.0,0.0,1.0,1.0,1.0,0.0,0.0,0.0,0.0,0.0,0.0,0.0,0.0,0.0,0.0,0.0,0.0,0.0,0.0,0.0,0.0,0.0,0.0,0.0,0.0,,,,,,0.011724708310794085,0.002134410500668121,0.010430249967612326,0.014188250061124563,0.010555624903645366
class,cicids2017_distrinet,mlp,prim_pgd_p75_untargeted_padding-only,"PrimAttack padding-only (Prim-PGD, p75)",untargeted,p75,Recon,800,0,0.0,0.0,0.0,0.0,0.0,0.0,0.0,0.0,0.0,0.0,0.0,0.0,0.0,0.0,0.0,1.0,0.0,1.0,1.0,1.0,0.0,0.0,0.0,0.0,0.0,0.0,0.0,0.0,0.0,0.0,1.0,0.0,1.0,1.0,1.0,0.0,0.0,0.0,0.0,0.0,0.0,0.0,0.0,0.0,0.0,0.0,0.0,0.0,0.0,0.0,0.0,0.0,0.0,0.0,0.0,,,,,,0.02851691679097712,0.031309763450899475,0.010214625217486173,0.01066675002221018,0.06466937513323501
class,cicids2017_distrinet,mlp,prim_pgd_p75_untargeted_padding-only,"PrimAttack padding-only (Prim-PGD, p75)",untargeted,p75,BruteForce,800,0,0.0,0.0,0.0,0.0,0.0,0.0,0.0,0.0,0.0,0.0,0.0,0.0,0.0,0.0,0.0,1.0,0.0,1.0,1.0,1.0,0.0,0.0,0.0,0.0,0.0,0.0,0.0,0.0,0.0,0.0,1.0,0.0,1.0,1.0,1.0,0.0,0.0,0.0,0.0,0.0,0.0,0.0,0.0,0.0,0.0,0.0,0.0,0.0,0.0,0.0,0.0,0.0,0.0,0.0,0.0,,,,,,0.011192833286865303,0.0006049181043835452,0.010679249826353043,0.011859624937642366,0.011039625096600503
class,cicids2017_distrinet,cnn,prim_pgd_p75_untargeted_padding-only,"PrimAttack padding-only (Prim-PGD, p75)",untargeted,p75,DoS,800,0,0.0,0.0,0.0,0.0,0.0,0.0,0.0,0.0,0.0,0.0,0.0,0.0,0.0,0.0,0.0,1.0,0.0,1.0,1.0,1.0,0.0,0.0,0.0,0.0,0.0,0.0,0.0,0.0,0.0,0.0,1.315,0.0,1.315,1.315,1.315,0.0028185852583697073,0.0,0.0028185852583697073,0.0028185852583697073,0.0028185852583697073,0.0018604651162790694,2.655742100606481e-19,0.0018604651162790697,0.0018604651162790697,0.0018604651162790697,3.31424707032554e-05,0.0,3.31424707032554e-05,3.31424707032554e-05,3.31424707032554e-05,0.01375,0.0,0.01375,0.01375,0.01375,,,,,,2.4903773749247193,0.05655493675715702,2.4323766250745393,2.4933893748675473,2.5453661248320714
class,cicids2017_distrinet,cnn,prim_pgd_p75_untargeted_padding-only,"PrimAttack padding-only (Prim-PGD, p75)",untargeted,p75,DDoS,800,0,0.0,0.0,0.0,0.0,0.0,0.0,0.0,0.0,0.0,0.0,0.0,0.0,0.0,0.0,0.0,1.0,0.0,1.0,1.0,1.0,0.0,0.0,0.0,0.0,0.0,0.0,0.0,0.0,0.0,0.0,1.0,0.0,1.0,1.0,1.0,0.0,0.0,0.0,0.0,0.0,0.0,0.0,0.0,0.0,0.0,0.0,0.0,0.0,0.0,0.0,0.0,0.0,0.0,0.0,0.0,,,,,,0.009084291717348,0.0002506519807507604,0.00918612495297566,0.00879875005921349,0.009268000139854848
class,cicids2017_distrinet,cnn,prim_pgd_p75_untargeted_padding-only,"PrimAttack padding-only (Prim-PGD, p75)",untargeted,p75,Recon,800,0,0.0,0.0,0.0,0.0,0.0,0.0,0.0,0.0,0.0,0.0,0.0,0.0,0.0,0.0,0.0,1.0,0.0,1.0,1.0,1.0,0.0,0.0,0.0,0.0,0.0,0.0,0.0,0.0,0.0,0.0,1.0,0.0,1.0,1.0,1.0,0.0,0.0,0.0,0.0,0.0,0.0,0.0,0.0,0.0,0.0,0.0,0.0,0.0,0.0,0.0,0.0,0.0,0.0,0.0,0.0,,,,,,0.012110166620307913,0.0007700258333043051,0.011221749882679433,0.012523125042207539,0.012585624936036766
class,cicids2017_distrinet,cnn,prim_pgd_p75_untargeted_padding-only,"PrimAttack padding-only (Prim-PGD, p75)",untargeted,p75,BruteForce,800,0,0.0,0.0,0.0,0.0,0.0,0.0,0.0,0.0,0.0,0.0,0.0,0.0,0.0,0.0,0.0,1.0,0.0,1.0,1.0,1.0,0.0,0.0,0.0,0.0,0.0,0.0,0.0,0.0,0.0,0.0,1.0,0.0,1.0,1.0,1.0,0.0,0.0,0.0,0.0,0.0,0.0,0.0,0.0,0.0,0.0,0.0,0.0,0.0,0.0,0.0,0.0,0.0,0.0,0.0,0.0,,,,,,0.008989083192621669,0.00017377951172230393,0.008791124855633825,0.009059624862857163,0.009116499859374017
class,cicids2017_distrinet,ft_transformer,prim_pgd_p75_untargeted_padding-only,"PrimAttack padding-only (Prim-PGD, p75)",untargeted,p75,DoS,800,0,0.0,0.0,0.0,0.0,0.0,0.0,0.0,0.0,0.0,0.0,0.0,0.0,0.0,0.0,0.0,1.0,0.0,1.0,1.0,1.0,0.0,0.0,0.0,0.0,0.0,0.0,0.0,0.0,0.0,0.0,1.315,0.0,1.315,1.315,1.315,0.0047563654518070495,0.0,0.0047563654518070495,0.0047563654518070495,0.0047563654518070495,0.0031395348837209304,0.0,0.0031395348837209304,0.0031395348837209304,0.0031395348837209304,5.592795049777763e-05,8.299194064395253e-21,5.5927950497777635e-05,5.5927950497777635e-05,5.5927950497777635e-05,0.01375,0.0,0.01375,0.01375,0.01375,,,,,,3.6489123750167587,0.10668908259751372,3.769368249922991,3.611052875057794,3.5663160000694916
class,cicids2017_distrinet,ft_transformer,prim_pgd_p75_untargeted_padding-only,"PrimAttack padding-only (Prim-PGD, p75)",untargeted,p75,DDoS,800,0,0.0,0.0,0.0,0.0,0.0,0.0,0.0,0.0,0.0,0.0,0.0,0.0,0.0,0.0,0.0,1.0,0.0,1.0,1.0,1.0,0.0,0.0,0.0,0.0,0.0,0.0,0.0,0.0,0.0,0.0,1.0,0.0,1.0,1.0,1.0,0.0,0.0,0.0,0.0,0.0,0.0,0.0,0.0,0.0,0.0,0.0,0.0,0.0,0.0,0.0,0.0,0.0,0.0,0.0,0.0,,,,,,0.03040070820134133,0.00021798986682459884,0.030449749901890755,0.030162374896463007,0.03058999980567023
class,cicids2017_distrinet,ft_transformer,prim_pgd_p75_untargeted_padding-only,"PrimAttack padding-only (Prim-PGD, p75)",untargeted,p75,Recon,800,0,0.0,0.0,0.0,0.0,0.0,0.0,0.0,0.0,0.0,0.0,0.0,0.0,0.0,0.0,0.0,1.0,0.0,1.0,1.0,1.0,0.0,0.0,0.0,0.0,0.0,0.0,0.0,0.0,0.0,0.0,1.0,0.0,1.0,1.0,1.0,0.0,0.0,0.0,0.0,0.0,0.0,0.0,0.0,0.0,0.0,0.0,0.0,0.0,0.0,0.0,0.0,0.0,0.0,0.0,0.0,,,,,,0.030308416559516143,0.0015446832534325432,0.02890237490646541,0.03196187491994351,0.030060999852139503
class,cicids2017_distrinet,ft_transformer,prim_pgd_p75_untargeted_padding-only,"PrimAttack padding-only (Prim-PGD, p75)",untargeted,p75,BruteForce,800,0,0.0,0.0,0.0,0.0,0.0,0.0,0.0,0.0,0.0,0.0,0.0,0.0,0.0,0.0,0.0,1.0,0.0,1.0,1.0,1.0,0.0,0.0,0.0,0.0,0.0,0.0,0.0,0.0,0.0,0.0,1.0,0.0,1.0,1.0,1.0,0.0,0.0,0.0,0.0,0.0,0.0,0.0,0.0,0.0,0.0,0.0,0.0,0.0,0.0,0.0,0.0,0.0,0.0,0.0,0.0,,,,,,0.029835166739455115,0.0007980861142796753,0.02906437497586012,0.029783125210087746,0.030658000032417476
class,cicids2018_distrinet,mlp-s42,prim_pgd_p75_untargeted_padding-only,"PrimAttack padding-only (Prim-PGD, p75)",untargeted,p75,DoS,800,0,0.0,0.0,0.0,0.0,0.0,0.0,0.0,0.0,0.0,0.0,0.0,0.0,0.0,0.0,0.0,1.0,0.0,1.0,1.0,1.0,0.0,0.0,0.0,0.0,0.0,0.0,0.0,0.0,0.0,0.0,1.0,0.0,1.0,1.0,1.0,0.0,0.0,0.0,0.0,0.0,0.0,0.0,0.0,0.0,0.0,0.0,0.0,0.0,0.0,0.0,0.0,0.0,0.0,0.0,0.0,,,,,,0.010920249915216118,0.00042636520178760784,0.010429249959997833,0.011134499800391495,0.011196999985259026
class,cicids2018_distrinet,mlp-s42,prim_pgd_p75_untargeted_padding-only,"PrimAttack padding-only (Prim-PGD, p75)",untargeted,p75,DDoS,800,0,0.0,0.0,0.0,0.0,0.0,0.0,0.0,0.0,0.0,0.0,0.0,0.0,0.0,0.0,0.0,1.0,0.0,1.0,1.0,1.0,0.0,0.0,0.0,0.0,0.0,0.0,0.0,0.0,0.0,0.0,1.0,0.0,1.0,1.0,1.0,0.0,0.0,0.0,0.0,0.0,0.0,0.0,0.0,0.0,0.0,0.0,0.0,0.0,0.0,0.0,0.0,0.0,0.0,0.0,0.0,,,,,,0.010800625119979182,0.0007749676012634395,0.009977125155273825,0.011515625228639692,0.010909124976024032
class,cicids2018_distrinet,mlp-s42,prim_pgd_p75_untargeted_padding-only,"PrimAttack padding-only (Prim-PGD, p75)",untargeted,p75,Recon,800,0,0.0,0.0,0.0,0.0,0.0,0.0,0.0,0.0,0.0,0.0,0.0,0.0,0.0,0.0,0.0,1.0,0.0,1.0,1.0,1.0,0.0,0.0,0.0,0.0,0.0,0.0,0.0,0.0,0.0,0.0,3.52,0.0,3.52,3.52,3.52,0.0,0.0,0.0,0.0,0.0,0.0,0.0,0.0,0.0,0.0,0.0,0.0,0.0,0.0,0.0,0.0,0.0,0.0,0.0,0.0,,,,,,2.6475497916302024,0.10632915019422745,2.5599653748213314,2.6168261250131764,2.765857875056099
class,cicids2018_distrinet,mlp-s42,prim_pgd_p75_untargeted_padding-only,"PrimAttack padding-only (Prim-PGD, p75)",untargeted,p75,BruteForce,800,0,0.0,0.0,0.0,0.0,0.0,0.0,0.0,0.0,0.0,0.0,0.0,0.0,0.0,0.0,0.0,1.0,0.0,1.0,1.0,1.0,0.0,0.0,0.0,0.0,0.0,0.0,0.0,0.0,0.0,0.0,1.0,0.0,1.0,1.0,1.0,0.0,0.0,0.0,0.0,0.0,0.0,0.0,0.0,0.0,0.0,0.0,0.0,0.0,0.0,0.0,0.0,0.0,0.0,0.0,0.0,,,,,,0.010642333363648504,0.0005560414687384497,0.010000625043176115,0.010944750101771206,0.010981624945998192
class,cicids2018_distrinet,cnn-s42,prim_pgd_p75_untargeted_padding-only,"PrimAttack padding-only (Prim-PGD, p75)",untargeted,p75,DoS,800,0,0.0,0.0,0.0,0.0,0.0,0.0,0.0,0.0,0.0,0.0,0.0,0.0,0.0,0.0,0.0,1.0,0.0,1.0,1.0,1.0,0.0,0.0,0.0,0.0,0.0,0.0,0.0,0.0,0.0,0.0,1.0,0.0,1.0,1.0,1.0,0.0,0.0,0.0,0.0,0.0,0.0,0.0,0.0,0.0,0.0,0.0,0.0,0.0,0.0,0.0,0.0,0.0,0.0,0.0,0.0,,,,,,0.009703458345029503,0.0008931184832422863,0.009086625068448484,0.010727625049185008,0.009296124917455018
class,cicids2018_distrinet,cnn-s42,prim_pgd_p75_untargeted_padding-only,"PrimAttack padding-only (Prim-PGD, p75)",untargeted,p75,DDoS,800,0,0.0,0.0,0.0,0.0,0.0,0.0,0.0,0.0,0.0,0.0,0.0,0.0,0.0,0.0,0.0,1.0,0.0,1.0,1.0,1.0,0.0,0.0,0.0,0.0,0.0,0.0,0.0,0.0,0.0,0.0,1.0,0.0,1.0,1.0,1.0,0.0,0.0,0.0,0.0,0.0,0.0,0.0,0.0,0.0,0.0,0.0,0.0,0.0,0.0,0.0,0.0,0.0,0.0,0.0,0.0,,,,,,0.01197033328935504,0.0013110462325268066,0.01048637495841831,0.01297162496484816,0.012452999944798648
class,cicids2018_distrinet,cnn-s42,prim_pgd_p75_untargeted_padding-only,"PrimAttack padding-only (Prim-PGD, p75)",untargeted,p75,Recon,800,0,0.0,0.0,0.0,0.0,0.0,0.0,0.0,0.0,0.0,0.0,0.0,0.0,0.0,0.0,0.0,1.0,0.0,1.0,1.0,1.0,0.0,0.0,0.0,0.0,0.0,0.0,0.0,0.0,0.0,0.0,3.52,0.0,3.52,3.52,3.52,0.014260671358565584,0.0,0.014260671358565584,0.014260671358565584,0.014260671358565584,0.01,0.0,0.01,0.01,0.01,2.2131439109145033e-05,0.0,2.2131439109145033e-05,2.2131439109145033e-05,2.2131439109145033e-05,0.11,0.0,0.11,0.11,0.11,,,,,,2.4312602500625267,0.05684090072445788,2.3677131251315586,2.4488137499429286,2.4772538751130924
class,cicids2018_distrinet,cnn-s42,prim_pgd_p75_untargeted_padding-only,"PrimAttack padding-only (Prim-PGD, p75)",untargeted,p75,BruteForce,800,0,0.0,0.0,0.0,0.0,0.0,0.0,0.0,0.0,0.0,0.0,0.0,0.0,0.0,0.0,0.0,1.0,0.0,1.0,1.0,1.0,0.0,0.0,0.0,0.0,0.0,0.0,0.0,0.0,0.0,0.0,1.0,0.0,1.0,1.0,1.0,0.0,0.0,0.0,0.0,0.0,0.0,0.0,0.0,0.0,0.0,0.0,0.0,0.0,0.0,0.0,0.0,0.0,0.0,0.0,0.0,,,,,,0.009175708206991354,0.0006229948760047132,0.008724374929443002,0.008916249789763242,0.00988649990176782
class,cicids2018_distrinet,ft_transformer-s42,prim_pgd_p75_untargeted_padding-only,"PrimAttack padding-only (Prim-PGD, p75)",untargeted,p75,DoS,800,0,0.0,0.0,0.0,0.0,0.0,0.0,0.0,0.0,0.0,0.0,0.0,0.0,0.0,0.0,0.0,1.0,0.0,1.0,1.0,1.0,0.0,0.0,0.0,0.0,0.0,0.0,0.0,0.0,0.0,0.0,1.0,0.0,1.0,1.0,1.0,0.0,0.0,0.0,0.0,0.0,0.0,0.0,0.0,0.0,0.0,0.0,0.0,0.0,0.0,0.0,0.0,0.0,0.0,0.0,0.0,,,,,,0.03119608338844652,0.0016126116126326195,0.03226450004149228,0.029341125045903027,0.03198262507794425
class,cicids2018_distrinet,ft_transformer-s42,prim_pgd_p75_untargeted_padding-only,"PrimAttack padding-only (Prim-PGD, p75)",untargeted,p75,DDoS,800,0,0.0,0.0,0.0,0.0,0.0,0.0,0.0,0.0,0.0,0.0,0.0,0.0,0.0,0.0,0.0,1.0,0.0,1.0,1.0,1.0,0.0,0.0,0.0,0.0,0.0,0.0,0.0,0.0,0.0,0.0,1.0,0.0,1.0,1.0,1.0,0.0,0.0,0.0,0.0,0.0,0.0,0.0,0.0,0.0,0.0,0.0,0.0,0.0,0.0,0.0,0.0,0.0,0.0,0.0,0.0,,,,,,0.032032541542624436,0.0008675713364171856,0.032077749783638865,0.03287662490038201,0.031143249943852425
class,cicids2018_distrinet,ft_transformer-s42,prim_pgd_p75_untargeted_padding-only,"PrimAttack padding-only (Prim-PGD, p75)",untargeted,p75,Recon,800,0,0.0,0.0,0.0,0.0,0.0,0.0,0.0,0.0,0.0,0.0,0.0,0.0,0.0,0.0,0.0,1.0,0.0,1.0,1.0,1.0,0.0,0.0,0.0,0.0,0.0,0.0,0.0,0.0,0.0,0.0,3.52,0.0,3.52,3.52,3.52,0.0,0.0,0.0,0.0,0.0,0.0,0.0,0.0,0.0,0.0,0.0,0.0,0.0,0.0,0.0,0.0,0.0,0.0,0.0,0.0,,,,,,2.94313799997326,0.033354823456149214,2.9420991250663064,2.910314750042744,2.977000124810729
class,cicids2018_distrinet,ft_transformer-s42,prim_pgd_p75_untargeted_padding-only,"PrimAttack padding-only (Prim-PGD, p75)",untargeted,p75,BruteForce,800,0,0.0,0.0,0.0,0.0,0.0,0.0,0.0,0.0,0.0,0.0,0.0,0.0,0.0,0.0,0.0,1.0,0.0,1.0,1.0,1.0,0.0,0.0,0.0,0.0,0.0,0.0,0.0,0.0,0.0,0.0,1.0,0.0,1.0,1.0,1.0,0.0,0.0,0.0,0.0,0.0,0.0,0.0,0.0,0.0,0.0,0.0,0.0,0.0,0.0,0.0,0.0,0.0,0.0,0.0,0.0,,,,,,0.030296416662167758,0.0009087701470982417,0.03002674988238141,0.029553000058513135,0.03130950004560873
