{"params": {"_lambda": 1, "optimizer": "adam", "lr": 0.1, "max_iter": 300, "sample_num": 500, "kappa": 0, "max_features": null, "greedy_steps": 50}, "metrics": {"success_rate": 0.974, "mean_l2_distance": 1.0851284265518188, "mean_linf_distance": 0.686758816242218, "perturbed_features_latent": 8.0, "perturbed_features_input": 8.770020533880903, "mean_confidence_successful": 0.5769145192255245, "mean_confidence_unsuccessful": 0.019179802674513597, "min_confidence_unsuccessful": 0.002392411231994629, "max_confidence_unsuccessful": 0.04860800504684448, "mean_md_distance": 2.6088093370440655, "outlier_rate": 0.08624229979466119, "outliers": "42/487"}}