{"params": {"_lambda": 1, "optimizer": "adam", "lr": 0.1, "max_iter": 300, "sample_num": 500, "kappa": 0, "max_features": null, "greedy_steps": 50}, "metrics": {"success_rate": 0.51, "mean_l2_distance": 0.6219787001609802, "mean_linf_distance": 0.30215272307395935, "perturbed_features_latent": 14.431372549019608, "perturbed_features_input": 2.4352941176470586, "mean_confidence_successful": 0.5526372593407537, "mean_confidence_unsuccessful": 0.19447816342723612, "min_confidence_unsuccessful": 0.0, "max_confidence_unsuccessful": 0.4956406354904175, "mean_md_distance": 4.00603547902848, "outlier_rate": 0.16470588235294117, "outliers": "42/255"}}