scope,dataset,victim,condition,method,objective,budget,source_class,seed,n,raw_successes,valid_successes,validator_passes,raw_asr,valid_asr,validity_gap_pp,validator_pass_rate,mean_model_evaluations,mean_l2_robust_scaled,mean_linf_robust_scaled,mean_l2_train_minmax,mean_features_modified,max_modified_outside_mask,median_primitive_cost_valid,median_p_valid,median_delay_valid,runtime_seconds,ms_per_flow
victim,cicids2017_distrinet,mlp,prim_hybrid_p75_untargeted,"PrimAttack (Hybrid Search, p75)",untargeted,p75,ALL,42,3200,354,354,3200,0.110625,0.110625,0.0,1.0,188.315,3447.148063731897,3447.0621194714713,0.03856181897181603,15.008125,0,1.3999998569488525,27.0,319355.0,10.562128100078553,3.300665031274548
victim,cicids2017_distrinet,mlp,prim_hybrid_p75_untargeted,"PrimAttack (Hybrid Search, p75)",untargeted,p75,ALL,2024,3200,354,354,3200,0.110625,0.110625,0.0,1.0,188.315,3439.2625731012795,3439.1765218571127,0.03850307370444328,15.016875,0,1.4000020623207092,27.5,289850.5,10.004117799922824,3.1262868124758825
victim,cicids2017_distrinet,mlp,prim_hybrid_p75_untargeted,"PrimAttack (Hybrid Search, p75)",untargeted,p75,ALL,2026,3200,354,354,3200,0.110625,0.110625,0.0,1.0,188.315,3440.592153296642,3440.506270362197,0.03849171160713573,15.0134375,0,1.3999994993209839,27.0,329732.0,10.206539700040594,3.1895436562626855
victim,cicids2017_distrinet,cnn,prim_hybrid_p75_untargeted,"PrimAttack (Hybrid Search, p75)",untargeted,p75,ALL,42,3200,1174,1174,3200,0.366875,0.366875,0.0,1.0,188.2134375,2916.4368909380837,2916.354206765244,0.03516279709642007,14.9121875,0,1.6069518327713013,52.0,1361788.5,8.518726600101218,2.6621020625316305
victim,cicids2017_distrinet,cnn,prim_hybrid_p75_untargeted,"PrimAttack (Hybrid Search, p75)",untargeted,p75,ALL,2024,3200,1172,1172,3200,0.36625,0.36625,0.0,1.0,188.2134375,2915.973537879709,2915.890712584097,0.03520725378023754,14.9159375,0,1.6046198606491089,52.0,1358122.5,8.42190649965778,2.6318457811430562
victim,cicids2017_distrinet,cnn,prim_hybrid_p75_untargeted,"PrimAttack (Hybrid Search, p75)",untargeted,p75,ALL,2026,3200,1174,1174,3200,0.366875,0.366875,0.0,1.0,188.2134375,2922.688336068812,2922.6050146061193,0.03512911156976621,14.8825,0,1.6115890145301819,52.0,1346230.5,8.613890500273556,2.691840781335486
victim,cicids2017_distrinet,ft_transformer,prim_hybrid_p75_untargeted,"PrimAttack (Hybrid Search, p75)",untargeted,p75,ALL,42,3200,16,16,3200,0.005,0.005,0.0,1.0,188.05625,2636.99709374025,2636.9182506066295,0.03210709145305694,13.329375,0,0.19230769574642181,14.5,0.0,39.17405930021778,12.241893531318055
victim,cicids2017_distrinet,ft_transformer,prim_hybrid_p75_untargeted,"PrimAttack (Hybrid Search, p75)",untargeted,p75,ALL,2024,3200,16,16,3200,0.005,0.005,0.0,1.0,188.05625,2636.2433136594423,2636.1635174430476,0.03208149796726988,13.3171875,0,0.19230769574642181,14.5,0.0,38.715684299590066,12.098651343621896
victim,cicids2017_distrinet,ft_transformer,prim_hybrid_p75_untargeted,"PrimAttack (Hybrid Search, p75)",untargeted,p75,ALL,2026,3200,16,16,3200,0.005,0.005,0.0,1.0,188.05625,2640.0816713730824,2640.001882141079,0.032092646187495105,13.3203125,0,0.19230769574642181,14.5,0.0,39.01555830007419,12.192361968773184
victim,cicids2018_distrinet,mlp-s42,prim_hybrid_p75_untargeted,"PrimAttack (Hybrid Search, p75)",untargeted,p75,ALL,42,3200,385,6,2376,0.1203125,0.001875,11.84375,0.7425,192.855,396.45436955808975,394.66950082986557,0.025539759161923713,8.708125,0,0.9644812345504761,0.0,2806223.5,11.462600099854171,3.5820625312044285
victim,cicids2018_distrinet,mlp-s42,prim_hybrid_p75_untargeted,"PrimAttack (Hybrid Search, p75)",untargeted,p75,ALL,2024,3200,384,7,2377,0.12,0.0021875,11.78125,0.7428125,192.855,396.4991593708717,394.71404050151557,0.025539110081894637,8.7175,0,0.9999998211860657,0.0,3692334.0,10.798521499615163,3.3745379686297383
victim,cicids2018_distrinet,mlp-s42,prim_hybrid_p75_untargeted,"PrimAttack (Hybrid Search, p75)",untargeted,p75,ALL,2026,3200,383,5,2372,0.1196875,0.0015625,11.8125,0.74125,192.855,397.0917925247005,395.30628968554214,0.025577637182855342,8.7134375,0,0.9999998807907104,0.0,5849704.0,10.886758800130337,3.4021121250407305
victim,cicids2018_distrinet,cnn-s42,prim_hybrid_p75_untargeted,"PrimAttack (Hybrid Search, p75)",untargeted,p75,ALL,42,3200,490,1,760,0.153125,0.0003125,15.281250000000002,0.2375,192.7915625,382.8955002498787,380.90695255746306,0.04268092097400862,13.561875,0,0.23140014708042145,0.0,551187.0,10.135942599736154,3.167482062417548
victim,cicids2018_distrinet,cnn-s42,prim_hybrid_p75_untargeted,"PrimAttack (Hybrid Search, p75)",untargeted,p75,ALL,2024,3200,490,1,761,0.153125,0.0003125,15.281250000000002,0.2378125,192.7915625,376.2388447200442,374.26989593632015,0.042533016391016865,13.576875,0,0.4322364926338196,0.0,68996.0,9.648094699718058,3.015029593661893
victim,cicids2018_distrinet,cnn-s42,prim_hybrid_p75_untargeted,"PrimAttack (Hybrid Search, p75)",untargeted,p75,ALL,2026,3200,490,1,759,0.153125,0.0003125,15.281250000000002,0.2371875,192.7915625,377.5398828271495,375.5528492241298,0.0425657569447312,13.5675,0,0.8125665187835693,0.0,126825.0,9.380247099790722,2.9313272186846007
victim,cicids2018_distrinet,ft_transformer-s42,prim_hybrid_p75_untargeted,"PrimAttack (Hybrid Search, p75)",untargeted,p75,ALL,42,3200,11,0,762,0.0034375,0.0,0.34375,0.238125,192.855,269.7606561359775,267.42401,0.04214050894825144,14.736875,0,,,,40.83283070009202,12.760259593778756
victim,cicids2018_distrinet,ft_transformer-s42,prim_hybrid_p75_untargeted,"PrimAttack (Hybrid Search, p75)",untargeted,p75,ALL,2024,3200,11,0,762,0.0034375,0.0,0.34375,0.238125,192.855,268.6111791520454,266.2732283333333,0.042157217522213894,14.724375,0,,,,40.385251900181174,12.620391218806617
victim,cicids2018_distrinet,ft_transformer-s42,prim_hybrid_p75_untargeted,"PrimAttack (Hybrid Search, p75)",untargeted,p75,ALL,2026,3200,10,0,762,0.003125,0.0,0.3125,0.238125,192.855,267.9554003932619,265.62629416666664,0.04211457150302355,14.7334375,0,,,,40.375500000081956,12.617343750025611
victim,cicids2017_distrinet,mlp,pgd_untargeted,PGD,untargeted,native,ALL,42,3200,3200,0,0,1.0,0.0,100.0,0.0,40.0,4.3789960719030825,0.5000171493541283,1.2131604728408796,78.4196875,56,,,,0.16579579981043935,0.051811187440762296
victim,cicids2017_distrinet,mlp,pgd_untargeted,PGD,untargeted,native,ALL,2024,3200,3200,0,0,1.0,0.0,100.0,0.0,40.0,4.380277110871669,0.5000204699860539,1.2139755006991761,78.4375,56,,,,0.1253193998709321,0.03916231245966628
victim,cicids2017_distrinet,mlp,pgd_untargeted,PGD,untargeted,native,ALL,2026,3200,3200,0,0,1.0,0.0,100.0,0.0,40.0,4.378529716078305,0.5000171510625263,1.2128801219648677,78.4221875,56,,,,0.12412970000877976,0.038790531252743676
victim,cicids2017_distrinet,cnn,pgd_untargeted,PGD,untargeted,native,ALL,42,3200,3079,0,0,0.9621875,0.0,96.21875,0.0,40.0,4.009496241111652,0.5000171016811531,1.1192662731100638,78.4090625,56,,,,4.994457900058478,1.5607680937682744
victim,cicids2017_distrinet,cnn,pgd_untargeted,PGD,untargeted,native,ALL,2024,3200,3076,0,0,0.96125,0.0,96.125,0.0,40.0,4.00858692049666,0.5000204171229374,1.1198957032902654,78.4271875,56,,,,5.046553999651223,1.5770481248910073
victim,cicids2017_distrinet,cnn,pgd_untargeted,PGD,untargeted,native,ALL,2026,3200,3073,0,0,0.9603125,0.0,96.03125,0.0,40.0,4.011412803397517,0.5000171020246462,1.121228016822642,78.4165625,56,,,,4.980678899912164,1.5564621562225511
victim,cicids2017_distrinet,ft_transformer,pgd_untargeted,PGD,untargeted,native,ALL,42,3200,3115,0,0,0.9734375,0.0,97.34375,0.0,40.0,4.141026071437472,0.5000171294405481,1.14432699489706,78.41375,56,,,,11.995074999751523,3.748460937422351
victim,cicids2017_distrinet,ft_transformer,pgd_untargeted,PGD,untargeted,native,ALL,2024,3200,3125,0,0,0.9765625,0.0,97.65625,0.0,40.0,4.1466543566225855,0.5000204469994268,1.1446317902375538,78.43,56,,,,11.861473700031638,3.706710531259887
victim,cicids2017_distrinet,ft_transformer,pgd_untargeted,PGD,untargeted,native,ALL,2026,3200,3107,0,0,0.9709375,0.0,97.09375,0.0,40.0,4.144240541945883,0.5000171242881829,1.1435328922081707,78.4125,56,,,,11.86509079998359,3.707840874994872
victim,cicids2018_distrinet,mlp-s42,pgd_untargeted,PGD,untargeted,native,ALL,42,3200,3019,0,0,0.9434375,0.0,94.34375,0.0,40.0,4.3400360841302525,0.5000028455142196,0.879915355514446,78.7459375,56,,,,0.16934509994462132,0.052920343732694164
victim,cicids2018_distrinet,mlp-s42,pgd_untargeted,PGD,untargeted,native,ALL,2024,3200,3011,0,0,0.9409375,0.0,94.09375,0.0,40.0,4.3407266990485684,0.500002863089988,0.881853542313141,78.7503125,56,,,,0.12110220012255013,0.037844437538296916
victim,cicids2018_distrinet,mlp-s42,pgd_untargeted,PGD,untargeted,native,ALL,2026,3200,3027,0,0,0.9459375,0.0,94.59375,0.0,40.0,4.341419540972819,0.5000028617663813,0.8809866764870642,78.764375,56,,,,0.11476060026325285,0.03586268758226652
victim,cicids2018_distrinet,cnn-s42,pgd_untargeted,PGD,untargeted,native,ALL,42,3200,3191,0,0,0.9971875,0.0,99.71875,0.0,40.0,3.9421552696557614,0.5000017815700026,0.8573058836154039,78.7453125,56,,,,5.061409099958837,1.5816903437371366
victim,cicids2018_distrinet,cnn-s42,pgd_untargeted,PGD,untargeted,native,ALL,2024,3200,3190,0,0,0.996875,0.0,99.6875,0.0,40.0,3.9445970560225083,0.5000017869027892,0.8571047747322379,78.753125,56,,,,5.025746699888259,1.570545843715081
victim,cicids2018_distrinet,cnn-s42,pgd_untargeted,PGD,untargeted,native,ALL,2026,3200,3190,0,0,0.996875,0.0,99.6875,0.0,40.0,3.9428536763198547,0.5000018796529953,0.8561048237057388,78.7603125,56,,,,4.961777600226924,1.5505555000709137
victim,cicids2018_distrinet,ft_transformer-s42,pgd_untargeted,PGD,untargeted,native,ALL,42,3200,2941,0,0,0.9190625,0.0,91.90625,0.0,40.0,4.002338429621016,0.5000029037159341,0.7837241466953757,78.750625,56,,,,62.799539000028744,19.624855937508983
victim,cicids2018_distrinet,ft_transformer-s42,pgd_untargeted,PGD,untargeted,native,ALL,2024,3200,2931,0,0,0.9159375,0.0,91.59375,0.0,40.0,4.001660794489149,0.5000028958980404,0.7847284621807101,78.75375,56,,,,62.54245189996436,19.544516218738863
victim,cicids2018_distrinet,ft_transformer-s42,pgd_untargeted,PGD,untargeted,native,ALL,2026,3200,2931,0,0,0.9159375,0.0,91.59375,0.0,40.0,4.004655878790211,0.5000029106630327,0.7857314802981762,78.7596875,56,,,,62.38126419996843,19.494145062490134
victim,cicids2017_distrinet,mlp,cw_untargeted,C&W,untargeted,native,ALL,42,3200,3198,0,0,0.999375,0.0,99.9375,0.0,120.0,1.3227477449985898,0.3246655578979133,0.4891541938779705,77.65375,56,,,,1.4008250997867435,0.43775784368335735
victim,cicids2017_distrinet,mlp,cw_untargeted,C&W,untargeted,native,ALL,2024,3200,3198,0,0,0.999375,0.0,99.9375,0.0,120.0,1.3227477449985898,0.3246655578979133,0.4891541938779705,77.65375,56,,,,0.7132642001379281,0.22289506254310254
victim,cicids2017_distrinet,mlp,cw_untargeted,C&W,untargeted,native,ALL,2026,3200,3198,0,0,0.999375,0.0,99.9375,0.0,120.0,1.3227477449985898,0.3246655578979133,0.4891541938779705,77.65375,56,,,,0.747093299869448,0.23346665620920248
victim,cicids2017_distrinet,cnn,cw_untargeted,C&W,untargeted,native,ALL,42,3200,3057,0,0,0.9553125,0.0,95.53125,0.0,120.0,1.4068174940243463,0.37869858936357753,0.36030562826540175,77.658125,56,,,,15.318867299705744,4.787146031158045
victim,cicids2017_distrinet,cnn,cw_untargeted,C&W,untargeted,native,ALL,2024,3200,3057,0,0,0.9553125,0.0,95.53125,0.0,120.0,1.4068174940243463,0.37869858936357753,0.36030562826540175,77.658125,56,,,,15.08630089997314,4.714469031241606
victim,cicids2017_distrinet,cnn,cw_untargeted,C&W,untargeted,native,ALL,2026,3200,3057,0,0,0.9553125,0.0,95.53125,0.0,120.0,1.4068174940243463,0.37869858936357753,0.36030562826540175,77.658125,56,,,,15.101899200119078,4.719343500037212
victim,cicids2017_distrinet,ft_transformer,cw_untargeted,C&W,untargeted,native,ALL,42,3200,2469,0,0,0.7715625,0.0,77.15625,0.0,120.0,0.8451463526765979,0.36857997784840796,0.17732425882789463,77.6528125,56,,,,22.349633099744096,6.98426034367003
victim,cicids2017_distrinet,ft_transformer,cw_untargeted,C&W,untargeted,native,ALL,2024,3200,2469,0,0,0.7715625,0.0,77.15625,0.0,120.0,0.8451463526765979,0.36857997784840796,0.17732425882789463,77.6528125,56,,,,22.374264300102368,6.99195759378199
victim,cicids2017_distrinet,ft_transformer,cw_untargeted,C&W,untargeted,native,ALL,2026,3200,2469,0,0,0.7715625,0.0,77.15625,0.0,120.0,0.8451463526765979,0.36857997784840796,0.17732425882789463,77.6528125,56,,,,22.376770900096744,6.992740906280233
victim,cicids2018_distrinet,mlp-s42,cw_untargeted,C&W,untargeted,native,ALL,42,3200,2804,0,0,0.87625,0.0,87.625,0.0,120.0,1.56497160045469,0.383128537729795,0.34757609132711154,78.4990625,56,,,,1.3448521997779608,0.42026631243061274
victim,cicids2018_distrinet,mlp-s42,cw_untargeted,C&W,untargeted,native,ALL,2024,3200,2804,0,0,0.87625,0.0,87.625,0.0,120.0,1.56497160045469,0.383128537729795,0.34757609132711154,78.4990625,56,,,,0.6694038999266922,0.20918871872709133
victim,cicids2018_distrinet,mlp-s42,cw_untargeted,C&W,untargeted,native,ALL,2026,3200,2804,0,0,0.87625,0.0,87.625,0.0,120.0,1.56497160045469,0.383128537729795,0.34757609132711154,78.4990625,56,,,,0.679625499760732,0.21238296867522877
victim,cicids2018_distrinet,cnn-s42,cw_untargeted,C&W,untargeted,native,ALL,42,3200,3173,0,0,0.9915625,0.0,99.15625,0.0,120.0,1.1360672864750017,0.327535625844226,0.28293444240071175,78.466875,56,,,,15.22112760017626,4.756602375055081
victim,cicids2018_distrinet,cnn-s42,cw_untargeted,C&W,untargeted,native,ALL,2024,3200,3173,0,0,0.9915625,0.0,99.15625,0.0,120.0,1.1360672864750017,0.327535625844226,0.28293444240071175,78.466875,56,,,,15.227655900176615,4.758642468805192
victim,cicids2018_distrinet,cnn-s42,cw_untargeted,C&W,untargeted,native,ALL,2026,3200,3173,0,0,0.9915625,0.0,99.15625,0.0,120.0,1.1360672864750017,0.327535625844226,0.28293444240071175,78.466875,56,,,,15.193453200161457,4.747954125050455
victim,cicids2018_distrinet,ft_transformer-s42,cw_untargeted,C&W,untargeted,native,ALL,42,3200,1715,0,0,0.5359375,0.0,53.59374999999999,0.0,120.0,0.5646281501785794,0.2523557222686761,0.08834109089350951,78.4425,56,,,,171.79213820025325,53.68504318757914
victim,cicids2018_distrinet,ft_transformer-s42,cw_untargeted,C&W,untargeted,native,ALL,2024,3200,1715,0,0,0.5359375,0.0,53.59374999999999,0.0,120.0,0.5646281501785794,0.2523557222686761,0.08834109089350951,78.4425,56,,,,171.7768724001944,53.68027262506075
victim,cicids2018_distrinet,ft_transformer-s42,cw_untargeted,C&W,untargeted,native,ALL,2026,3200,1715,0,0,0.5359375,0.0,53.59374999999999,0.0,120.0,0.5646281501785794,0.2523557222686761,0.08834109089350951,78.4425,56,,,,171.06722319987603,53.45850724996126
victim,cicids2017_distrinet,mlp,capgd_prim_support,CAPGD-PrimSupport,untargeted,native,ALL,42,3200,3027,70,75,0.9459375,0.021875,92.40625,0.0234375,24.7675,97811.35322510535,97682.52591812573,5.199760854052346,18.9284375,0,,,,43.46117959986441,13.581618624957628
victim,cicids2017_distrinet,mlp,capgd_prim_support,CAPGD-PrimSupport,untargeted,native,ALL,2024,3200,3040,67,67,0.95,0.0209375,92.90624999999999,0.0209375,24.7675,88520.96419017923,88468.04459088398,1.834812934627026,19.0228125,0,,,,45.84535179985687,14.326672437455272
victim,cicids2017_distrinet,mlp,capgd_prim_support,CAPGD-PrimSupport,untargeted,native,ALL,2026,3200,2996,72,72,0.93625,0.0225,91.375,0.0225,24.7675,82470.82377552307,82356.34639789996,1.251684138875865,18.9309375,0,,,,45.98178100003861,14.369306562512065
victim,cicids2017_distrinet,cnn,capgd_prim_support,CAPGD-PrimSupport,untargeted,native,ALL,42,3200,3121,168,168,0.9753125,0.0525,92.28125,0.0525,23.51125,75272.31443373038,75230.85367264086,5.739357629042684,19.52625,0,,,,43.44193400023505,13.575604375073453
victim,cicids2017_distrinet,cnn,capgd_prim_support,CAPGD-PrimSupport,untargeted,native,ALL,2024,3200,3093,168,168,0.9665625,0.0525,91.40625,0.0525,23.51125,67736.14301036549,67700.5420404115,3.8810903780385098,19.673125,0,,,,44.1664796997793,13.802024906181032
victim,cicids2017_distrinet,cnn,capgd_prim_support,CAPGD-PrimSupport,untargeted,native,ALL,2026,3200,3053,164,164,0.9540625,0.05125,90.28125,0.05125,23.51125,66730.28172143012,66603.22480101301,3.7608029470815647,19.5840625,0,,,,46.517356800148264,14.536674000046332
victim,cicids2017_distrinet,ft_transformer,capgd_prim_support,CAPGD-PrimSupport,untargeted,native,ALL,42,3200,1658,5,12,0.518125,0.0015625,51.65624999999999,0.00375,24.89125,272238.5498793359,270666.6201461022,53.6134693054181,20.4371875,0,,,,52.50579719990492,16.408061624970287
victim,cicids2017_distrinet,ft_transformer,capgd_prim_support,CAPGD-PrimSupport,untargeted,native,ALL,2024,3200,1815,6,6,0.5671875,0.001875,56.53125,0.001875,24.89125,251421.41666547683,250150.97680675436,46.0741599426165,20.5234375,0,,,,51.98824980016798,16.246328062552493
victim,cicids2017_distrinet,ft_transformer,capgd_prim_support,CAPGD-PrimSupport,untargeted,native,ALL,2026,3200,1539,6,6,0.4809375,0.001875,47.90625,0.001875,24.89125,191121.65701156884,189949.89265352173,28.86312624706032,20.536875,0,,,,54.07193020032719,16.897478187602246
victim,cicids2018_distrinet,mlp-s42,capgd_prim_support,CAPGD-PrimSupport,untargeted,native,ALL,42,3200,2961,4,4,0.9253125,0.00125,92.40625,0.00125,22.66375,925243.8435665618,923170.6932564358,1145.5938577268762,18.6734375,0,,,,44.127155099995434,13.789735968748573
victim,cicids2018_distrinet,mlp-s42,capgd_prim_support,CAPGD-PrimSupport,untargeted,native,ALL,2024,3200,2911,4,4,0.9096875,0.00125,90.84375,0.00125,22.66375,1170893.470318556,1168857.0210181407,1450.0787795350261,18.7615625,0,,,,44.305797199951485,13.845561624984839
victim,cicids2018_distrinet,mlp-s42,capgd_prim_support,CAPGD-PrimSupport,untargeted,native,ALL,2026,3200,2919,5,5,0.9121875,0.0015625,91.0625,0.0015625,22.66375,581606.4986753479,579549.7861788402,717.2161651514054,18.6540625,0,,,,44.198846200015396,13.812139437504811
victim,cicids2018_distrinet,cnn-s42,capgd_prim_support,CAPGD-PrimSupport,untargeted,native,ALL,42,3200,2455,7,8,0.7671875,0.0021875,76.5,0.0025,24.02125,1401800.7792097526,1400320.386814624,1739.4403895618036,19.7609375,0,,,,43.837025000015274,13.699070312504773
victim,cicids2018_distrinet,cnn-s42,capgd_prim_support,CAPGD-PrimSupport,untargeted,native,ALL,2024,3200,2371,10,10,0.7409375,0.003125,73.78125,0.003125,24.02125,1612639.8076906842,1611487.731552436,2002.8470079163578,19.82375,0,,,,43.70753809972666,13.658605656164582
victim,cicids2018_distrinet,cnn-s42,capgd_prim_support,CAPGD-PrimSupport,untargeted,native,ALL,2026,3200,2471,11,12,0.7721875,0.0034375,76.875,0.00375,24.02125,797992.7503878262,796281.6186784899,989.7351826408843,19.663125,0,,,,43.72218000004068,13.663181250012713
victim,cicids2018_distrinet,ft_transformer-s42,capgd_prim_support,CAPGD-PrimSupport,untargeted,native,ALL,42,3200,335,0,1,0.1046875,0.0,10.46875,0.0003125,24.93625,2356783.037040721,2354251.875268157,2924.559585240196,20.2265625,0,,,,83.01719849999063,25.94287453124707
victim,cicids2018_distrinet,ft_transformer-s42,capgd_prim_support,CAPGD-PrimSupport,untargeted,native,ALL,2024,3200,310,0,0,0.096875,0.0,9.6875,0.0,24.93625,2922617.8743406003,2920033.83768282,3626.139185008761,20.2009375,0,,,,81.53947510011494,25.48108596878592
victim,cicids2018_distrinet,ft_transformer-s42,capgd_prim_support,CAPGD-PrimSupport,untargeted,native,ALL,2026,3200,290,0,1,0.090625,0.0,9.0625,0.0003125,24.93625,1399012.8312669648,1396578.7558317261,1731.852933035677,20.1446875,0,,,,81.93531650002114,25.604786406256608
victim,cicids2017_distrinet,mlp,cpgd_prim_support,C-PGD-PrimSupport,untargeted,native,ALL,42,3200,1645,0,0,0.5140625,0.0,51.40625,0.0,40.0,1260.1194248564927,1241.0212510777299,0.19930613146220555,20.7328125,0,,,,34.57136490009725,10.803551531280391
victim,cicids2017_distrinet,mlp,cpgd_prim_support,C-PGD-PrimSupport,untargeted,native,ALL,2024,3200,1679,0,0,0.5246875,0.0,52.46875,0.0,40.0,1862.3585364962344,1840.4592087355993,0.16938370565098496,20.61875,0,,,,33.66527560027316,10.520398625085363
victim,cicids2017_distrinet,mlp,cpgd_prim_support,C-PGD-PrimSupport,untargeted,native,ALL,2026,3200,1553,0,0,0.4853125,0.0,48.53125,0.0,40.0,599.4533267371762,580.0272709372217,0.19893788007271934,20.609375,0,,,,33.422075300011784,10.444398531253682
victim,cicids2017_distrinet,cnn,cpgd_prim_support,C-PGD-PrimSupport,untargeted,native,ALL,42,3200,2032,0,0,0.635,0.0,63.5,0.0,40.0,1173.06291621895,1151.5521482525278,0.1986008301163514,21.0853125,0,,,,34.52032390004024,10.787601218762575
victim,cicids2017_distrinet,cnn,cpgd_prim_support,C-PGD-PrimSupport,untargeted,native,ALL,2024,3200,1926,0,0,0.601875,0.0,60.18750000000001,0.0,40.0,1826.2782615801386,1801.6062292014424,0.1680910268046353,20.9384375,0,,,,34.5788148001302,10.805879625040689
victim,cicids2017_distrinet,cnn,cpgd_prim_support,C-PGD-PrimSupport,untargeted,native,ALL,2026,3200,1842,0,0,0.575625,0.0,57.56250000000001,0.0,40.0,636.9824379056633,612.9601385498913,0.19847077599122953,20.94375,0,,,,33.96288409992121,10.613401281225379
victim,cicids2017_distrinet,ft_transformer,cpgd_prim_support,C-PGD-PrimSupport,untargeted,native,ALL,42,3200,686,0,0,0.214375,0.0,21.4375,0.0,40.0,1162.2313506300984,1146.7291326286056,0.19936725881199835,21.339375,0,,,,41.096459299791604,12.842643531184876
victim,cicids2017_distrinet,ft_transformer,cpgd_prim_support,C-PGD-PrimSupport,untargeted,native,ALL,2024,3200,703,0,0,0.2196875,0.0,21.96875,0.0,40.0,1865.4655098313722,1850.438592561481,0.16855197529322102,21.21875,0,,,,41.04642090015113,12.82700653129723
victim,cicids2017_distrinet,ft_transformer,cpgd_prim_support,C-PGD-PrimSupport,untargeted,native,ALL,2026,3200,686,0,0,0.214375,0.0,21.4375,0.0,40.0,618.7551573658264,605.6856075846028,0.1985822824016207,21.1475,0,,,,42.0489664003253,13.140302000101656
victim,cicids2018_distrinet,mlp-s42,cpgd_prim_support,C-PGD-PrimSupport,untargeted,native,ALL,42,3200,885,0,0,0.2765625,0.0,27.65625,0.0,40.0,650.8530306995742,600.2142049706381,0.20096353220360352,20.8940625,0,,,,34.59364829980768,10.8105150936899
victim,cicids2018_distrinet,mlp-s42,cpgd_prim_support,C-PGD-PrimSupport,untargeted,native,ALL,2024,3200,913,0,0,0.2853125,0.0,28.531250000000004,0.0,40.0,709.0439689468642,665.3692868733586,0.17608187878295278,20.705625,0,,,,34.828139800112695,10.883793687535217
victim,cicids2018_distrinet,mlp-s42,cpgd_prim_support,C-PGD-PrimSupport,untargeted,native,ALL,2026,3200,914,0,0,0.285625,0.0,28.5625,0.0,40.0,658.4559376396268,601.0439754767609,0.19889067241421857,20.7578125,0,,,,33.59887659968808,10.499648937402526
victim,cicids2018_distrinet,cnn-s42,cpgd_prim_support,C-PGD-PrimSupport,untargeted,native,ALL,42,3200,1531,0,0,0.4784375,0.0,47.84375,0.0,40.0,664.145045363956,606.0316136349558,0.20418512390104002,20.9909375,0,,,,34.42040760000236,10.756377375000739
victim,cicids2018_distrinet,cnn-s42,cpgd_prim_support,C-PGD-PrimSupport,untargeted,native,ALL,2024,3200,1586,0,0,0.495625,0.0,49.5625,0.0,40.0,735.8441898147615,679.4964038662905,0.18096182982615955,20.79625,0,,,,34.537249699700624,10.792890531156445
victim,cicids2018_distrinet,cnn-s42,cpgd_prim_support,C-PGD-PrimSupport,untargeted,native,ALL,2026,3200,1735,0,0,0.5421875,0.0,54.21875000000001,0.0,40.0,671.1108419413583,606.9303606393194,0.2022041356729517,20.82625,0,,,,34.05776049988344,10.643050156213576
victim,cicids2018_distrinet,ft_transformer-s42,cpgd_prim_support,C-PGD-PrimSupport,untargeted,native,ALL,42,3200,39,0,0,0.0121875,0.0,1.21875,0.0,40.0,693.9519644622773,624.9033980227971,0.20844795302133912,21.211875,0,,,,92.61233599996194,28.941354999988107
victim,cicids2018_distrinet,ft_transformer-s42,cpgd_prim_support,C-PGD-PrimSupport,untargeted,native,ALL,2024,3200,53,0,0,0.0165625,0.0,1.65625,0.0,40.0,746.5300410053137,682.1391234658298,0.18424006818012387,21.0259375,0,,,,95.00230829999782,29.68822134374932
victim,cicids2018_distrinet,ft_transformer-s42,cpgd_prim_support,C-PGD-PrimSupport,untargeted,native,ALL,2026,3200,66,0,0,0.020625,0.0,2.0625,0.0,40.0,698.5408378952249,622.7199681577829,0.20643842227146095,21.0259375,0,,,,93.9348404998891,29.354637656215345
victim,cicids2017_distrinet,mlp,prim_hybrid_unbounded_untargeted,"PrimAttack (Hybrid Search, unbounded)",untargeted,unbounded,ALL,42,3200,1533,1533,3200,0.4790625,0.4790625,0.0,1.0,150.50625,12350.853293825607,12350.476857902664,0.11245540510186433,13.2165625,0,0.7692307829856873,52.0,664544.0,9.186267599929124,2.8707086249778513
victim,cicids2017_distrinet,mlp,prim_hybrid_unbounded_untargeted,"PrimAttack (Hybrid Search, unbounded)",untargeted,unbounded,ALL,2024,3200,1533,1533,3200,0.4790625,0.4790625,0.0,1.0,150.50625,12142.010965356261,12141.634045402663,0.11088344915445396,13.2196875,0,0.7692307829856873,52.0,650245.0,9.171609100187197,2.866127843808499
victim,cicids2017_distrinet,mlp,prim_hybrid_unbounded_untargeted,"PrimAttack (Hybrid Search, unbounded)",untargeted,unbounded,ALL,2026,3200,1533,1533,3200,0.4790625,0.4790625,0.0,1.0,150.50625,12145.300301194598,12144.924575293968,0.11043620352494792,13.2178125,0,0.7692307829856873,52.0,659922.0,9.60917320009321,3.002866625029128
victim,cicids2017_distrinet,cnn,prim_hybrid_unbounded_untargeted,"PrimAttack (Hybrid Search, unbounded)",untargeted,unbounded,ALL,42,3200,2349,2349,3200,0.7340625,0.7340625,0.0,1.0,136.080625,15776.654906148375,15776.376905069697,0.22357639312671496,12.46625,0,0.6631660461425781,36.0,6515989.0,6.41413679998368,2.0044177499949
victim,cicids2017_distrinet,cnn,prim_hybrid_unbounded_untargeted,"PrimAttack (Hybrid Search, unbounded)",untargeted,unbounded,ALL,2024,3200,2349,2349,3200,0.7340625,0.7340625,0.0,1.0,136.080625,16530.17694591207,16529.90147028709,0.22223661644555898,12.4634375,0,0.6820051670074463,36.0,6265944.0,6.167286799754947,1.927277124923421
victim,cicids2017_distrinet,cnn,prim_hybrid_unbounded_untargeted,"PrimAttack (Hybrid Search, unbounded)",untargeted,unbounded,ALL,2026,3200,2349,2349,3200,0.7340625,0.7340625,0.0,1.0,136.080625,16087.853065452528,16087.578134689264,0.22320208214441972,12.5090625,0,0.6805392503738403,36.0,6368042.0,6.298020099988207,1.9681312812463148
victim,cicids2017_distrinet,ft_transformer,prim_hybrid_unbounded_untargeted,"PrimAttack (Hybrid Search, unbounded)",untargeted,unbounded,ALL,42,3200,31,31,3200,0.0096875,0.0096875,0.0,1.0,188.4225,40169.69034379974,40169.658332153514,0.45627909574466996,15.3571875,0,0.20000000298023224,15.0,0.0,35.86808619950898,11.208776937346556
victim,cicids2017_distrinet,ft_transformer,prim_hybrid_unbounded_untargeted,"PrimAttack (Hybrid Search, unbounded)",untargeted,unbounded,ALL,2024,3200,31,31,3200,0.0096875,0.0096875,0.0,1.0,188.4225,40126.73233019641,40126.70416775133,0.45586455203632975,15.355625,0,0.20000000298023224,15.0,0.0,35.86805870011449,11.208768343785778
victim,cicids2017_distrinet,ft_transformer,prim_hybrid_unbounded_untargeted,"PrimAttack (Hybrid Search, unbounded)",untargeted,unbounded,ALL,2026,3200,31,31,3200,0.0096875,0.0096875,0.0,1.0,188.4225,40179.48014258408,40179.448863005986,0.455893926647973,15.3546875,0,0.20000000298023224,15.0,0.0,35.85350469988771,11.204220218714909
victim,cicids2018_distrinet,mlp-s42,prim_hybrid_unbounded_untargeted,"PrimAttack (Hybrid Search, unbounded)",untargeted,unbounded,ALL,42,3200,1430,755,2365,0.446875,0.2359375,21.093750000000004,0.7390625,192.8690625,6147.5688204369435,6115.200718651485,0.4341846296793305,9.855,0,0.6000000834465027,0.0,70097848.0,11.311354599893093,3.5347983124665916
victim,cicids2018_distrinet,mlp-s42,prim_hybrid_unbounded_untargeted,"PrimAttack (Hybrid Search, unbounded)",untargeted,unbounded,ALL,2024,3200,1428,753,2363,0.44625,0.2353125,21.093749999999996,0.7384375,192.8690625,6148.516251824342,6116.102145854921,0.4342120943240794,9.83875,0,0.6000000834465027,0.0,70098952.0,11.237086500274017,3.5115895313356305
victim,cicids2018_distrinet,mlp-s42,prim_hybrid_unbounded_untargeted,"PrimAttack (Hybrid Search, unbounded)",untargeted,unbounded,ALL,2026,3200,1427,749,2357,0.4459375,0.2340625,21.187499999999996,0.7365625,192.8690625,6148.824367304874,6116.483966370313,0.4343482388509723,9.8575,0,0.6000000834465027,0.0,70100232.0,11.180037000216544,3.49376156256767
victim,cicids2018_distrinet,cnn-s42,prim_hybrid_unbounded_untargeted,"PrimAttack (Hybrid Search, unbounded)",untargeted,unbounded,ALL,42,3200,1475,164,909,0.4609375,0.05125,40.96875,0.2840625,192.805625,4054.510082828318,4045.069034428161,0.4386762533513231,13.8371875,0,0.4841613322496414,0.0,52788238.0,9.617290200199932,3.0054031875624787
victim,cicids2018_distrinet,cnn-s42,prim_hybrid_unbounded_untargeted,"PrimAttack (Hybrid Search, unbounded)",untargeted,unbounded,ALL,2024,3200,1475,153,899,0.4609375,0.0478125,41.3125,0.2809375,192.805625,4062.1335796344424,4052.719212378699,0.44020453099294954,13.8615625,0,0.4853183329105377,0.0,55921720.0,9.388551200041547,2.9339222500129836
victim,cicids2018_distrinet,cnn-s42,prim_hybrid_unbounded_untargeted,"PrimAttack (Hybrid Search, unbounded)",untargeted,unbounded,ALL,2026,3200,1474,164,908,0.460625,0.05125,40.9375,0.28375,192.805625,4060.07286284938,4050.725741552146,0.4372276818899553,13.8190625,0,0.4541444927453995,0.0,51869116.0,9.974574299994856,3.1170544687483925
victim,cicids2018_distrinet,ft_transformer-s42,prim_hybrid_unbounded_untargeted,"PrimAttack (Hybrid Search, unbounded)",untargeted,unbounded,ALL,42,3200,25,3,765,0.0078125,0.0009375,0.6875,0.2390625,192.8690625,1958.5745837327113,1907.1816467866704,0.4995218304224571,15.3271875,0,0.30000001192092896,0.0,14399175.0,40.84804800036363,12.765015000113635
victim,cicids2018_distrinet,ft_transformer-s42,prim_hybrid_unbounded_untargeted,"PrimAttack (Hybrid Search, unbounded)",untargeted,unbounded,ALL,2024,3200,26,3,765,0.008125,0.0009375,0.71875,0.2390625,192.8690625,1852.8801766112856,1801.5057217866704,0.49716419695186886,15.3390625,0,0.30000001192092896,0.0,14399175.0,40.93712779995985,12.792852437487454
victim,cicids2018_distrinet,ft_transformer-s42,prim_hybrid_unbounded_untargeted,"PrimAttack (Hybrid Search, unbounded)",untargeted,unbounded,ALL,2026,3200,27,3,765,0.0084375,0.0009375,0.7500000000000001,0.2390625,192.8690625,1920.8603094150637,1869.4987873214334,0.498645711361285,15.33875,0,0.30000001192092896,0.0,14399175.0,41.02317520021461,12.819742250067065
class,cicids2017_distrinet,mlp,prim_hybrid_p75_untargeted,"PrimAttack (Hybrid Search, p75)",untargeted,p75,DoS,42,800,231,231,800,0.28875,0.28875,0.0,1.0,251.1825,2124.631209077434,2124.319463325877,0.045908612766287465,19.81375,0,1.4570605754852295,38.0,204167.0,2.6130223001819104,3.266277875227388
class,cicids2017_distrinet,mlp,prim_hybrid_p75_untargeted,"PrimAttack (Hybrid Search, p75)",untargeted,p75,DoS,2024,800,231,231,800,0.28875,0.28875,0.0,1.0,251.1825,2125.618895040202,2125.306719607571,0.046022758469961414,19.8325,0,1.4956843852996826,38.0,199755.0,2.4242875000927597,3.0303593751159497
class,cicids2017_distrinet,mlp,prim_hybrid_p75_untargeted,"PrimAttack (Hybrid Search, p75)",untargeted,p75,DoS,2026,800,231,231,800,0.28875,0.28875,0.0,1.0,251.1825,2122.7298328334764,2122.417561453996,0.04589168287294235,19.8275,0,1.4444409608840942,38.0,201935.0,2.4879094001371413,3.1098867501714267
class,cicids2017_distrinet,mlp,prim_hybrid_p75_untargeted,"PrimAttack (Hybrid Search, p75)",untargeted,p75,DDoS,42,800,106,106,800,0.1325,0.1325,0.0,1.0,245.92,7876.091243307925,7876.087782482306,0.0378082431661509,19.63125,0,1.2746353149414062,2.0,1663526.0,2.970228999853134,3.7127862498164177
class,cicids2017_distrinet,mlp,prim_hybrid_p75_untargeted,"PrimAttack (Hybrid Search, p75)",untargeted,p75,DDoS,2024,800,106,106,800,0.1325,0.1325,0.0,1.0,245.92,7845.0159695906,7845.012510743175,0.037468184593945464,19.64625,0,1.3333331942558289,2.0,1479313.0,2.8961276998743415,3.620159624842927
class,cicids2017_distrinet,mlp,prim_hybrid_p75_untargeted,"PrimAttack (Hybrid Search, p75)",untargeted,p75,DDoS,2026,800,106,106,800,0.1325,0.1325,0.0,1.0,245.92,7851.566052332203,7851.562592264914,0.03761863019012831,19.64125,0,1.3214144110679626,2.0,1509788.0,2.8642287999391556,3.5802859999239445
class,cicids2017_distrinet,mlp,prim_hybrid_p75_untargeted,"PrimAttack (Hybrid Search, p75)",untargeted,p75,Recon,42,800,0,0,800,0.0,0.0,0.0,1.0,3.8575,0.1635476711939477,0.16194112830249494,3.370019397636694e-05,0.12625,0,,,,2.5009427000768483,3.1261783750960603
class,cicids2017_distrinet,mlp,prim_hybrid_p75_untargeted,"PrimAttack (Hybrid Search, p75)",untargeted,p75,Recon,2024,800,0,0,800,0.0,0.0,0.0,1.0,3.8575,0.1635476711939477,0.16194112830249494,3.370019397636694e-05,0.12625,0,,,,2.359148000134155,2.948935000167694
class,cicids2017_distrinet,mlp,prim_hybrid_p75_untargeted,"PrimAttack (Hybrid Search, p75)",untargeted,p75,Recon,2026,800,0,0,800,0.0,0.0,0.0,1.0,3.8575,0.1635476711939477,0.16194112830249494,3.370019397636694e-05,0.12625,0,,,,2.413410200038925,3.016762750048656
class,cicids2017_distrinet,mlp,prim_hybrid_p75_untargeted,"PrimAttack (Hybrid Search, p75)",untargeted,p75,BruteForce,42,800,17,17,800,0.02125,0.02125,0.0,1.0,252.3,3787.7062548710346,3787.6792909494015,0.07049671976084937,20.46125,0,0.8717948794364929,60.0,0.0,2.47793409996666,3.097417624958325
class,cicids2017_distrinet,mlp,prim_hybrid_p75_untargeted,"PrimAttack (Hybrid Search, p75)",untargeted,p75,BruteForce,2024,800,17,17,800,0.02125,0.02125,0.0,1.0,252.3,3786.2518801031215,3786.2249159494013,0.07048765155988987,20.4625,0,0.8717948794364929,60.0,0.0,2.3245545998215675,2.9056932497769594
class,cicids2017_distrinet,mlp,prim_hybrid_p75_untargeted,"PrimAttack (Hybrid Search, p75)",untargeted,p75,BruteForce,2026,800,17,17,800,0.02125,0.02125,0.0,1.0,252.3,3787.909180349696,3787.8829866015753,0.07042283317149588,20.45875,0,0.8548339009284973,52.0,0.0,2.440991299925372,3.051239124906715
class,cicids2017_distrinet,cnn,prim_hybrid_p75_untargeted,"PrimAttack (Hybrid Search, p75)",untargeted,p75,DoS,42,800,395,395,800,0.49375,0.49375,0.0,1.0,251.08625,1935.9420786369176,1935.6279600318876,0.042646679701444305,19.13875,0,1.534031629562378,45.0,204131.0,2.2248262998182327,2.781032874772791
class,cicids2017_distrinet,cnn,prim_hybrid_p75_untargeted,"PrimAttack (Hybrid Search, p75)",untargeted,p75,DoS,2024,800,393,393,800,0.49125,0.49125,0.0,1.0,251.08625,1919.5597505636265,1919.2451789594725,0.04280620701539676,19.1625,0,1.555551528930664,46.0,201640.0,2.115055999951437,2.6438199999392964
class,cicids2017_distrinet,cnn,prim_hybrid_p75_untargeted,"PrimAttack (Hybrid Search, p75)",untargeted,p75,DoS,2026,800,395,395,800,0.49375,0.49375,0.0,1.0,251.08625,1954.6306597255991,1954.3139359606052,0.0426234420260138,19.07,0,1.539506435394287,45.0,202917.0,2.145251600071788,2.681564500089735
class,cicids2017_distrinet,cnn,prim_hybrid_p75_untargeted,"PrimAttack (Hybrid Search, p75)",untargeted,p75,DDoS,42,800,302,302,800,0.3775,0.3775,0.0,1.0,245.92,6561.452085731321,6561.448624873609,0.03309989834575519,19.6575,0,1.2389482855796814,2.0,1813987.0,2.3198906001634896,2.899863250204362
class,cicids2017_distrinet,cnn,prim_hybrid_p75_untargeted,"PrimAttack (Hybrid Search, p75)",untargeted,p75,DDoS,2024,800,302,302,800,0.3775,0.3775,0.0,1.0,245.92,6570.192549009812,6570.189086830132,0.03330101019656,19.68,0,1.258949100971222,2.0,1945249.0,2.239694699877873,2.7996183748473413
class,cicids2017_distrinet,cnn,prim_hybrid_p75_untargeted,"PrimAttack (Hybrid Search, p75)",untargeted,p75,DDoS,2026,800,302,302,800,0.3775,0.3775,0.0,1.0,245.92,6547.917629899245,6547.91416835187,0.03318496256002937,19.63375,0,1.2518309950828552,2.0,1854090.0,2.3072296001482755,2.8840370001853444
class,cicids2017_distrinet,cnn,prim_hybrid_p75_untargeted,"PrimAttack (Hybrid Search, p75)",untargeted,p75,Recon,42,800,3,3,800,0.00375,0.00375,0.0,1.0,2.92875,0.08164590253411182,0.08042572247283632,2.627413081228434e-05,0.1025,0,0.8999999761581421,9.0,0.0,2.0428310001734644,2.5535387502168305
class,cicids2017_distrinet,cnn,prim_hybrid_p75_untargeted,"PrimAttack (Hybrid Search, p75)",untargeted,p75,Recon,2024,800,3,3,800,0.00375,0.00375,0.0,1.0,2.92875,0.09360243164227358,0.09238224421196677,2.6313307888770946e-05,0.1025,0,0.9999678730964661,9.0,0.0,2.148722799960524,2.685903499950655
class,cicids2017_distrinet,cnn,prim_hybrid_p75_untargeted,"PrimAttack (Hybrid Search, p75)",untargeted,p75,Recon,2026,800,3,3,800,0.00375,0.00375,0.0,1.0,2.92875,0.08553178756581264,0.08431159203805372,2.6304673565151924e-05,0.10375,0,0.9474173784255981,9.0,0.0,2.2007377000991255,2.750922125123907
class,cicids2017_distrinet,cnn,prim_hybrid_p75_untargeted,"PrimAttack (Hybrid Search, p75)",untargeted,p75,BruteForce,42,800,474,474,800,0.5925,0.5925,0.0,1.0,252.91875,3168.2717534815615,3168.2598164330066,0.0648783362076685,20.75,0,1.6666667461395264,67.0,1674416.5,1.931178699946031,2.4139733749325387
class,cicids2017_distrinet,cnn,prim_hybrid_p75_untargeted,"PrimAttack (Hybrid Search, p75)",untargeted,p75,BruteForce,2024,800,474,474,800,0.5925,0.5925,0.0,1.0,252.91875,3174.0482495137553,3174.0362023025723,0.06469548460110464,20.71875,0,1.6585968136787415,67.0,1649359.0,1.918432999867946,2.3980412498349324
class,cicids2017_distrinet,cnn,prim_hybrid_p75_untargeted,"PrimAttack (Hybrid Search, p75)",untargeted,p75,BruteForce,2026,800,474,474,800,0.5925,0.5925,0.0,1.0,252.91875,3188.119522862837,3188.1076425199635,0.06468173701945651,20.7225,0,1.6700319051742554,66.5,1703240.0,1.9606715999543667,2.4508394999429584
class,cicids2017_distrinet,ft_transformer,prim_hybrid_p75_untargeted,"PrimAttack (Hybrid Search, p75)",untargeted,p75,DoS,42,800,3,3,800,0.00375,0.00375,0.0,1.0,251.375,2133.1853293571316,2132.9495326296606,0.04968494331215579,19.62375,0,0.20000000298023224,8.0,0.0,12.243126000044867,15.303907500056084
class,cicids2017_distrinet,ft_transformer,prim_hybrid_p75_untargeted,"PrimAttack (Hybrid Search, p75)",untargeted,p75,DoS,2024,800,3,3,800,0.00375,0.00375,0.0,1.0,251.375,2127.620048685657,2127.3771268452283,0.04969264675419647,19.615,0,0.20000000298023224,8.0,0.0,11.873354399809614,14.841692999762017
class,cicids2017_distrinet,ft_transformer,prim_hybrid_p75_untargeted,"PrimAttack (Hybrid Search, p75)",untargeted,p75,DoS,2026,800,3,3,800,0.00375,0.00375,0.0,1.0,251.375,2127.2868073669615,2127.045590811243,0.049638149882801484,19.62,0,0.20000000298023224,8.0,0.0,11.87983059999533,14.849788249994162
class,cicids2017_distrinet,ft_transformer,prim_hybrid_p75_untargeted,"PrimAttack (Hybrid Search, p75)",untargeted,p75,DDoS,42,800,0,0,800,0.0,0.0,0.0,1.0,245.92,4637.456701871475,4637.38872090844,0.02621598893769174,13.10625,0,,,,13.23869500006549,16.548368750081863
class,cicids2017_distrinet,ft_transformer,prim_hybrid_p75_untargeted,"PrimAttack (Hybrid Search, p75)",untargeted,p75,DDoS,2024,800,0,0,800,0.0,0.0,0.0,1.0,245.92,4638.215855497372,4638.151188603763,0.02610133571832351,13.0675,0,,,,13.229245299939066,16.536556624923833
class,cicids2017_distrinet,ft_transformer,prim_hybrid_p75_untargeted,"PrimAttack (Hybrid Search, p75)",untargeted,p75,DDoS,2026,800,0,0,800,0.0,0.0,0.0,1.0,245.92,4653.953367719746,4653.8870258211755,0.026210241422185643,13.07625,0,,,,13.462752100080252,16.828440125100315
class,cicids2017_distrinet,ft_transformer,prim_hybrid_p75_untargeted,"PrimAttack (Hybrid Search, p75)",untargeted,p75,Recon,42,800,0,0,800,0.0,0.0,0.0,1.0,3.8575,0.3716672660570262,0.3713704761285819,4.4274103081308636e-05,0.15375,0,,,,2.5986669999547303,3.248333749943413
class,cicids2017_distrinet,ft_transformer,prim_hybrid_p75_untargeted,"PrimAttack (Hybrid Search, p75)",untargeted,p75,Recon,2024,800,0,0,800,0.0,0.0,0.0,1.0,3.8575,0.37167032183925314,0.3713704761285819,4.4274103035294614e-05,0.15375,0,,,,2.567152200033888,3.2089402500423603
class,cicids2017_distrinet,ft_transformer,prim_hybrid_p75_untargeted,"PrimAttack (Hybrid Search, p75)",untargeted,p75,Recon,2026,800,0,0,800,0.0,0.0,0.0,1.0,3.8575,0.37167032183925314,0.3713704761285819,4.4274103035294614e-05,0.15375,0,,,,2.612472000066191,3.2655900000827387
class,cicids2017_distrinet,ft_transformer,prim_hybrid_p75_untargeted,"PrimAttack (Hybrid Search, p75)",untargeted,p75,BruteForce,42,800,13,13,800,0.01625,0.01625,0.0,1.0,251.0725,3776.974676466337,3776.963378412288,0.05248315945929893,20.43375,0,0.19230769574642181,15.0,0.0,11.09357130015269,13.866964125190862
class,cicids2017_distrinet,ft_transformer,prim_hybrid_p75_untargeted,"PrimAttack (Hybrid Search, p75)",untargeted,p75,BruteForce,2024,800,13,13,800,0.01625,0.01625,0.0,1.0,251.0725,3778.7656801329013,3778.754383847071,0.05248773529352425,20.4325,0,0.19230769574642181,15.0,0.0,11.045932399807498,13.807415499759372
class,cicids2017_distrinet,ft_transformer,prim_hybrid_p75_untargeted,"PrimAttack (Hybrid Search, p75)",untargeted,p75,BruteForce,2026,800,13,13,800,0.01625,0.01625,0.0,1.0,251.0725,3778.7148400837823,3778.7035414557668,0.052477919341958,20.43125,0,0.19230769574642181,15.0,0.0,11.060503599932417,13.825629499915522
class,cicids2018_distrinet,mlp-s42,prim_hybrid_p75_untargeted,"PrimAttack (Hybrid Search, p75)",untargeted,p75,DoS,42,800,0,0,800,0.0,0.0,0.0,1.0,241.20125,0.8558222748755163,0.7929567468486275,0.0002717376993230353,2.06375,0,,,,3.2682489999569952,4.085311249946244
class,cicids2018_distrinet,mlp-s42,prim_hybrid_p75_untargeted,"PrimAttack (Hybrid Search, p75)",untargeted,p75,DoS,2024,800,0,0,800,0.0,0.0,0.0,1.0,241.20125,0.8811712846820836,0.8174777602150877,0.00027759066006879024,2.12,0,,,,2.9164594998583198,3.6455743748228997
class,cicids2018_distrinet,mlp-s42,prim_hybrid_p75_untargeted,"PrimAttack (Hybrid Search, p75)",untargeted,p75,DoS,2026,800,0,0,800,0.0,0.0,0.0,1.0,241.20125,0.8713790168726879,0.8081242955343966,0.0002729771399229809,2.08,0,,,,3.2033357000909746,4.004169625113718
class,cicids2018_distrinet,mlp-s42,prim_hybrid_p75_untargeted,"PrimAttack (Hybrid Search, p75)",untargeted,p75,DDoS,42,800,347,3,18,0.43375,0.00375,43.00000000000001,0.0225,245.48125,1203.684793196895,1196.850128596611,0.09201021146924226,19.30125,0,0.9289625287055969,0.0,1875256.0,2.7974419000092894,3.4968023750116117
class,cicids2018_distrinet,mlp-s42,prim_hybrid_p75_untargeted,"PrimAttack (Hybrid Search, p75)",untargeted,p75,DDoS,2024,800,346,3,18,0.4325,0.00375,42.875,0.0225,245.48125,1203.8469062081783,1197.0125333333333,0.09203564919148566,19.2825,0,0.9999995827674866,0.0,2058446.0,2.594803399872035,3.2435042498400435
class,cicids2018_distrinet,mlp-s42,prim_hybrid_p75_untargeted,"PrimAttack (Hybrid Search, p75)",untargeted,p75,DDoS,2026,800,345,1,15,0.43125,0.00125,43.00000000000001,0.01875,245.48125,1203.8438681595785,1197.0078166666667,0.0921536950723551,19.3175,0,0.9000002145767212,0.0,1398066.0,2.5717519000172615,3.214689875021577
class,cicids2018_distrinet,mlp-s42,prim_hybrid_p75_untargeted,"PrimAttack (Hybrid Search, p75)",untargeted,p75,Recon,42,800,38,3,758,0.0475,0.00375,4.375,0.9475,29.2675,381.03345634389234,380.84128,0.009451694651057408,1.47375,0,0.9999999403953552,0.0,8338118.0,2.5585125000216067,3.1981406250270084
class,cicids2018_distrinet,mlp-s42,prim_hybrid_p75_untargeted,"PrimAttack (Hybrid Search, p75)",untargeted,p75,Recon,2024,800,38,4,759,0.0475,0.005,4.25,0.94875,29.2675,381.0251477552502,380.83250999999996,0.00941780123227376,1.47375,0,0.9999999105930328,0.0,6809969.5,2.622785999905318,3.2784824998816475
class,cicids2018_distrinet,mlp-s42,prim_hybrid_p75_untargeted,"PrimAttack (Hybrid Search, p75)",untargeted,p75,Recon,2026,800,38,4,757,0.0475,0.005,4.25,0.94625,29.2675,383.4085108949506,383.21557666666666,0.009458476866556254,1.4625,0,0.9999999105930328,0.0,7093911.0,2.668743900023401,3.335929875029251
class,cicids2018_distrinet,mlp-s42,prim_hybrid_p75_untargeted,"PrimAttack (Hybrid Search, p75)",untargeted,p75,BruteForce,42,800,0,0,800,0.0,0.0,0.0,1.0,255.47,0.24340641669626512,0.19363797600265711,0.00042539282807215,11.99375,0,,,,2.83839669986628,3.54799587483285
class,cicids2018_distrinet,mlp-s42,prim_hybrid_p75_untargeted,"PrimAttack (Hybrid Search, p75)",untargeted,p75,BruteForce,2024,800,0,0,800,0.0,0.0,0.0,1.0,255.47,0.24341223537624126,0.19364091251378074,0.000425399243750335,11.99375,0,,,,2.66447259997949,3.3305907499743626
class,cicids2018_distrinet,mlp-s42,prim_hybrid_p75_untargeted,"PrimAttack (Hybrid Search, p75)",untargeted,p75,BruteForce,2026,800,0,0,800,0.0,0.0,0.0,1.0,255.47,0.24341202740029888,0.19364111330086609,0.00042539965258703635,11.99375,0,,,,2.4429272999987006,3.0536591249983758
class,cicids2018_distrinet,cnn-s42,prim_hybrid_p75_untargeted,"PrimAttack (Hybrid Search, p75)",untargeted,p75,DoS,42,800,0,0,5,0.0,0.0,0.0,0.00625,240.9475,48.18669095687274,48.09334666666667,0.07251387061634866,12.88,0,,,,3.164931199979037,3.9561639999737963
class,cicids2018_distrinet,cnn-s42,prim_hybrid_p75_untargeted,"PrimAttack (Hybrid Search, p75)",untargeted,p75,DoS,2024,800,0,0,5,0.0,0.0,0.0,0.00625,240.9475,48.18929314259626,48.09459666666667,0.07251646843250399,12.96125,0,,,,2.653229899937287,3.3165373749216087
class,cicids2018_distrinet,cnn-s42,prim_hybrid_p75_untargeted,"PrimAttack (Hybrid Search, p75)",untargeted,p75,DoS,2026,800,0,0,5,0.0,0.0,0.0,0.00625,240.9475,48.153486253045074,48.059596666666664,0.07246343496660698,12.94875,0,,,,2.575907199876383,3.2198839998454787
class,cicids2018_distrinet,cnn-s42,prim_hybrid_p75_untargeted,"PrimAttack (Hybrid Search, p75)",untargeted,p75,DDoS,42,800,457,1,2,0.57125,0.00125,57.00000000000001,0.0025,245.48125,864.8854797161529,858.55708,0.08285361981763309,19.6225,0,0.23140014708042145,0.0,551187.0,2.1950998997781426,2.743874874722678
class,cicids2018_distrinet,cnn-s42,prim_hybrid_p75_untargeted,"PrimAttack (Hybrid Search, p75)",untargeted,p75,DDoS,2024,800,457,1,2,0.57125,0.00125,57.00000000000001,0.0025,245.48125,831.8982748422746,825.5774633333333,0.08225858804511031,19.615,0,0.4322364926338196,0.0,68996.0,2.175909399986267,2.719886749982834
class,cicids2018_distrinet,cnn-s42,prim_hybrid_p75_untargeted,"PrimAttack (Hybrid Search, p75)",untargeted,p75,DDoS,2026,800,457,1,2,0.57125,0.00125,57.00000000000001,0.0025,245.48125,829.9701264291248,823.62984,0.08219014448761298,19.625,0,0.8125665187835693,0.0,126825.0,2.307103400118649,2.8838792501483113
class,cicids2018_distrinet,cnn-s42,prim_hybrid_p75_untargeted,"PrimAttack (Hybrid Search, p75)",untargeted,p75,Recon,42,800,33,0,752,0.04125,0.0,4.125,0.94,29.2675,613.9719342149234,613.416086896519,0.010643332726252114,1.77,0,,,,2.282118499977514,2.8526481249718927
class,cicids2018_distrinet,cnn-s42,prim_hybrid_p75_untargeted,"PrimAttack (Hybrid Search, p75)",untargeted,p75,Recon,2024,800,33,0,753,0.04125,0.0,4.125,0.94125,29.2675,620.3346224306872,619.8492737452806,0.01064412145032794,1.7675,0,,,,2.275466099847108,2.844332624808885
class,cicids2018_distrinet,cnn-s42,prim_hybrid_p75_untargeted,"PrimAttack (Hybrid Search, p75)",untargeted,p75,Recon,2026,800,33,0,751,0.04125,0.0,4.125,0.93875,29.2675,627.4959544203622,626.966806896519,0.010896563090675685,1.77,0,,,,2.150326899951324,2.687908624939155
class,cicids2018_distrinet,cnn-s42,prim_hybrid_p75_untargeted,"PrimAttack (Hybrid Search, p75)",untargeted,p75,BruteForce,42,800,0,0,1,0.0,0.0,0.0,0.00125,255.47,4.537896111565532,3.5612966666666663,0.004712860735800635,19.975,0,,,,2.4937930000014603,3.1172412500018254
class,cicids2018_distrinet,cnn-s42,prim_hybrid_p75_untargeted,"PrimAttack (Hybrid Search, p75)",untargeted,p75,BruteForce,2024,800,0,0,1,0.0,0.0,0.0,0.00125,255.47,4.533188464618505,3.5582499999999997,0.004712887636125225,19.96375,0,,,,2.543489299947396,3.179361624934245
class,cicids2018_distrinet,cnn-s42,prim_hybrid_p75_untargeted,"PrimAttack (Hybrid Search, p75)",untargeted,p75,BruteForce,2026,800,0,0,1,0.0,0.0,0.0,0.00125,255.47,4.539964206065915,3.555153333333333,0.00471288523402914,19.92625,0,,,,2.3469095998443663,2.933636999805458
class,cicids2018_distrinet,ft_transformer-s42,prim_hybrid_p75_untargeted,"PrimAttack (Hybrid Search, p75)",untargeted,p75,DoS,42,800,0,0,7,0.0,0.0,0.0,0.00875,241.20125,50.69557257152177,49.759863333333335,0.07471718473231746,18.905,0,,,,12.387556500034407,15.484445625043008
class,cicids2018_distrinet,ft_transformer-s42,prim_hybrid_p75_untargeted,"PrimAttack (Hybrid Search, p75)",untargeted,p75,DoS,2024,800,0,0,7,0.0,0.0,0.0,0.00875,241.20125,50.69529306770915,49.759863333333335,0.07471721845816828,18.8775,0,,,,12.057851199992001,15.072313999990001
class,cicids2018_distrinet,ft_transformer-s42,prim_hybrid_p75_untargeted,"PrimAttack (Hybrid Search, p75)",untargeted,p75,DoS,2026,800,0,0,7,0.0,0.0,0.0,0.00875,241.20125,50.69415889349103,49.759863333333335,0.07471734581478892,18.8775,0,,,,11.92058670008555,14.900733375106938
class,cicids2018_distrinet,ft_transformer-s42,prim_hybrid_p75_untargeted,"PrimAttack (Hybrid Search, p75)",untargeted,p75,DDoS,42,800,1,0,1,0.00125,0.0,0.125,0.00125,245.48125,292.9307740676832,285.39897,0.08005575318628436,18.37875,0,,,,11.624940099893138,14.531175124866422
class,cicids2018_distrinet,ft_transformer-s42,prim_hybrid_p75_untargeted,"PrimAttack (Hybrid Search, p75)",untargeted,p75,DDoS,2024,800,1,0,1,0.00125,0.0,0.125,0.00125,245.48125,293.05840135555985,285.52273,0.080057020117848,18.3675,0,,,,11.573241899954155,14.466552374942694
class,cicids2018_distrinet,ft_transformer-s42,prim_hybrid_p75_untargeted,"PrimAttack (Hybrid Search, p75)",untargeted,p75,DDoS,2026,800,0,0,1,0.0,0.0,0.0,0.00125,245.48125,293.0796988408027,285.57943,0.08005668576696268,18.36625,0,,,,11.618560099974275,14.523200124967843
class,cicids2018_distrinet,ft_transformer-s42,prim_hybrid_p75_untargeted,"PrimAttack (Hybrid Search, p75)",untargeted,p75,Recon,42,800,10,0,753,0.0125,0.0,1.25,0.94125,29.2675,731.4277938359903,731.3503533333334,0.010197075457815135,1.69875,0,,,,3.047846500063315,3.809808125079144
class,cicids2018_distrinet,ft_transformer-s42,prim_hybrid_p75_untargeted,"PrimAttack (Hybrid Search, p75)",untargeted,p75,Recon,2024,800,10,0,753,0.0125,0.0,1.25,0.94125,29.2675,726.6991133503734,726.61747,0.010260680391436594,1.7,0,,,,3.0208521001040936,3.776065125130117
class,cicids2018_distrinet,ft_transformer-s42,prim_hybrid_p75_untargeted,"PrimAttack (Hybrid Search, p75)",untargeted,p75,Recon,2026,800,10,0,753,0.0125,0.0,1.25,0.94125,29.2675,724.0536326039239,723.9748466666667,0.010094012224833169,1.7,0,,,,3.0415892000310123,3.8019865000387654
class,cicids2018_distrinet,ft_transformer-s42,prim_hybrid_p75_untargeted,"PrimAttack (Hybrid Search, p75)",untargeted,p75,BruteForce,42,800,0,0,1,0.0,0.0,0.0,0.00125,255.47,3.9884840687147958,3.1868533333333335,0.0035920224165888128,19.965,0,,,,13.772487600101158,17.215609500126448
class,cicids2018_distrinet,ft_transformer-s42,prim_hybrid_p75_untargeted,"PrimAttack (Hybrid Search, p75)",untargeted,p75,BruteForce,2024,800,0,0,1,0.0,0.0,0.0,0.00125,255.47,3.9919088345391107,3.1928500000000004,0.003593951121402692,19.9525,0,,,,13.733306700130925,17.166633375163656
class,cicids2018_distrinet,ft_transformer-s42,prim_hybrid_p75_untargeted,"PrimAttack (Hybrid Search, p75)",untargeted,p75,BruteForce,2026,800,0,0,1,0.0,0.0,0.0,0.00125,255.47,3.9941112348300107,3.1910366666666663,0.0035902422055094324,19.99,0,,,,13.794763999991119,17.2434549999889
class,cicids2017_distrinet,mlp,pgd_untargeted,PGD,untargeted,native,DoS,42,800,800,0,0,1.0,0.0,100.0,0.0,40.0,4.368111106773798,0.5000669541690838,1.1998436189977277,78.1925,56,,,,0.07881689979694784,0.0985211247461848
class,cicids2017_distrinet,mlp,pgd_untargeted,PGD,untargeted,native,DoS,2024,800,800,0,0,1.0,0.0,100.0,0.0,40.0,4.368715487429123,0.5000802372153442,1.200100257090125,78.21,56,,,,0.026931900065392256,0.03366487508174032
class,cicids2017_distrinet,mlp,pgd_untargeted,PGD,untargeted,native,DoS,2026,800,800,0,0,1.0,0.0,100.0,0.0,40.0,4.366955464989526,0.5000669606492276,1.1994384261004307,78.20875,56,,,,0.028044800041243434,0.03505600005155429
class,cicids2017_distrinet,mlp,pgd_untargeted,PGD,untargeted,native,DDoS,42,800,800,0,0,1.0,0.0,100.0,0.0,40.0,4.325234531546393,0.5000006323507389,1.2107585993129204,77.49,56,,,,0.030199000146239996,0.037748750182799995
class,cicids2017_distrinet,mlp,pgd_untargeted,PGD,untargeted,native,DDoS,2024,800,800,0,0,1.0,0.0,100.0,0.0,40.0,4.3290073684707036,0.5000006372035554,1.2140394211507035,77.5425,56,,,,0.030634199967607856,0.03829274995950982
class,cicids2017_distrinet,mlp,pgd_untargeted,PGD,untargeted,native,DDoS,2026,800,800,0,0,1.0,0.0,100.0,0.0,40.0,4.326235162912705,0.5000006281596325,1.2125041975757476,77.48125,56,,,,0.028647199971601367,0.03580899996450171
class,cicids2017_distrinet,mlp,pgd_untargeted,PGD,untargeted,native,Recon,42,800,800,0,0,1.0,0.0,100.0,0.0,40.0,4.405634450936834,0.5000006705406287,1.2213488383455076,78.99625,56,,,,0.02864379994571209,0.03580474993214011
class,cicids2017_distrinet,mlp,pgd_untargeted,PGD,untargeted,native,Recon,2024,800,800,0,0,1.0,0.0,100.0,0.0,40.0,4.404918214499577,0.5000006651660542,1.2199995248015938,78.9975,56,,,,0.03536579990759492,0.04420724988449365
class,cicids2017_distrinet,mlp,pgd_untargeted,PGD,untargeted,native,Recon,2026,800,800,0,0,1.0,0.0,100.0,0.0,40.0,4.404079883178495,0.5000006752203262,1.21896555786618,78.99875,56,,,,0.03532009990885854,0.04415012488607317
class,cicids2017_distrinet,mlp,pgd_untargeted,PGD,untargeted,native,BruteForce,42,800,800,0,0,1.0,0.0,100.0,0.0,40.0,4.417004198355304,0.5000003403560621,1.2206908347073628,79.0,56,,,,0.028136099921539426,0.03517012490192428
class,cicids2017_distrinet,mlp,pgd_untargeted,PGD,untargeted,native,BruteForce,2024,800,800,0,0,1.0,0.0,100.0,0.0,40.0,4.418467373087271,0.5000003403592616,1.2217627997542824,79.0,56,,,,0.03238749993033707,0.04048437491292134
class,cicids2017_distrinet,mlp,pgd_untargeted,PGD,untargeted,native,BruteForce,2026,800,800,0,0,1.0,0.0,100.0,0.0,40.0,4.416848353232498,0.5000003402209188,1.220612306317112,79.0,56,,,,0.032117600087076426,0.04014700010884553
class,cicids2017_distrinet,cnn,pgd_untargeted,PGD,untargeted,native,DoS,42,800,789,0,0,0.98625,0.0,98.625,0.0,40.0,4.068598543464659,0.5000669609927502,1.1712154662448202,78.185,56,,,,1.2902795001864433,1.6128493752330542
class,cicids2017_distrinet,cnn,pgd_untargeted,PGD,untargeted,native,DoS,2024,800,790,0,0,0.9875,0.0,98.75,0.0,40.0,4.064150248215375,0.5000802568527469,1.1689005420074858,78.2125,56,,,,1.2397012999281287,1.549626624910161
class,cicids2017_distrinet,cnn,pgd_untargeted,PGD,untargeted,native,DoS,2026,800,787,0,0,0.98375,0.0,98.375,0.0,40.0,4.063975297671725,0.5000669735096052,1.1681789642675218,78.21875,56,,,,1.240688000107184,1.55086000013398
class,cicids2017_distrinet,cnn,pgd_untargeted,PGD,untargeted,native,DDoS,42,800,690,0,0,0.8625,0.0,86.25,0.0,40.0,3.995567968678565,0.5000004416812377,1.1149271688144688,77.46625,56,,,,1.2330686000641435,1.5413357500801794
class,cicids2017_distrinet,cnn,pgd_untargeted,PGD,untargeted,native,DDoS,2024,800,686,0,0,0.8575,0.0,85.75,0.0,40.0,3.9985011538773945,0.5000004491667709,1.1162281750836522,77.5075,56,,,,1.2288379999808967,1.536047499976121
class,cicids2017_distrinet,cnn,pgd_untargeted,PGD,untargeted,native,DDoS,2026,800,686,0,0,0.8575,0.0,85.75,0.0,40.0,4.005405524857359,0.5000004460711924,1.1195919608777825,77.4675,56,,,,1.244411899941042,1.5555148749263026
class,cicids2017_distrinet,cnn,pgd_untargeted,PGD,untargeted,native,Recon,42,800,800,0,0,1.0,0.0,100.0,0.0,40.0,4.00123667202569,0.5000006705533832,1.134374984820439,78.995,56,,,,1.2316240998916328,1.539530124864541
class,cicids2017_distrinet,cnn,pgd_untargeted,PGD,untargeted,native,Recon,2024,800,800,0,0,1.0,0.0,100.0,0.0,40.0,4.000138125763703,0.5000006326188555,1.1365995664475699,78.9975,56,,,,1.2335997999180108,1.5419997498975135
class,cicids2017_distrinet,cnn,pgd_untargeted,PGD,untargeted,native,Recon,2026,800,800,0,0,1.0,0.0,100.0,0.0,40.0,4.00121522374969,0.5000006577493696,1.1363502427233783,78.99375,56,,,,1.2270975999999791,1.533871999999974
class,cicids2017_distrinet,cnn,pgd_untargeted,PGD,untargeted,native,BruteForce,42,800,800,0,0,1.0,0.0,100.0,0.0,40.0,3.9725817802776953,0.5000003334972416,1.0565474725605266,78.99,56,,,,1.2394856999162585,1.549357124895323
class,cicids2017_distrinet,cnn,pgd_untargeted,PGD,untargeted,native,BruteForce,2024,800,800,0,0,1.0,0.0,100.0,0.0,40.0,3.971558154130169,0.5000003298533764,1.057854529622354,78.99125,56,,,,1.3444148998241872,1.680518624780234
class,cicids2017_distrinet,cnn,pgd_untargeted,PGD,untargeted,native,BruteForce,2026,800,800,0,0,1.0,0.0,100.0,0.0,40.0,3.9750551673112966,0.5000003307684177,1.0607908994218858,78.98625,56,,,,1.2684813998639584,1.585601749829948
class,cicids2017_distrinet,ft_transformer,pgd_untargeted,PGD,untargeted,native,DoS,42,800,788,0,0,0.985,0.0,98.5,0.0,40.0,4.210580797317271,0.5000669566357331,1.1560633655543866,78.19625,56,,,,3.10240549989976,3.8780068748747
class,cicids2017_distrinet,ft_transformer,pgd_untargeted,PGD,untargeted,native,DoS,2024,800,791,0,0,0.98875,0.0,98.875,0.0,40.0,4.215770862192622,0.5000802456090315,1.1588528050211093,78.21,56,,,,2.958850000053644,3.6985625000670552
class,cicids2017_distrinet,ft_transformer,pgd_untargeted,PGD,untargeted,native,DoS,2026,800,787,0,0,0.98375,0.0,98.375,0.0,40.0,4.212422908434589,0.5000669566832336,1.1553505234261352,78.2025,56,,,,2.9596621999517083,3.6995777499396354
class,cicids2017_distrinet,ft_transformer,pgd_untargeted,PGD,untargeted,native,DDoS,42,800,800,0,0,1.0,0.0,100.0,0.0,40.0,4.155902287581655,0.5000006276946471,1.1585224792230404,77.49,56,,,,2.9595877998508513,3.699484749813564
class,cicids2017_distrinet,ft_transformer,pgd_untargeted,PGD,untargeted,native,DDoS,2024,800,798,0,0,0.9975,0.0,99.75,0.0,40.0,4.172828097632217,0.5000006261620825,1.1574031100429942,77.54375,56,,,,2.9654520999174565,3.7068151248968206
class,cicids2017_distrinet,ft_transformer,pgd_untargeted,PGD,untargeted,native,DDoS,2026,800,795,0,0,0.99375,0.0,99.375,0.0,40.0,4.16682661490055,0.5000006249091489,1.1608517911110012,77.48875,56,,,,2.9659388000145555,3.7074235000181943
class,cicids2017_distrinet,ft_transformer,pgd_untargeted,PGD,untargeted,native,Recon,42,800,800,0,0,1.0,0.0,100.0,0.0,40.0,3.96921196122929,0.5000005896402521,1.1008922693040168,78.97125,56,,,,2.9652460999786854,3.7065576249733567
class,cicids2017_distrinet,ft_transformer,pgd_untargeted,PGD,untargeted,native,Recon,2024,800,798,0,0,0.9975,0.0,99.75,0.0,40.0,3.970156287149669,0.5000005758414552,1.1000668717445443,78.96625,56,,,,2.9644469001796097,3.705558625224512
class,cicids2017_distrinet,ft_transformer,pgd_untargeted,PGD,untargeted,native,Recon,2026,800,800,0,0,1.0,0.0,100.0,0.0,40.0,3.971002089914464,0.5000005728779314,1.0989352576182758,78.95875,56,,,,2.969131699996069,3.7114146249950863
class,cicids2017_distrinet,ft_transformer,pgd_untargeted,PGD,untargeted,native,BruteForce,42,800,727,0,0,0.90875,0.0,90.875,0.0,40.0,4.228409239621672,0.5000003437915601,1.1618298655067965,78.9975,56,,,,2.9678356000222266,3.709794500027783
class,cicids2017_distrinet,ft_transformer,pgd_untargeted,PGD,untargeted,native,BruteForce,2024,800,738,0,0,0.9225,0.0,92.25,0.0,40.0,4.2278621795158315,0.5000003403851379,1.1622043741415669,79.0,56,,,,2.972724699880928,3.7159058748511598
class,cicids2017_distrinet,ft_transformer,pgd_untargeted,PGD,untargeted,native,BruteForce,2026,800,725,0,0,0.90625,0.0,90.625,0.0,40.0,4.226710554533929,0.5000003426824173,1.1589939966772704,79.0,56,,,,2.970358100021258,3.7129476250265725
class,cicids2018_distrinet,mlp-s42,pgd_untargeted,PGD,untargeted,native,DoS,42,800,799,0,0,0.99875,0.0,99.875,0.0,40.0,4.326873633389533,0.5000002956397575,0.8660876671854827,78.86375,56,,,,0.08355310000479221,0.10444137500599027
class,cicids2018_distrinet,mlp-s42,pgd_untargeted,PGD,untargeted,native,DoS,2024,800,799,0,0,0.99875,0.0,99.875,0.0,40.0,4.32853111261179,0.500000306316964,0.8691687788171707,78.865,56,,,,0.02858579996973276,0.03573224996216595
class,cicids2018_distrinet,mlp-s42,pgd_untargeted,PGD,untargeted,native,DoS,2026,800,799,0,0,0.99875,0.0,99.875,0.0,40.0,4.325701051448966,0.5000002943564844,0.8667967815150733,78.88875,56,,,,0.029992900090292096,0.03749112511286512
class,cicids2018_distrinet,mlp-s42,pgd_untargeted,PGD,untargeted,native,DDoS,42,800,799,0,0,0.99875,0.0,99.875,0.0,40.0,4.33924418965873,0.5000015976534339,0.8824553811885565,78.38,56,,,,0.02938210009597242,0.036727625119965523
class,cicids2018_distrinet,mlp-s42,pgd_untargeted,PGD,untargeted,native,DDoS,2024,800,799,0,0,0.99875,0.0,99.875,0.0,40.0,4.337001876753892,0.5000015813876231,0.8824059904438691,78.39375,56,,,,0.030157600063830614,0.03769700007978827
class,cicids2018_distrinet,mlp-s42,pgd_untargeted,PGD,untargeted,native,DDoS,2026,800,799,0,0,0.99875,0.0,99.875,0.0,40.0,4.339639864132744,0.5000015942683501,0.8826462918294498,78.4125,56,,,,0.030420599970966578,0.03802574996370822
class,cicids2018_distrinet,mlp-s42,pgd_untargeted,PGD,untargeted,native,Recon,42,800,793,0,0,0.99125,0.0,99.125,0.0,40.0,4.337231406012979,0.5000092754612724,0.8947977773270662,78.76875,56,,,,0.02822269988246262,0.035278374853078276
class,cicids2018_distrinet,mlp-s42,pgd_untargeted,PGD,untargeted,native,Recon,2024,800,793,0,0,0.99125,0.0,99.125,0.0,40.0,4.338710283351802,0.5000093487481692,0.8970603509783251,78.78,56,,,,0.033170900074765086,0.04146362509345636
class,cicids2018_distrinet,mlp-s42,pgd_untargeted,PGD,untargeted,native,Recon,2026,800,793,0,0,0.99125,0.0,99.125,0.0,40.0,4.33528774325356,0.5000093471341434,0.8964539062703287,78.785,56,,,,0.027145100058987737,0.03393137507373467
class,cicids2018_distrinet,mlp-s42,pgd_untargeted,PGD,untargeted,native,BruteForce,42,800,628,0,0,0.785,0.0,78.5,0.0,40.0,4.356795107459768,0.5000002133024148,0.8763205963566785,78.97125,56,,,,0.02818719996139407,0.03523399995174259
class,cicids2018_distrinet,mlp-s42,pgd_untargeted,PGD,untargeted,native,BruteForce,2024,800,620,0,0,0.775,0.0,77.5,0.0,40.0,4.35866352347679,0.5000002159071959,0.8787790490131987,78.9625,56,,,,0.029187900014221668,0.036484875017777085
class,cicids2018_distrinet,mlp-s42,pgd_untargeted,PGD,untargeted,native,BruteForce,2026,800,636,0,0,0.795,0.0,79.5,0.0,40.0,4.365049505056006,0.5000002113065473,0.8780497263334052,78.97125,56,,,,0.027202000143006444,0.034002500178758055
class,cicids2018_distrinet,cnn-s42,pgd_untargeted,PGD,untargeted,native,DoS,42,800,800,0,0,1.0,0.0,100.0,0.0,40.0,3.7572949745885453,0.5000003654086642,0.8633645191367632,78.85125,56,,,,1.2877477000001818,1.6096846250002272
class,cicids2018_distrinet,cnn-s42,pgd_untargeted,PGD,untargeted,native,DoS,2024,800,800,0,0,1.0,0.0,100.0,0.0,40.0,3.7612863458359502,0.5000003442125643,0.8634513929295473,78.875,56,,,,1.285365000134334,1.6067062501679175
class,cicids2018_distrinet,cnn-s42,pgd_untargeted,PGD,untargeted,native,DoS,2026,800,800,0,0,1.0,0.0,100.0,0.0,40.0,3.7665046390547725,0.5000003578458662,0.8660295506653575,78.88875,56,,,,1.2365555001888424,1.545694375236053
class,cicids2018_distrinet,cnn-s42,pgd_untargeted,PGD,untargeted,native,DDoS,42,800,799,0,0,0.99875,0.0,99.875,0.0,40.0,3.7912192033246965,0.5000018670379582,0.8008176267113675,78.3775,56,,,,1.2836325999815017,1.6045407499768771
class,cicids2018_distrinet,cnn-s42,pgd_untargeted,PGD,untargeted,native,DDoS,2024,800,799,0,0,0.99875,0.0,99.875,0.0,40.0,3.7900461194174593,0.5000018542690468,0.7958156815401118,78.37875,56,,,,1.2415763998869807,1.5519704998587258
class,cicids2018_distrinet,cnn-s42,pgd_untargeted,PGD,untargeted,native,DDoS,2026,800,799,0,0,0.99875,0.0,99.875,0.0,40.0,3.7873382838275145,0.5000018413661002,0.7953375127758245,78.39375,56,,,,1.2475982001051307,1.5594977501314133
class,cicids2018_distrinet,cnn-s42,pgd_untargeted,PGD,untargeted,native,Recon,42,800,792,0,0,0.99,0.0,99.0,0.0,40.0,4.08162154659223,0.5000047694118378,0.8680015400615487,78.775,56,,,,1.2623737999238074,1.5779672499047592
class,cicids2018_distrinet,cnn-s42,pgd_untargeted,PGD,untargeted,native,Recon,2024,800,791,0,0,0.98875,0.0,98.875,0.0,40.0,4.087685707560716,0.500004829936892,0.8717599487568279,78.77875,56,,,,1.2525188000872731,1.5656485001090914
class,cicids2018_distrinet,cnn-s42,pgd_untargeted,PGD,untargeted,native,Recon,2026,800,791,0,0,0.98875,0.0,98.875,0.0,40.0,4.079989325000176,0.5000051943278886,0.8655755145539635,78.79,56,,,,1.237940900027752,1.54742612503469
class,cicids2018_distrinet,cnn-s42,pgd_untargeted,PGD,untargeted,native,BruteForce,42,800,800,0,0,1.0,0.0,100.0,0.0,40.0,4.138485354117575,0.5000001244215503,0.8970398485519366,78.9775,56,,,,1.2276550000533462,1.5345687500666827
class,cicids2018_distrinet,cnn-s42,pgd_untargeted,PGD,untargeted,native,BruteForce,2024,800,800,0,0,1.0,0.0,100.0,0.0,40.0,4.1393700512759075,0.5000001191926539,0.8973920757024645,78.98,56,,,,1.2462864997796714,1.5578581247245893
class,cicids2018_distrinet,cnn-s42,pgd_untargeted,PGD,untargeted,native,BruteForce,2026,800,800,0,0,1.0,0.0,100.0,0.0,40.0,4.137582457396957,0.5000001250721262,0.8974767168278096,78.96875,56,,,,1.2396829999051988,1.5496037498814985
class,cicids2018_distrinet,ft_transformer-s42,pgd_untargeted,PGD,untargeted,native,DoS,42,800,800,0,0,1.0,0.0,100.0,0.0,40.0,4.033427985845799,0.5000003021246188,0.7970399257503165,78.885,56,,,,14.221287900116295,17.77660987514537
class,cicids2018_distrinet,ft_transformer-s42,pgd_untargeted,PGD,untargeted,native,DoS,2024,800,799,0,0,0.99875,0.0,99.875,0.0,40.0,4.034695710549854,0.5000003099828245,0.795818884773245,78.87,56,,,,14.112382699968293,17.640478374960367
class,cicids2018_distrinet,ft_transformer-s42,pgd_untargeted,PGD,untargeted,native,DoS,2026,800,799,0,0,0.99875,0.0,99.875,0.0,40.0,4.042041624035606,0.500000312346516,0.7968495331180309,78.885,56,,,,14.144197299843654,17.680246624804568
class,cicids2018_distrinet,ft_transformer-s42,pgd_untargeted,PGD,untargeted,native,DDoS,42,800,799,0,0,0.99875,0.0,99.875,0.0,40.0,3.6956375356468505,0.5000018294105317,0.7034616207194978,78.35375,56,,,,14.124725699890405,17.655907124863006
class,cicids2018_distrinet,ft_transformer-s42,pgd_untargeted,PGD,untargeted,native,DDoS,2024,800,799,0,0,0.99875,0.0,99.875,0.0,40.0,3.6907603661853345,0.500001800403899,0.7061487451865218,78.3625,56,,,,14.094033299945295,17.61754162493162
class,cicids2018_distrinet,ft_transformer-s42,pgd_untargeted,PGD,untargeted,native,DDoS,2026,800,799,0,0,0.99875,0.0,99.875,0.0,40.0,3.6959329193464727,0.5000018499287618,0.7118911759160573,78.3675,56,,,,14.09288900019601,17.616111250245012
class,cicids2018_distrinet,ft_transformer-s42,pgd_untargeted,PGD,untargeted,native,Recon,42,800,797,0,0,0.99625,0.0,99.625,0.0,40.0,4.098664158229897,0.5000092629884575,0.8816423089041625,78.775,56,,,,17.25094270007685,21.56367837509606
class,cicids2018_distrinet,ft_transformer-s42,pgd_untargeted,PGD,untargeted,native,Recon,2024,800,798,0,0,0.9975,0.0,99.75,0.0,40.0,4.10322292587359,0.5000092543780064,0.8828373243370927,78.79,56,,,,17.13218230009079,21.415227875113487
class,cicids2018_distrinet,ft_transformer-s42,pgd_untargeted,PGD,untargeted,native,Recon,2026,800,798,0,0,0.9975,0.0,99.75,0.0,40.0,4.100194843140572,0.5000092576013287,0.8815784318963883,78.7925,56,,,,17.029003199888393,21.28625399986049
class,cicids2018_distrinet,ft_transformer-s42,pgd_untargeted,PGD,untargeted,native,BruteForce,42,800,545,0,0,0.68125,0.0,68.125,0.0,40.0,4.18162403876152,0.5000002203401287,0.7527527314075264,78.98875,56,,,,17.202582699945197,21.503228374931496
class,cicids2018_distrinet,ft_transformer-s42,pgd_untargeted,PGD,untargeted,native,BruteForce,2024,800,535,0,0,0.66875,0.0,66.875,0.0,40.0,4.1779641753478165,0.5000002188274315,0.7541088944259811,78.9925,56,,,,17.203853599959984,21.50481699994998
class,cicids2018_distrinet,ft_transformer-s42,pgd_untargeted,PGD,untargeted,native,BruteForce,2026,800,535,0,0,0.66875,0.0,66.875,0.0,40.0,4.180454128638193,0.500000222775524,0.7526067802622279,78.99375,56,,,,17.11517470004037,21.393968375050463
class,cicids2017_distrinet,mlp,cw_untargeted,C&W,untargeted,native,DoS,42,800,800,0,0,1.0,0.0,100.0,0.0,120.0,1.095006883625966,0.29558945228239375,0.43364362428824693,77.4575,56,,,,0.8329489999450743,1.041186249931343
class,cicids2017_distrinet,mlp,cw_untargeted,C&W,untargeted,native,DoS,2024,800,800,0,0,1.0,0.0,100.0,0.0,120.0,1.095006883625966,0.29558945228239375,0.43364362428824693,77.4575,56,,,,0.16459319996647537,0.2057414999580942
class,cicids2017_distrinet,mlp,cw_untargeted,C&W,untargeted,native,DoS,2026,800,800,0,0,1.0,0.0,100.0,0.0,120.0,1.095006883625966,0.29558945228239375,0.43364362428824693,77.4575,56,,,,0.16050380002707243,0.20062975003384054
class,cicids2017_distrinet,mlp,cw_untargeted,C&W,untargeted,native,DDoS,42,800,798,0,0,0.9975,0.0,99.75,0.0,120.0,1.8160147815512702,0.41144542897814246,0.6284905635689981,75.165,56,,,,0.17079939995892346,0.21349924994865432
class,cicids2017_distrinet,mlp,cw_untargeted,C&W,untargeted,native,DDoS,2024,800,798,0,0,0.9975,0.0,99.75,0.0,120.0,1.8160147815512702,0.41144542897814246,0.6284905635689981,75.165,56,,,,0.16984000010415912,0.2123000001301989
class,cicids2017_distrinet,mlp,cw_untargeted,C&W,untargeted,native,DDoS,2026,800,798,0,0,0.9975,0.0,99.75,0.0,120.0,1.8160147815512702,0.41144542897814246,0.6284905635689981,75.165,56,,,,0.1761399998795241,0.22017499984940514
class,cicids2017_distrinet,mlp,cw_untargeted,C&W,untargeted,native,Recon,42,800,800,0,0,1.0,0.0,100.0,0.0,120.0,1.0385762114071375,0.24315232599774997,0.3797061498028703,78.9925,56,,,,0.20507849985733628,0.25634812482167035
class,cicids2017_distrinet,mlp,cw_untargeted,C&W,untargeted,native,Recon,2024,800,800,0,0,1.0,0.0,100.0,0.0,120.0,1.0385762114071375,0.24315232599774997,0.3797061498028703,78.9925,56,,,,0.20421899994835258,0.2552737499354407
class,cicids2017_distrinet,mlp,cw_untargeted,C&W,untargeted,native,Recon,2026,800,800,0,0,1.0,0.0,100.0,0.0,120.0,1.0385762114071375,0.24315232599774997,0.3797061498028703,78.9925,56,,,,0.1984854000620544,0.248106750077568
class,cicids2017_distrinet,mlp,cw_untargeted,C&W,untargeted,native,BruteForce,42,800,800,0,0,1.0,0.0,100.0,0.0,120.0,1.341393103409986,0.348475024333367,0.5147764378517669,79.0,56,,,,0.19199820002540946,0.23999775003176183
class,cicids2017_distrinet,mlp,cw_untargeted,C&W,untargeted,native,BruteForce,2024,800,800,0,0,1.0,0.0,100.0,0.0,120.0,1.341393103409986,0.348475024333367,0.5147764378517669,79.0,56,,,,0.17461200011894107,0.21826500014867634
class,cicids2017_distrinet,mlp,cw_untargeted,C&W,untargeted,native,BruteForce,2026,800,800,0,0,1.0,0.0,100.0,0.0,120.0,1.341393103409986,0.348475024333367,0.5147764378517669,79.0,56,,,,0.211964099900797,0.26495512487599626
class,cicids2017_distrinet,cnn,cw_untargeted,C&W,untargeted,native,DoS,42,800,685,0,0,0.85625,0.0,85.625,0.0,120.0,1.8150067821704021,0.45389744563313356,0.5653912543630356,77.46875,56,,,,3.7921588998287916,4.7401986247859895
class,cicids2017_distrinet,cnn,cw_untargeted,C&W,untargeted,native,DoS,2024,800,685,0,0,0.85625,0.0,85.625,0.0,120.0,1.8150067821704021,0.45389744563313356,0.5653912543630356,77.46875,56,,,,3.8131782000418752,4.766472750052344
class,cicids2017_distrinet,cnn,cw_untargeted,C&W,untargeted,native,DoS,2026,800,685,0,0,0.85625,0.0,85.625,0.0,120.0,1.8150067821704021,0.45389744563313356,0.5653912543630356,77.46875,56,,,,3.779184600105509,4.7239807501318865
class,cicids2017_distrinet,cnn,cw_untargeted,C&W,untargeted,native,DDoS,42,800,772,0,0,0.965,0.0,96.5,0.0,120.0,1.8431427570675638,0.535516422677815,0.48866050296566077,75.16375,56,,,,3.7700501999352127,4.712562749919016
class,cicids2017_distrinet,cnn,cw_untargeted,C&W,untargeted,native,DDoS,2024,800,772,0,0,0.965,0.0,96.5,0.0,120.0,1.8431427570675638,0.535516422677815,0.48866050296566077,75.16375,56,,,,3.709412499796599,4.636765624745749
class,cicids2017_distrinet,cnn,cw_untargeted,C&W,untargeted,native,DDoS,2026,800,772,0,0,0.965,0.0,96.5,0.0,120.0,1.8431427570675638,0.535516422677815,0.48866050296566077,75.16375,56,,,,3.71756360004656,4.6469545000582
class,cicids2017_distrinet,cnn,cw_untargeted,C&W,untargeted,native,Recon,42,800,800,0,0,1.0,0.0,100.0,0.0,120.0,0.8390624882496313,0.22710471088102405,0.12155991343359601,79.0,56,,,,3.7369905000086874,4.671238125010859
class,cicids2017_distrinet,cnn,cw_untargeted,C&W,untargeted,native,Recon,2024,800,800,0,0,1.0,0.0,100.0,0.0,120.0,0.8390624882496313,0.22710471088102405,0.12155991343359601,79.0,56,,,,3.723510100040585,4.654387625050731
class,cicids2017_distrinet,cnn,cw_untargeted,C&W,untargeted,native,Recon,2026,800,800,0,0,1.0,0.0,100.0,0.0,120.0,0.8390624882496313,0.22710471088102405,0.12155991343359601,79.0,56,,,,3.7472129999659956,4.684016249957494
class,cicids2017_distrinet,cnn,cw_untargeted,C&W,untargeted,native,BruteForce,42,800,800,0,0,1.0,0.0,100.0,0.0,120.0,1.130057948609788,0.29827577826233737,0.2656108422993147,79.0,56,,,,4.019667699933052,5.024584624916315
class,cicids2017_distrinet,cnn,cw_untargeted,C&W,untargeted,native,BruteForce,2024,800,800,0,0,1.0,0.0,100.0,0.0,120.0,1.130057948609788,0.29827577826233737,0.2656108422993147,79.0,56,,,,3.84020010009408,4.8002501251176
class,cicids2017_distrinet,cnn,cw_untargeted,C&W,untargeted,native,BruteForce,2026,800,800,0,0,1.0,0.0,100.0,0.0,120.0,1.130057948609788,0.29827577826233737,0.2656108422993147,79.0,56,,,,3.8579380000010133,4.822422500001267
class,cicids2017_distrinet,ft_transformer,cw_untargeted,C&W,untargeted,native,DoS,42,800,642,0,0,0.8025,0.0,80.25,0.0,120.0,0.6482137730529633,0.29610280223233226,0.17669888745685122,77.45125,56,,,,5.582313699880615,6.977892124850769
class,cicids2017_distrinet,ft_transformer,cw_untargeted,C&W,untargeted,native,DoS,2024,800,642,0,0,0.8025,0.0,80.25,0.0,120.0,0.6482137730529633,0.29610280223233226,0.17669888745685122,77.45125,56,,,,5.591594099998474,6.989492624998093
class,cicids2017_distrinet,ft_transformer,cw_untargeted,C&W,untargeted,native,DoS,2026,800,642,0,0,0.8025,0.0,80.25,0.0,120.0,0.6482137730529633,0.29610280223233226,0.17669888745685122,77.45125,56,,,,5.59323070012033,6.991538375150412
class,cicids2017_distrinet,ft_transformer,cw_untargeted,C&W,untargeted,native,DDoS,42,800,790,0,0,0.9875,0.0,98.75,0.0,120.0,1.3701943818609714,0.5577854366748043,0.314683844194963,75.16375,56,,,,5.573732699966058,6.967165874957573
class,cicids2017_distrinet,ft_transformer,cw_untargeted,C&W,untargeted,native,DDoS,2024,800,790,0,0,0.9875,0.0,98.75,0.0,120.0,1.3701943818609714,0.5577854366748043,0.314683844194963,75.16375,56,,,,5.580220400122926,6.975275500153657
class,cicids2017_distrinet,ft_transformer,cw_untargeted,C&W,untargeted,native,DDoS,2026,800,790,0,0,0.9875,0.0,98.75,0.0,120.0,1.3701943818609714,0.5577854366748043,0.314683844194963,75.16375,56,,,,5.573555500013754,6.966944375017192
class,cicids2017_distrinet,ft_transformer,cw_untargeted,C&W,untargeted,native,Recon,42,800,253,0,0,0.31625,0.0,31.624999999999996,0.0,120.0,0.44877374073964765,0.209474242665588,0.10851464481474213,78.99625,56,,,,5.592283099889755,6.990353874862194
class,cicids2017_distrinet,ft_transformer,cw_untargeted,C&W,untargeted,native,Recon,2024,800,253,0,0,0.31625,0.0,31.624999999999996,0.0,120.0,0.44877374073964765,0.209474242665588,0.10851464481474213,78.99625,56,,,,5.583860199898481,6.979825249873102
class,cicids2017_distrinet,ft_transformer,cw_untargeted,C&W,untargeted,native,Recon,2026,800,253,0,0,0.31625,0.0,31.624999999999996,0.0,120.0,0.44877374073964765,0.209474242665588,0.10851464481474213,78.99625,56,,,,5.590726300142705,6.988407875178382
class,cicids2017_distrinet,ft_transformer,cw_untargeted,C&W,untargeted,native,BruteForce,42,800,784,0,0,0.98,0.0,98.0,0.0,120.0,0.9134035150528089,0.4109574298209073,0.1093996588450222,79.0,56,,,,5.601303600007668,7.001629500009585
class,cicids2017_distrinet,ft_transformer,cw_untargeted,C&W,untargeted,native,BruteForce,2024,800,784,0,0,0.98,0.0,98.0,0.0,120.0,0.9134035150528089,0.4109574298209073,0.1093996588450222,79.0,56,,,,5.618589600082487,7.023237000103109
class,cicids2017_distrinet,ft_transformer,cw_untargeted,C&W,untargeted,native,BruteForce,2026,800,784,0,0,0.98,0.0,98.0,0.0,120.0,0.9134035150528089,0.4109574298209073,0.1093996588450222,79.0,56,,,,5.619258399819955,7.024072999774944
class,cicids2018_distrinet,mlp-s42,cw_untargeted,C&W,untargeted,native,DoS,42,800,799,0,0,0.99875,0.0,99.875,0.0,120.0,1.0885457277758228,0.2786923410810858,0.1782073193045892,78.87875,56,,,,0.832422599894926,1.0405282498686574
class,cicids2018_distrinet,mlp-s42,cw_untargeted,C&W,untargeted,native,DoS,2024,800,799,0,0,0.99875,0.0,99.875,0.0,120.0,1.0885457277758228,0.2786923410810858,0.1782073193045892,78.87875,56,,,,0.16535139991901815,0.2066892498987727
class,cicids2018_distrinet,mlp-s42,cw_untargeted,C&W,untargeted,native,DoS,2026,800,799,0,0,0.99875,0.0,99.875,0.0,120.0,1.0885457277758228,0.2786923410810858,0.1782073193045892,78.87875,56,,,,0.17009229981340468,0.21261537476675585
class,cicids2018_distrinet,mlp-s42,cw_untargeted,C&W,untargeted,native,DDoS,42,800,799,0,0,0.99875,0.0,99.875,0.0,120.0,1.4066576498038705,0.3040068358237249,0.34610002544252666,77.93625,56,,,,0.17273309989832342,0.21591637487290427
class,cicids2018_distrinet,mlp-s42,cw_untargeted,C&W,untargeted,native,DDoS,2024,800,799,0,0,0.99875,0.0,99.875,0.0,120.0,1.4066576498038705,0.3040068358237249,0.34610002544252666,77.93625,56,,,,0.17640590015798807,0.2205073751974851
class,cicids2018_distrinet,mlp-s42,cw_untargeted,C&W,untargeted,native,DDoS,2026,800,799,0,0,0.99875,0.0,99.875,0.0,120.0,1.4066576498038705,0.3040068358237249,0.34610002544252666,77.93625,56,,,,0.17330879997462034,0.21663599996827543
class,cicids2018_distrinet,mlp-s42,cw_untargeted,C&W,untargeted,native,Recon,42,800,778,0,0,0.9725,0.0,97.25,0.0,120.0,0.8252442401200152,0.24849927556455909,0.25895623231912124,78.1825,56,,,,0.18598189996555448,0.2324773749569431
class,cicids2018_distrinet,mlp-s42,cw_untargeted,C&W,untargeted,native,Recon,2024,800,778,0,0,0.9725,0.0,97.25,0.0,120.0,0.8252442401200152,0.24849927556455909,0.25895623231912124,78.1825,56,,,,0.17473709979094565,0.21842137473868206
class,cicids2018_distrinet,mlp-s42,cw_untargeted,C&W,untargeted,native,Recon,2026,800,778,0,0,0.9725,0.0,97.25,0.0,120.0,0.8252442401200152,0.24849927556455909,0.25895623231912124,78.1825,56,,,,0.1860069001559168,0.232508625194896
class,cicids2018_distrinet,mlp-s42,cw_untargeted,C&W,untargeted,native,BruteForce,42,800,428,0,0,0.535,0.0,53.5,0.0,120.0,2.9394387841190515,0.7013156984498103,0.607040788242209,78.99875,56,,,,0.15371460001915693,0.19214325002394617
class,cicids2018_distrinet,mlp-s42,cw_untargeted,C&W,untargeted,native,BruteForce,2024,800,428,0,0,0.535,0.0,53.5,0.0,120.0,2.9394387841190515,0.7013156984498103,0.607040788242209,78.99875,56,,,,0.15290950005874038,0.19113687507342547
class,cicids2018_distrinet,mlp-s42,cw_untargeted,C&W,untargeted,native,BruteForce,2026,800,428,0,0,0.535,0.0,53.5,0.0,120.0,2.9394387841190515,0.7013156984498103,0.607040788242209,78.99875,56,,,,0.15021749981679022,0.18777187477098778
class,cicids2018_distrinet,cnn-s42,cw_untargeted,C&W,untargeted,native,DoS,42,800,800,0,0,1.0,0.0,100.0,0.0,120.0,1.0715274388060387,0.2922858966875678,0.2857022465395378,78.87625,56,,,,3.8233984000980854,4.779248000122607
class,cicids2018_distrinet,cnn-s42,cw_untargeted,C&W,untargeted,native,DoS,2024,800,800,0,0,1.0,0.0,100.0,0.0,120.0,1.0715274388060387,0.2922858966875678,0.2857022465395378,78.87625,56,,,,3.832884300034493,4.7911053750431165
class,cicids2018_distrinet,cnn-s42,cw_untargeted,C&W,untargeted,native,DoS,2026,800,800,0,0,1.0,0.0,100.0,0.0,120.0,1.0715274388060387,0.2922858966875678,0.2857022465395378,78.87625,56,,,,3.8062961001414806,4.757870125176851
class,cicids2018_distrinet,cnn-s42,cw_untargeted,C&W,untargeted,native,DDoS,42,800,799,0,0,0.99875,0.0,99.875,0.0,120.0,0.8317328215134203,0.22042844711341708,0.19691746004124713,77.93,56,,,,3.8125855999533087,4.765731999941636
class,cicids2018_distrinet,cnn-s42,cw_untargeted,C&W,untargeted,native,DDoS,2024,800,799,0,0,0.99875,0.0,99.875,0.0,120.0,0.8317328215134203,0.22042844711341708,0.19691746004124713,77.93,56,,,,3.811327900039032,4.76415987504879
class,cicids2018_distrinet,cnn-s42,cw_untargeted,C&W,untargeted,native,DDoS,2026,800,799,0,0,0.99875,0.0,99.875,0.0,120.0,0.8317328215134203,0.22042844711341708,0.19691746004124713,77.93,56,,,,3.8107251999899745,4.763406499987468
class,cicids2018_distrinet,cnn-s42,cw_untargeted,C&W,untargeted,native,Recon,42,800,774,0,0,0.9675,0.0,96.75,0.0,120.0,1.1947074548663272,0.36407999147848286,0.3282931168914434,78.0625,56,,,,3.8023997000418603,4.752999625052325
class,cicids2018_distrinet,cnn-s42,cw_untargeted,C&W,untargeted,native,Recon,2024,800,774,0,0,0.9675,0.0,96.75,0.0,120.0,1.1947074548663272,0.36407999147848286,0.3282931168914434,78.0625,56,,,,3.791145300026983,4.738931625033729
class,cicids2018_distrinet,cnn-s42,cw_untargeted,C&W,untargeted,native,Recon,2026,800,774,0,0,0.9675,0.0,96.75,0.0,120.0,1.1947074548663272,0.36407999147848286,0.3282931168914434,78.0625,56,,,,3.7988221999257803,4.748527749907225
class,cicids2018_distrinet,cnn-s42,cw_untargeted,C&W,untargeted,native,BruteForce,42,800,800,0,0,1.0,0.0,100.0,0.0,120.0,1.44630143071422,0.4333481680974364,0.3208249461306186,78.99875,56,,,,3.7827439000830054,4.728429875103757
class,cicids2018_distrinet,cnn-s42,cw_untargeted,C&W,untargeted,native,BruteForce,2024,800,800,0,0,1.0,0.0,100.0,0.0,120.0,1.44630143071422,0.4333481680974364,0.3208249461306186,78.99875,56,,,,3.792298400076106,4.740373000095133
class,cicids2018_distrinet,cnn-s42,cw_untargeted,C&W,untargeted,native,BruteForce,2026,800,800,0,0,1.0,0.0,100.0,0.0,120.0,1.44630143071422,0.4333481680974364,0.3208249461306186,78.99875,56,,,,3.7776097001042217,4.722012125130277
class,cicids2018_distrinet,ft_transformer-s42,cw_untargeted,C&W,untargeted,native,DoS,42,800,293,0,0,0.36625,0.0,36.625,0.0,120.0,0.7180951485887178,0.22567479985916347,0.08625986136280538,78.88125,56,,,,38.80563499988057,48.50704374985071
class,cicids2018_distrinet,ft_transformer-s42,cw_untargeted,C&W,untargeted,native,DoS,2024,800,293,0,0,0.36625,0.0,36.625,0.0,120.0,0.7180951485887178,0.22567479985916347,0.08625986136280538,78.88125,56,,,,38.82688620011322,48.53360775014153
class,cicids2018_distrinet,ft_transformer-s42,cw_untargeted,C&W,untargeted,native,DoS,2026,800,293,0,0,0.36625,0.0,36.625,0.0,120.0,0.7180951485887178,0.22567479985916347,0.08625986136280538,78.88125,56,,,,38.916857899865136,48.64607237483142
class,cicids2018_distrinet,ft_transformer-s42,cw_untargeted,C&W,untargeted,native,DDoS,42,800,629,0,0,0.78625,0.0,78.625,0.0,120.0,0.806523488438112,0.26357400758226374,0.08862118418668166,77.92125,56,,,,38.82831110013649,48.53538887517061
class,cicids2018_distrinet,ft_transformer-s42,cw_untargeted,C&W,untargeted,native,DDoS,2024,800,629,0,0,0.78625,0.0,78.625,0.0,120.0,0.806523488438112,0.26357400758226374,0.08862118418668166,77.92125,56,,,,38.71018399996683,48.38772999995854
class,cicids2018_distrinet,ft_transformer-s42,cw_untargeted,C&W,untargeted,native,DDoS,2026,800,629,0,0,0.78625,0.0,78.625,0.0,120.0,0.806523488438112,0.26357400758226374,0.08862118418668166,77.92125,56,,,,38.810554299969226,48.51319287496153
class,cicids2018_distrinet,ft_transformer-s42,cw_untargeted,C&W,untargeted,native,Recon,42,800,793,0,0,0.99125,0.0,99.125,0.0,120.0,0.4797820061874895,0.320062508221532,0.11345430973074629,77.97,56,,,,46.98846280016005,58.73557850020006
class,cicids2018_distrinet,ft_transformer-s42,cw_untargeted,C&W,untargeted,native,Recon,2024,800,793,0,0,0.99125,0.0,99.125,0.0,120.0,0.4797820061874895,0.320062508221532,0.11345430973074629,77.97,56,,,,47.151080399984494,58.93885049998062
class,cicids2018_distrinet,ft_transformer-s42,cw_untargeted,C&W,untargeted,native,Recon,2026,800,793,0,0,0.99125,0.0,99.125,0.0,120.0,0.4797820061874895,0.320062508221532,0.11345430973074629,77.97,56,,,,46.61010320018977,58.26262900023721
class,cicids2018_distrinet,ft_transformer-s42,cw_untargeted,C&W,untargeted,native,BruteForce,42,800,0,0,0,0.0,0.0,0.0,0.0,120.0,0.254111957499998,0.20011157341174496,0.06502900829380474,78.9975,56,,,,47.16972930007614,58.96216162509518
class,cicids2018_distrinet,ft_transformer-s42,cw_untargeted,C&W,untargeted,native,BruteForce,2024,800,0,0,0,0.0,0.0,0.0,0.0,120.0,0.254111957499998,0.20011157341174496,0.06502900829380474,78.9975,56,,,,47.08872180012986,58.860902250162326
class,cicids2018_distrinet,ft_transformer-s42,cw_untargeted,C&W,untargeted,native,BruteForce,2026,800,0,0,0,0.0,0.0,0.0,0.0,120.0,0.254111957499998,0.20011157341174496,0.06502900829380474,78.9975,56,,,,46.729707799851894,58.41213474981487
class,cicids2017_distrinet,mlp,capgd_prim_support,CAPGD-PrimSupport,untargeted,native,DoS,42,800,758,10,10,0.9475,0.0125,93.5,0.0125,24.835,102827.14736084688,102776.76318046868,4.59472536652816,20.935,0,,,,10.125157699920237,12.656447124900296
class,cicids2017_distrinet,mlp,capgd_prim_support,CAPGD-PrimSupport,untargeted,native,DoS,2024,800,754,9,9,0.9425,0.01125,93.125,0.01125,24.835,87968.09951551938,87895.73281837885,2.8367961226141447,21.02375,0,,,,10.586857100017369,13.233571375021711
class,cicids2017_distrinet,mlp,capgd_prim_support,CAPGD-PrimSupport,untargeted,native,DoS,2026,800,751,9,9,0.93875,0.01125,92.75,0.01125,24.835,87043.8469835196,87036.3687488544,1.5973986342363877,20.9975,0,,,,10.62333229999058,13.279165374988224
class,cicids2017_distrinet,mlp,capgd_prim_support,CAPGD-PrimSupport,untargeted,native,DDoS,42,800,800,60,60,1.0,0.075,92.5,0.075,24.265,18402.369269658833,18386.48210078569,0.31266577746935886,20.95125,0,,,,11.125798000022769,13.907247500028461
class,cicids2017_distrinet,mlp,capgd_prim_support,CAPGD-PrimSupport,untargeted,native,DDoS,2024,800,800,56,56,1.0,0.07,93.0,0.07,24.265,14966.23499085656,14949.34126063644,0.30184081633326154,20.955,0,,,,12.831608699867502,16.039510874834377
class,cicids2017_distrinet,mlp,capgd_prim_support,CAPGD-PrimSupport,untargeted,native,DDoS,2026,800,800,60,60,1.0,0.075,92.5,0.075,24.265,14284.219593439137,14267.076870601168,0.3191437906088197,20.93875,0,,,,13.092036300105974,16.365045375132468
class,cicids2017_distrinet,mlp,capgd_prim_support,CAPGD-PrimSupport,untargeted,native,Recon,42,800,800,0,0,1.0,0.0,100.0,0.0,25.0,20335.3041219763,20056.64683975833,1.8242749952414616,11.97,0,,,,11.39931060001254,14.249138250015676
class,cicids2017_distrinet,mlp,capgd_prim_support,CAPGD-PrimSupport,untargeted,native,Recon,2024,800,800,2,2,1.0,0.0025,99.75,0.0025,25.0,23892.40155879127,23806.06230459652,2.021537749039226,12.24375,0,,,,11.689430699916556,14.611788374895696
class,cicids2017_distrinet,mlp,capgd_prim_support,CAPGD-PrimSupport,untargeted,native,Recon,2026,800,800,3,3,1.0,0.00375,99.625,0.00375,25.0,19945.482057777186,19832.331282639083,1.2687088610906136,11.93,0,,,,11.578409199835733,14.473011499794666
class,cicids2017_distrinet,mlp,capgd_prim_support,CAPGD-PrimSupport,untargeted,native,BruteForce,42,800,669,0,5,0.83625,0.0,83.625,0.00625,24.97,249680.59214793934,249510.21155149024,14.067377276970403,21.8575,0,,,,10.810913299908862,13.513641624886077
class,cicids2017_distrinet,mlp,capgd_prim_support,CAPGD-PrimSupport,untargeted,native,BruteForce,2024,800,686,0,0,0.8575,0.0,85.75,0.0,24.97,227257.12069554973,227221.04197992414,2.179077050521472,21.86875,0,,,,10.737455300055444,13.421819125069305
class,cicids2017_distrinet,mlp,capgd_prim_support,CAPGD-PrimSupport,untargeted,native,BruteForce,2026,800,645,0,0,0.80625,0.0,80.625,0.0,24.97,208609.7464673563,208289.6086895052,1.8214852695676396,21.8575,0,,,,10.688003200106323,13.360004000132903
class,cicids2017_distrinet,cnn,capgd_prim_support,CAPGD-PrimSupport,untargeted,native,DoS,42,800,776,49,49,0.97,0.06125,90.875,0.06125,23.935,101502.28861695768,101437.76056736034,5.461184374783718,20.82125,0,,,,10.959364400012419,13.699205500015523
class,cicids2017_distrinet,cnn,capgd_prim_support,CAPGD-PrimSupport,untargeted,native,DoS,2024,800,769,49,49,0.96125,0.06125,90.0,0.06125,23.935,90317.3661980938,90307.31964759609,1.8189238321864962,20.94375,0,,,,10.996995399938896,13.74624424992362
class,cicids2017_distrinet,cnn,capgd_prim_support,CAPGD-PrimSupport,untargeted,native,DoS,2026,800,739,46,46,0.92375,0.0575,86.625,0.0575,23.935,105507.36329064479,105181.20596352872,7.1197192493537,20.9375,0,,,,10.931076699867845,13.663845874834806
class,cicids2017_distrinet,cnn,capgd_prim_support,CAPGD-PrimSupport,untargeted,native,DDoS,42,800,792,117,117,0.99,0.14625,84.375,0.14625,23.23,88418.43976289075,88405.60018880288,13.658171511224438,21.1175,0,,,,10.84260890004225,13.553261125052813
class,cicids2017_distrinet,cnn,capgd_prim_support,CAPGD-PrimSupport,untargeted,native,DDoS,2024,800,782,117,117,0.9775,0.14625,83.125,0.14625,23.23,73481.3641393383,73471.19156730153,10.362979427067978,21.1925,0,,,,10.865558699937537,13.581948374921922
class,cicids2017_distrinet,cnn,capgd_prim_support,CAPGD-PrimSupport,untargeted,native,DDoS,2026,800,786,114,114,0.9825,0.1425,84.00000000000001,0.1425,23.23,50379.95615333426,50341.837829897966,3.9479974009894057,21.14875,0,,,,10.884180100169033,13.605225125211291
class,cicids2017_distrinet,cnn,capgd_prim_support,CAPGD-PrimSupport,untargeted,native,Recon,42,800,757,2,2,0.94625,0.0025,94.37500000000001,0.0025,22.375,18139.542594243667,18053.031509353816,3.5864897312089403,14.845,0,,,,10.641938399989158,13.302422999986447
class,cicids2017_distrinet,cnn,capgd_prim_support,CAPGD-PrimSupport,untargeted,native,Recon,2024,800,752,2,2,0.94,0.0025,93.75,0.0025,22.375,12286.592982547681,12170.486980995045,3.0602889002948825,15.155,0,,,,10.870671699987724,13.588339624984656
class,cicids2017_distrinet,cnn,capgd_prim_support,CAPGD-PrimSupport,untargeted,native,Recon,2026,800,748,4,4,0.935,0.005,93.0,0.005,22.375,19572.251758334914,19433.78642784621,3.7077412885737084,14.91375,0,,,,13.503940400201827,16.879925500252284
class,cicids2017_distrinet,cnn,capgd_prim_support,CAPGD-PrimSupport,untargeted,native,BruteForce,42,800,796,0,0,0.995,0.0,99.5,0.0,24.505,93028.98676082943,93027.0224250464,0.2515848989536361,21.32125,0,,,,10.998022300191224,13.74752787523903
class,cicids2017_distrinet,cnn,capgd_prim_support,CAPGD-PrimSupport,untargeted,native,BruteForce,2024,800,790,0,0,0.9875,0.0,98.75,0.0,24.505,94859.24872148219,94853.16996575329,0.28216935260468257,21.40125,0,,,,11.433253899915144,14.29156737489393
class,cicids2017_distrinet,cnn,capgd_prim_support,CAPGD-PrimSupport,untargeted,native,BruteForce,2026,800,780,0,0,0.975,0.0,97.5,0.0,24.505,91461.55568340649,91456.06898277918,0.26775384940944574,21.33625,0,,,,11.198159599909559,13.997699499886949
class,cicids2017_distrinet,ft_transformer,capgd_prim_support,CAPGD-PrimSupport,untargeted,native,DoS,42,800,232,5,5,0.29,0.00625,28.375,0.00625,24.895,495413.7514738264,491750.67804610945,122.81367401270947,21.77375,0,,,,12.80776680004783,16.009708500059787
class,cicids2017_distrinet,ft_transformer,capgd_prim_support,CAPGD-PrimSupport,untargeted,native,DoS,2024,800,320,5,5,0.4,0.00625,39.37500000000001,0.00625,24.895,508584.8252653636,505525.87944358774,126.7703411952651,21.8325,0,,,,12.54701770003885,15.683772125048563
class,cicids2017_distrinet,ft_transformer,capgd_prim_support,CAPGD-PrimSupport,untargeted,native,DoS,2026,800,239,6,6,0.29875,0.0075,29.125,0.0075,24.895,294990.46406696714,292603.30735345284,67.57674258201449,21.8825,0,,,,12.570803600130603,15.713504500163253
class,cicids2017_distrinet,ft_transformer,capgd_prim_support,CAPGD-PrimSupport,untargeted,native,DDoS,42,800,402,0,0,0.5025,0.0,50.24999999999999,0.0,25.0,238839.48538795643,237497.9767074753,38.02192230751971,21.715,0,,,,12.975802599918097,16.21975324989762
class,cicids2017_distrinet,ft_transformer,capgd_prim_support,CAPGD-PrimSupport,untargeted,native,DDoS,2024,800,434,1,1,0.5425,0.00125,54.125,0.00125,25.0,223232.61213354577,222446.43293392178,29.66467325846245,21.77625,0,,,,12.888434000080451,16.110542500100564
class,cicids2017_distrinet,ft_transformer,capgd_prim_support,CAPGD-PrimSupport,untargeted,native,DDoS,2026,800,383,0,0,0.47875,0.0,47.875,0.0,25.0,196582.2744920379,195995.90603057598,21.780304960347145,21.81625,0,,,,12.650856900028884,15.813571125036106
class,cicids2017_distrinet,ft_transformer,capgd_prim_support,CAPGD-PrimSupport,untargeted,native,Recon,42,800,794,0,0,0.9925,0.0,99.25,0.0,24.685,147522.91755880116,146781.59420894197,12.545344679513272,16.3125,0,,,,12.39594789990224,15.4949348748778
class,cicids2017_distrinet,ft_transformer,capgd_prim_support,CAPGD-PrimSupport,untargeted,native,Recon,2024,800,796,0,0,0.995,0.0,99.5,0.0,24.685,175924.5147369688,175136.32124606764,22.110119522490994,16.4875,0,,,,12.35706440010108,15.44633050012635
class,cicids2017_distrinet,ft_transformer,capgd_prim_support,CAPGD-PrimSupport,untargeted,native,Recon,2026,800,794,0,0,0.9925,0.0,99.25,0.0,24.685,158857.44995790967,157718.2857320239,15.795254681190627,16.42125,0,,,,14.579661200055853,18.224576500069816
class,cicids2017_distrinet,ft_transformer,capgd_prim_support,CAPGD-PrimSupport,untargeted,native,BruteForce,42,800,230,0,7,0.2875,0.0,28.749999999999996,0.00875,24.985,207178.0450967597,206636.23162188203,41.072936221929986,21.9475,0,,,,14.326279900036752,17.90784987504594
class,cicids2017_distrinet,ft_transformer,capgd_prim_support,CAPGD-PrimSupport,untargeted,native,BruteForce,2024,800,265,0,0,0.33125,0.0,33.125,0.0,24.985,97943.71452602909,97495.27360344026,5.751505794247446,21.9975,0,,,,14.195733699947596,17.744667124934494
class,cicids2017_distrinet,ft_transformer,capgd_prim_support,CAPGD-PrimSupport,untargeted,native,BruteForce,2026,800,123,0,0,0.15375,0.0,15.375,0.0,24.985,114056.4395293606,113482.07149803425,10.300202764688999,22.0275,0,,,,14.270608500111848,17.83826062513981
class,cicids2018_distrinet,mlp-s42,capgd_prim_support,CAPGD-PrimSupport,untargeted,native,DoS,42,800,766,0,0,0.9575,0.0,95.75,0.0,18.58,186860.70392663416,186675.184970307,232.8767431366075,21.17375,0,,,,10.22064150008373,12.775801875104662
class,cicids2018_distrinet,mlp-s42,capgd_prim_support,CAPGD-PrimSupport,untargeted,native,DoS,2024,800,759,0,0,0.94875,0.0,94.875,0.0,18.58,216841.9899246521,216619.82049251217,270.391913724655,21.205,0,,,,10.271249100100249,12.839061375125311
class,cicids2018_distrinet,mlp-s42,capgd_prim_support,CAPGD-PrimSupport,untargeted,native,DoS,2026,800,755,0,0,0.94375,0.0,94.375,0.0,18.58,79361.94888630295,79178.01326155294,99.02681218011801,21.2175,0,,,,10.324816499836743,12.906020624795929
class,cicids2018_distrinet,mlp-s42,capgd_prim_support,CAPGD-PrimSupport,untargeted,native,DDoS,42,800,787,0,0,0.98375,0.0,98.375,0.0,22.765,44667.25263018563,44277.35948132327,51.89700447777903,21.045,0,,,,10.7837820998393,13.479727624799125
class,cicids2018_distrinet,mlp-s42,capgd_prim_support,CAPGD-PrimSupport,untargeted,native,DDoS,2024,800,774,0,0,0.9675,0.0,96.75,0.0,22.765,107150.00257403225,106858.6851832576,127.80035122419977,21.12,0,,,,10.913850500015542,13.642313125019427
class,cicids2018_distrinet,mlp-s42,capgd_prim_support,CAPGD-PrimSupport,untargeted,native,DDoS,2026,800,787,0,0,0.98375,0.0,98.375,0.0,22.765,30251.504302315683,30019.056716772782,31.703876796896918,21.08625,0,,,,10.705667600035667,13.382084500044584
class,cicids2018_distrinet,mlp-s42,capgd_prim_support,CAPGD-PrimSupport,untargeted,native,Recon,42,800,774,4,4,0.9675,0.005,96.25,0.005,24.31,596373.8398145294,596178.4005815916,736.6091038311839,10.57375,0,,,,10.465317100053653,13.081646375067066
class,cicids2018_distrinet,mlp-s42,capgd_prim_support,CAPGD-PrimSupport,untargeted,native,Recon,2024,800,781,4,4,0.97625,0.005,97.125,0.005,24.31,631358.7361644058,631136.7831476016,780.0892602030531,10.6625,0,,,,10.470252599800006,13.087815749750007
class,cicids2018_distrinet,mlp-s42,capgd_prim_support,CAPGD-PrimSupport,untargeted,native,Recon,2026,800,782,5,5,0.9775,0.00625,97.125,0.00625,24.31,400114.245796998,399917.36628460174,493.0882602462225,10.30375,0,,,,10.449377699987963,13.061722124984954
class,cicids2018_distrinet,mlp-s42,capgd_prim_support,CAPGD-PrimSupport,untargeted,native,BruteForce,42,800,634,0,0,0.7925,0.0,79.25,0.0,25.0,2873073.577894898,2865551.8279925217,3560.9925794619353,21.90125,0,,,,12.657414400018752,15.82176800002344
class,cicids2018_distrinet,mlp-s42,capgd_prim_support,CAPGD-PrimSupport,untargeted,native,BruteForce,2024,800,597,0,0,0.74625,0.0,74.625,0.0,25.0,3728223.1526111346,3720812.795249191,4622.033592988196,22.05875,0,,,,12.650445000035688,15.81305625004461
class,cicids2018_distrinet,mlp-s42,capgd_prim_support,CAPGD-PrimSupport,untargeted,native,BruteForce,2026,800,595,0,0,0.74375,0.0,74.375,0.0,25.0,1816698.2957157749,1809084.7084524333,2245.0457113823845,22.00875,0,,,,12.718984400155023,15.898730500193778
class,cicids2018_distrinet,cnn-s42,capgd_prim_support,CAPGD-PrimSupport,untargeted,native,DoS,42,800,443,0,0,0.55375,0.0,55.375,0.0,24.34,1689851.6377157292,1688712.1770337718,2098.6975345974433,21.65,0,,,,11.735337699996307,14.669172124995384
class,cicids2018_distrinet,cnn-s42,capgd_prim_support,CAPGD-PrimSupport,untargeted,native,DoS,2024,800,370,0,0,0.4625,0.0,46.25,0.0,24.34,1807465.5434557565,1806243.6931582277,2244.171034083926,21.82,0,,,,10.907013499876484,13.633766874845605
class,cicids2018_distrinet,cnn-s42,capgd_prim_support,CAPGD-PrimSupport,untargeted,native,DoS,2026,800,409,0,0,0.51125,0.0,51.125,0.0,24.34,865927.4765069891,864883.7480595243,1072.675245397859,21.7475,0,,,,10.924356200033799,13.655445250042249
class,cicids2018_distrinet,cnn-s42,capgd_prim_support,CAPGD-PrimSupport,untargeted,native,DDoS,42,800,725,6,6,0.90625,0.0075,89.875,0.0075,24.4,851608.7731343235,850896.6016954439,1053.941845233539,20.98375,0,,,,10.762210400076583,13.452763000095729
class,cicids2018_distrinet,cnn-s42,capgd_prim_support,CAPGD-PrimSupport,untargeted,native,DDoS,2024,800,724,6,6,0.905,0.0075,89.75000000000001,0.0075,24.4,891305.1345698857,890690.8768172913,1101.2241605924949,20.96875,0,,,,10.929523200029507,13.661904000036884
class,cicids2018_distrinet,cnn-s42,capgd_prim_support,CAPGD-PrimSupport,untargeted,native,DDoS,2026,800,747,7,7,0.93375,0.00875,92.5,0.00875,24.4,365529.3632944258,364775.1837408655,449.7868174899135,20.92375,0,,,,10.855798299890012,13.569747874862514
class,cicids2018_distrinet,cnn-s42,capgd_prim_support,CAPGD-PrimSupport,untargeted,native,Recon,42,800,494,1,2,0.6175,0.00125,61.62500000000001,0.0025,24.67,1783427.905647942,1782708.7170793237,2218.3710331489724,15.0525,0,,,,10.678667000029236,13.348333750036545
class,cicids2018_distrinet,cnn-s42,capgd_prim_support,CAPGD-PrimSupport,untargeted,native,Recon,2024,800,490,4,4,0.6125,0.005,60.75000000000001,0.005,24.67,2097056.470678848,2095704.0480697602,2614.4509170246088,15.03875,0,,,,10.93483980000019,13.668549750000238
class,cicids2018_distrinet,cnn-s42,capgd_prim_support,CAPGD-PrimSupport,untargeted,native,Recon,2026,800,517,4,5,0.64625,0.005,64.125,0.00625,24.67,983302.8202544558,981899.0699279961,1229.187108488396,14.42,0,,,,11.155615500174463,13.944519375218078
class,cicids2018_distrinet,cnn-s42,capgd_prim_support,CAPGD-PrimSupport,untargeted,native,BruteForce,42,800,793,0,0,0.99125,0.0,99.125,0.0,22.675,1282314.8003410166,1278964.0514499568,1586.7511452672597,21.3575,0,,,,10.660809899913147,13.326012374891434
class,cicids2018_distrinet,cnn-s42,capgd_prim_support,CAPGD-PrimSupport,untargeted,native,BruteForce,2024,800,787,0,0,0.98375,0.0,98.375,0.0,22.675,1654732.0820582465,1653312.3081644652,2051.5419199644016,21.4675,0,,,,10.93616159982048,13.6702019997756
class,cicids2018_distrinet,cnn-s42,capgd_prim_support,CAPGD-PrimSupport,untargeted,native,BruteForce,2026,800,798,0,0,0.9975,0.0,99.75,0.0,22.675,977211.3414954342,973568.4729855736,1207.2915591873686,21.56125,0,,,,10.786409999942407,13.483012499928009
class,cicids2018_distrinet,ft_transformer-s42,capgd_prim_support,CAPGD-PrimSupport,untargeted,native,DoS,42,800,1,0,0,0.00125,0.0,0.125,0.0,24.985,2434937.9745268025,2433447.8069783757,3021.5315992220208,21.98375,0,,,,19.135258000111207,23.91907250013901
class,cicids2018_distrinet,ft_transformer-s42,capgd_prim_support,CAPGD-PrimSupport,untargeted,native,DoS,2024,800,1,0,0,0.00125,0.0,0.125,0.0,24.985,2880942.832807849,2879504.100253032,3574.814139158012,22.0625,0,,,,19.113045300124213,23.891306625155266
class,cicids2018_distrinet,ft_transformer-s42,capgd_prim_support,CAPGD-PrimSupport,untargeted,native,DoS,2026,800,2,0,0,0.0025,0.0,0.25,0.0,24.985,1360390.9822260074,1359049.9516621197,1683.3148740928511,22.06125,0,,,,19.151728800032288,23.93966100004036
class,cicids2018_distrinet,ft_transformer-s42,capgd_prim_support,CAPGD-PrimSupport,untargeted,native,DDoS,42,800,6,0,0,0.0075,0.0,0.75,0.0,24.985,1982555.8493432885,1981314.869120698,2459.5594080833,21.98375,0,,,,19.200192000018433,24.00024000002304
class,cicids2018_distrinet,ft_transformer-s42,capgd_prim_support,CAPGD-PrimSupport,untargeted,native,DDoS,2024,800,5,0,0,0.00625,0.0,0.625,0.0,24.985,2427512.717891419,2426335.445357498,3011.6819035418807,22.05875,0,,,,19.14704310009256,23.9338038751157
class,cicids2018_distrinet,ft_transformer-s42,capgd_prim_support,CAPGD-PrimSupport,untargeted,native,DDoS,2026,800,11,0,1,0.01375,0.0,1.375,0.00125,24.985,1116985.3589510664,1115844.5104798726,1381.30348074695,22.05625,0,,,,19.68447980005294,24.605599750066176
class,cicids2018_distrinet,ft_transformer-s42,capgd_prim_support,CAPGD-PrimSupport,untargeted,native,Recon,42,800,43,0,1,0.05375,0.0,5.375,0.00125,24.775,2184807.2365720607,2183750.082204387,2717.984787729254,14.95375,0,,,,22.48015769990161,28.100197124877013
class,cicids2018_distrinet,ft_transformer-s42,capgd_prim_support,CAPGD-PrimSupport,untargeted,native,Recon,2024,800,35,0,0,0.04375,0.0,4.375,0.0,24.775,2566054.475581231,2565296.5259267497,3188.0169057506764,14.62,0,,,,20.733233199920505,25.91654149990063
class,cicids2018_distrinet,ft_transformer-s42,capgd_prim_support,CAPGD-PrimSupport,untargeted,native,Recon,2026,800,36,0,0,0.045,0.0,4.5,0.0,24.775,1243791.6832671666,1242714.687910283,1547.5378375362538,14.39875,0,,,,20.651988999918103,25.81498624989763
class,cicids2018_distrinet,ft_transformer-s42,capgd_prim_support,CAPGD-PrimSupport,untargeted,native,BruteForce,42,800,285,0,0,0.35625,0.0,35.625,0.0,25.0,2824831.0877207327,2818494.742769167,3499.162545926212,21.985,0,,,,22.201590799959376,27.75198849994922
class,cicids2018_distrinet,ft_transformer-s42,capgd_prim_support,CAPGD-PrimSupport,untargeted,native,BruteForce,2024,800,269,0,0,0.33625,0.0,33.625,0.0,25.0,3815961.4710819023,3808999.279194,4730.043791584476,22.0625,0,,,,22.546153499977663,28.18269187497208
class,cicids2018_distrinet,ft_transformer-s42,capgd_prim_support,CAPGD-PrimSupport,untargeted,native,BruteForce,2026,800,241,0,0,0.30125,0.0,30.125,0.0,25.0,1874883.300623618,1868705.8732746295,2315.2555397666533,22.0625,0,,,,22.447118900017813,28.058898625022266
class,cicids2017_distrinet,mlp,cpgd_prim_support,C-PGD-PrimSupport,untargeted,native,DoS,42,800,187,0,0,0.23375,0.0,23.375,0.0,40.0,1566.5498599907776,1543.875211703225,0.2145942841364672,21.95,0,,,,8.139939400134608,10.17492425016826
class,cicids2017_distrinet,mlp,cpgd_prim_support,C-PGD-PrimSupport,untargeted,native,DoS,2024,800,169,0,0,0.21125,0.0,21.125,0.0,40.0,2416.892285254108,2389.7975628726163,0.1834115140721911,21.79,0,,,,8.389773200033233,10.48721650004154
class,cicids2017_distrinet,mlp,cpgd_prim_support,C-PGD-PrimSupport,untargeted,native,DoS,2026,800,171,0,0,0.21375,0.0,21.375,0.0,40.0,724.0691235065692,702.7252212801869,0.21546506170441923,21.76375,0,,,,8.068097000010312,10.08512125001289
class,cicids2017_distrinet,mlp,cpgd_prim_support,C-PGD-PrimSupport,untargeted,native,DDoS,42,800,668,0,0,0.835,0.0,83.5,0.0,40.0,2411.679739714851,2387.2558532815588,0.20708124779356155,22.06375,0,,,,9.231707300059497,11.539634125074372
class,cicids2017_distrinet,mlp,cpgd_prim_support,C-PGD-PrimSupport,untargeted,native,DDoS,2024,800,707,0,0,0.88375,0.0,88.375,0.0,40.0,3573.1057944631743,3543.217323157992,0.1735422822342872,21.93125,0,,,,8.392503899987787,10.490629874984734
class,cicids2017_distrinet,mlp,cpgd_prim_support,C-PGD-PrimSupport,untargeted,native,DDoS,2026,800,615,0,0,0.76875,0.0,76.875,0.0,40.0,785.4593639640611,760.3462619427315,0.20801511366751899,21.90625,0,,,,8.535013700136915,10.668767125171144
class,cicids2017_distrinet,mlp,cpgd_prim_support,C-PGD-PrimSupport,untargeted,native,Recon,42,800,769,0,0,0.96125,0.0,96.125,0.0,40.0,482.4101474827801,464.129584610076,0.18686661138106964,16.80875,0,,,,8.64320239983499,10.804002999793738
class,cicids2017_distrinet,mlp,cpgd_prim_support,C-PGD-PrimSupport,untargeted,native,Recon,2024,800,765,0,0,0.95625,0.0,95.625,0.0,40.0,299.8041136955111,280.29280285170165,0.15972733776156958,16.79125,0,,,,8.38937500002794,10.486718750034925
class,cicids2017_distrinet,mlp,cpgd_prim_support,C-PGD-PrimSupport,untargeted,native,Recon,2026,800,746,0,0,0.9325,0.0,93.25,0.0,40.0,562.1213198365709,541.8352765256064,0.1844184105022995,16.81625,0,,,,8.345313699916005,10.431642124895006
class,cicids2017_distrinet,mlp,cpgd_prim_support,C-PGD-PrimSupport,untargeted,native,BruteForce,42,800,21,0,0,0.02625,0.0,2.625,0.0,40.0,579.8379522375628,568.8243547160596,0.18868238253772385,22.10875,0,,,,8.556515800068155,10.695644750085194
class,cicids2017_distrinet,mlp,cpgd_prim_support,C-PGD-PrimSupport,untargeted,native,BruteForce,2024,800,38,0,0,0.0475,0.0,4.75,0.0,40.0,1159.6319525721433,1148.5291460600874,0.16085368853589188,21.9625,0,,,,8.493623500224203,10.617029375280254
class,cicids2017_distrinet,mlp,cpgd_prim_support,C-PGD-PrimSupport,untargeted,native,BruteForce,2026,800,21,0,0,0.02625,0.0,2.625,0.0,40.0,326.1634996415034,315.2023240003619,0.18785293441663956,21.95125,0,,,,8.473650899948552,10.59206362493569
class,cicids2017_distrinet,cnn,cpgd_prim_support,C-PGD-PrimSupport,untargeted,native,DoS,42,800,387,0,0,0.48375,0.0,48.375,0.0,40.0,1351.8071412838678,1329.7590717993712,0.2124932577446773,22.0375,0,,,,8.708556700032204,10.885695875040255
class,cicids2017_distrinet,cnn,cpgd_prim_support,C-PGD-PrimSupport,untargeted,native,DoS,2024,800,377,0,0,0.47125,0.0,47.125,0.0,40.0,2340.81423762696,2313.786055698335,0.1805786882899277,21.87,0,,,,8.683328700019047,10.854160875023808
class,cicids2017_distrinet,cnn,cpgd_prim_support,C-PGD-PrimSupport,untargeted,native,DoS,2026,800,404,0,0,0.505,0.0,50.5,0.0,40.0,906.1767843158617,883.1764215686266,0.2139541938388046,21.8825,0,,,,8.680106199812144,10.85013274976518
class,cicids2017_distrinet,cnn,cpgd_prim_support,C-PGD-PrimSupport,untargeted,native,DDoS,42,800,600,0,0,0.75,0.0,75.0,0.0,40.0,2259.7662031515288,2244.357587584927,0.2064898866668033,22.05375,0,,,,8.670144899981096,10.83768112497637
class,cicids2017_distrinet,cnn,cpgd_prim_support,C-PGD-PrimSupport,untargeted,native,DDoS,2024,800,608,0,0,0.76,0.0,76.0,0.0,40.0,3455.473607143953,3434.695802007217,0.1735046119826741,21.90875,0,,,,8.682935000164434,10.853668750205543
class,cicids2017_distrinet,cnn,cpgd_prim_support,C-PGD-PrimSupport,untargeted,native,DDoS,2026,800,542,0,0,0.6775,0.0,67.75,0.0,40.0,653.6777152091662,637.5367810868619,0.20829394593938144,21.88375,0,,,,8.189943500095978,10.237429375119973
class,cicids2017_distrinet,cnn,cpgd_prim_support,C-PGD-PrimSupport,untargeted,native,Recon,42,800,467,0,0,0.58375,0.0,58.375,0.0,40.0,212.98672853499255,199.06609557934019,0.18638762869114853,18.14,0,,,,8.614692999981344,10.76836624997668
class,cicids2017_distrinet,cnn,cpgd_prim_support,C-PGD-PrimSupport,untargeted,native,Recon,2024,800,384,0,0,0.48,0.0,48.0,0.0,40.0,214.46555390601753,197.39194798111893,0.15800835851165496,18.01,0,,,,8.516947600059211,10.646184500074014
class,cicids2017_distrinet,cnn,cpgd_prim_support,C-PGD-PrimSupport,untargeted,native,Recon,2026,800,368,0,0,0.46,0.0,46.0,0.0,40.0,428.45953687799476,409.7890407623747,0.18403812918132967,18.05375,0,,,,8.530104500008747,10.662630625010934
class,cicids2017_distrinet,cnn,cpgd_prim_support,C-PGD-PrimSupport,untargeted,native,BruteForce,42,800,578,0,0,0.7225,0.0,72.25,0.0,40.0,867.6915919054103,833.0258380464734,0.1890325473627765,22.11,0,,,,8.526929300045595,10.658661625056993
class,cicids2017_distrinet,cnn,cpgd_prim_support,C-PGD-PrimSupport,untargeted,native,BruteForce,2024,800,557,0,0,0.69625,0.0,69.625,0.0,40.0,1294.359647643624,1260.551111119099,0.16027244843428456,21.965,0,,,,8.695603499887511,10.869504374859389
class,cicids2017_distrinet,cnn,cpgd_prim_support,C-PGD-PrimSupport,untargeted,native,BruteForce,2026,800,528,0,0,0.66,0.0,66.0,0.0,40.0,559.6157152196309,521.3383107817018,0.18759683500540253,21.955,0,,,,8.562729900004342,10.703412375005428
class,cicids2017_distrinet,ft_transformer,cpgd_prim_support,C-PGD-PrimSupport,untargeted,native,DoS,42,800,36,0,0,0.045,0.0,4.5,0.0,40.0,1298.0572460140936,1286.5210493082009,0.2104537547534284,21.925,0,,,,10.200631099985912,12.75078887498239
class,cicids2017_distrinet,ft_transformer,cpgd_prim_support,C-PGD-PrimSupport,untargeted,native,DoS,2024,800,62,0,0,0.0775,0.0,7.75,0.0,40.0,2321.832015468073,2308.780869680508,0.17800036930632082,21.76125,0,,,,10.208091099979356,12.760113874974195
class,cicids2017_distrinet,ft_transformer,cpgd_prim_support,C-PGD-PrimSupport,untargeted,native,DoS,2026,800,73,0,0,0.09125,0.0,9.125,0.0,40.0,805.2554570759524,796.6124453416508,0.2107060986203698,21.75875,0,,,,10.21894030016847,12.773675375210587
class,cicids2017_distrinet,ft_transformer,cpgd_prim_support,C-PGD-PrimSupport,untargeted,native,DDoS,42,800,8,0,0,0.01,0.0,1.0,0.0,40.0,2232.789265074088,2221.947971341236,0.20724881435612988,21.89625,0,,,,10.173425799934193,12.716782249917742
class,cicids2017_distrinet,ft_transformer,cpgd_prim_support,C-PGD-PrimSupport,untargeted,native,DDoS,2024,800,4,0,0,0.005,0.0,0.5,0.0,40.0,3417.9839324831187,3405.233066233729,0.17402106079059934,21.82,0,,,,10.194777199998498,12.743471499998122
class,cicids2017_distrinet,ft_transformer,cpgd_prim_support,C-PGD-PrimSupport,untargeted,native,DDoS,2026,800,4,0,0,0.005,0.0,0.5,0.0,40.0,614.4165447240171,604.1546982312337,0.20776129282387049,21.71875,0,,,,10.156117600155994,12.695147000194993
class,cicids2017_distrinet,ft_transformer,cpgd_prim_support,C-PGD-PrimSupport,untargeted,native,Recon,42,800,633,0,0,0.79125,0.0,79.125,0.0,40.0,546.9183283972857,519.7371516562359,0.19151449439072532,19.46625,0,,,,10.34788029990159,12.934850374876987
class,cicids2017_distrinet,ft_transformer,cpgd_prim_support,C-PGD-PrimSupport,untargeted,native,Recon,2024,800,608,0,0,0.76,0.0,76.0,0.0,40.0,655.3280949484201,633.1035614368062,0.16191366223709214,19.3625,0,,,,10.298483200138435,12.873104000173043
class,cicids2017_distrinet,ft_transformer,cpgd_prim_support,C-PGD-PrimSupport,untargeted,native,Recon,2026,800,594,0,0,0.7425,0.0,74.25,0.0,40.0,727.1556396161313,704.1415659330265,0.1879893012009529,19.18875,0,,,,11.380651799961925,14.225814749952406
class,cicids2017_distrinet,ft_transformer,cpgd_prim_support,C-PGD-PrimSupport,untargeted,native,BruteForce,42,800,9,0,0,0.01125,0.0,1.125,0.0,40.0,571.1605630349266,558.7103582087497,0.18825197174770966,22.07,0,,,,10.374522099969909,12.968152624962386
class,cicids2017_distrinet,ft_transformer,cpgd_prim_support,C-PGD-PrimSupport,untargeted,native,BruteForce,2024,800,29,0,0,0.03625,0.0,3.6249999999999996,0.0,40.0,1066.7179964258767,1054.6368728948808,0.16027280883887177,21.93125,0,,,,10.345069400034845,12.931336750043556
class,cicids2017_distrinet,ft_transformer,cpgd_prim_support,C-PGD-PrimSupport,untargeted,native,BruteForce,2026,800,15,0,0,0.01875,0.0,1.875,0.0,40.0,328.19298804720495,317.8337208325004,0.1878724369612897,21.92375,0,,,,10.29325670003891,12.866570875048637
class,cicids2018_distrinet,mlp-s42,cpgd_prim_support,C-PGD-PrimSupport,untargeted,native,DoS,42,800,190,0,0,0.2375,0.0,23.75,0.0,40.0,563.7009904325422,520.5622939606935,0.19566069277152967,22.095,0,,,,8.464339799946174,10.580424749932718
class,cicids2018_distrinet,mlp-s42,cpgd_prim_support,C-PGD-PrimSupport,untargeted,native,DoS,2024,800,159,0,0,0.19875,0.0,19.875,0.0,40.0,594.8445469369649,559.0882602277475,0.17061773945464281,21.92,0,,,,8.460347200045362,10.575434000056703
class,cicids2018_distrinet,mlp-s42,cpgd_prim_support,C-PGD-PrimSupport,untargeted,native,DoS,2026,800,177,0,0,0.22125,0.0,22.125,0.0,40.0,563.8636065104168,518.2263277171057,0.19243393389077076,21.95375,0,,,,8.31990209990181,10.399877624877263
class,cicids2018_distrinet,mlp-s42,cpgd_prim_support,C-PGD-PrimSupport,untargeted,native,DDoS,42,800,228,0,0,0.285,0.0,28.499999999999996,0.0,40.0,898.0699795100252,851.0750357836873,0.21570665963309246,22.065,0,,,,8.396632299991325,10.495790374989156
class,cicids2018_distrinet,mlp-s42,cpgd_prim_support,C-PGD-PrimSupport,untargeted,native,DDoS,2024,800,241,0,0,0.30125,0.0,30.125,0.0,40.0,1163.379331572712,1124.7286707440066,0.19025094159804679,21.87375,0,,,,8.383954300079495,10.479942875099368
class,cicids2018_distrinet,mlp-s42,cpgd_prim_support,C-PGD-PrimSupport,untargeted,native,DDoS,2026,800,239,0,0,0.29875,0.0,29.875,0.0,40.0,795.6575466077292,742.1700833086869,0.21029985538546778,21.89625,0,,,,8.376583799952641,10.470729749940801
class,cicids2018_distrinet,mlp-s42,cpgd_prim_support,C-PGD-PrimSupport,untargeted,native,Recon,42,800,218,0,0,0.2725,0.0,27.250000000000004,0.0,40.0,592.5160784959586,522.092026849639,0.1995442364486095,17.32125,0,,,,8.531348299933597,10.664185374916997
class,cicids2018_distrinet,mlp-s42,cpgd_prim_support,C-PGD-PrimSupport,untargeted,native,Recon,2024,800,259,0,0,0.32375,0.0,32.375,0.0,40.0,557.6302706812565,492.82796199940253,0.17494854492070588,17.10875,0,,,,8.469593100016937,10.58699137502117
class,cicids2018_distrinet,mlp-s42,cpgd_prim_support,C-PGD-PrimSupport,untargeted,native,Recon,2026,800,238,0,0,0.2975,0.0,29.75,0.0,40.0,615.8789848524792,533.4714759284982,0.19967842414608752,17.2275,0,,,,8.493458799785003,10.616823499731254
class,cicids2018_distrinet,mlp-s42,cpgd_prim_support,C-PGD-PrimSupport,untargeted,native,BruteForce,42,800,249,0,0,0.31125,0.0,31.125000000000004,0.0,40.0,549.125074359771,507.12746328853274,0.1929425399611825,22.095,0,,,,9.201327899936587,11.501659874920733
class,cicids2018_distrinet,mlp-s42,cpgd_prim_support,C-PGD-PrimSupport,untargeted,native,BruteForce,2024,800,254,0,0,0.3175,0.0,31.75,0.0,40.0,520.3217265965235,484.832254522278,0.16851028915841573,21.92,0,,,,9.514245199970901,11.892806499963626
class,cicids2018_distrinet,mlp-s42,cpgd_prim_support,C-PGD-PrimSupport,untargeted,native,BruteForce,2026,800,260,0,0,0.325,0.0,32.5,0.0,40.0,658.423612587882,610.3080149527532,0.19315047623454812,21.95375,0,,,,8.408931900048628,10.511164875060786
class,cicids2018_distrinet,cnn-s42,cpgd_prim_support,C-PGD-PrimSupport,untargeted,native,DoS,42,800,163,0,0,0.20375,0.0,20.375,0.0,40.0,546.0243347839936,503.2498384894789,0.19922571433579478,22.09125,0,,,,8.643855299800634,10.804819124750793
class,cicids2018_distrinet,cnn-s42,cpgd_prim_support,C-PGD-PrimSupport,untargeted,native,DoS,2024,800,158,0,0,0.1975,0.0,19.75,0.0,40.0,623.3936115592463,586.3557049559288,0.1727112257929672,21.92,0,,,,8.668517699930817,10.835647124913521
class,cicids2018_distrinet,cnn-s42,cpgd_prim_support,C-PGD-PrimSupport,untargeted,native,DoS,2026,800,190,0,0,0.2375,0.0,23.75,0.0,40.0,558.4315284765241,511.3308685528482,0.19618687817264974,21.9525,0,,,,8.457031500060111,10.571289375075139
class,cicids2018_distrinet,cnn-s42,cpgd_prim_support,C-PGD-PrimSupport,untargeted,native,DDoS,42,800,585,0,0,0.73125,0.0,73.125,0.0,40.0,862.0493289258269,820.475906202623,0.19837002369865128,22.0675,0,,,,8.621739099966362,10.777173874957953
class,cicids2018_distrinet,cnn-s42,cpgd_prim_support,C-PGD-PrimSupport,untargeted,native,DDoS,2024,800,627,0,0,0.78375,0.0,78.375,0.0,40.0,1113.226362637114,1075.3148647330775,0.17325880561961376,21.88,0,,,,8.727899899939075,10.909874874923844
class,cicids2018_distrinet,cnn-s42,cpgd_prim_support,C-PGD-PrimSupport,untargeted,native,DDoS,2026,800,638,0,0,0.7975,0.0,79.75,0.0,40.0,766.0887712298191,717.3969976173764,0.19530886015830834,21.9075,0,,,,8.61989409988746,10.774867624859326
class,cicids2018_distrinet,cnn-s42,cpgd_prim_support,C-PGD-PrimSupport,untargeted,native,Recon,42,800,142,0,0,0.1775,0.0,17.75,0.0,40.0,717.2916445961963,610.9409701343062,0.22694559712170082,17.71,0,,,,8.563480300130323,10.704350375162903
class,cicids2018_distrinet,cnn-s42,cpgd_prim_support,C-PGD-PrimSupport,untargeted,native,Recon,2024,800,136,0,0,0.17,0.0,17.0,0.0,40.0,709.337999688121,594.1182801890478,0.21044935722226502,17.465,0,,,,8.554196399869397,10.692745499836747
class,cicids2018_distrinet,cnn-s42,cpgd_prim_support,C-PGD-PrimSupport,untargeted,native,Recon,2026,800,175,0,0,0.21875,0.0,21.875,0.0,40.0,712.2823642291637,594.4068016306486,0.2251972354685408,17.49125,0,,,,8.428798399865627,10.535997999832034
class,cicids2018_distrinet,cnn-s42,cpgd_prim_support,C-PGD-PrimSupport,untargeted,native,BruteForce,42,800,641,0,0,0.80125,0.0,80.125,0.0,40.0,531.2148731498072,489.4597397134151,0.19219916044801322,22.095,0,,,,8.591332900105044,10.739166125131305
class,cicids2018_distrinet,cnn-s42,cpgd_prim_support,C-PGD-PrimSupport,untargeted,native,BruteForce,2024,800,665,0,0,0.83125,0.0,83.125,0.0,40.0,497.41878537456415,462.19676558710773,0.16742793066979225,21.92,0,,,,8.586635699961334,10.733294624951668
class,cicids2018_distrinet,cnn-s42,cpgd_prim_support,C-PGD-PrimSupport,untargeted,native,BruteForce,2026,800,732,0,0,0.915,0.0,91.5,0.0,40.0,647.6407038299265,604.586774756404,0.19212356889230806,21.95375,0,,,,8.552036500070244,10.690045625087805
class,cicids2018_distrinet,ft_transformer-s42,cpgd_prim_support,C-PGD-PrimSupport,untargeted,native,DoS,42,800,1,0,0,0.00125,0.0,0.125,0.0,40.0,520.2868290908866,478.9967988043859,0.19311348302302034,22.095,0,,,,21.737000700086355,27.171250875107944
class,cicids2018_distrinet,ft_transformer-s42,cpgd_prim_support,C-PGD-PrimSupport,untargeted,native,DoS,2024,800,0,0,0,0.0,0.0,0.0,0.0,40.0,550.6085165696838,515.0752947438705,0.1685535668804209,21.92,0,,,,21.97721779998392,27.4715222499799
class,cicids2018_distrinet,ft_transformer-s42,cpgd_prim_support,C-PGD-PrimSupport,untargeted,native,DoS,2026,800,0,0,0,0.0,0.0,0.0,0.0,40.0,552.6663393180808,507.45785145756304,0.19236268366158243,21.95375,0,,,,21.607625199947506,27.009531499934383
class,cicids2018_distrinet,ft_transformer-s42,cpgd_prim_support,C-PGD-PrimSupport,untargeted,native,DDoS,42,800,2,0,0,0.0025,0.0,0.25,0.0,40.0,859.1731994762232,817.5067580490119,0.19435021163325084,22.065,0,,,,21.59793659998104,26.9974207499763
class,cicids2018_distrinet,ft_transformer-s42,cpgd_prim_support,C-PGD-PrimSupport,untargeted,native,DDoS,2024,800,1,0,0,0.00125,0.0,0.125,0.0,40.0,1106.4431784934973,1070.0579296318592,0.16864185296398812,21.88,0,,,,24.230659099994227,30.288323874992784
class,cicids2018_distrinet,ft_transformer-s42,cpgd_prim_support,C-PGD-PrimSupport,untargeted,native,DDoS,2026,800,2,0,0,0.0025,0.0,0.25,0.0,40.0,760.7138917671624,711.9447138315729,0.19205988478035813,21.89375,0,,,,24.12906219996512,30.1613277499564
class,cicids2018_distrinet,ft_transformer-s42,cpgd_prim_support,C-PGD-PrimSupport,untargeted,native,Recon,42,800,12,0,0,0.015,0.0,1.5,0.0,40.0,860.2309268969466,708.0655395674605,0.2540173496798898,18.5925,0,,,,24.12579940003343,30.157249250041787
class,cicids2018_distrinet,ft_transformer-s42,cpgd_prim_support,C-PGD-PrimSupport,untargeted,native,Recon,2024,800,11,0,0,0.01375,0.0,1.375,0.0,40.0,831.8465970805546,681.7024830725994,0.231995588570229,18.38375,0,,,,24.17919489997439,30.22399362496799
class,cicids2018_distrinet,ft_transformer-s42,cpgd_prim_support,C-PGD-PrimSupport,untargeted,native,Recon,2026,800,11,0,0,0.01375,0.0,1.375,0.0,40.0,836.8983623642406,673.2698114263677,0.24927248853372772,18.3025,0,,,,23.95290319994092,29.94112899992615
class,cicids2018_distrinet,ft_transformer-s42,cpgd_prim_support,C-PGD-PrimSupport,untargeted,native,BruteForce,42,800,24,0,0,0.03,0.0,3.0,0.0,40.0,536.1169023850525,495.0444956703299,0.19231076774919542,22.095,0,,,,25.151599299861118,31.439499124826398
class,cicids2018_distrinet,ft_transformer-s42,cpgd_prim_support,C-PGD-PrimSupport,untargeted,native,BruteForce,2024,800,41,0,0,0.05125,0.0,5.125,0.0,40.0,497.2218718775189,461.72078641498956,0.16776926430585745,21.92,0,,,,24.615236500045285,30.769045625056606
class,cicids2018_distrinet,ft_transformer-s42,cpgd_prim_support,C-PGD-PrimSupport,untargeted,native,BruteForce,2026,800,53,0,0,0.06625,0.0,6.625,0.0,40.0,643.8847581314153,598.2074959156282,0.19205863211017554,21.95375,0,,,,24.24524990003556,30.30656237504445
class,cicids2017_distrinet,mlp,prim_hybrid_unbounded_untargeted,"PrimAttack (Hybrid Search, unbounded)",untargeted,unbounded,DoS,42,800,713,713,800,0.89125,0.89125,0.0,1.0,251.58625,14760.398667621812,14760.342765298636,0.12308400536318528,20.3275,0,0.6948717832565308,25.0,6671960.0,2.3085789000615478,2.8857236250769347
class,cicids2017_distrinet,mlp,prim_hybrid_unbounded_untargeted,"PrimAttack (Hybrid Search, unbounded)",untargeted,unbounded,DoS,2024,800,713,713,800,0.89125,0.89125,0.0,1.0,251.58625,14878.037365878012,14877.98059138559,0.12385797288619337,20.3375,0,0.6948717832565308,25.0,6703578.0,2.295281199971214,2.8691014999640174
class,cicids2017_distrinet,mlp,prim_hybrid_unbounded_untargeted,"PrimAttack (Hybrid Search, unbounded)",untargeted,unbounded,DoS,2026,800,713,713,800,0.89125,0.89125,0.0,1.0,251.58625,14673.1429724907,14673.087330516026,0.1229901223559472,20.3375,0,0.6948718428611755,25.0,6656652.0,2.4502514000050724,3.0628142500063404
class,cicids2017_distrinet,mlp,prim_hybrid_unbounded_untargeted,"PrimAttack (Hybrid Search, unbounded)",untargeted,unbounded,DDoS,42,800,791,791,800,0.98875,0.98875,0.0,1.0,95.14625,174.25131284674694,172.8226611309623,0.05322748052590179,11.9275,0,0.7948718070983887,61.0,0.0,2.1211486998945475,2.6514358748681843
class,cicids2017_distrinet,mlp,prim_hybrid_unbounded_untargeted,"PrimAttack (Hybrid Search, unbounded)",untargeted,unbounded,DDoS,2024,800,791,791,800,0.98875,0.98875,0.0,1.0,95.14625,138.9870770456785,137.55733504400575,0.05334648570705015,11.93125,0,0.7948718070983887,61.0,0.0,2.1093142000027,2.636642750003375
class,cicids2017_distrinet,mlp,prim_hybrid_unbounded_untargeted,"PrimAttack (Hybrid Search, unbounded)",untargeted,unbounded,DDoS,2026,800,791,791,800,0.98875,0.98875,0.0,1.0,95.14625,147.84276527356414,146.41665569617967,0.05318285289858632,11.92625,0,0.7948718070983887,61.0,0.0,2.2665061000734568,2.833132625091821
class,cicids2017_distrinet,mlp,prim_hybrid_unbounded_untargeted,"PrimAttack (Hybrid Search, unbounded)",untargeted,unbounded,Recon,42,800,9,9,800,0.01125,0.01125,0.0,1.0,2.9925,583.4496369942416,583.446732811031,0.0009130854429629445,0.1175,0,0.10000000894069672,0.0,4855112.0,2.51669740001671,3.1458717500208877
class,cicids2017_distrinet,mlp,prim_hybrid_unbounded_untargeted,"PrimAttack (Hybrid Search, unbounded)",untargeted,unbounded,Recon,2024,800,9,9,800,0.01125,0.01125,0.0,1.0,2.9925,583.4496369942416,583.446732811031,0.0009130854429629445,0.1175,0,0.10000000894069672,0.0,4855112.0,2.530205000191927,3.1627562502399087
class,cicids2017_distrinet,mlp,prim_hybrid_unbounded_untargeted,"PrimAttack (Hybrid Search, unbounded)",untargeted,unbounded,Recon,2026,800,9,9,800,0.01125,0.01125,0.0,1.0,2.9925,583.4496369942416,583.446732811031,0.0009130854429629445,0.1175,0,0.10000000894069672,0.0,4855112.0,2.7201308000367135,3.400163500045892
class,cicids2017_distrinet,mlp,prim_hybrid_unbounded_untargeted,"PrimAttack (Hybrid Search, unbounded)",untargeted,unbounded,BruteForce,42,800,20,20,800,0.025,0.025,0.0,1.0,252.3,33885.313557839625,33885.29527237003,0.27259704907540727,20.49375,0,0.8647390604019165,62.0,976096.0,2.2398425999563187,2.7998032499453984
class,cicids2017_distrinet,mlp,prim_hybrid_unbounded_untargeted,"PrimAttack (Hybrid Search, unbounded)",untargeted,unbounded,BruteForce,2024,800,20,20,800,0.025,0.025,0.0,1.0,252.3,32967.56978150711,32967.55152237003,0.26541625258160934,20.4925,0,0.8696793615818024,59.5,705903.0,2.2368087000213563,2.7960108750266954
class,cicids2017_distrinet,mlp,prim_hybrid_unbounded_untargeted,"PrimAttack (Hybrid Search, unbounded)",untargeted,unbounded,BruteForce,2026,800,20,20,800,0.025,0.025,0.0,1.0,252.3,33176.76583001988,33176.74758215263,0.26465875340229517,20.49,0,0.7615384757518768,50.0,1495317.0,2.172284899977967,2.715356124972459
class,cicids2017_distrinet,cnn,prim_hybrid_unbounded_untargeted,"PrimAttack (Hybrid Search, unbounded)",untargeted,unbounded,DoS,42,800,741,741,800,0.92625,0.92625,0.0,1.0,251.4,15525.393717559504,15525.316781350797,0.13728018358128913,18.57125,0,0.8995399475097656,31.0,6702469.0,2.1299731999170035,2.6624664998962544
class,cicids2017_distrinet,cnn,prim_hybrid_unbounded_untargeted,"PrimAttack (Hybrid Search, unbounded)",untargeted,unbounded,DoS,2024,800,741,741,800,0.92625,0.92625,0.0,1.0,251.4,15795.814708758677,15795.747569394274,0.13418594164962527,18.625,0,0.8743049502372742,33.0,6496738.0,1.9341298998333514,2.417662374791689
class,cicids2017_distrinet,cnn,prim_hybrid_unbounded_untargeted,"PrimAttack (Hybrid Search, unbounded)",untargeted,unbounded,DoS,2026,800,741,741,800,0.92625,0.92625,0.0,1.0,251.4,16005.148657305226,16005.083873742102,0.13483702775136272,18.86875,0,0.8998669981956482,32.0,6652238.0,2.0026016000192612,2.5032520000240766
class,cicids2017_distrinet,cnn,prim_hybrid_unbounded_untargeted,"PrimAttack (Hybrid Search, unbounded)",untargeted,unbounded,DDoS,42,800,800,800,800,1.0,1.0,0.0,1.0,37.075,2.700482209583335,1.6779069741520771,0.030662781009749573,10.0,0,0.4615384638309479,36.0,0.0,0.17474439996294677,0.21843049995368347
class,cicids2017_distrinet,cnn,prim_hybrid_unbounded_untargeted,"PrimAttack (Hybrid Search, unbounded)",untargeted,unbounded,DDoS,2024,800,800,800,800,1.0,1.0,0.0,1.0,37.075,2.700482209583335,1.6779069741520771,0.030662781009749573,10.0,0,0.4615384638309479,36.0,0.0,0.17197380005382001,0.21496725006727502
class,cicids2017_distrinet,cnn,prim_hybrid_unbounded_untargeted,"PrimAttack (Hybrid Search, unbounded)",untargeted,unbounded,DDoS,2026,800,800,800,800,1.0,1.0,0.0,1.0,37.075,2.700482209583335,1.6779069741520771,0.030662781009749573,10.0,0,0.4615384638309479,36.0,0.0,0.17062369990162551,0.2132796248770319
class,cicids2017_distrinet,cnn,prim_hybrid_unbounded_untargeted,"PrimAttack (Hybrid Search, unbounded)",untargeted,unbounded,Recon,42,800,8,8,800,0.01,0.01,0.0,1.0,2.92875,170.90976999960807,170.90890356431714,0.0002390253865666042,0.1025,0,0.043029019609093666,0.0,993868.5,2.167285199975595,2.7091064999694936
class,cicids2017_distrinet,cnn,prim_hybrid_unbounded_untargeted,"PrimAttack (Hybrid Search, unbounded)",untargeted,unbounded,Recon,2024,800,8,8,800,0.01,0.01,0.0,1.0,2.92875,198.43305815558713,198.4321916077954,0.0002589549088522368,0.1025,0,0.04405522346496582,0.0,1081341.0,2.1853636999148875,2.7317046248936094
class,cicids2017_distrinet,cnn,prim_hybrid_unbounded_untargeted,"PrimAttack (Hybrid Search, unbounded)",untargeted,unbounded,Recon,2026,800,8,8,800,0.01,0.01,0.0,1.0,2.92875,267.48409098988367,267.48322421649107,0.00032727973085958946,0.1025,0,0.04152488522231579,0.0,1540844.5,2.195884400047362,2.7448555000592023
class,cicids2017_distrinet,cnn,prim_hybrid_unbounded_untargeted,"PrimAttack (Hybrid Search, unbounded)",untargeted,unbounded,BruteForce,42,800,800,800,800,1.0,1.0,0.0,1.0,252.91875,47407.615654824804,47407.60402838953,0.7261235825292545,21.19125,0,1.0726587176322937,40.0,47896294.0,1.942134000128135,2.427667500160169
class,cicids2017_distrinet,cnn,prim_hybrid_unbounded_untargeted,"PrimAttack (Hybrid Search, unbounded)",untargeted,unbounded,BruteForce,2024,800,800,800,800,1.0,1.0,0.0,1.0,252.91875,50123.759534524426,50123.74821317213,0.7238387882140088,21.12625,0,1.0542615056037903,39.0,47622206.0,1.8758193999528885,2.3447742499411106
class,cicids2017_distrinet,cnn,prim_hybrid_unbounded_untargeted,"PrimAttack (Hybrid Search, unbounded)",untargeted,unbounded,BruteForce,2026,800,800,800,800,1.0,1.0,0.0,1.0,252.91875,48076.07903130542,48076.067533824316,0.726981240085707,21.065,0,1.0479457378387451,38.0,47265648.0,1.9289104000199586,2.4111380000249483
class,cicids2017_distrinet,ft_transformer,prim_hybrid_unbounded_untargeted,"PrimAttack (Hybrid Search, unbounded)",untargeted,unbounded,DoS,42,800,4,4,800,0.005,0.005,0.0,1.0,251.68875,25724.784942980536,25724.725347067164,0.19293981904054797,20.21625,0,0.4461538568139076,24.0,13465.0,11.124063599854708,13.905079499818385
class,cicids2017_distrinet,ft_transformer,prim_hybrid_unbounded_untargeted,"PrimAttack (Hybrid Search, unbounded)",untargeted,unbounded,DoS,2024,800,4,4,800,0.005,0.005,0.0,1.0,251.68875,25599.585066833555,25599.540917719336,0.19125865038090006,20.20375,0,0.4461538568139076,31.0,13465.0,11.132854399969801,13.916067999962252
class,cicids2017_distrinet,ft_transformer,prim_hybrid_unbounded_untargeted,"PrimAttack (Hybrid Search, unbounded)",untargeted,unbounded,DoS,2026,800,4,4,800,0.005,0.005,0.0,1.0,251.68875,25548.700162344176,25548.6437748249,0.19150090069255402,20.19875,0,0.4461538568139076,31.0,13465.0,11.237683600047603,14.047104500059504
class,cicids2017_distrinet,ft_transformer,prim_hybrid_unbounded_untargeted,"PrimAttack (Hybrid Search, unbounded)",untargeted,unbounded,DDoS,42,800,0,0,800,0.0,0.0,0.0,1.0,247.96,12274.115911403747,12274.064355409504,0.09054774931213176,19.68375,0,,,,11.133566199801862,13.916957749752328
class,cicids2017_distrinet,ft_transformer,prim_hybrid_unbounded_untargeted,"PrimAttack (Hybrid Search, unbounded)",untargeted,unbounded,DDoS,2024,800,0,0,800,0.0,0.0,0.0,1.0,247.96,12346.551070282509,12346.49949127907,0.09077420771116193,19.69,0,,,,11.139770500129089,13.924713125161361
class,cicids2017_distrinet,ft_transformer,prim_hybrid_unbounded_untargeted,"PrimAttack (Hybrid Search, unbounded)",untargeted,unbounded,DDoS,2026,800,0,0,800,0.0,0.0,0.0,1.0,247.96,12374.82497171763,12374.773132583417,0.09093059605671579,19.69,0,,,,10.862742699915543,13.578428374894429
class,cicids2017_distrinet,ft_transformer,prim_hybrid_unbounded_untargeted,"PrimAttack (Hybrid Search, unbounded)",untargeted,unbounded,Recon,42,800,9,9,800,0.01125,0.01125,0.0,1.0,2.96875,258.7449153089067,258.7427748989987,0.0003459910608801258,0.11375,0,0.044241126626729965,0.0,1482383.0,2.5809104999061674,3.2261381248827092
class,cicids2017_distrinet,ft_transformer,prim_hybrid_unbounded_untargeted,"PrimAttack (Hybrid Search, unbounded)",untargeted,unbounded,Recon,2024,800,9,9,800,0.01125,0.01125,0.0,1.0,2.96875,180.87551292097797,180.8733727250856,0.00029843076922933586,0.11375,0,0.05000000447034836,0.0,1165667.0,2.5954136999789625,3.244267124973703
class,cicids2017_distrinet,ft_transformer,prim_hybrid_unbounded_untargeted,"PrimAttack (Hybrid Search, unbounded)",untargeted,unbounded,Recon,2026,800,9,9,800,0.01125,0.01125,0.0,1.0,2.96875,280.85564913389595,280.8535085946508,0.00038788833974716315,0.115,0,0.05000000447034836,0.0,1542094.0,2.61596930003725,3.2699616250465624
class,cicids2017_distrinet,ft_transformer,prim_hybrid_unbounded_untargeted,"PrimAttack (Hybrid Search, unbounded)",untargeted,unbounded,BruteForce,42,800,18,18,800,0.0225,0.0225,0.0,1.0,251.0725,122421.11560550577,122421.10085123837,1.5412828235651201,21.415,0,0.23076923191547394,18.0,0.0,11.029545899946243,13.786932374932803
class,cicids2017_distrinet,ft_transformer,prim_hybrid_unbounded_untargeted,"PrimAttack (Hybrid Search, unbounded)",untargeted,unbounded,BruteForce,2024,800,18,18,800,0.0225,0.0225,0.0,1.0,251.0725,122379.9176707486,122379.90288928185,1.5411269192840278,21.415,0,0.23076923191547394,18.0,0.0,11.000020100036636,13.750025125045795
class,cicids2017_distrinet,ft_transformer,prim_hybrid_unbounded_untargeted,"PrimAttack (Hybrid Search, unbounded)",untargeted,unbounded,BruteForce,2026,800,18,18,800,0.0225,0.0225,0.0,1.0,251.0725,122513.5397871406,122513.52503602099,1.540756321502875,21.415,0,0.23076923191547394,18.0,0.0,11.137109099887311,13.92138637485914
class,cicids2018_distrinet,mlp-s42,prim_hybrid_unbounded_untargeted,"PrimAttack (Hybrid Search, unbounded)",untargeted,unbounded,DoS,42,800,0,0,800,0.0,0.0,0.0,1.0,241.20125,51.63426710336461,51.04533084479823,0.005730801919411186,6.46125,0,,,,3.355011499952525,4.193764374940656
class,cicids2018_distrinet,mlp-s42,prim_hybrid_unbounded_untargeted,"PrimAttack (Hybrid Search, unbounded)",untargeted,unbounded,DoS,2024,800,0,0,800,0.0,0.0,0.0,1.0,241.20125,49.507665653220364,48.89919940990084,0.005647179361507436,6.37375,0,,,,3.202126800082624,4.00265850010328
class,cicids2018_distrinet,mlp-s42,prim_hybrid_unbounded_untargeted,"PrimAttack (Hybrid Search, unbounded)",untargeted,unbounded,DoS,2026,800,0,0,800,0.0,0.0,0.0,1.0,241.20125,50.93400870443081,50.34478401075427,0.005662702455126175,6.4025,0,,,,3.2548418000806123,4.068552250100765
class,cicids2018_distrinet,mlp-s42,prim_hybrid_unbounded_untargeted,"PrimAttack (Hybrid Search, unbounded)",untargeted,unbounded,DDoS,42,800,644,12,20,0.805,0.015,79.0,0.025,245.48125,21562.369559738898,21559.75503666667,0.49232389544921096,19.2675,0,0.8500000834465027,0.0,25057990.0,2.6608204999938607,3.326025624992326
class,cicids2018_distrinet,mlp-s42,prim_hybrid_unbounded_untargeted,"PrimAttack (Hybrid Search, unbounded)",untargeted,unbounded,DDoS,2024,800,643,10,18,0.80375,0.0125,79.125,0.0225,245.48125,21583.556007044157,21580.937826666664,0.4928552969280937,19.28875,0,0.9448473751544952,0.0,27596103.0,2.612235900014639,3.2652948750182986
class,cicids2018_distrinet,mlp-s42,prim_hybrid_unbounded_untargeted,"PrimAttack (Hybrid Search, unbounded)",untargeted,unbounded,DDoS,2026,800,643,8,16,0.80375,0.01,79.375,0.02,245.48125,21544.017773484666,21541.404449999998,0.4920620246128075,19.31125,0,0.7500000596046448,0.0,21901343.0,2.4454458002001047,3.056807250250131
class,cicids2018_distrinet,mlp-s42,prim_hybrid_unbounded_untargeted,"PrimAttack (Hybrid Search, unbounded)",untargeted,unbounded,Recon,42,800,51,19,765,0.06375,0.02375,4.0,0.95625,29.32375,1918.1763473689148,1916.7608766666665,0.058536153435598974,1.46625,0,0.6084561347961426,0.0,24741414.0,2.5904222999233752,3.238027874904219
class,cicids2018_distrinet,mlp-s42,prim_hybrid_unbounded_untargeted,"PrimAttack (Hybrid Search, unbounded)",untargeted,unbounded,Recon,2024,800,51,18,764,0.06375,0.0225,4.125,0.955,29.32375,1907.72477966306,1906.28269,0.05902965992616061,1.47875,0,0.7377993762493134,0.0,27856753.0,2.5537643001880497,3.192205375235062
class,cicids2018_distrinet,mlp-s42,prim_hybrid_unbounded_untargeted,"PrimAttack (Hybrid Search, unbounded)",untargeted,unbounded,Recon,2026,800,51,16,760,0.06375,0.02,4.375,0.95,29.32375,1932.6391593729727,1931.2143033333332,0.05926608373460849,1.5025,0,0.6384716928005219,0.0,21281316.0,2.7064720999915153,3.383090124989394
class,cicids2018_distrinet,mlp-s42,prim_hybrid_unbounded_untargeted,"PrimAttack (Hybrid Search, unbounded)",untargeted,unbounded,BruteForce,42,800,735,724,780,0.91875,0.905,1.374999999999993,0.975,255.47,1058.0951075365997,933.2416304278103,1.1801476679131009,12.225,0,0.6000000238418579,0.0,70105460.0,2.7051003000233322,3.3813753750291653
class,cicids2018_distrinet,mlp-s42,prim_hybrid_unbounded_untargeted,"PrimAttack (Hybrid Search, unbounded)",untargeted,unbounded,BruteForce,2024,800,734,725,781,0.9175,0.90625,1.1249999999999982,0.97625,255.47,1053.2765549369312,928.2888673431183,1.179316241080556,12.21375,0,0.6000000238418579,0.0,70104640.0,2.868959499988705,3.586199374985881
class,cicids2018_distrinet,mlp-s42,prim_hybrid_unbounded_untargeted,"PrimAttack (Hybrid Search, unbounded)",untargeted,unbounded,BruteForce,2026,800,733,725,781,0.91625,0.90625,1.0000000000000009,0.97625,255.47,1067.706527657423,942.9723281371643,1.180402144601347,12.21375,0,0.6000000834465027,0.0,70108336.0,2.7732772999443114,3.4665966249303892
class,cicids2018_distrinet,cnn-s42,prim_hybrid_unbounded_untargeted,"PrimAttack (Hybrid Search, unbounded)",untargeted,unbounded,DoS,42,800,0,0,5,0.0,0.0,0.0,0.00625,240.9475,82.04367303967787,77.93359000000001,0.07309564445698691,15.5625,0,,,,2.54902010015212,3.18627512519015
class,cicids2018_distrinet,cnn-s42,prim_hybrid_unbounded_untargeted,"PrimAttack (Hybrid Search, unbounded)",untargeted,unbounded,DoS,2024,800,0,0,5,0.0,0.0,0.0,0.00625,240.9475,81.33587112892886,77.28863666666668,0.07298493122402962,15.5475,0,,,,2.5318573000840843,3.1648216251051053
class,cicids2018_distrinet,cnn-s42,prim_hybrid_unbounded_untargeted,"PrimAttack (Hybrid Search, unbounded)",untargeted,unbounded,DoS,2026,800,0,0,5,0.0,0.0,0.0,0.00625,240.9475,81.19277137255132,77.15176333333334,0.07297771251136863,15.50625,0,,,,2.8608794999308884,3.5760993749136105
class,cicids2018_distrinet,cnn-s42,prim_hybrid_unbounded_untargeted,"PrimAttack (Hybrid Search, unbounded)",untargeted,unbounded,DDoS,42,800,624,1,2,0.78,0.00125,77.875,0.0025,245.48125,1760.075482527985,1758.4635033333334,0.09194872233586071,19.48125,0,0.03140014037489891,0.0,1250880.0,2.2754957999568433,2.844369749946054
class,cicids2018_distrinet,cnn-s42,prim_hybrid_unbounded_untargeted,"PrimAttack (Hybrid Search, unbounded)",untargeted,unbounded,DDoS,2024,800,624,0,1,0.78,0.0,78.0,0.00125,245.48125,1730.5032798318746,1728.9004166666666,0.09137104273878924,19.49125,0,,,,2.294992499984801,2.868740624981001
class,cicids2018_distrinet,cnn-s42,prim_hybrid_unbounded_untargeted,"PrimAttack (Hybrid Search, unbounded)",untargeted,unbounded,DDoS,2026,800,623,0,1,0.77875,0.0,77.875,0.00125,245.48125,1783.1162957042907,1781.4984466666667,0.09232046188819668,19.48,0,,,,2.1469211000949144,2.683651375118643
class,cicids2018_distrinet,cnn-s42,prim_hybrid_unbounded_untargeted,"PrimAttack (Hybrid Search, unbounded)",untargeted,unbounded,Recon,42,800,51,13,752,0.06375,0.01625,4.75,0.94,29.32375,2221.589034616279,2220.0387143793123,0.04821231397001409,1.82,0,0.30000001192092896,0.0,8542053.0,2.3086598000954837,2.8858247501193546
class,cicids2018_distrinet,cnn-s42,prim_hybrid_unbounded_untargeted,"PrimAttack (Hybrid Search, unbounded)",untargeted,unbounded,Recon,2024,800,51,13,753,0.06375,0.01625,4.75,0.94125,29.32375,2212.5478457961804,2211.278899514796,0.048175858929411106,1.82125,0,0.30000001192092896,0.0,4676858.0,2.165379000129178,2.7067237501614727
class,cicids2018_distrinet,cnn-s42,prim_hybrid_unbounded_untargeted,"PrimAttack (Hybrid Search, unbounded)",untargeted,unbounded,Recon,2026,800,51,13,751,0.06375,0.01625,4.75,0.93875,29.32375,2202.6446310111705,2201.1072362085847,0.048173705150138614,1.8175,0,0.30000001192092896,0.0,4125585.0,2.2917480999603868,2.8646851249504834
class,cicids2018_distrinet,cnn-s42,prim_hybrid_unbounded_untargeted,"PrimAttack (Hybrid Search, unbounded)",untargeted,unbounded,BruteForce,42,800,800,150,150,1.0,0.1875,81.25,0.1875,255.47,12154.332141129331,12123.84033,1.5414483326424309,18.485,0,0.49091029167175293,0.0,57354068.0,2.484114499995485,3.105143124994356
class,cicids2018_distrinet,cnn-s42,prim_hybrid_unbounded_untargeted,"PrimAttack (Hybrid Search, unbounded)",untargeted,unbounded,BruteForce,2024,800,800,140,140,1.0,0.175,82.5,0.175,255.47,12224.147321780787,12193.408896666668,1.5482862910795683,18.58625,0,0.5022068321704865,0.0,58673686.0,2.396322399843484,2.995402999804355
class,cicids2018_distrinet,cnn-s42,prim_hybrid_unbounded_untargeted,"PrimAttack (Hybrid Search, unbounded)",untargeted,unbounded,BruteForce,2026,800,800,151,151,1.0,0.18875,81.125,0.18875,255.47,12173.337753309508,12143.145519999998,1.5354388480101173,18.4725,0,0.4740982949733734,0.0,55377276.0,2.6750256000086665,3.343782000010833
class,cicids2018_distrinet,ft_transformer-s42,prim_hybrid_unbounded_untargeted,"PrimAttack (Hybrid Search, unbounded)",untargeted,unbounded,DoS,42,800,0,0,7,0.0,0.0,0.0,0.00875,241.20125,94.2153685061347,88.67094333333333,0.0757323647035682,20.00625,0,,,,11.922166400123388,14.902708000154234
class,cicids2018_distrinet,ft_transformer-s42,prim_hybrid_unbounded_untargeted,"PrimAttack (Hybrid Search, unbounded)",untargeted,unbounded,DoS,2024,800,0,0,7,0.0,0.0,0.0,0.00875,241.20125,94.21824642037545,88.67094333333333,0.07573596624074866,20.0475,0,,,,11.90419020014815,14.880237750185188
class,cicids2018_distrinet,ft_transformer-s42,prim_hybrid_unbounded_untargeted,"PrimAttack (Hybrid Search, unbounded)",untargeted,unbounded,DoS,2026,800,0,0,7,0.0,0.0,0.0,0.00875,241.20125,94.2146143500035,88.67094333333333,0.07573203804270638,19.9925,0,,,,12.000602700049058,15.000753375061322
class,cicids2018_distrinet,ft_transformer-s42,prim_hybrid_unbounded_untargeted,"PrimAttack (Hybrid Search, unbounded)",untargeted,unbounded,DDoS,42,800,0,0,1,0.0,0.0,0.0,0.00125,245.48125,4012.8598981798873,4009.699793333333,0.1466617619261116,18.6225,0,,,,12.115856799995527,15.144820999994408
class,cicids2018_distrinet,ft_transformer-s42,prim_hybrid_unbounded_untargeted,"PrimAttack (Hybrid Search, unbounded)",untargeted,unbounded,DDoS,2024,800,1,0,1,0.00125,0.0,0.125,0.00125,245.48125,3598.0767985206458,3594.9822633333333,0.1378024567993932,18.62625,0,,,,12.032751200022176,15.04093900002772
class,cicids2018_distrinet,ft_transformer-s42,prim_hybrid_unbounded_untargeted,"PrimAttack (Hybrid Search, unbounded)",untargeted,unbounded,DDoS,2026,800,2,0,1,0.0025,0.0,0.25,0.00125,245.48125,3874.2530209326355,3871.21723,0.14332550565357238,18.68125,0,,,,11.759752799989656,14.69969099998707
class,cicids2018_distrinet,ft_transformer-s42,prim_hybrid_unbounded_untargeted,"PrimAttack (Hybrid Search, unbounded)",untargeted,unbounded,Recon,42,800,25,3,756,0.03125,0.00375,2.75,0.945,29.32375,2750.6112984844913,2748.868836995489,0.06327895508288645,1.69125,0,0.30000001192092896,0.0,14399175.0,3.036419700132683,3.7955246251658536
class,cicids2018_distrinet,ft_transformer-s42,prim_hybrid_unbounded_untargeted,"PrimAttack (Hybrid Search, unbounded)",untargeted,unbounded,Recon,2024,800,25,3,756,0.03125,0.00375,2.75,0.945,29.32375,2742.613891743789,2740.882666995489,0.06270412479007142,1.69375,0,0.30000001192092896,0.0,14399175.0,3.0679232999682426,3.8349041249603033
class,cicids2018_distrinet,ft_transformer-s42,prim_hybrid_unbounded_untargeted,"PrimAttack (Hybrid Search, unbounded)",untargeted,unbounded,Recon,2026,800,25,3,756,0.03125,0.00375,2.75,0.945,29.32375,2738.3618326172837,2736.6199624678743,0.06311106177159871,1.6925,0,0.30000001192092896,0.0,14399175.0,3.0497202000115067,3.8121502500143833
class,cicids2018_distrinet,ft_transformer-s42,prim_hybrid_unbounded_untargeted,"PrimAttack (Hybrid Search, unbounded)",untargeted,unbounded,BruteForce,42,800,0,0,1,0.0,0.0,0.0,0.00125,255.47,976.6117697603325,781.487013484526,1.7124142399772624,20.98875,0,,,,13.773605100112036,17.217006375140045
class,cicids2018_distrinet,ft_transformer-s42,prim_hybrid_unbounded_untargeted,"PrimAttack (Hybrid Search, unbounded)",untargeted,unbounded,BruteForce,2024,800,0,0,1,0.0,0.0,0.0,0.00125,255.47,976.6117697603325,781.487013484526,1.7124142399772624,20.98875,0,,,,13.932263099821284,17.415328874776606
class,cicids2018_distrinet,ft_transformer-s42,prim_hybrid_unbounded_untargeted,"PrimAttack (Hybrid Search, unbounded)",untargeted,unbounded,BruteForce,2026,800,0,0,1,0.0,0.0,0.0,0.00125,255.47,976.6117697603325,781.487013484526,1.7124142399772624,20.98875,0,,,,14.21309950016439,17.766374375205487
