{"params": {"_lambda": 1, "lambda_sparsity": 0.5, "optimizer": "adam", "lr": 0.1, "max_iter": 300, "sample_num": 500, "kappa": 0}, "metrics": {"success_rate": 0.348, "mean_l2_distance": 0.4403360188007355, "mean_linf_distance": 0.21957266330718994, "perturbed_features_latent": 15.994252873563218, "perturbed_features_input": 4.5344827586206895, "mean_confidence_successful": 0.5566570467005173, "mean_confidence_unsuccessful": 0.19229037538627905, "min_confidence_unsuccessful": 0.0, "max_confidence_unsuccessful": 0.4974186420440674, "mean_md_distance": 3.815041508361927, "outlier_rate": 0.15517241379310345, "outliers": "27/174"}}