{"params": {"_lambda": 1, "lambda_sparsity": 0.01, "optimizer": "adam", "lr": 0.1, "max_iter": 300, "sample_num": 500, "kappa": 0}, "metrics": {"success_rate": 0.506, "mean_l2_distance": 0.6077836155891418, "mean_linf_distance": 0.2945929169654846, "perturbed_features_latent": 15.984189723320158, "perturbed_features_input": 4.6561264822134385, "mean_confidence_successful": 0.5606231379208593, "mean_confidence_unsuccessful": 0.1954246040297906, "min_confidence_unsuccessful": 0.0, "max_confidence_unsuccessful": 0.49575483798980713, "mean_md_distance": 4.013050091195128, "outlier_rate": 0.16600790513833993, "outliers": "42/253"}}