{"params": {"_lambda": 1, "lambda_sparsity": 0.1, "optimizer": "adam", "lr": 0.1, "max_iter": 300, "sample_num": 500, "kappa": 0}, "metrics": {"success_rate": 0.458, "mean_l2_distance": 0.5628183484077454, "mean_linf_distance": 0.27550673484802246, "perturbed_features_latent": 15.97816593886463, "perturbed_features_input": 4.585152838427947, "mean_confidence_successful": 0.5529954079945275, "mean_confidence_unsuccessful": 0.20260744253207838, "min_confidence_unsuccessful": 0.0, "max_confidence_unsuccessful": 0.49952834844589233, "mean_md_distance": 4.015031686429743, "outlier_rate": 0.17903930131004367, "outliers": "41/229"}}