{"params": {"_lambda": 1, "lambda_sparsity": 5, "optimizer": "adam", "lr": 0.1, "max_iter": 300, "sample_num": 500, "kappa": 0}, "metrics": {"success_rate": 0.248, "mean_l2_distance": 0.41971245408058167, "mean_linf_distance": 0.22414639592170715, "perturbed_features_latent": 16.0, "perturbed_features_input": 5.225806451612903, "mean_confidence_successful": 0.6239328615427497, "mean_confidence_unsuccessful": 0.15890966863074202, "min_confidence_unsuccessful": 0.0, "max_confidence_unsuccessful": 0.49483805894851685, "mean_md_distance": 3.59396077856167, "outlier_rate": 0.10483870967741936, "outliers": "13/124"}}