{"params": {"_lambda": 1, "lambda_sparsity": 1, "optimizer": "adam", "lr": 0.1, "max_iter": 300, "sample_num": 500, "kappa": 0}, "metrics": {"success_rate": 0.29, "mean_l2_distance": 0.27978459000587463, "mean_linf_distance": 0.14490680396556854, "perturbed_features_latent": 15.986206896551725, "perturbed_features_input": 4.551724137931035, "mean_confidence_successful": 0.5651445201501764, "mean_confidence_unsuccessful": 0.18021442890167236, "min_confidence_unsuccessful": 0.0, "max_confidence_unsuccessful": 0.49746090173721313, "mean_md_distance": 3.615613613679854, "outlier_rate": 0.11724137931034483, "outliers": "17/145"}}