{"params": {"_lambda": 1, "lambda_sparsity": 1.25, "optimizer": "adam", "lr": 0.1, "max_iter": 300, "sample_num": 500, "kappa": 0}, "metrics": {"success_rate": 0.266, "mean_l2_distance": 0.2501206696033478, "mean_linf_distance": 0.12958262860774994, "perturbed_features_latent": 15.992481203007518, "perturbed_features_input": 4.586466165413534, "mean_confidence_successful": 0.569412576328767, "mean_confidence_unsuccessful": 0.18249578842999825, "min_confidence_unsuccessful": 0.0, "max_confidence_unsuccessful": 0.49966520071029663, "mean_md_distance": 3.547147310508315, "outlier_rate": 0.12030075187969924, "outliers": "16/133"}}