{"params": {"_lambda": 1, "lambda_sparsity": 0.75, "optimizer": "adam", "lr": 0.1, "max_iter": 300, "sample_num": 500, "kappa": 0}, "metrics": {"success_rate": 0.304, "mean_l2_distance": 0.3051983714103699, "mean_linf_distance": 0.1504838615655899, "perturbed_features_latent": 16.0, "perturbed_features_input": 4.440789473684211, "mean_confidence_successful": 0.5619193128016042, "mean_confidence_unsuccessful": 0.18376859628606115, "min_confidence_unsuccessful": 0.0, "max_confidence_unsuccessful": 0.496715247631073, "mean_md_distance": 3.6609899901632623, "outlier_rate": 0.125, "outliers": "19/152"}}