{"params": {"_lambda": 1, "lambda_sparsity": 2, "optimizer": "adam", "lr": 0.1, "max_iter": 300, "sample_num": 500, "kappa": 0}, "metrics": {"success_rate": 0.252, "mean_l2_distance": 0.2508753836154938, "mean_linf_distance": 0.13049674034118652, "perturbed_features_latent": 16.0, "perturbed_features_input": 4.658730158730159, "mean_confidence_successful": 0.5830743745383289, "mean_confidence_unsuccessful": 0.16970897262746637, "min_confidence_unsuccessful": 0.0, "max_confidence_unsuccessful": 0.4972228407859802, "mean_md_distance": 3.638543526531569, "outlier_rate": 0.12698412698412698, "outliers": "16/126"}}