{"params": {"_lambda": 0.7, "optimizer": "adam", "lr": 0.03, "max_iter": 300, "sample_num": 500, "kappa": 0}, "metrics": {"success_rate": 0.306, "mean_l2_distance": 0.3613653779029846, "mean_linf_distance": 0.17732438445091248, "perturbed_features_latent": 13.38562091503268, "perturbed_features_input": 4.326797385620915, "mean_confidence_successful": 0.5356118961608682, "mean_confidence_unsuccessful": 0.18156079325277455, "min_confidence_unsuccessful": 0.0, "max_confidence_unsuccessful": 0.4986836910247803, "mean_md_distance": 3.766832989893507, "outlier_rate": 0.13071895424836602, "outliers": "20/153"}}