{"params": {"_lambda": 0.5, "optimizer": "adam", "lr": 0.03, "max_iter": 300, "sample_num": 500, "kappa": 0}, "metrics": {"success_rate": 0.268, "mean_l2_distance": 0.2195533961057663, "mean_linf_distance": 0.11322113126516342, "perturbed_features_latent": 13.007462686567164, "perturbed_features_input": 4.223880597014926, "mean_confidence_successful": 0.5402495916793818, "mean_confidence_unsuccessful": 0.1711252704669869, "min_confidence_unsuccessful": 0.0, "max_confidence_unsuccessful": 0.4986836910247803, "mean_md_distance": 3.4234680272476274, "outlier_rate": 0.09701492537313433, "outliers": "13/134"}}