{"params": {"_lambda": 0.6, "optimizer": "adam", "lr": 0.3, "max_iter": 300, "sample_num": 500, "kappa": 0}, "metrics": {"success_rate": 0.618, "mean_l2_distance": 0.5935118794441223, "mean_linf_distance": 0.28285256028175354, "perturbed_features_latent": 14.702265372168284, "perturbed_features_input": 4.909385113268608, "mean_confidence_successful": 0.5949163941778002, "mean_confidence_unsuccessful": 0.20925485744526248, "min_confidence_unsuccessful": 0.0, "max_confidence_unsuccessful": 0.4977952241897583, "mean_md_distance": 4.030938564509522, "outlier_rate": 0.18122977346278318, "outliers": "56/309"}}