{"params": {"_lambda": 0.8, "optimizer": "adam", "lr": 0.1, "max_iter": 300, "sample_num": 500, "kappa": 0}, "metrics": {"success_rate": 0.464, "mean_l2_distance": 0.5137636065483093, "mean_linf_distance": 0.25010180473327637, "perturbed_features_latent": 14.27155172413793, "perturbed_features_input": 4.676724137931035, "mean_confidence_successful": 0.5645165139215131, "mean_confidence_unsuccessful": 0.19325591779466886, "min_confidence_unsuccessful": 0.0, "max_confidence_unsuccessful": 0.49621450901031494, "mean_md_distance": 3.9391580038008165, "outlier_rate": 0.15517241379310345, "outliers": "36/232"}}