{"params": {"_lambda": 0.8, "optimizer": "adam", "lr": 0.15, "max_iter": 300, "sample_num": 500, "kappa": 0}, "metrics": {"success_rate": 0.544, "mean_l2_distance": 0.5852855443954468, "mean_linf_distance": 0.2830183207988739, "perturbed_features_latent": 14.522058823529411, "perturbed_features_input": 4.7463235294117645, "mean_confidence_successful": 0.5710487540414119, "mean_confidence_unsuccessful": 0.19027818870126156, "min_confidence_unsuccessful": 0.0, "max_confidence_unsuccessful": 0.4975436329841614, "mean_md_distance": 3.9882684663476122, "outlier_rate": 0.15808823529411764, "outliers": "43/272"}}