{"params": {"_lambda": 0.5, "optimizer": "adam", "lr": 0.15, "max_iter": 300, "sample_num": 500, "kappa": 0}, "metrics": {"success_rate": 0.434, "mean_l2_distance": 0.32279619574546814, "mean_linf_distance": 0.16073504090309143, "perturbed_features_latent": 14.152073732718893, "perturbed_features_input": 4.608294930875576, "mean_confidence_successful": 0.5743150334410404, "mean_confidence_unsuccessful": 0.18453001681149217, "min_confidence_unsuccessful": 0.0, "max_confidence_unsuccessful": 0.4971996545791626, "mean_md_distance": 3.6825917206558576, "outlier_rate": 0.12442396313364056, "outliers": "27/217"}}