{"params": {"_lambda": 0.5, "optimizer": "adam", "lr": 0.1, "max_iter": 300, "sample_num": 500, "kappa": 0}, "metrics": {"success_rate": 0.366, "mean_l2_distance": 0.2931290566921234, "mean_linf_distance": 0.14890259504318237, "perturbed_features_latent": 13.797814207650273, "perturbed_features_input": 4.459016393442623, "mean_confidence_successful": 0.5470182997138937, "mean_confidence_unsuccessful": 0.17930772270690004, "min_confidence_unsuccessful": 0.0, "max_confidence_unsuccessful": 0.49451327323913574, "mean_md_distance": 3.5972380413444767, "outlier_rate": 0.12021857923497267, "outliers": "22/183"}}