{"params": {"_lambda": 1, "optimizer": "adam", "lr": 0.1, "max_iter": 300, "sample_num": 500, "kappa": 0}, "metrics": {"success_rate": 0.51, "mean_l2_distance": 0.6220138669013977, "mean_linf_distance": 0.3022327721118927, "perturbed_features_latent": 14.431372549019608, "perturbed_features_input": 4.662745098039216, "mean_confidence_successful": 0.5615181827296813, "mean_confidence_unsuccessful": 0.1944775829509813, "min_confidence_unsuccessful": 0.0, "max_confidence_unsuccessful": 0.4956406354904175, "mean_md_distance": 4.006814030142002, "outlier_rate": 0.16470588235294117, "outliers": "42/255"}}