{"params": {"_lambda": 0.6, "optimizer": "adam", "lr": 0.1, "max_iter": 300, "sample_num": 500, "kappa": 0}, "metrics": {"success_rate": 0.41, "mean_l2_distance": 0.4115903675556183, "mean_linf_distance": 0.20694208145141602, "perturbed_features_latent": 14.048780487804878, "perturbed_features_input": 4.575609756097561, "mean_confidence_successful": 0.5604742862647627, "mean_confidence_unsuccessful": 0.18580234576079804, "min_confidence_unsuccessful": 0.0, "max_confidence_unsuccessful": 0.49633079767227173, "mean_md_distance": 3.774085819600203, "outlier_rate": 0.12682926829268293, "outliers": "26/205"}}