{"params": {"_lambda": 0.5, "optimizer": "adam", "lr": 0.2, "max_iter": 300, "sample_num": 500, "kappa": 0}, "metrics": {"success_rate": 0.492, "mean_l2_distance": 0.3840440511703491, "mean_linf_distance": 0.18593505024909973, "perturbed_features_latent": 14.361788617886178, "perturbed_features_input": 4.747967479674797, "mean_confidence_successful": 0.5812691427555269, "mean_confidence_unsuccessful": 0.19199316801987296, "min_confidence_unsuccessful": 0.0, "max_confidence_unsuccessful": 0.49825483560562134, "mean_md_distance": 3.831079453500777, "outlier_rate": 0.15040650406504066, "outliers": "37/246"}}