{"params": {"_lambda": 0.7, "optimizer": "adam", "lr": 0.3, "max_iter": 300, "sample_num": 500, "kappa": 0}, "metrics": {"success_rate": 0.648, "mean_l2_distance": 0.7011682391166687, "mean_linf_distance": 0.3343912363052368, "perturbed_features_latent": 14.765432098765432, "perturbed_features_input": 4.969135802469136, "mean_confidence_successful": 0.5952756113349748, "mean_confidence_unsuccessful": 0.21526951918547804, "min_confidence_unsuccessful": 0.0, "max_confidence_unsuccessful": 0.4981362819671631, "mean_md_distance": 4.205651623165289, "outlier_rate": 0.21604938271604937, "outliers": "70/324"}}