{"params": {"_lambda": 0.7, "optimizer": "adam", "lr": 0.2, "max_iter": 300, "sample_num": 500, "kappa": 0}, "metrics": {"success_rate": 0.556, "mean_l2_distance": 0.585488498210907, "mean_linf_distance": 0.2832518517971039, "perturbed_features_latent": 14.557553956834532, "perturbed_features_input": 4.83453237410072, "mean_confidence_successful": 0.5822893805507061, "mean_confidence_unsuccessful": 0.20566586465448947, "min_confidence_unsuccessful": 0.0, "max_confidence_unsuccessful": 0.4973730444908142, "mean_md_distance": 4.00769263584873, "outlier_rate": 0.16906474820143885, "outliers": "47/278"}}