{"params": {"_lambda": 1, "optimizer": "adam", "lr": 0.25, "max_iter": 300, "sample_num": 500, "kappa": 0}, "metrics": {"success_rate": 0.666, "mean_l2_distance": 0.8929791450500488, "mean_linf_distance": 0.43508490920066833, "perturbed_features_latent": 14.78978978978979, "perturbed_features_input": 4.96996996996997, "mean_confidence_successful": 0.5964408466821766, "mean_confidence_unsuccessful": 0.23306931956799445, "min_confidence_unsuccessful": 0.0, "max_confidence_unsuccessful": 0.4992603063583374, "mean_md_distance": 4.317817506680002, "outlier_rate": 0.23423423423423423, "outliers": "78/333"}}