{"params": {"_lambda": 0.9, "optimizer": "adam", "lr": 0.15, "max_iter": 300, "sample_num": 500, "kappa": 0}, "metrics": {"success_rate": 0.558, "mean_l2_distance": 0.6474809646606445, "mean_linf_distance": 0.3130897283554077, "perturbed_features_latent": 14.562724014336917, "perturbed_features_input": 4.759856630824372, "mean_confidence_successful": 0.5678568457163149, "mean_confidence_unsuccessful": 0.1936825562386491, "min_confidence_unsuccessful": 0.0, "max_confidence_unsuccessful": 0.4976085424423218, "mean_md_distance": 4.057542624503314, "outlier_rate": 0.1863799283154122, "outliers": "52/279"}}