{"params": {"_lambda": 0.8, "optimizer": "adam", "lr": 0.3, "max_iter": 300, "sample_num": 500, "kappa": 0}, "metrics": {"success_rate": 0.676, "mean_l2_distance": 0.8192442059516907, "mean_linf_distance": 0.3997829258441925, "perturbed_features_latent": 14.81360946745562, "perturbed_features_input": 4.970414201183432, "mean_confidence_successful": 0.6005067139059393, "mean_confidence_unsuccessful": 0.22652166566731016, "min_confidence_unsuccessful": 0.0, "max_confidence_unsuccessful": 0.49849259853363037, "mean_md_distance": 4.322433195157145, "outlier_rate": 0.21005917159763313, "outliers": "71/338"}}