{"params": {"_lambda": 1, "optimizer": "adam", "lr": 0.03, "max_iter": 300, "sample_num": 500, "kappa": 0}, "metrics": {"success_rate": 0.354, "mean_l2_distance": 0.4581681489944458, "mean_linf_distance": 0.22735914587974548, "perturbed_features_latent": 13.740112994350282, "perturbed_features_input": 4.440677966101695, "mean_confidence_successful": 0.5477577798952491, "mean_confidence_unsuccessful": 0.19464950886304164, "min_confidence_unsuccessful": 0.0, "max_confidence_unsuccessful": 0.49929946660995483, "mean_md_distance": 3.9685239806098562, "outlier_rate": 0.1638418079096045, "outliers": "29/177"}}