{"params": {"_lambda": 0.6, "optimizer": "adam", "lr": 0.01, "max_iter": 300, "sample_num": 500, "kappa": 0}, "metrics": {"success_rate": 0.236, "mean_l2_distance": 0.22556616365909576, "mean_linf_distance": 0.1151636466383934, "perturbed_features_latent": 12.610169491525424, "perturbed_features_input": 4.228813559322034, "mean_confidence_successful": 0.5448384085606973, "mean_confidence_unsuccessful": 0.1723456515379601, "min_confidence_unsuccessful": 0.0, "max_confidence_unsuccessful": 0.49765872955322266, "mean_md_distance": 3.4727234948195758, "outlier_rate": 0.1016949152542373, "outliers": "12/118"}}