{"params": {"_lambda": 1, "optimizer": "adam", "lr": 0.15, "max_iter": 300, "sample_num": 500, "kappa": 0}, "metrics": {"success_rate": 0.58, "mean_l2_distance": 0.7124676704406738, "mean_linf_distance": 0.34645015001296997, "perturbed_features_latent": 14.610344827586207, "perturbed_features_input": 4.86896551724138, "mean_confidence_successful": 0.5765286671061968, "mean_confidence_unsuccessful": 0.1987891566185724, "min_confidence_unsuccessful": 0.0, "max_confidence_unsuccessful": 0.49745893478393555, "mean_md_distance": 4.096290381802836, "outlier_rate": 0.1793103448275862, "outliers": "52/290"}}