{"params": {"_lambda": 1, "optimizer": "adam", "lr": 0.2, "max_iter": 300, "sample_num": 500, "kappa": 0}, "metrics": {"success_rate": 0.636, "mean_l2_distance": 0.8241590857505798, "mean_linf_distance": 0.3990683853626251, "perturbed_features_latent": 14.742138364779874, "perturbed_features_input": 4.871069182389937, "mean_confidence_successful": 0.5778047105344305, "mean_confidence_unsuccessful": 0.21954917252718748, "min_confidence_unsuccessful": 0.0, "max_confidence_unsuccessful": 0.49795252084732056, "mean_md_distance": 4.211427277130294, "outlier_rate": 0.21069182389937108, "outliers": "67/318"}}