{"params": {"_lambda": 0.7, "optimizer": "adam", "lr": 0.01, "max_iter": 300, "sample_num": 500, "kappa": 0}, "metrics": {"success_rate": 0.258, "mean_l2_distance": 0.3297089636325836, "mean_linf_distance": 0.15680736303329468, "perturbed_features_latent": 12.89922480620155, "perturbed_features_input": 4.294573643410852, "mean_confidence_successful": 0.5412509781127983, "mean_confidence_unsuccessful": 0.1754413639117444, "min_confidence_unsuccessful": 0.0, "max_confidence_unsuccessful": 0.49550706148147583, "mean_md_distance": 3.729342926660205, "outlier_rate": 0.12403100775193798, "outliers": "16/129"}}