{"params": {"_lambda": 0.9, "optimizer": "adam", "lr": 0.01, "max_iter": 300, "sample_num": 500, "kappa": 0}, "metrics": {"success_rate": 0.3, "mean_l2_distance": 0.40628543496131897, "mean_linf_distance": 0.18923798203468323, "perturbed_features_latent": 13.326666666666666, "perturbed_features_input": 4.333333333333333, "mean_confidence_successful": 0.5370495861892899, "mean_confidence_unsuccessful": 0.18195321559906005, "min_confidence_unsuccessful": 0.0, "max_confidence_unsuccessful": 0.4997439980506897, "mean_md_distance": 3.8969331534023293, "outlier_rate": 0.14, "outliers": "21/150"}}