{"params": {"_lambda": 0.9, "optimizer": "adam", "lr": 0.3, "max_iter": 300, "sample_num": 500, "kappa": 0}, "metrics": {"success_rate": 0.71, "mean_l2_distance": 0.9479865431785583, "mean_linf_distance": 0.4540795087814331, "perturbed_features_latent": 14.873239436619718, "perturbed_features_input": 4.9915492957746475, "mean_confidence_successful": 0.5989117775059921, "mean_confidence_unsuccessful": 0.2256139771691684, "min_confidence_unsuccessful": 0.0, "max_confidence_unsuccessful": 0.4989388585090637, "mean_md_distance": 4.505101135630249, "outlier_rate": 0.27887323943661974, "outliers": "99/355"}}