{"params": {"_lambda": 1, "optimizer": "adam", "lr": 0.01, "max_iter": 300, "sample_num": 500, "kappa": 0}, "metrics": {"success_rate": 0.32, "mean_l2_distance": 0.4301685392856598, "mean_linf_distance": 0.20601606369018555, "perturbed_features_latent": 13.49375, "perturbed_features_input": 4.36875, "mean_confidence_successful": 0.5400802583317272, "mean_confidence_unsuccessful": 0.18480324762709, "min_confidence_unsuccessful": 0.0, "max_confidence_unsuccessful": 0.4979935884475708, "mean_md_distance": 3.9585609809815416, "outlier_rate": 0.15625, "outliers": "25/160"}}