{"params": {"_lambda": 0.7, "optimizer": "adam", "lr": 0.25, "max_iter": 300, "sample_num": 500, "kappa": 0}, "metrics": {"success_rate": 0.584, "mean_l2_distance": 0.5961069464683533, "mean_linf_distance": 0.2869660556316376, "perturbed_features_latent": 14.623287671232877, "perturbed_features_input": 4.8493150684931505, "mean_confidence_successful": 0.5869914623653542, "mean_confidence_unsuccessful": 0.2158243633233584, "min_confidence_unsuccessful": 0.0, "max_confidence_unsuccessful": 0.49734288454055786, "mean_md_distance": 4.0384447867068385, "outlier_rate": 0.1780821917808219, "outliers": "52/292"}}