{"params": {"_lambda": 0.5, "optimizer": "adam", "lr": 0.3, "max_iter": 300, "sample_num": 500, "kappa": 0}, "metrics": {"success_rate": 0.57, "mean_l2_distance": 0.47597432136535645, "mean_linf_distance": 0.2283836454153061, "perturbed_features_latent": 14.589473684210526, "perturbed_features_input": 4.908771929824561, "mean_confidence_successful": 0.60332934034155, "mean_confidence_unsuccessful": 0.20155178086702213, "min_confidence_unsuccessful": 0.0, "max_confidence_unsuccessful": 0.49772101640701294, "mean_md_distance": 3.9653974338852693, "outlier_rate": 0.17894736842105263, "outliers": "51/285"}}