{"params": {"_lambda": 0.9, "optimizer": "adam", "lr": 0.2, "max_iter": 300, "sample_num": 500, "kappa": 0}, "metrics": {"success_rate": 0.6, "mean_l2_distance": 0.6955627202987671, "mean_linf_distance": 0.33398815989494324, "perturbed_features_latent": 14.663333333333334, "perturbed_features_input": 4.8566666666666665, "mean_confidence_successful": 0.5819269686502715, "mean_confidence_unsuccessful": 0.22387627214193345, "min_confidence_unsuccessful": 0.0, "max_confidence_unsuccessful": 0.4975726008415222, "mean_md_distance": 4.085520329824305, "outlier_rate": 0.19666666666666666, "outliers": "59/300"}}