{"params": {"_lambda": 0.5, "optimizer": "adam", "lr": 0.01, "max_iter": 300, "sample_num": 500, "kappa": 0}, "metrics": {"success_rate": 0.212, "mean_l2_distance": 0.20227394998073578, "mean_linf_distance": 0.10137373208999634, "perturbed_features_latent": 12.226415094339623, "perturbed_features_input": 4.245283018867925, "mean_confidence_successful": 0.5480000267227022, "mean_confidence_unsuccessful": 0.17100208891829863, "min_confidence_unsuccessful": 0.0, "max_confidence_unsuccessful": 0.49550706148147583, "mean_md_distance": 3.509036203212781, "outlier_rate": 0.10377358490566038, "outliers": "11/106"}}