{"params": {"_lambda": 1, "optimizer": "adam", "lr": 0.3, "max_iter": 300, "sample_num": 500, "kappa": 0}, "metrics": {"success_rate": 0.712, "mean_l2_distance": 0.9512702226638794, "mean_linf_distance": 0.4571835398674011, "perturbed_features_latent": 14.876404494382022, "perturbed_features_input": 5.042134831460674, "mean_confidence_successful": 0.5960666147699014, "mean_confidence_unsuccessful": 0.2349303708308273, "min_confidence_unsuccessful": 0.0, "max_confidence_unsuccessful": 0.4991041421890259, "mean_md_distance": 4.435696907173971, "outlier_rate": 0.25, "outliers": "89/356"}}