{"params": {"_lambda": 0.8, "optimizer": "adam", "lr": 0.25, "max_iter": 300, "sample_num": 500, "kappa": 0}, "metrics": {"success_rate": 0.616, "mean_l2_distance": 0.7618594765663147, "mean_linf_distance": 0.3607870936393738, "perturbed_features_latent": 14.698051948051948, "perturbed_features_input": 4.873376623376624, "mean_confidence_successful": 0.5803478437252101, "mean_confidence_unsuccessful": 0.22927925114830336, "min_confidence_unsuccessful": 0.0, "max_confidence_unsuccessful": 0.4984816312789917, "mean_md_distance": 4.249387706047088, "outlier_rate": 0.21428571428571427, "outliers": "66/308"}}