{"params": {"_lambda": 0.5, "optimizer": "adam", "lr": 0.25, "max_iter": 300, "sample_num": 500, "kappa": 0}, "metrics": {"success_rate": 0.52, "mean_l2_distance": 0.3922247588634491, "mean_linf_distance": 0.1897406131029129, "perturbed_features_latent": 14.457692307692307, "perturbed_features_input": 4.7615384615384615, "mean_confidence_successful": 0.5911899115890265, "mean_confidence_unsuccessful": 0.197700630625089, "min_confidence_unsuccessful": 0.0, "max_confidence_unsuccessful": 0.4983453154563904, "mean_md_distance": 3.818446945330323, "outlier_rate": 0.15384615384615385, "outliers": "40/260"}}