{"params": {"_lambda": 0.6, "optimizer": "adam", "lr": 0.03, "max_iter": 300, "sample_num": 500, "kappa": 0}, "metrics": {"success_rate": 0.282, "mean_l2_distance": 0.25366783142089844, "mean_linf_distance": 0.1315724402666092, "perturbed_features_latent": 13.148936170212766, "perturbed_features_input": 4.23404255319149, "mean_confidence_successful": 0.5383627374676314, "mean_confidence_unsuccessful": 0.17612533732044997, "min_confidence_unsuccessful": 0.0, "max_confidence_unsuccessful": 0.4986836910247803, "mean_md_distance": 3.4957350278296726, "outlier_rate": 0.09929078014184398, "outliers": "14/141"}}