{"params": {"_lambda": 0.6, "optimizer": "adam", "lr": 0.25, "max_iter": 300, "sample_num": 500, "kappa": 0}, "metrics": {"success_rate": 0.574, "mean_l2_distance": 0.5368075966835022, "mean_linf_distance": 0.2572968602180481, "perturbed_features_latent": 14.602787456445993, "perturbed_features_input": 4.811846689895471, "mean_confidence_successful": 0.591005254637463, "mean_confidence_unsuccessful": 0.2023490658948119, "min_confidence_unsuccessful": 0.0, "max_confidence_unsuccessful": 0.49752914905548096, "mean_md_distance": 3.976409987410637, "outlier_rate": 0.17073170731707318, "outliers": "49/287"}}