{"params": {"_lambda": 0.7, "optimizer": "adam", "lr": 0.1, "max_iter": 300, "sample_num": 500, "kappa": 0}, "metrics": {"success_rate": 0.438, "mean_l2_distance": 0.4679831266403198, "mean_linf_distance": 0.22955547273159027, "perturbed_features_latent": 14.168949771689498, "perturbed_features_input": 4.639269406392694, "mean_confidence_successful": 0.5641720343177041, "mean_confidence_unsuccessful": 0.1938567479734319, "min_confidence_unsuccessful": 0.0, "max_confidence_unsuccessful": 0.49995529651641846, "mean_md_distance": 3.9201823915210703, "outlier_rate": 0.1552511415525114, "outliers": "34/219"}}