{"params": {"_lambda": 0.8, "optimizer": "adam", "lr": 0.03, "max_iter": 300, "sample_num": 500, "kappa": 0}, "metrics": {"success_rate": 0.332, "mean_l2_distance": 0.4278551936149597, "mean_linf_distance": 0.20784318447113037, "perturbed_features_latent": 13.58433734939759, "perturbed_features_input": 4.409638554216867, "mean_confidence_successful": 0.5389206335958407, "mean_confidence_unsuccessful": 0.18804253254108086, "min_confidence_unsuccessful": 0.0, "max_confidence_unsuccessful": 0.4988105893135071, "mean_md_distance": 3.8758574228884917, "outlier_rate": 0.14457831325301204, "outliers": "24/166"}}