{"params": {"_lambda": 0.6, "optimizer": "adam", "lr": 0.15, "max_iter": 300, "sample_num": 500, "kappa": 0}, "metrics": {"success_rate": 0.476, "mean_l2_distance": 0.46845513582229614, "mean_linf_distance": 0.2264338582754135, "perturbed_features_latent": 14.315126050420169, "perturbed_features_input": 4.680672268907563, "mean_confidence_successful": 0.5680616605134696, "mean_confidence_unsuccessful": 0.18739510151266142, "min_confidence_unsuccessful": 0.0, "max_confidence_unsuccessful": 0.49953746795654297, "mean_md_distance": 3.868388476260228, "outlier_rate": 0.15546218487394958, "outliers": "37/238"}}