{"params": {"_lambda": 0.9, "optimizer": "adam", "lr": 0.25, "max_iter": 300, "sample_num": 500, "kappa": 0}, "metrics": {"success_rate": 0.648, "mean_l2_distance": 0.7867537140846252, "mean_linf_distance": 0.3753098249435425, "perturbed_features_latent": 14.75925925925926, "perturbed_features_input": 4.907407407407407, "mean_confidence_successful": 0.5873310276031218, "mean_confidence_unsuccessful": 0.23132381994615903, "min_confidence_unsuccessful": 0.0, "max_confidence_unsuccessful": 0.4997097849845886, "mean_md_distance": 4.292902415639376, "outlier_rate": 0.2345679012345679, "outliers": "76/324"}}