{"params": {"_lambda": 0.9, "optimizer": "adam", "lr": 0.1, "max_iter": 300, "sample_num": 500, "kappa": 0}, "metrics": {"success_rate": 0.49, "mean_l2_distance": 0.5711687803268433, "mean_linf_distance": 0.2772342562675476, "perturbed_features_latent": 14.36734693877551, "perturbed_features_input": 4.628571428571429, "mean_confidence_successful": 0.5638322387574887, "mean_confidence_unsuccessful": 0.193520818270889, "min_confidence_unsuccessful": 0.0, "max_confidence_unsuccessful": 0.4997207522392273, "mean_md_distance": 3.9431684274357393, "outlier_rate": 0.15510204081632653, "outliers": "38/245"}}