{"params": {"_lambda": 0.6, "optimizer": "adam", "lr": 0.2, "max_iter": 300, "sample_num": 500, "kappa": 0}, "metrics": {"success_rate": 0.536, "mean_l2_distance": 0.5055975914001465, "mean_linf_distance": 0.24418771266937256, "perturbed_features_latent": 14.5, "perturbed_features_input": 4.772388059701493, "mean_confidence_successful": 0.580546282989376, "mean_confidence_unsuccessful": 0.19345015621390835, "min_confidence_unsuccessful": 0.0, "max_confidence_unsuccessful": 0.4975098967552185, "mean_md_distance": 3.976494550140348, "outlier_rate": 0.16044776119402984, "outliers": "43/268"}}