{"params": {"_lambda": 0.9, "optimizer": "adam", "lr": 0.03, "max_iter": 300, "sample_num": 500, "kappa": 0}, "metrics": {"success_rate": 0.34, "mean_l2_distance": 0.4276289641857147, "mean_linf_distance": 0.21262359619140625, "perturbed_features_latent": 13.647058823529411, "perturbed_features_input": 4.429411764705883, "mean_confidence_successful": 0.5469139382571858, "mean_confidence_unsuccessful": 0.19354219996567928, "min_confidence_unsuccessful": 0.0, "max_confidence_unsuccessful": 0.49905669689178467, "mean_md_distance": 3.895591276941793, "outlier_rate": 0.15294117647058825, "outliers": "26/170"}}