{"params": {"_lambda": 0.8, "optimizer": "adam", "lr": 0.01, "max_iter": 300, "sample_num": 500, "kappa": 0}, "metrics": {"success_rate": 0.27, "mean_l2_distance": 0.36930808424949646, "mean_linf_distance": 0.17308002710342407, "perturbed_features_latent": 13.022222222222222, "perturbed_features_input": 4.325925925925926, "mean_confidence_successful": 0.5386286698143792, "mean_confidence_unsuccessful": 0.17919995278528292, "min_confidence_unsuccessful": 0.0, "max_confidence_unsuccessful": 0.49629640579223633, "mean_md_distance": 3.8244845853797766, "outlier_rate": 0.13333333333333333, "outliers": "18/135"}}