{"params": {"_lambda": 0.7, "optimizer": "adam", "lr": 0.15, "max_iter": 300, "sample_num": 500, "kappa": 0}, "metrics": {"success_rate": 0.518, "mean_l2_distance": 0.5368126630783081, "mean_linf_distance": 0.25958162546157837, "perturbed_features_latent": 14.455598455598455, "perturbed_features_input": 4.714285714285714, "mean_confidence_successful": 0.5696792663596426, "mean_confidence_unsuccessful": 0.1872176382056905, "min_confidence_unsuccessful": 0.0, "max_confidence_unsuccessful": 0.4971997141838074, "mean_md_distance": 3.9580181243710544, "outlier_rate": 0.16602316602316602, "outliers": "43/259"}}