{"params": {"_lambda": 0.8, "optimizer": "adam", "lr": 0.2, "max_iter": 300, "sample_num": 500, "kappa": 0}, "metrics": {"success_rate": 0.59, "mean_l2_distance": 0.6327286958694458, "mean_linf_distance": 0.3041733503341675, "perturbed_features_latent": 14.64406779661017, "perturbed_features_input": 4.8338983050847455, "mean_confidence_successful": 0.5798765686293275, "mean_confidence_unsuccessful": 0.20075778292446603, "min_confidence_unsuccessful": 0.0, "max_confidence_unsuccessful": 0.49713653326034546, "mean_md_distance": 4.0058464569768395, "outlier_rate": 0.17288135593220338, "outliers": "51/295"}}