{"params": {"_lambda": 1, "lambda_sparsity": 1, "optimizer": "adam", "lr": 0.1, "max_iter": 300, "sample_num": 500, "kappa": 0}, "metrics": {"success_rate": 0.562, "mean_l2_distance": 0.9303797483444214, "mean_linf_distance": 0.6076347827911377, "perturbed_features_latent": 8.0, "perturbed_features_input": 16.0, "mean_confidence_successful": 0.6274214275065293, "mean_confidence_unsuccessful": 0.024969417754917927, "min_confidence_unsuccessful": 9.417533874511719e-06, "max_confidence_unsuccessful": 0.389662504196167, "mean_md_distance": 2.708654037003652, "outlier_rate": 0.09252669039145907, "outliers": "26/281"}}