{"params": {"_lambda": 1, "lambda_sparsity": 0.25, "optimizer": "adam", "lr": 0.1, "max_iter": 300, "sample_num": 500, "kappa": 0}, "metrics": {"success_rate": 0.816, "mean_l2_distance": 0.9573273658752441, "mean_linf_distance": 0.6141009330749512, "perturbed_features_latent": 8.0, "perturbed_features_input": 15.997549019607844, "mean_confidence_successful": 0.6086893961559433, "mean_confidence_unsuccessful": 0.041517210071501526, "min_confidence_unsuccessful": 7.724761962890625e-05, "max_confidence_unsuccessful": 0.5237507820129395, "mean_md_distance": 2.6182416369304904, "outlier_rate": 0.06372549019607843, "outliers": "26/408"}}