{"params": {"_lambda": 1, "lambda_sparsity": 2, "optimizer": "adam", "lr": 0.1, "max_iter": 300, "sample_num": 500, "kappa": 0}, "metrics": {"success_rate": 0.346, "mean_l2_distance": 1.010604739189148, "mean_linf_distance": 0.656456708908081, "perturbed_features_latent": 8.0, "perturbed_features_input": 16.0, "mean_confidence_successful": 0.6729181670830073, "mean_confidence_unsuccessful": 0.030903875463234903, "min_confidence_unsuccessful": 8.58306884765625e-06, "max_confidence_unsuccessful": 0.45982682704925537, "mean_md_distance": 2.906166224946693, "outlier_rate": 0.14450867052023122, "outliers": "25/173"}}