{"params": {"_lambda": 1, "lambda_sparsity": 10, "optimizer": "adam", "lr": 0.1, "max_iter": 300, "sample_num": 500, "kappa": 0}, "metrics": {"success_rate": 0.094, "mean_l2_distance": 1.4520213603973389, "mean_linf_distance": 0.9334571361541748, "perturbed_features_latent": 8.0, "perturbed_features_input": 16.0, "mean_confidence_successful": 0.6867947099319204, "mean_confidence_unsuccessful": 0.03301283973731742, "min_confidence_unsuccessful": 7.271766662597656e-06, "max_confidence_unsuccessful": 0.4853614568710327, "mean_md_distance": 3.9278415127537314, "outlier_rate": 0.425531914893617, "outliers": "20/47"}}