{"params": {"_lambda": 1, "lambda_sparsity": 0.75, "optimizer": "adam", "lr": 0.1, "max_iter": 300, "sample_num": 500, "kappa": 0}, "metrics": {"success_rate": 0.634, "mean_l2_distance": 0.9285667538642883, "mean_linf_distance": 0.6089580655097961, "perturbed_features_latent": 8.0, "perturbed_features_input": 15.996845425867507, "mean_confidence_successful": 0.6328744580665151, "mean_confidence_unsuccessful": 0.026744074508792064, "min_confidence_unsuccessful": 1.1563301086425781e-05, "max_confidence_unsuccessful": 0.39211076498031616, "mean_md_distance": 2.6636760460240567, "outlier_rate": 0.07886435331230283, "outliers": "25/317"}}