{"params": {"_lambda": 1, "lambda_sparsity": 5, "optimizer": "adam", "lr": 0.1, "max_iter": 300, "sample_num": 500, "kappa": 0}, "metrics": {"success_rate": 0.148, "mean_l2_distance": 1.168039321899414, "mean_linf_distance": 0.7550171613693237, "perturbed_features_latent": 8.0, "perturbed_features_input": 16.0, "mean_confidence_successful": 0.7037391744387286, "mean_confidence_unsuccessful": 0.03510976334412893, "min_confidence_unsuccessful": 6.556510925292969e-06, "max_confidence_unsuccessful": 0.5343761742115021, "mean_md_distance": 3.322771192464062, "outlier_rate": 0.21621621621621623, "outliers": "16/74"}}