{"params": {"_lambda": 1, "lambda_sparsity": 1.25, "optimizer": "adam", "lr": 0.1, "max_iter": 300, "sample_num": 500, "kappa": 0}, "metrics": {"success_rate": 0.48, "mean_l2_distance": 0.9355528354644775, "mean_linf_distance": 0.6074803471565247, "perturbed_features_latent": 8.0, "perturbed_features_input": 16.0, "mean_confidence_successful": 0.6516486174693757, "mean_confidence_unsuccessful": 0.025635743141174318, "min_confidence_unsuccessful": 9.417533874511719e-06, "max_confidence_unsuccessful": 0.4595613479614258, "mean_md_distance": 2.764284888550257, "outlier_rate": 0.125, "outliers": "30/240"}}