{"params": {"_lambda": 1, "lambda_sparsity": 0.5, "optimizer": "adam", "lr": 0.1, "max_iter": 300, "sample_num": 500, "kappa": 0}, "metrics": {"success_rate": 0.734, "mean_l2_distance": 0.9682863354682922, "mean_linf_distance": 0.6347609758377075, "perturbed_features_latent": 8.0, "perturbed_features_input": 15.997275204359672, "mean_confidence_successful": 0.6182940679549034, "mean_confidence_unsuccessful": 0.025884669526179033, "min_confidence_unsuccessful": 1.9669532775878906e-05, "max_confidence_unsuccessful": 0.3196028470993042, "mean_md_distance": 2.6486786542055123, "outlier_rate": 0.07084468664850137, "outliers": "26/367"}}