{"params": {"_lambda": 1, "lambda_sparsity": 0.01, "optimizer": "adam", "lr": 0.1, "max_iter": 300, "sample_num": 500, "kappa": 0}, "metrics": {"success_rate": 0.904, "mean_l2_distance": 1.0918923616409302, "mean_linf_distance": 0.6752628684043884, "perturbed_features_latent": 7.997787610619469, "perturbed_features_input": 16.0, "mean_confidence_successful": 0.5904840621963324, "mean_confidence_unsuccessful": 0.03489170347650846, "min_confidence_unsuccessful": 9.703636169433594e-05, "max_confidence_unsuccessful": 0.5150100588798523, "mean_md_distance": 2.5161418533419466, "outlier_rate": 0.05752212389380531, "outliers": "26/452"}}