{"params": {"_lambda": 1, "lambda_sparsity": 0.1, "optimizer": "adam", "lr": 0.1, "max_iter": 300, "sample_num": 500, "kappa": 0}, "metrics": {"success_rate": 0.866, "mean_l2_distance": 0.994843065738678, "mean_linf_distance": 0.6228348612785339, "perturbed_features_latent": 7.997690531177829, "perturbed_features_input": 16.0, "mean_confidence_successful": 0.5955481664460436, "mean_confidence_unsuccessful": 0.027182953571205707, "min_confidence_unsuccessful": 8.07046890258789e-05, "max_confidence_unsuccessful": 0.3904387354850769, "mean_md_distance": 2.5225117542691007, "outlier_rate": 0.04849884526558892, "outliers": "21/433"}}