{"params": {"_lambda": 1, "optimizer": "adam", "lr": 0.1, "max_iter": 300, "sample_num": 500, "kappa": 0}, "metrics": {"success_rate": 0.494, "mean_l2_distance": 0.4597463309764862, "mean_linf_distance": 0.24704104661941528, "perturbed_features_latent": 15.218623481781377, "perturbed_features_input": 4.659919028340081, "mean_confidence_successful": 0.5697784066984528, "mean_confidence_unsuccessful": 0.19366138937916208, "min_confidence_unsuccessful": 0.01360785961151123, "max_confidence_unsuccessful": 0.4972798228263855, "mean_md_distance": 3.696437152481892, "outlier_rate": 0.11336032388663968, "outliers": "28/247"}}