{"params": {"_lambda": 1, "lambda_sparsity": 1, "optimizer": "adam", "lr": 0.1, "max_iter": 300, "sample_num": 500, "kappa": 0}, "metrics": {"success_rate": 0.27, "mean_l2_distance": 0.22461237013339996, "mean_linf_distance": 0.11358527839183807, "perturbed_features_latent": 15.985185185185186, "perturbed_features_input": 4.5851851851851855, "mean_confidence_successful": 0.5728086671619503, "mean_confidence_unsuccessful": 0.1907201642859472, "min_confidence_unsuccessful": 0.01354837417602539, "max_confidence_unsuccessful": 0.49983149766921997, "mean_md_distance": 3.469887508752694, "outlier_rate": 0.1111111111111111, "outliers": "15/135"}}